date,season,neutral,playoff,team1,team2,score1,score2
1970-09-18,1970,0,,LAR,ARI,34,13
1970-09-19,1970,0,,NYG,CHI,16,24
1970-09-20,1970,0,,NE,MIA,27,14
1970-09-20,1970,0,,NO,ATL,3,14
1970-09-20,1970,0,,GB,DET,0,40
1970-09-20,1970,0,,CIN,OAK,31,21
1970-09-20,1970,0,,SF,WSH,26,17
1970-09-20,1970,0,,PIT,TEN,7,19
1970-09-20,1970,0,,MIN,KC,27,10
1970-09-20,1970,0,,BUF,DEN,10,25
1970-09-20,1970,0,,PHI,DAL,7,17
1970-09-20,1970,0,,LAC,IND,14,16
1970-09-21,1970,0,,CLE,NYJ,31,21
1970-09-27,1970,0,,MIN,NO,26,0
1970-09-27,1970,0,,DET,CIN,38,3
1970-09-27,1970,0,,BUF,LAR,0,19
1970-09-27,1970,0,,LAC,OAK,27,27
1970-09-27,1970,0,,TEN,MIA,10,20
1970-09-27,1970,0,,CHI,PHI,20,16
1970-09-27,1970,0,,ARI,WSH,27,17
1970-09-27,1970,0,,GB,ATL,27,24
1970-09-27,1970,0,,NE,NYJ,21,31
1970-09-27,1970,0,,DEN,PIT,16,13
1970-09-27,1970,0,,SF,CLE,34,31
1970-09-27,1970,0,,DAL,NYG,28,10
1970-09-28,1970,0,,IND,KC,24,44
1970-10-03,1970,0,,CLE,PIT,15,7
1970-10-03,1970,0,,MIA,OAK,20,13
1970-10-04,1970,0,,ATL,SF,21,20
1970-10-04,1970,0,,BUF,NYJ,34,31
1970-10-04,1970,0,,NE,IND,6,14
1970-10-04,1970,0,,GB,MIN,13,10
1970-10-04,1970,0,,DEN,KC,26,13
1970-10-04,1970,0,,CIN,TEN,13,20
1970-10-04,1970,0,,NO,NYG,14,10
1970-10-04,1970,0,,LAR,LAC,37,10
1970-10-04,1970,0,,PHI,WSH,21,33
1970-10-04,1970,0,,ARI,DAL,20,7
1970-10-05,1970,0,,DET,CHI,28,14
1970-10-10,1970,0,,NYJ,MIA,6,20
1970-10-11,1970,0,,TEN,IND,20,24
1970-10-11,1970,0,,KC,NE,23,10
1970-10-11,1970,0,,CLE,CIN,30,27
1970-10-11,1970,0,,OAK,DEN,35,23
1970-10-11,1970,0,,LAR,SF,6,20
1970-10-11,1970,0,,ARI,NO,24,17
1970-10-11,1970,0,,NYG,PHI,30,23
1970-10-11,1970,0,,PIT,BUF,23,10
1970-10-11,1970,0,,CHI,MIN,0,24
1970-10-11,1970,0,,DAL,ATL,13,0
1970-10-11,1970,0,,WSH,DET,31,10
1970-10-12,1970,0,,LAC,GB,20,22
1970-10-18,1970,0,,TEN,PIT,3,7
1970-10-18,1970,0,,SF,NO,20,20
1970-10-18,1970,0,,DEN,ATL,24,10
1970-10-18,1970,0,,BUF,MIA,14,33
1970-10-18,1970,0,,GB,LAR,21,31
1970-10-18,1970,0,,PHI,ARI,20,35
1970-10-18,1970,0,,NE,NYG,0,16
1970-10-18,1970,0,,CHI,LAC,7,20
1970-10-18,1970,0,,CIN,KC,19,27
1970-10-18,1970,0,,CLE,DET,24,41
1970-10-18,1970,0,,NYJ,IND,22,29
1970-10-18,1970,0,,MIN,DAL,54,13
1970-10-19,1970,0,,OAK,WSH,34,20
1970-10-25,1970,0,,NYJ,BUF,6,10
1970-10-25,1970,0,,SF,DEN,19,14
1970-10-25,1970,0,,ATL,NO,32,14
1970-10-25,1970,0,,IND,NE,27,3
1970-10-25,1970,0,,KC,DAL,16,27
1970-10-25,1970,0,,MIA,CLE,0,28
1970-10-25,1970,0,,LAC,TEN,31,31
1970-10-25,1970,0,,NYG,ARI,35,17
1970-10-25,1970,0,,OAK,PIT,31,14
1970-10-25,1970,0,,WSH,CIN,20,0
1970-10-25,1970,0,,CHI,DET,10,16
1970-10-25,1970,0,,GB,PHI,30,17
1970-10-26,1970,0,,MIN,LAR,13,3
1970-11-01,1970,0,,ATL,CHI,14,23
1970-11-01,1970,0,,NO,LAR,17,30
1970-11-01,1970,0,,SF,GB,26,10
1970-11-01,1970,0,,DEN,WSH,3,19
1970-11-01,1970,0,,DAL,PHI,21,17
1970-11-01,1970,0,,IND,MIA,35,0
1970-11-01,1970,0,,CLE,LAC,10,27
1970-11-01,1970,0,,DET,MIN,17,30
1970-11-01,1970,0,,NE,BUF,10,45
1970-11-01,1970,0,,NYJ,NYG,10,22
1970-11-01,1970,0,,ARI,TEN,44,0
1970-11-01,1970,0,,KC,OAK,17,17
1970-11-02,1970,0,,PIT,CIN,21,10
1970-11-08,1970,0,,LAC,DEN,24,21
1970-11-08,1970,0,,KC,TEN,24,9
1970-11-08,1970,0,,OAK,CLE,23,20
1970-11-08,1970,0,,CHI,SF,16,37
1970-11-08,1970,0,,PHI,MIA,24,17
1970-11-08,1970,0,,BUF,CIN,14,43
1970-11-08,1970,0,,NO,DET,19,17
1970-11-08,1970,0,,LAR,ATL,10,10
1970-11-08,1970,0,,NYG,DAL,23,20
1970-11-08,1970,0,,ARI,NE,31,0
1970-11-08,1970,0,,WSH,MIN,10,19
1970-11-08,1970,0,,PIT,NYJ,21,17
1970-11-09,1970,0,,GB,IND,10,13
1970-11-15,1970,0,,NE,LAC,14,16
1970-11-15,1970,0,,IND,BUF,17,17
1970-11-15,1970,0,,LAR,NYJ,20,31
1970-11-15,1970,0,,PIT,KC,14,31
1970-11-15,1970,0,,DEN,OAK,19,24
1970-11-15,1970,0,,MIN,DET,24,20
1970-11-15,1970,0,,NYG,WSH,35,33
1970-11-15,1970,0,,MIA,NO,21,10
1970-11-15,1970,0,,GB,CHI,20,19
1970-11-15,1970,0,,CIN,CLE,14,10
1970-11-15,1970,0,,TEN,SF,20,30
1970-11-15,1970,0,,PHI,ATL,13,13
1970-11-16,1970,0,,DAL,ARI,0,38
1970-11-22,1970,0,,CLE,TEN,28,14
1970-11-22,1970,0,,NYJ,NE,17,3
1970-11-22,1970,0,,ATL,LAR,7,17
1970-11-22,1970,0,,KC,ARI,6,6
1970-11-22,1970,0,,MIN,GB,10,3
1970-11-22,1970,0,,CHI,BUF,31,13
1970-11-22,1970,0,,CIN,PIT,34,7
1970-11-22,1970,0,,DET,SF,28,7
1970-11-22,1970,0,,WSH,DAL,21,45
1970-11-22,1970,0,,MIA,IND,34,17
1970-11-22,1970,0,,NO,DEN,6,31
1970-11-22,1970,0,,OAK,LAC,20,17
1970-11-23,1970,0,,PHI,NYG,23,20
1970-11-26,1970,0,,DET,OAK,28,14
1970-11-26,1970,0,,DAL,GB,16,3
1970-11-29,1970,0,,IND,CHI,21,20
1970-11-29,1970,0,,WSH,NYG,24,27
1970-11-29,1970,0,,NYJ,MIN,20,10
1970-11-29,1970,0,,ARI,PHI,23,14
1970-11-29,1970,0,,CIN,NO,26,6
1970-11-29,1970,0,,TEN,DEN,31,21
1970-11-29,1970,0,,PIT,CLE,28,9
1970-11-29,1970,0,,KC,LAC,26,14
1970-11-29,1970,0,,SF,LAR,13,30
1970-11-29,1970,0,,BUF,NE,10,14
1970-11-30,1970,0,,ATL,MIA,7,20
1970-12-05,1970,0,,MIN,CHI,16,13
1970-12-06,1970,0,,IND,PHI,29,10
1970-12-06,1970,0,,LAR,NO,34,16
1970-12-06,1970,0,,NYG,BUF,20,6
1970-12-06,1970,0,,PIT,GB,12,20
1970-12-06,1970,0,,KC,DEN,16,0
1970-12-06,1970,0,,LAC,CIN,14,17
1970-12-06,1970,0,,NYJ,OAK,13,14
1970-12-06,1970,0,,DET,ARI,16,3
1970-12-06,1970,0,,SF,ATL,24,20
1970-12-06,1970,0,,MIA,NE,37,20
1970-12-06,1970,0,,DAL,WSH,34,0
1970-12-07,1970,0,,TEN,CLE,10,21
1970-12-12,1970,0,,CLE,DAL,2,6
1970-12-12,1970,0,,OAK,KC,20,6
1970-12-13,1970,0,,ARI,NYG,17,34
1970-12-13,1970,0,,NO,SF,27,38
1970-12-13,1970,0,,MIA,NYJ,16,10
1970-12-13,1970,0,,BUF,IND,14,20
1970-12-13,1970,0,,ATL,PIT,27,16
1970-12-13,1970,0,,NE,MIN,14,35
1970-12-13,1970,0,,CHI,GB,35,17
1970-12-13,1970,0,,WSH,PHI,24,6
1970-12-13,1970,0,,DEN,LAC,17,17
1970-12-13,1970,0,,TEN,CIN,20,30
1970-12-14,1970,0,,LAR,DET,23,28
1970-12-19,1970,0,,IND,NYJ,35,20
1970-12-20,1970,0,,PHI,PIT,30,20
1970-12-20,1970,0,,DET,GB,20,0
1970-12-20,1970,0,,WSH,ARI,28,27
1970-12-20,1970,0,,ATL,MIN,7,37
1970-12-20,1970,0,,NYG,LAR,3,31
1970-12-20,1970,0,,LAC,KC,31,13
1970-12-20,1970,0,,DEN,CLE,13,27
1970-12-20,1970,0,,MIA,BUF,45,7
1970-12-20,1970,0,,CIN,NE,45,7
1970-12-20,1970,0,,OAK,SF,7,38
1970-12-20,1970,0,,NO,CHI,3,24
1970-12-20,1970,0,,DAL,TEN,52,10
1970-12-26,1970,0,d,IND,CIN,17,0
1970-12-26,1970,0,d,DAL,DET,5,0
1970-12-27,1970,0,d,OAK,MIA,21,14
1970-12-27,1970,0,d,MIN,SF,14,17
1971-01-03,1970,0,c,SF,DAL,10,17
1971-01-03,1970,0,c,IND,OAK,27,17
1971-01-17,1970,1,s,DAL,IND,13,16
1971-09-19,1971,0,,ATL,SF,20,17
1971-09-19,1971,0,,LAC,KC,21,14
1971-09-19,1971,0,,NO,LAR,24,20
1971-09-19,1971,0,,ARI,WSH,17,24
1971-09-19,1971,0,,NE,OAK,20,6
1971-09-19,1971,0,,BUF,DAL,37,49
1971-09-19,1971,0,,CIN,PHI,37,14
1971-09-19,1971,0,,IND,NYJ,22,0
1971-09-19,1971,0,,DEN,MIA,10,10
1971-09-19,1971,0,,CHI,PIT,17,15
1971-09-19,1971,0,,CLE,TEN,31,0
1971-09-19,1971,0,,GB,NYG,40,42
1971-09-20,1971,0,,DET,MIN,13,16
1971-09-26,1971,0,,PHI,DAL,7,42
1971-09-26,1971,0,,BUF,MIA,14,29
1971-09-26,1971,0,,NYG,WSH,3,30
1971-09-26,1971,0,,PIT,CIN,21,10
1971-09-26,1971,0,,NE,DET,7,34
1971-09-26,1971,0,,MIN,CHI,17,20
1971-09-26,1971,0,,IND,CLE,13,14
1971-09-26,1971,0,,TEN,KC,16,20
1971-09-26,1971,0,,LAR,ATL,20,20
1971-09-26,1971,0,,GB,DEN,34,13
1971-09-26,1971,0,,NO,SF,20,38
1971-09-26,1971,0,,LAC,OAK,0,34
1971-09-27,1971,0,,ARI,NYJ,17,10
1971-10-03,1971,0,,DET,ATL,41,38
1971-10-03,1971,0,,MIN,BUF,19,0
1971-10-03,1971,0,,MIA,NYJ,10,14
1971-10-03,1971,0,,TEN,NO,13,13
1971-10-03,1971,0,,PIT,LAC,21,17
1971-10-03,1971,0,,DEN,KC,3,16
1971-10-03,1971,0,,DAL,WSH,16,20
1971-10-03,1971,0,,GB,CIN,20,17
1971-10-03,1971,0,,LAR,CHI,17,3
1971-10-03,1971,0,,ARI,NYG,20,21
1971-10-03,1971,0,,PHI,SF,3,31
1971-10-03,1971,0,,NE,IND,3,23
1971-10-04,1971,0,,CLE,OAK,20,34
1971-10-10,1971,0,,SF,LAR,13,20
1971-10-10,1971,0,,DET,GB,31,28
1971-10-10,1971,0,,CIN,MIA,13,23
1971-10-10,1971,0,,WSH,TEN,22,13
1971-10-10,1971,0,,ATL,ARI,9,26
1971-10-10,1971,0,,BUF,IND,0,43
1971-10-10,1971,0,,DEN,OAK,16,27
1971-10-10,1971,0,,CLE,PIT,27,17
1971-10-10,1971,0,,CHI,NO,35,14
1971-10-10,1971,0,,KC,LAC,31,10
1971-10-10,1971,0,,PHI,MIN,0,13
1971-10-10,1971,0,,NE,NYJ,20,0
1971-10-11,1971,0,,DAL,NYG,20,13
1971-10-17,1971,0,,ATL,LAR,16,24
1971-10-17,1971,0,,SF,CHI,13,0
1971-10-17,1971,0,,NYJ,BUF,28,17
1971-10-17,1971,0,,CIN,CLE,24,27
1971-10-17,1971,0,,TEN,DET,7,31
1971-10-17,1971,0,,WSH,ARI,20,0
1971-10-17,1971,0,,GB,MIN,13,24
1971-10-17,1971,0,,DEN,LAC,20,16
1971-10-17,1971,0,,NO,DAL,24,14
1971-10-17,1971,0,,NYG,IND,7,31
1971-10-17,1971,0,,MIA,NE,41,3
1971-10-17,1971,0,,OAK,PHI,34,10
1971-10-18,1971,0,,KC,PIT,38,16
1971-10-23,1971,0,,LAC,BUF,20,3
1971-10-24,1971,0,,OAK,CIN,31,27
1971-10-24,1971,0,,DET,CHI,23,28
1971-10-24,1971,0,,LAR,GB,30,13
1971-10-24,1971,0,,ATL,NO,28,6
1971-10-24,1971,0,,NYJ,MIA,14,30
1971-10-24,1971,0,,DAL,NE,44,21
1971-10-24,1971,0,,KC,WSH,27,20
1971-10-24,1971,0,,PHI,NYG,23,7
1971-10-24,1971,0,,PIT,TEN,23,16
1971-10-24,1971,0,,ARI,SF,14,26
1971-10-24,1971,0,,CLE,DEN,0,27
1971-10-25,1971,0,,MIN,IND,10,3
1971-10-31,1971,0,,WSH,NO,24,14
1971-10-31,1971,0,,BUF,ARI,23,28
1971-10-31,1971,0,,OAK,KC,20,20
1971-10-31,1971,0,,NYG,MIN,10,17
1971-10-31,1971,0,,SF,NE,27,10
1971-10-31,1971,0,,LAC,NYJ,49,21
1971-10-31,1971,0,,IND,PIT,34,21
1971-10-31,1971,0,,CHI,DAL,23,19
1971-10-31,1971,0,,LAR,MIA,14,20
1971-10-31,1971,0,,CLE,ATL,14,31
1971-10-31,1971,0,,PHI,DEN,17,16
1971-10-31,1971,0,,TEN,CIN,10,6
1971-11-01,1971,0,,GB,DET,14,14
1971-11-07,1971,0,,MIA,BUF,34,0
1971-11-07,1971,0,,NE,TEN,28,20
1971-11-07,1971,0,,NYG,LAC,35,17
1971-11-07,1971,0,,MIN,SF,9,13
1971-11-07,1971,0,,PIT,CLE,26,9
1971-11-07,1971,0,,NYJ,KC,13,10
1971-11-07,1971,0,,WSH,PHI,7,7
1971-11-07,1971,0,,NO,OAK,21,21
1971-11-07,1971,0,,CHI,GB,14,17
1971-11-07,1971,0,,ARI,DAL,13,16
1971-11-07,1971,0,,CIN,ATL,6,9
1971-11-07,1971,0,,DEN,DET,20,24
1971-11-08,1971,0,,IND,LAR,24,17
1971-11-14,1971,0,,DET,LAR,13,21
1971-11-14,1971,0,,CHI,WSH,16,15
1971-11-14,1971,0,,KC,CLE,13,7
1971-11-14,1971,0,,NE,BUF,38,33
1971-11-14,1971,0,,OAK,TEN,41,21
1971-11-14,1971,0,,MIA,PIT,24,21
1971-11-14,1971,0,,DAL,PHI,20,7
1971-11-14,1971,0,,ATL,NYG,17,21
1971-11-14,1971,0,,MIN,GB,3,0
1971-11-14,1971,0,,DEN,CIN,10,24
1971-11-14,1971,0,,NYJ,IND,13,14
1971-11-14,1971,0,,SF,NO,20,26
1971-11-15,1971,0,,LAC,ARI,20,17
1971-11-21,1971,0,,CLE,NE,27,7
1971-11-21,1971,0,,ARI,PHI,20,37
1971-11-21,1971,0,,CHI,DET,3,28
1971-11-21,1971,0,,BUF,NYJ,7,20
1971-11-21,1971,0,,WSH,DAL,0,13
1971-11-21,1971,0,,LAR,SF,17,6
1971-11-21,1971,0,,OAK,LAC,34,33
1971-11-21,1971,0,,MIA,IND,17,14
1971-11-21,1971,0,,CIN,TEN,28,13
1971-11-21,1971,0,,PIT,NYG,17,13
1971-11-21,1971,0,,NO,MIN,10,23
1971-11-21,1971,0,,KC,DEN,28,10
1971-11-22,1971,0,,ATL,GB,28,21
1971-11-25,1971,0,,DET,KC,32,21
1971-11-25,1971,0,,DAL,LAR,28,21
1971-11-28,1971,0,,NYJ,SF,21,24
1971-11-28,1971,0,,CIN,LAC,31,0
1971-11-28,1971,0,,OAK,IND,14,37
1971-11-28,1971,0,,PHI,WSH,13,20
1971-11-28,1971,0,,GB,NO,21,29
1971-11-28,1971,0,,NYG,ARI,7,24
1971-11-28,1971,0,,PIT,DEN,10,22
1971-11-28,1971,0,,MIN,ATL,24,7
1971-11-28,1971,0,,TEN,CLE,24,37
1971-11-28,1971,0,,BUF,NE,27,20
1971-11-29,1971,0,,MIA,CHI,34,3
1971-12-04,1971,0,,DAL,NYJ,52,10
1971-12-05,1971,0,,CLE,CIN,31,27
1971-12-05,1971,0,,LAC,MIN,30,14
1971-12-05,1971,0,,ARI,GB,16,16
1971-12-05,1971,0,,NE,MIA,34,13
1971-12-05,1971,0,,ATL,OAK,24,13
1971-12-05,1971,0,,TEN,PIT,29,3
1971-12-05,1971,0,,DET,PHI,20,23
1971-12-05,1971,0,,IND,BUF,24,0
1971-12-05,1971,0,,DEN,CHI,6,3
1971-12-05,1971,0,,WSH,NYG,23,7
1971-12-05,1971,0,,LAR,NO,45,28
1971-12-06,1971,0,,SF,KC,17,26
1971-12-11,1971,0,,MIN,DET,29,10
1971-12-11,1971,0,,IND,MIA,14,3
1971-12-12,1971,0,,CIN,PIT,13,21
1971-12-12,1971,0,,NYJ,NE,13,6
1971-12-12,1971,0,,NO,CLE,17,21
1971-12-12,1971,0,,KC,OAK,16,14
1971-12-12,1971,0,,PHI,ARI,19,7
1971-12-12,1971,0,,LAC,DEN,45,17
1971-12-12,1971,0,,BUF,TEN,14,20
1971-12-12,1971,0,,SF,ATL,24,3
1971-12-12,1971,0,,NYG,DAL,14,42
1971-12-12,1971,0,,GB,CHI,31,10
1971-12-13,1971,0,,LAR,WSH,24,38
1971-12-18,1971,0,,DAL,ARI,31,12
1971-12-19,1971,0,,CHI,MIN,10,27
1971-12-19,1971,0,,IND,NE,17,21
1971-12-19,1971,0,,WSH,CLE,13,20
1971-12-19,1971,0,,KC,BUF,22,9
1971-12-19,1971,0,,TEN,LAC,49,33
1971-12-19,1971,0,,SF,DET,31,27
1971-12-19,1971,0,,NYG,PHI,28,41
1971-12-19,1971,0,,OAK,DEN,21,13
1971-12-19,1971,0,,PIT,LAR,14,23
1971-12-19,1971,0,,MIA,GB,27,6
1971-12-19,1971,0,,NYJ,CIN,35,21
1971-12-19,1971,0,,NO,ATL,20,24
1971-12-25,1971,0,d,KC,MIA,24,27
1971-12-25,1971,0,d,MIN,DAL,12,20
1971-12-26,1971,0,d,SF,WSH,24,20
1971-12-26,1971,0,d,CLE,IND,3,20
1972-01-02,1971,0,c,MIA,IND,21,0
1972-01-02,1971,0,c,DAL,SF,14,3
1972-01-16,1971,1,s,MIA,DAL,3,24
1972-09-17,1972,0,,NE,CIN,7,31
1972-09-17,1972,0,,PIT,OAK,34,28
1972-09-17,1972,0,,LAR,NO,34,14
1972-09-17,1972,0,,IND,ARI,3,10
1972-09-17,1972,0,,DEN,TEN,30,17
1972-09-17,1972,0,,CHI,ATL,21,37
1972-09-17,1972,0,,KC,MIA,10,20
1972-09-17,1972,0,,CLE,GB,10,26
1972-09-17,1972,0,,DET,NYG,30,16
1972-09-17,1972,0,,SF,LAC,34,3
1972-09-17,1972,0,,BUF,NYJ,24,41
1972-09-17,1972,0,,DAL,PHI,28,6
1972-09-18,1972,0,,MIN,WSH,21,24
1972-09-24,1972,0,,NYG,DAL,14,23
1972-09-24,1972,0,,CHI,LAR,13,13
1972-09-24,1972,0,,PHI,CLE,17,27
1972-09-24,1972,0,,IND,NYJ,34,44
1972-09-24,1972,0,,BUF,SF,27,20
1972-09-24,1972,0,,LAC,DEN,37,14
1972-09-24,1972,0,,NE,ATL,21,20
1972-09-24,1972,0,,MIA,TEN,34,13
1972-09-24,1972,0,,DET,MIN,10,34
1972-09-24,1972,0,,CIN,PIT,15,10
1972-09-24,1972,0,,GB,OAK,14,20
1972-09-24,1972,0,,WSH,ARI,24,10
1972-09-25,1972,0,,NO,KC,17,20
1972-10-01,1972,0,,CHI,DET,24,38
1972-10-01,1972,0,,ATL,LAR,31,3
1972-10-01,1972,0,,NO,SF,2,37
1972-10-01,1972,0,,MIN,MIA,14,16
1972-10-01,1972,0,,CLE,CIN,27,6
1972-10-01,1972,0,,ARI,PIT,19,25
1972-10-01,1972,0,,GB,DAL,16,13
1972-10-01,1972,0,,NE,WSH,24,23
1972-10-01,1972,0,,BUF,IND,0,17
1972-10-01,1972,0,,OAK,LAC,17,17
1972-10-01,1972,0,,TEN,NYJ,26,20
1972-10-01,1972,0,,DEN,KC,24,45
1972-10-02,1972,0,,PHI,NYG,12,27
1972-10-08,1972,0,,CIN,DEN,21,10
1972-10-08,1972,0,,WSH,PHI,14,0
1972-10-08,1972,0,,GB,CHI,20,17
1972-10-08,1972,0,,CLE,KC,7,31
1972-10-08,1972,0,,BUF,NE,38,14
1972-10-08,1972,0,,IND,LAC,20,23
1972-10-08,1972,0,,NYJ,MIA,17,27
1972-10-08,1972,0,,LAR,SF,31,7
1972-10-08,1972,0,,ATL,DET,23,26
1972-10-08,1972,0,,NYG,NO,45,21
1972-10-08,1972,0,,MIN,ARI,17,19
1972-10-08,1972,0,,DAL,PIT,17,13
1972-10-09,1972,0,,TEN,OAK,0,34
1972-10-15,1972,0,,MIA,LAC,24,10
1972-10-15,1972,0,,OAK,BUF,28,16
1972-10-15,1972,0,,NE,NYJ,13,41
1972-10-15,1972,0,,KC,CIN,16,23
1972-10-15,1972,0,,PHI,LAR,3,34
1972-10-15,1972,0,,DEN,MIN,20,23
1972-10-15,1972,0,,NO,ATL,14,21
1972-10-15,1972,0,,PIT,TEN,24,7
1972-10-15,1972,0,,SF,NYG,17,23
1972-10-15,1972,0,,IND,DAL,0,21
1972-10-15,1972,0,,CLE,CHI,0,17
1972-10-15,1972,0,,ARI,WSH,3,33
1972-10-16,1972,0,,DET,GB,23,24
1972-10-22,1972,0,,OAK,DEN,23,30
1972-10-22,1972,0,,MIA,BUF,24,23
1972-10-22,1972,0,,NYG,ARI,27,21
1972-10-22,1972,0,,KC,PHI,20,21
1972-10-22,1972,0,,NYJ,IND,24,20
1972-10-22,1972,0,,PIT,NE,33,3
1972-10-22,1972,0,,WSH,DAL,24,20
1972-10-22,1972,0,,GB,ATL,9,10
1972-10-22,1972,0,,LAR,CIN,15,12
1972-10-22,1972,0,,DET,LAC,34,20
1972-10-22,1972,0,,TEN,CLE,17,23
1972-10-22,1972,0,,SF,NO,20,20
1972-10-23,1972,0,,CHI,MIN,13,10
1972-10-29,1972,0,,ARI,CHI,10,27
1972-10-29,1972,0,,GB,MIN,13,27
1972-10-29,1972,0,,CIN,TEN,30,7
1972-10-29,1972,0,,NYG,WSH,16,23
1972-10-29,1972,0,,DEN,CLE,20,27
1972-10-29,1972,0,,NO,PHI,21,3
1972-10-29,1972,0,,NYJ,NE,34,10
1972-10-29,1972,0,,LAC,KC,14,26
1972-10-29,1972,0,,ATL,SF,14,49
1972-10-29,1972,0,,IND,MIA,0,23
1972-10-29,1972,0,,BUF,PIT,21,38
1972-10-29,1972,0,,OAK,LAR,45,17
1972-10-30,1972,0,,DAL,DET,28,24
1972-11-05,1972,0,,PIT,CIN,40,17
1972-11-05,1972,0,,KC,OAK,27,14
1972-11-05,1972,0,,NYJ,WSH,17,35
1972-11-05,1972,0,,LAC,DAL,28,34
1972-11-05,1972,0,,BUF,MIA,16,30
1972-11-05,1972,0,,MIN,NO,37,6
1972-11-05,1972,0,,LAR,ATL,20,7
1972-11-05,1972,0,,GB,SF,34,24
1972-11-05,1972,0,,CLE,TEN,20,0
1972-11-05,1972,0,,PHI,ARI,6,6
1972-11-05,1972,0,,DET,CHI,14,0
1972-11-05,1972,0,,NYG,DEN,29,17
1972-11-06,1972,0,,NE,IND,17,24
1972-11-12,1972,0,,MIA,NE,52,0
1972-11-12,1972,0,,WSH,NYG,27,13
1972-11-12,1972,0,,PIT,KC,16,7
1972-11-12,1972,0,,ATL,NO,36,20
1972-11-12,1972,0,,MIN,DET,16,14
1972-11-12,1972,0,,TEN,PHI,17,18
1972-11-12,1972,0,,SF,IND,24,21
1972-11-12,1972,0,,CIN,OAK,14,20
1972-11-12,1972,0,,DAL,ARI,33,24
1972-11-12,1972,0,,LAR,DEN,10,16
1972-11-12,1972,0,,NYJ,BUF,41,3
1972-11-12,1972,0,,CHI,GB,17,23
1972-11-13,1972,0,,LAC,CLE,17,21
1972-11-19,1972,0,,CHI,SF,21,34
1972-11-19,1972,0,,CIN,IND,19,20
1972-11-19,1972,0,,PHI,DAL,7,28
1972-11-19,1972,0,,LAR,MIN,41,45
1972-11-19,1972,0,,DET,NO,27,14
1972-11-19,1972,0,,CLE,PIT,26,24
1972-11-19,1972,0,,MIA,NYJ,28,24
1972-11-19,1972,0,,KC,LAC,17,27
1972-11-19,1972,0,,ARI,NYG,7,13
1972-11-19,1972,0,,DEN,OAK,20,37
1972-11-19,1972,0,,TEN,GB,10,23
1972-11-19,1972,0,,NE,BUF,24,27
1972-11-20,1972,0,,WSH,ATL,24,13
1972-11-23,1972,0,,DET,NYJ,37,20
1972-11-23,1972,0,,DAL,SF,10,31
1972-11-26,1972,0,,ATL,DEN,23,20
1972-11-26,1972,0,,WSH,GB,21,16
1972-11-26,1972,0,,IND,NE,31,0
1972-11-26,1972,0,,NO,LAR,19,16
1972-11-26,1972,0,,PIT,MIN,23,10
1972-11-26,1972,0,,CHI,CIN,3,13
1972-11-26,1972,0,,CLE,BUF,27,10
1972-11-26,1972,0,,OAK,KC,26,3
1972-11-26,1972,0,,LAC,TEN,34,20
1972-11-26,1972,0,,NYG,PHI,62,10
1972-11-27,1972,0,,MIA,ARI,31,10
1972-12-03,1972,0,,ARI,DAL,6,27
1972-12-03,1972,0,,LAC,OAK,19,21
1972-12-03,1972,0,,CIN,NYG,13,10
1972-12-03,1972,0,,PIT,CLE,30,0
1972-12-03,1972,0,,NE,MIA,21,37
1972-12-03,1972,0,,GB,DET,33,7
1972-12-03,1972,0,,NYJ,NO,18,17
1972-12-03,1972,0,,MIN,CHI,23,10
1972-12-03,1972,0,,PHI,WSH,7,23
1972-12-03,1972,0,,KC,DEN,24,21
1972-12-03,1972,0,,ATL,TEN,20,10
1972-12-03,1972,0,,IND,BUF,35,7
1972-12-04,1972,0,,SF,LAR,16,26
1972-12-09,1972,0,,DAL,WSH,34,24
1972-12-09,1972,0,,CIN,CLE,24,27
1972-12-10,1972,0,,TEN,PIT,3,9
1972-12-10,1972,0,,KC,IND,24,10
1972-12-10,1972,0,,BUF,DET,21,21
1972-12-10,1972,0,,SF,ATL,20,0
1972-12-10,1972,0,,PHI,CHI,12,21
1972-12-10,1972,0,,MIN,GB,7,23
1972-12-10,1972,0,,ARI,LAR,24,14
1972-12-10,1972,0,,NYG,MIA,13,23
1972-12-10,1972,0,,NO,NE,10,17
1972-12-10,1972,0,,DEN,LAC,38,13
1972-12-11,1972,0,,OAK,NYJ,24,16
1972-12-16,1972,0,,SF,MIN,20,17
1972-12-16,1972,0,,MIA,IND,16,0
1972-12-17,1972,0,,ATL,KC,14,17
1972-12-17,1972,0,,NO,GB,20,30
1972-12-17,1972,0,,NYJ,CLE,10,26
1972-12-17,1972,0,,LAC,PIT,2,24
1972-12-17,1972,0,,DEN,NE,45,21
1972-12-17,1972,0,,LAR,DET,17,34
1972-12-17,1972,0,,DAL,NYG,3,23
1972-12-17,1972,0,,WSH,BUF,17,24
1972-12-17,1972,0,,OAK,CHI,28,21
1972-12-17,1972,0,,TEN,CIN,17,61
1972-12-17,1972,0,,ARI,PHI,24,23
1972-12-23,1972,0,d,SF,DAL,28,30
1972-12-23,1972,0,d,PIT,OAK,13,7
1972-12-24,1972,0,d,MIA,CLE,20,14
1972-12-24,1972,0,d,WSH,GB,16,3
1972-12-31,1972,0,c,WSH,DAL,26,3
1972-12-31,1972,0,c,PIT,MIA,17,21
1973-01-14,1972,1,s,WSH,MIA,7,14
1973-09-16,1973,0,,CHI,DAL,17,20
1973-09-16,1973,0,,NE,BUF,13,31
1973-09-16,1973,0,,KC,LAR,13,23
1973-09-16,1973,0,,NYG,TEN,34,14
1973-09-16,1973,0,,MIN,OAK,24,16
1973-09-16,1973,0,,PHI,ARI,23,34
1973-09-16,1973,0,,MIA,SF,21,13
1973-09-16,1973,0,,WSH,LAC,38,0
1973-09-16,1973,0,,PIT,DET,24,10
1973-09-16,1973,0,,NO,ATL,7,62
1973-09-16,1973,0,,DEN,CIN,28,10
1973-09-16,1973,0,,CLE,IND,24,14
1973-09-17,1973,0,,GB,NYJ,23,7
1973-09-23,1973,0,,LAR,ATL,31,0
1973-09-23,1973,0,,OAK,MIA,12,7
1973-09-23,1973,0,,GB,DET,13,13
1973-09-23,1973,0,,ARI,WSH,34,27
1973-09-23,1973,0,,CIN,TEN,24,10
1973-09-23,1973,0,,CHI,MIN,13,22
1973-09-23,1973,0,,DEN,SF,34,36
1973-09-23,1973,0,,NE,KC,7,10
1973-09-23,1973,0,,PIT,CLE,33,6
1973-09-23,1973,0,,IND,NYJ,10,34
1973-09-23,1973,0,,LAC,BUF,34,7
1973-09-23,1973,0,,NYG,PHI,23,23
1973-09-24,1973,0,,DAL,NO,40,3
1973-09-30,1973,0,,LAC,CIN,13,20
1973-09-30,1973,0,,PHI,WSH,7,28
1973-09-30,1973,0,,SF,LAR,20,40
1973-09-30,1973,0,,IND,NO,14,10
1973-09-30,1973,0,,BUF,NYJ,9,7
1973-09-30,1973,0,,DEN,CHI,14,33
1973-09-30,1973,0,,MIA,NE,44,23
1973-09-30,1973,0,,DAL,ARI,45,10
1973-09-30,1973,0,,MIN,GB,11,3
1973-09-30,1973,0,,CLE,NYG,12,10
1973-09-30,1973,0,,KC,OAK,16,3
1973-09-30,1973,0,,TEN,PIT,7,36
1973-10-01,1973,0,,DET,ATL,31,6
1973-10-07,1973,0,,KC,DEN,16,14
1973-10-07,1973,0,,BUF,PHI,27,26
1973-10-07,1973,0,,NYG,GB,14,16
1973-10-07,1973,0,,NE,IND,24,16
1973-10-07,1973,0,,ATL,SF,9,13
1973-10-07,1973,0,,CLE,CIN,17,10
1973-10-07,1973,0,,DET,MIN,9,23
1973-10-07,1973,0,,MIA,NYJ,31,3
1973-10-07,1973,0,,TEN,LAR,26,31
1973-10-07,1973,0,,PIT,LAC,38,21
1973-10-07,1973,0,,ARI,OAK,10,17
1973-10-07,1973,0,,NO,CHI,21,16
1973-10-08,1973,0,,WSH,DAL,14,7
1973-10-14,1973,0,,NE,NYJ,7,9
1973-10-14,1973,0,,LAC,OAK,17,27
1973-10-14,1973,0,,CIN,PIT,19,7
1973-10-14,1973,0,,BUF,IND,31,13
1973-10-14,1973,0,,ARI,PHI,24,27
1973-10-14,1973,0,,NO,DET,20,13
1973-10-14,1973,0,,TEN,DEN,20,48
1973-10-14,1973,0,,NYG,WSH,3,21
1973-10-14,1973,0,,GB,KC,10,10
1973-10-14,1973,0,,SF,MIN,13,17
1973-10-14,1973,0,,LAR,DAL,37,31
1973-10-14,1973,0,,ATL,CHI,46,6
1973-10-15,1973,0,,CLE,MIA,9,17
1973-10-21,1973,0,,MIA,BUF,27,6
1973-10-21,1973,0,,PIT,NYJ,26,14
1973-10-21,1973,0,,DAL,NYG,45,28
1973-10-21,1973,0,,LAR,GB,24,7
1973-10-21,1973,0,,SF,NO,40,0
1973-10-21,1973,0,,LAC,ATL,0,41
1973-10-21,1973,0,,CHI,NE,10,13
1973-10-21,1973,0,,DET,IND,27,29
1973-10-21,1973,0,,CLE,TEN,42,13
1973-10-21,1973,0,,WSH,ARI,31,13
1973-10-21,1973,0,,MIN,PHI,28,21
1973-10-21,1973,0,,CIN,KC,14,6
1973-10-22,1973,0,,DEN,OAK,23,23
1973-10-28,1973,0,,CHI,TEN,35,14
1973-10-28,1973,0,,DET,GB,34,0
1973-10-28,1973,0,,ARI,NYG,35,27
1973-10-28,1973,0,,PIT,CIN,20,13
1973-10-28,1973,0,,NO,WSH,19,3
1973-10-28,1973,0,,CLE,LAC,16,16
1973-10-28,1973,0,,PHI,DAL,30,16
1973-10-28,1973,0,,SF,ATL,3,17
1973-10-28,1973,0,,MIN,LAR,10,9
1973-10-28,1973,0,,NE,MIA,14,30
1973-10-28,1973,0,,IND,OAK,21,34
1973-10-28,1973,0,,NYJ,DEN,28,40
1973-10-29,1973,0,,BUF,KC,23,14
1973-11-04,1973,0,,PHI,NE,24,23
1973-11-04,1973,0,,NO,BUF,13,0
1973-11-04,1973,0,,DET,SF,30,20
1973-11-04,1973,0,,LAC,KC,0,19
1973-11-04,1973,0,,IND,TEN,27,31
1973-11-04,1973,0,,ATL,LAR,15,13
1973-11-04,1973,0,,DAL,CIN,38,10
1973-11-04,1973,0,,ARI,DEN,17,17
1973-11-04,1973,0,,GB,CHI,17,31
1973-11-04,1973,0,,MIN,CLE,26,3
1973-11-04,1973,0,,NYJ,MIA,14,24
1973-11-04,1973,0,,OAK,NYG,42,0
1973-11-05,1973,0,,PIT,WSH,21,16
1973-11-11,1973,0,,TEN,CLE,13,23
1973-11-11,1973,0,,MIN,DET,28,7
1973-11-11,1973,0,,NYG,DAL,10,23
1973-11-11,1973,0,,OAK,PIT,9,17
1973-11-11,1973,0,,DEN,LAC,30,19
1973-11-11,1973,0,,LAR,NO,29,7
1973-11-11,1973,0,,BUF,CIN,13,16
1973-11-11,1973,0,,NYJ,NE,33,13
1973-11-11,1973,0,,MIA,IND,44,0
1973-11-11,1973,0,,GB,ARI,25,21
1973-11-11,1973,0,,PHI,ATL,27,44
1973-11-11,1973,0,,WSH,SF,33,9
1973-11-12,1973,0,,KC,CHI,19,7
1973-11-18,1973,0,,KC,TEN,38,14
1973-11-18,1973,0,,NE,GB,33,24
1973-11-18,1973,0,,LAR,SF,31,13
1973-11-18,1973,0,,CIN,NYJ,20,14
1973-11-18,1973,0,,DAL,PHI,31,10
1973-11-18,1973,0,,NYG,ARI,24,13
1973-11-18,1973,0,,OAK,CLE,3,7
1973-11-18,1973,0,,WSH,IND,22,14
1973-11-18,1973,0,,PIT,DEN,13,23
1973-11-18,1973,0,,LAC,NO,17,14
1973-11-18,1973,0,,CHI,DET,7,30
1973-11-18,1973,0,,BUF,MIA,0,17
1973-11-19,1973,0,,ATL,MIN,20,14
1973-11-22,1973,0,,DET,WSH,0,20
1973-11-22,1973,0,,DAL,MIA,7,14
1973-11-25,1973,0,,CIN,ARI,42,24
1973-11-25,1973,0,,PHI,NYG,20,16
1973-11-25,1973,0,,MIN,CHI,31,13
1973-11-25,1973,0,,NYJ,ATL,20,28
1973-11-25,1973,0,,CLE,PIT,21,16
1973-11-25,1973,0,,NO,LAR,13,24
1973-11-25,1973,0,,OAK,LAC,31,3
1973-11-25,1973,0,,IND,BUF,17,24
1973-11-25,1973,0,,TEN,NE,0,32
1973-11-25,1973,0,,DEN,KC,14,10
1973-11-26,1973,0,,SF,GB,20,6
1973-12-02,1973,0,,NYJ,IND,20,17
1973-12-02,1973,0,,DEN,DAL,10,22
1973-12-02,1973,0,,ARI,DET,16,20
1973-12-02,1973,0,,KC,CLE,20,20
1973-12-02,1973,0,,TEN,OAK,6,17
1973-12-02,1973,0,,CHI,LAR,0,26
1973-12-02,1973,0,,NE,LAC,30,14
1973-12-02,1973,0,,ATL,BUF,6,17
1973-12-02,1973,0,,WSH,NYG,27,24
1973-12-02,1973,0,,GB,NO,30,10
1973-12-02,1973,0,,CIN,MIN,27,0
1973-12-02,1973,0,,SF,PHI,38,28
1973-12-03,1973,0,,MIA,PIT,30,26
1973-12-08,1973,0,,GB,MIN,7,31
1973-12-08,1973,0,,OAK,KC,37,7
1973-12-09,1973,0,,NO,SF,16,10
1973-12-09,1973,0,,BUF,NE,37,13
1973-12-09,1973,0,,PHI,NYJ,24,23
1973-12-09,1973,0,,IND,MIA,16,3
1973-12-09,1973,0,,LAC,DEN,28,42
1973-12-09,1973,0,,DAL,WSH,27,7
1973-12-09,1973,0,,CIN,CLE,34,17
1973-12-09,1973,0,,DET,CHI,40,7
1973-12-09,1973,0,,PIT,TEN,33,7
1973-12-09,1973,0,,ATL,ARI,10,32
1973-12-10,1973,0,,LAR,NYG,40,6
1973-12-15,1973,0,,MIA,DET,34,7
1973-12-15,1973,0,,SF,PIT,14,37
1973-12-16,1973,0,,CHI,GB,0,21
1973-12-16,1973,0,,NYG,MIN,7,31
1973-12-16,1973,0,,KC,LAC,33,6
1973-12-16,1973,0,,LAR,CLE,30,17
1973-12-16,1973,0,,WSH,PHI,38,20
1973-12-16,1973,0,,TEN,CIN,24,27
1973-12-16,1973,0,,ARI,DAL,3,30
1973-12-16,1973,0,,IND,NE,18,13
1973-12-16,1973,0,,NYJ,BUF,14,34
1973-12-16,1973,0,,ATL,NO,14,10
1973-12-16,1973,0,,OAK,DEN,21,17
1973-12-22,1973,0,d,MIN,WSH,27,20
1973-12-22,1973,0,d,OAK,PIT,33,14
1973-12-23,1973,0,d,DAL,LAR,27,16
1973-12-23,1973,0,d,MIA,CIN,34,16
1973-12-30,1973,0,c,DAL,MIN,10,27
1973-12-30,1973,0,c,MIA,OAK,27,10
1974-01-13,1973,1,s,MIN,MIA,7,24
1974-09-15,1974,0,,NYG,WSH,10,13
1974-09-15,1974,0,,NE,MIA,34,24
1974-09-15,1974,0,,ATL,DAL,0,24
1974-09-15,1974,0,,CIN,CLE,33,7
1974-09-15,1974,0,,GB,MIN,17,32
1974-09-15,1974,0,,ARI,PHI,7,3
1974-09-15,1974,0,,NO,SF,13,17
1974-09-15,1974,0,,DEN,LAR,10,17
1974-09-15,1974,0,,TEN,LAC,21,14
1974-09-15,1974,0,,PIT,IND,30,0
1974-09-15,1974,0,,KC,NYJ,24,16
1974-09-15,1974,0,,CHI,DET,17,9
1974-09-16,1974,0,,BUF,OAK,21,20
1974-09-22,1974,0,,DET,MIN,6,7
1974-09-22,1974,0,,LAR,NO,24,0
1974-09-22,1974,0,,CIN,LAC,17,20
1974-09-22,1974,0,,WSH,ARI,10,17
1974-09-22,1974,0,,CLE,TEN,20,7
1974-09-22,1974,0,,OAK,KC,27,7
1974-09-22,1974,0,,IND,GB,13,20
1974-09-22,1974,0,,BUF,MIA,16,24
1974-09-22,1974,0,,ATL,SF,10,16
1974-09-22,1974,0,,NYG,NE,20,28
1974-09-22,1974,0,,DEN,PIT,35,35
1974-09-22,1974,0,,CHI,NYJ,21,23
1974-09-23,1974,0,,PHI,DAL,13,10
1974-09-29,1974,0,,ARI,CLE,29,7
1974-09-29,1974,0,,TEN,KC,7,17
1974-09-29,1974,0,,DAL,NYG,6,14
1974-09-29,1974,0,,GB,DET,21,19
1974-09-29,1974,0,,MIN,CHI,11,7
1974-09-29,1974,0,,LAC,MIA,21,28
1974-09-29,1974,0,,NO,ATL,14,13
1974-09-29,1974,0,,PHI,IND,30,10
1974-09-29,1974,0,,BUF,NYJ,16,12
1974-09-29,1974,0,,PIT,OAK,0,17
1974-09-29,1974,0,,SF,CIN,3,21
1974-09-29,1974,0,,NE,LAR,20,14
1974-09-30,1974,0,,WSH,DEN,30,3
1974-10-06,1974,0,,LAR,DET,16,13
1974-10-06,1974,0,,SF,ARI,9,34
1974-10-06,1974,0,,LAC,PHI,7,13
1974-10-06,1974,0,,CHI,NO,24,10
1974-10-06,1974,0,,DAL,MIN,21,23
1974-10-06,1974,0,,GB,BUF,7,27
1974-10-06,1974,0,,KC,DEN,14,17
1974-10-06,1974,0,,NE,IND,42,3
1974-10-06,1974,0,,TEN,PIT,7,13
1974-10-06,1974,0,,CIN,WSH,28,17
1974-10-06,1974,0,,CLE,OAK,24,40
1974-10-06,1974,0,,NYG,ATL,7,14
1974-10-07,1974,0,,MIA,NYJ,21,17
1974-10-13,1974,0,,WSH,MIA,20,17
1974-10-13,1974,0,,CLE,CIN,24,34
1974-10-13,1974,0,,LAC,OAK,10,14
1974-10-13,1974,0,,PHI,NYG,35,7
1974-10-13,1974,0,,MIN,TEN,51,10
1974-10-13,1974,0,,DEN,NO,33,17
1974-10-13,1974,0,,ATL,CHI,13,10
1974-10-13,1974,0,,GB,LAR,17,6
1974-10-13,1974,0,,KC,PIT,24,34
1974-10-13,1974,0,,ARI,DAL,31,28
1974-10-13,1974,0,,NYJ,NE,0,24
1974-10-13,1974,0,,IND,BUF,14,27
1974-10-14,1974,0,,DET,SF,17,13
1974-10-20,1974,0,,NYJ,IND,20,35
1974-10-20,1974,0,,TEN,ARI,27,31
1974-10-20,1974,0,,MIA,KC,9,3
1974-10-20,1974,0,,PIT,CLE,20,16
1974-10-20,1974,0,,DEN,LAC,27,7
1974-10-20,1974,0,,WSH,NYG,24,3
1974-10-20,1974,0,,LAR,SF,37,14
1974-10-20,1974,0,,BUF,NE,30,28
1974-10-20,1974,0,,MIN,DET,16,20
1974-10-20,1974,0,,DAL,PHI,31,24
1974-10-20,1974,0,,ATL,NO,3,13
1974-10-20,1974,0,,OAK,CIN,30,27
1974-10-21,1974,0,,CHI,GB,10,9
1974-10-27,1974,0,,NYJ,LAR,13,20
1974-10-27,1974,0,,NYG,DAL,7,21
1974-10-27,1974,0,,MIN,NE,14,17
1974-10-27,1974,0,,CIN,TEN,21,34
1974-10-27,1974,0,,SF,OAK,24,35
1974-10-27,1974,0,,DET,GB,19,17
1974-10-27,1974,0,,ARI,WSH,23,20
1974-10-27,1974,0,,NO,PHI,14,10
1974-10-27,1974,0,,LAC,KC,14,24
1974-10-27,1974,0,,MIA,IND,17,7
1974-10-27,1974,0,,CLE,DEN,23,21
1974-10-27,1974,0,,BUF,CHI,16,6
1974-10-28,1974,0,,PIT,ATL,24,17
1974-11-03,1974,0,,CHI,MIN,0,17
1974-11-03,1974,0,,KC,NYG,27,33
1974-11-03,1974,0,,NYJ,TEN,22,27
1974-11-03,1974,0,,MIA,ATL,42,7
1974-11-03,1974,0,,IND,CIN,14,24
1974-11-03,1974,0,,DET,NO,19,14
1974-11-03,1974,0,,DAL,ARI,17,14
1974-11-03,1974,0,,DEN,OAK,17,28
1974-11-03,1974,0,,GB,WSH,6,17
1974-11-03,1974,0,,NE,BUF,28,29
1974-11-03,1974,0,,PIT,PHI,27,0
1974-11-03,1974,0,,LAC,CLE,36,35
1974-11-04,1974,0,,SF,LAR,13,15
1974-11-10,1974,0,,KC,LAC,7,14
1974-11-10,1974,0,,NYG,NYJ,20,26
1974-11-10,1974,0,,BUF,TEN,9,21
1974-11-10,1974,0,,IND,DEN,6,17
1974-11-10,1974,0,,GB,CHI,20,3
1974-11-10,1974,0,,NO,MIA,0,21
1974-11-10,1974,0,,PHI,WSH,20,27
1974-11-10,1974,0,,CIN,PIT,17,10
1974-11-10,1974,0,,NE,CLE,14,21
1974-11-10,1974,0,,OAK,DET,35,13
1974-11-10,1974,0,,DAL,SF,20,14
1974-11-10,1974,0,,LAR,ATL,21,0
1974-11-11,1974,0,,ARI,MIN,24,28
1974-11-17,1974,0,,ATL,IND,7,17
1974-11-17,1974,0,,NO,LAR,20,7
1974-11-17,1974,0,,OAK,LAC,17,10
1974-11-17,1974,0,,TEN,CIN,20,3
1974-11-17,1974,0,,WSH,DAL,28,21
1974-11-17,1974,0,,MIA,BUF,35,28
1974-11-17,1974,0,,CLE,PIT,16,26
1974-11-17,1974,0,,CHI,SF,0,34
1974-11-17,1974,0,,NE,NYJ,16,21
1974-11-17,1974,0,,PHI,ARI,3,13
1974-11-17,1974,0,,MIN,GB,7,19
1974-11-17,1974,0,,DET,NYG,20,19
1974-11-18,1974,0,,DEN,KC,34,42
1974-11-24,1974,0,,TEN,DAL,0,10
1974-11-24,1974,0,,LAR,MIN,20,17
1974-11-24,1974,0,,NYG,ARI,21,23
1974-11-24,1974,0,,CLE,BUF,10,15
1974-11-24,1974,0,,GB,LAC,34,0
1974-11-24,1974,0,,SF,ATL,27,0
1974-11-24,1974,0,,CIN,KC,33,6
1974-11-24,1974,0,,IND,NE,17,27
1974-11-24,1974,0,,WSH,PHI,26,7
1974-11-24,1974,0,,NYJ,MIA,17,14
1974-11-24,1974,0,,DET,CHI,34,17
1974-11-24,1974,0,,OAK,DEN,17,20
1974-11-25,1974,0,,NO,PIT,7,28
1974-11-28,1974,0,,DET,DEN,27,31
1974-11-28,1974,0,,DAL,WSH,24,23
1974-12-01,1974,0,,ARI,KC,13,17
1974-12-01,1974,0,,PHI,GB,36,14
1974-12-01,1974,0,,OAK,NE,41,26
1974-12-01,1974,0,,BUF,IND,6,0
1974-12-01,1974,0,,PIT,TEN,10,13
1974-12-01,1974,0,,CLE,SF,7,0
1974-12-01,1974,0,,MIN,NO,29,9
1974-12-01,1974,0,,CHI,NYG,16,13
1974-12-01,1974,0,,ATL,LAR,7,30
1974-12-01,1974,0,,NYJ,LAC,27,14
1974-12-02,1974,0,,MIA,CIN,24,3
1974-12-07,1974,0,,MIN,ATL,23,10
1974-12-07,1974,0,,DAL,CLE,41,17
1974-12-08,1974,0,,CIN,DET,19,23
1974-12-08,1974,0,,SF,GB,7,6
1974-12-08,1974,0,,NYJ,BUF,20,10
1974-12-08,1974,0,,LAC,CHI,28,21
1974-12-08,1974,0,,NE,PIT,17,21
1974-12-08,1974,0,,KC,OAK,6,7
1974-12-08,1974,0,,DEN,TEN,37,14
1974-12-08,1974,0,,NO,ARI,14,0
1974-12-08,1974,0,,IND,MIA,16,17
1974-12-08,1974,0,,NYG,PHI,7,20
1974-12-09,1974,0,,LAR,WSH,17,23
1974-12-14,1974,0,,KC,MIN,15,35
1974-12-14,1974,0,,OAK,DAL,27,23
1974-12-14,1974,0,,PIT,CIN,27,3
1974-12-15,1974,0,,LAC,DEN,17,0
1974-12-15,1974,0,,TEN,CLE,28,24
1974-12-15,1974,0,,PHI,DET,28,17
1974-12-15,1974,0,,WSH,CHI,42,0
1974-12-15,1974,0,,IND,NYJ,38,45
1974-12-15,1974,0,,MIA,NE,34,27
1974-12-15,1974,0,,SF,NO,35,21
1974-12-15,1974,0,,LAR,BUF,19,14
1974-12-15,1974,0,,ATL,GB,10,3
1974-12-15,1974,0,,ARI,NYG,26,14
1974-12-21,1974,0,d,OAK,MIA,28,26
1974-12-21,1974,0,d,MIN,ARI,30,14
1974-12-22,1974,0,d,LAR,WSH,19,10
1974-12-22,1974,0,d,PIT,BUF,32,14
1974-12-29,1974,0,c,OAK,PIT,13,24
1974-12-29,1974,0,c,MIN,LAR,14,10
1975-01-12,1974,1,s,PIT,MIN,16,6
1975-09-21,1975,0,,PHI,NYG,14,23
1975-09-21,1975,0,,NE,TEN,0,7
1975-09-21,1975,0,,CHI,IND,7,35
1975-09-21,1975,0,,ARI,ATL,23,20
1975-09-21,1975,0,,BUF,NYJ,42,14
1975-09-21,1975,0,,CIN,CLE,24,17
1975-09-21,1975,0,,DAL,LAR,18,7
1975-09-21,1975,0,,GB,DET,16,30
1975-09-21,1975,0,,LAC,PIT,0,37
1975-09-21,1975,0,,WSH,NO,41,3
1975-09-21,1975,0,,DEN,KC,37,33
1975-09-21,1975,0,,MIN,SF,27,17
1975-09-22,1975,0,,MIA,OAK,21,31
1975-09-28,1975,0,,SF,LAR,14,23
1975-09-28,1975,0,,WSH,NYG,49,13
1975-09-28,1975,0,,DAL,ARI,37,31
1975-09-28,1975,0,,CHI,PHI,15,13
1975-09-28,1975,0,,PIT,BUF,21,30
1975-09-28,1975,0,,ATL,DET,14,17
1975-09-28,1975,0,,CLE,MIN,10,42
1975-09-28,1975,0,,IND,OAK,20,31
1975-09-28,1975,0,,NE,MIA,14,22
1975-09-28,1975,0,,KC,NYJ,24,30
1975-09-28,1975,0,,NO,CIN,0,21
1975-09-28,1975,0,,TEN,LAC,33,17
1975-09-29,1975,0,,DEN,GB,23,13
1975-10-05,1975,0,,ATL,NO,14,7
1975-10-05,1975,0,,BUF,DEN,38,14
1975-10-05,1975,0,,LAR,IND,24,13
1975-10-05,1975,0,,NYJ,NE,36,7
1975-10-05,1975,0,,PHI,WSH,26,10
1975-10-05,1975,0,,CLE,PIT,6,42
1975-10-05,1975,0,,GB,MIA,7,31
1975-10-05,1975,0,,TEN,CIN,19,21
1975-10-05,1975,0,,LAC,OAK,0,6
1975-10-05,1975,0,,ARI,NYG,26,14
1975-10-05,1975,0,,KC,SF,3,20
1975-10-05,1975,0,,MIN,CHI,28,3
1975-10-06,1975,0,,DET,DAL,10,36
1975-10-12,1975,0,,PIT,DEN,20,9
1975-10-12,1975,0,,LAC,LAR,10,13
1975-10-12,1975,0,,CIN,NE,27,10
1975-10-12,1975,0,,MIA,PHI,24,16
1975-10-12,1975,0,,NYG,DAL,7,13
1975-10-12,1975,0,,SF,ATL,3,17
1975-10-12,1975,0,,KC,OAK,42,10
1975-10-12,1975,0,,MIN,NYJ,29,21
1975-10-12,1975,0,,CLE,TEN,10,40
1975-10-12,1975,0,,NO,GB,20,19
1975-10-12,1975,0,,IND,BUF,31,38
1975-10-12,1975,0,,DET,CHI,27,7
1975-10-13,1975,0,,WSH,ARI,27,17
1975-10-19,1975,0,,MIN,DET,25,19
1975-10-19,1975,0,,CIN,OAK,14,10
1975-10-19,1975,0,,PIT,CHI,34,3
1975-10-19,1975,0,,ARI,PHI,31,20
1975-10-19,1975,0,,TEN,WSH,13,10
1975-10-19,1975,0,,DEN,CLE,16,15
1975-10-19,1975,0,,NE,IND,21,10
1975-10-19,1975,0,,LAR,ATL,22,7
1975-10-19,1975,0,,LAC,KC,10,12
1975-10-19,1975,0,,NYJ,MIA,0,43
1975-10-19,1975,0,,DAL,GB,17,19
1975-10-19,1975,0,,SF,NO,35,21
1975-10-20,1975,0,,BUF,NYG,14,17
1975-10-25,1975,0,,NYG,ARI,13,20
1975-10-26,1975,0,,OAK,LAC,25,0
1975-10-26,1975,0,,CLE,WSH,7,23
1975-10-26,1975,0,,NYJ,IND,28,45
1975-10-26,1975,0,,BUF,MIA,30,35
1975-10-26,1975,0,,NE,SF,24,16
1975-10-26,1975,0,,GB,PIT,13,16
1975-10-26,1975,0,,LAR,NO,38,14
1975-10-26,1975,0,,TEN,DET,24,8
1975-10-26,1975,0,,KC,DEN,26,13
1975-10-26,1975,0,,PHI,DAL,17,20
1975-10-26,1975,0,,ATL,CIN,14,21
1975-10-27,1975,0,,CHI,MIN,9,13
1975-11-01,1975,0,,NYG,LAC,35,24
1975-11-02,1975,0,,NYJ,BUF,23,24
1975-11-02,1975,0,,ARI,NE,24,17
1975-11-02,1975,0,,CIN,PIT,24,30
1975-11-02,1975,0,,DEN,OAK,17,42
1975-11-02,1975,0,,KC,TEN,13,17
1975-11-02,1975,0,,CHI,MIA,13,46
1975-11-02,1975,0,,WSH,DAL,30,24
1975-11-02,1975,0,,IND,CLE,21,7
1975-11-02,1975,0,,GB,MIN,17,28
1975-11-02,1975,0,,SF,DET,17,28
1975-11-02,1975,0,,NO,ATL,23,7
1975-11-03,1975,0,,PHI,LAR,3,42
1975-11-09,1975,0,,OAK,NO,48,10
1975-11-09,1975,0,,PHI,ARI,23,24
1975-11-09,1975,0,,BUF,IND,35,42
1975-11-09,1975,0,,NYG,WSH,13,21
1975-11-09,1975,0,,DET,CLE,21,10
1975-11-09,1975,0,,CHI,GB,27,14
1975-11-09,1975,0,,MIN,ATL,38,0
1975-11-09,1975,0,,PIT,TEN,24,17
1975-11-09,1975,0,,LAC,NE,19,33
1975-11-09,1975,0,,LAR,SF,23,24
1975-11-09,1975,0,,DEN,CIN,16,17
1975-11-09,1975,0,,MIA,NYJ,27,7
1975-11-10,1975,0,,DAL,KC,31,34
1975-11-16,1975,0,,PIT,KC,28,3
1975-11-16,1975,0,,NE,DAL,31,34
1975-11-16,1975,0,,NYG,PHI,10,13
1975-11-16,1975,0,,OAK,CLE,38,17
1975-11-16,1975,0,,IND,NYJ,52,19
1975-11-16,1975,0,,LAC,DEN,17,27
1975-11-16,1975,0,,TEN,MIA,20,19
1975-11-16,1975,0,,ARI,WSH,20,17
1975-11-16,1975,0,,ATL,LAR,7,16
1975-11-16,1975,0,,NO,MIN,7,20
1975-11-16,1975,0,,DET,GB,13,10
1975-11-16,1975,0,,SF,CHI,31,3
1975-11-17,1975,0,,CIN,BUF,33,24
1975-11-23,1975,0,,NYJ,ARI,6,37
1975-11-23,1975,0,,WSH,OAK,23,26
1975-11-23,1975,0,,DAL,PHI,27,17
1975-11-23,1975,0,,MIN,LAC,28,13
1975-11-23,1975,0,,MIA,IND,17,33
1975-11-23,1975,0,,GB,NYG,40,14
1975-11-23,1975,0,,NO,SF,6,16
1975-11-23,1975,0,,KC,DET,24,21
1975-11-23,1975,0,,CLE,CIN,35,23
1975-11-23,1975,0,,LAR,CHI,38,10
1975-11-23,1975,0,,ATL,DEN,35,21
1975-11-23,1975,0,,BUF,NE,45,31
1975-11-24,1975,0,,TEN,PIT,9,32
1975-11-27,1975,0,,ARI,BUF,14,32
1975-11-27,1975,0,,DET,LAR,0,20
1975-11-30,1975,0,,PHI,SF,27,17
1975-11-30,1975,0,,WSH,MIN,31,30
1975-11-30,1975,0,,DEN,LAC,13,10
1975-11-30,1975,0,,GB,CHI,28,7
1975-11-30,1975,0,,OAK,ATL,37,34
1975-11-30,1975,0,,DAL,NYG,14,3
1975-11-30,1975,0,,CLE,NO,17,16
1975-11-30,1975,0,,IND,KC,28,14
1975-11-30,1975,0,,CIN,TEN,23,19
1975-11-30,1975,0,,NYJ,PIT,7,20
1975-12-01,1975,0,,MIA,NE,20,7
1975-12-07,1975,0,,KC,LAC,20,28
1975-12-07,1975,0,,NE,NYJ,28,30
1975-12-07,1975,0,,MIA,BUF,31,21
1975-12-07,1975,0,,SF,TEN,13,27
1975-12-07,1975,0,,NO,LAR,7,14
1975-12-07,1975,0,,MIN,GB,24,3
1975-12-07,1975,0,,NYG,IND,0,21
1975-12-07,1975,0,,ATL,WSH,27,30
1975-12-07,1975,0,,PHI,CIN,0,31
1975-12-07,1975,0,,ARI,DAL,31,17
1975-12-07,1975,0,,CHI,DET,25,21
1975-12-07,1975,0,,PIT,CLE,31,17
1975-12-08,1975,0,,OAK,DEN,17,10
1975-12-13,1975,0,,DAL,WSH,31,10
1975-12-13,1975,0,,PIT,CIN,35,14
1975-12-14,1975,0,,DET,MIN,17,10
1975-12-14,1975,0,,CHI,ARI,20,34
1975-12-14,1975,0,,DEN,PHI,25,10
1975-12-14,1975,0,,NE,BUF,14,34
1975-12-14,1975,0,,OAK,TEN,26,27
1975-12-14,1975,0,,NYG,NO,28,14
1975-12-14,1975,0,,CLE,KC,40,14
1975-12-14,1975,0,,IND,MIA,10,7
1975-12-14,1975,0,,ATL,SF,31,9
1975-12-14,1975,0,,LAR,GB,22,5
1975-12-15,1975,0,,LAC,NYJ,24,16
1975-12-20,1975,0,,MIA,DEN,14,13
1975-12-20,1975,0,,BUF,MIN,13,35
1975-12-20,1975,0,,LAR,PIT,10,3
1975-12-21,1975,0,,NO,CHI,17,42
1975-12-21,1975,0,,CIN,LAC,47,17
1975-12-21,1975,0,,NYJ,DAL,21,31
1975-12-21,1975,0,,GB,ATL,22,13
1975-12-21,1975,0,,WSH,PHI,3,26
1975-12-21,1975,0,,OAK,KC,28,20
1975-12-21,1975,0,,TEN,CLE,21,10
1975-12-21,1975,0,,SF,NYG,23,26
1975-12-21,1975,0,,DET,ARI,13,24
1975-12-21,1975,0,,IND,NE,34,21
1975-12-27,1975,0,d,LAR,ARI,35,23
1975-12-27,1975,0,d,PIT,IND,28,10
1975-12-28,1975,0,d,OAK,CIN,31,28
1975-12-28,1975,0,d,MIN,DAL,14,17
1976-01-04,1975,0,c,PIT,OAK,16,10
1976-01-04,1975,0,c,LAR,DAL,7,37
1976-01-18,1975,1,s,PIT,DAL,21,17
1976-09-12,1976,0,,NE,IND,13,27
1976-09-12,1976,0,,CHI,DET,10,3
1976-09-12,1976,0,,GB,SF,14,26
1976-09-12,1976,0,,TEN,TB,20,0
1976-09-12,1976,0,,CIN,DEN,17,7
1976-09-12,1976,0,,DAL,PHI,27,7
1976-09-12,1976,0,,NO,MIN,9,40
1976-09-12,1976,0,,SEA,ARI,24,30
1976-09-12,1976,0,,ATL,LAR,14,30
1976-09-12,1976,0,,KC,LAC,16,30
1976-09-12,1976,0,,OAK,PIT,31,28
1976-09-12,1976,0,,WSH,NYG,19,17
1976-09-12,1976,0,,CLE,NYJ,38,17
1976-09-13,1976,0,,BUF,MIA,21,30
1976-09-19,1976,0,,SF,CHI,12,19
1976-09-19,1976,0,,PHI,NYG,20,7
1976-09-19,1976,0,,TB,LAC,0,23
1976-09-19,1976,0,,NE,MIA,30,14
1976-09-19,1976,0,,MIN,LAR,10,10
1976-09-19,1976,0,,IND,CIN,28,27
1976-09-19,1976,0,,WSH,SEA,31,7
1976-09-19,1976,0,,NO,DAL,6,24
1976-09-19,1976,0,,PIT,CLE,31,14
1976-09-19,1976,0,,DET,ATL,24,10
1976-09-19,1976,0,,ARI,GB,29,0
1976-09-19,1976,0,,BUF,TEN,3,13
1976-09-19,1976,0,,DEN,NYJ,46,3
1976-09-20,1976,0,,KC,OAK,21,24
1976-09-26,1976,0,,LAC,ARI,43,24
1976-09-26,1976,0,,KC,NO,17,27
1976-09-26,1976,0,,TB,BUF,9,14
1976-09-26,1976,0,,CIN,GB,28,7
1976-09-26,1976,0,,CHI,ATL,0,10
1976-09-26,1976,0,,DEN,CLE,44,13
1976-09-26,1976,0,,PIT,NE,27,30
1976-09-26,1976,0,,SEA,SF,21,37
1976-09-26,1976,0,,DAL,IND,30,27
1976-09-26,1976,0,,TEN,OAK,13,14
1976-09-26,1976,0,,LAR,NYG,24,10
1976-09-26,1976,0,,DET,MIN,9,10
1976-09-26,1976,0,,MIA,NYJ,16,0
1976-09-27,1976,0,,PHI,WSH,17,20
1976-10-03,1976,0,,NE,OAK,48,17
1976-10-03,1976,0,,SEA,DAL,13,28
1976-10-03,1976,0,,ATL,PHI,13,14
1976-10-03,1976,0,,MIA,LAR,28,31
1976-10-03,1976,0,,SF,NYJ,17,6
1976-10-03,1976,0,,GB,DET,24,14
1976-10-03,1976,0,,DEN,LAC,26,0
1976-10-03,1976,0,,CHI,WSH,33,7
1976-10-03,1976,0,,NO,TEN,26,31
1976-10-03,1976,0,,ARI,NYG,27,21
1976-10-03,1976,0,,IND,TB,42,17
1976-10-03,1976,0,,BUF,KC,50,17
1976-10-03,1976,0,,CLE,CIN,24,45
1976-10-04,1976,0,,MIN,PIT,17,6
1976-10-10,1976,0,,GB,SEA,27,20
1976-10-10,1976,0,,WSH,KC,30,33
1976-10-10,1976,0,,DET,NE,30,10
1976-10-10,1976,0,,ARI,PHI,33,14
1976-10-10,1976,0,,IND,MIA,28,14
1976-10-10,1976,0,,TEN,DEN,17,3
1976-10-10,1976,0,,LAC,OAK,17,27
1976-10-10,1976,0,,NYJ,BUF,17,14
1976-10-10,1976,0,,MIN,CHI,20,19
1976-10-10,1976,0,,CIN,TB,21,0
1976-10-10,1976,0,,CLE,PIT,18,16
1976-10-10,1976,0,,NYG,DAL,14,24
1976-10-10,1976,0,,NO,ATL,30,0
1976-10-11,1976,0,,LAR,SF,0,16
1976-10-17,1976,0,,WSH,DET,20,7
1976-10-17,1976,0,,SF,NO,33,3
1976-10-17,1976,0,,LAR,CHI,20,12
1976-10-17,1976,0,,TB,SEA,10,13
1976-10-17,1976,0,,BUF,IND,13,31
1976-10-17,1976,0,,ATL,CLE,17,20
1976-10-17,1976,0,,LAC,TEN,30,27
1976-10-17,1976,0,,PIT,CIN,23,6
1976-10-17,1976,0,,GB,PHI,28,13
1976-10-17,1976,0,,MIA,KC,17,20
1976-10-17,1976,0,,ARI,DAL,21,17
1976-10-17,1976,0,,MIN,NYG,24,7
1976-10-17,1976,0,,DEN,OAK,10,17
1976-10-18,1976,0,,NE,NYJ,41,7
1976-10-23,1976,0,,SF,ATL,15,0
1976-10-24,1976,0,,TB,MIA,20,23
1976-10-24,1976,0,,KC,DEN,26,35
1976-10-24,1976,0,,BUF,NE,22,26
1976-10-24,1976,0,,NYG,PIT,0,27
1976-10-24,1976,0,,DAL,CHI,31,21
1976-10-24,1976,0,,NO,LAR,10,16
1976-10-24,1976,0,,CLE,LAC,21,17
1976-10-24,1976,0,,TEN,CIN,7,27
1976-10-24,1976,0,,NYJ,IND,0,20
1976-10-24,1976,0,,PHI,MIN,12,31
1976-10-24,1976,0,,OAK,GB,18,14
1976-10-24,1976,0,,SEA,DET,14,41
1976-10-25,1976,0,,WSH,ARI,20,10
1976-10-31,1976,0,,PIT,LAC,23,0
1976-10-31,1976,0,,CHI,MIN,14,13
1976-10-31,1976,0,,DET,GB,27,6
1976-10-31,1976,0,,CIN,CLE,21,6
1976-10-31,1976,0,,LAR,SEA,45,6
1976-10-31,1976,0,,ARI,SF,23,20
1976-10-31,1976,0,,MIA,NE,10,3
1976-10-31,1976,0,,WSH,DAL,7,20
1976-10-31,1976,0,,TB,KC,19,28
1976-10-31,1976,0,,NYG,PHI,0,10
1976-10-31,1976,0,,OAK,DEN,19,6
1976-10-31,1976,0,,ATL,NO,23,20
1976-10-31,1976,0,,BUF,NYJ,14,19
1976-11-01,1976,0,,IND,TEN,38,14
1976-11-07,1976,0,,TEN,CLE,7,21
1976-11-07,1976,0,,NYJ,MIA,7,27
1976-11-07,1976,0,,SF,WSH,21,24
1976-11-07,1976,0,,CHI,OAK,27,28
1976-11-07,1976,0,,LAC,IND,21,37
1976-11-07,1976,0,,SEA,ATL,30,13
1976-11-07,1976,0,,DEN,TB,48,13
1976-11-07,1976,0,,GB,NO,32,27
1976-11-07,1976,0,,KC,PIT,0,45
1976-11-07,1976,0,,PHI,ARI,14,17
1976-11-07,1976,0,,MIN,DET,31,23
1976-11-07,1976,0,,NE,BUF,20,10
1976-11-07,1976,0,,DAL,NYG,9,3
1976-11-08,1976,0,,CIN,LAR,20,12
1976-11-14,1976,0,,IND,NE,14,21
1976-11-14,1976,0,,CLE,PHI,24,3
1976-11-14,1976,0,,CHI,GB,24,13
1976-11-14,1976,0,,ATL,SF,21,16
1976-11-14,1976,0,,CIN,TEN,31,27
1976-11-14,1976,0,,NYJ,TB,34,0
1976-11-14,1976,0,,PIT,MIA,14,3
1976-11-14,1976,0,,OAK,KC,21,10
1976-11-14,1976,0,,LAR,ARI,28,30
1976-11-14,1976,0,,LAC,DEN,0,17
1976-11-14,1976,0,,NYG,WSH,12,9
1976-11-14,1976,0,,NO,DET,17,16
1976-11-14,1976,0,,MIN,SEA,27,21
1976-11-15,1976,0,,DAL,BUF,17,10
1976-11-21,1976,0,,ARI,WSH,10,16
1976-11-21,1976,0,,DET,CHI,14,10
1976-11-21,1976,0,,NYJ,NE,24,38
1976-11-21,1976,0,,KC,CIN,24,27
1976-11-21,1976,0,,PHI,OAK,7,26
1976-11-21,1976,0,,PIT,TEN,32,16
1976-11-21,1976,0,,SEA,NO,27,51
1976-11-21,1976,0,,SF,LAR,3,23
1976-11-21,1976,0,,BUF,LAC,13,34
1976-11-21,1976,0,,TB,CLE,7,24
1976-11-21,1976,0,,ATL,DAL,17,10
1976-11-21,1976,0,,DEN,NYG,14,13
1976-11-21,1976,0,,GB,MIN,10,17
1976-11-22,1976,0,,MIA,IND,16,17
1976-11-25,1976,0,,DET,BUF,27,14
1976-11-25,1976,0,,DAL,ARI,19,14
1976-11-28,1976,0,,TEN,ATL,20,14
1976-11-28,1976,0,,WSH,PHI,24,0
1976-11-28,1976,0,,OAK,TB,49,16
1976-11-28,1976,0,,CLE,MIA,17,13
1976-11-28,1976,0,,GB,CHI,10,16
1976-11-28,1976,0,,LAC,KC,20,23
1976-11-28,1976,0,,NYG,SEA,28,16
1976-11-28,1976,0,,NE,DEN,38,14
1976-11-28,1976,0,,CIN,PIT,3,7
1976-11-28,1976,0,,LAR,NO,33,14
1976-11-28,1976,0,,IND,NYJ,33,16
1976-11-29,1976,0,,SF,MIN,20,16
1976-12-04,1976,0,,ARI,IND,24,17
1976-12-04,1976,0,,LAR,ATL,59,0
1976-12-05,1976,0,,SEA,CHI,7,34
1976-12-05,1976,0,,PIT,TB,42,0
1976-12-05,1976,0,,NE,NO,27,6
1976-12-05,1976,0,,PHI,DAL,7,26
1976-12-05,1976,0,,MIA,BUF,45,27
1976-12-05,1976,0,,NYJ,WSH,16,37
1976-12-05,1976,0,,DEN,KC,17,16
1976-12-05,1976,0,,LAC,SF,13,7
1976-12-05,1976,0,,CLE,TEN,13,10
1976-12-05,1976,0,,NYG,DET,24,10
1976-12-05,1976,0,,MIN,GB,20,9
1976-12-06,1976,0,,OAK,CIN,35,20
1976-12-11,1976,0,,TEN,PIT,0,21
1976-12-11,1976,0,,DET,LAR,17,20
1976-12-11,1976,0,,MIA,MIN,7,29
1976-12-12,1976,0,,KC,CLE,39,14
1976-12-12,1976,0,,NYG,ARI,14,17
1976-12-12,1976,0,,PHI,SEA,27,10
1976-12-12,1976,0,,OAK,LAC,24,0
1976-12-12,1976,0,,IND,BUF,58,20
1976-12-12,1976,0,,DAL,WSH,14,27
1976-12-12,1976,0,,ATL,GB,20,24
1976-12-12,1976,0,,NO,SF,7,27
1976-12-12,1976,0,,CHI,DEN,14,28
1976-12-12,1976,0,,NYJ,CIN,3,42
1976-12-12,1976,0,,TB,NE,14,31
1976-12-18,1976,0,d,OAK,NE,24,21
1976-12-18,1976,0,d,MIN,WSH,35,20
1976-12-19,1976,0,d,DAL,LAR,12,14
1976-12-19,1976,0,d,IND,PIT,14,40
1976-12-26,1976,0,c,MIN,LAR,24,13
1976-12-26,1976,0,c,OAK,PIT,24,7
1977-01-09,1976,1,s,OAK,MIN,32,14
1977-09-18,1977,0,,ATL,LAR,17,6
1977-09-18,1977,0,,BUF,MIA,0,13
1977-09-18,1977,0,,NYG,WSH,20,17
1977-09-18,1977,0,,NO,GB,20,24
1977-09-18,1977,0,,OAK,LAC,24,0
1977-09-18,1977,0,,SEA,IND,14,29
1977-09-18,1977,0,,CIN,CLE,3,13
1977-09-18,1977,0,,CHI,DET,30,20
1977-09-18,1977,0,,TEN,NYJ,20,0
1977-09-18,1977,0,,NE,KC,21,17
1977-09-18,1977,0,,MIN,DAL,10,16
1977-09-18,1977,0,,DEN,ARI,7,0
1977-09-18,1977,0,,PHI,TB,13,3
1977-09-19,1977,0,,PIT,SF,27,0
1977-09-24,1977,0,,TB,MIN,3,9
1977-09-25,1977,0,,PIT,OAK,7,16
1977-09-25,1977,0,,LAR,PHI,20,0
1977-09-25,1977,0,,CIN,SEA,42,20
1977-09-25,1977,0,,GB,TEN,10,16
1977-09-25,1977,0,,KC,LAC,7,23
1977-09-25,1977,0,,WSH,ATL,10,6
1977-09-25,1977,0,,DET,NO,23,19
1977-09-25,1977,0,,DEN,BUF,26,6
1977-09-25,1977,0,,NYJ,IND,12,20
1977-09-25,1977,0,,SF,MIA,15,19
1977-09-25,1977,0,,DAL,NYG,41,21
1977-09-25,1977,0,,ARI,CHI,16,13
1977-09-26,1977,0,,CLE,NE,30,27
1977-10-02,1977,0,,DET,PHI,17,13
1977-10-02,1977,0,,MIN,GB,19,7
1977-10-02,1977,0,,LAC,CIN,24,3
1977-10-02,1977,0,,DAL,TB,23,7
1977-10-02,1977,0,,ATL,NYG,17,3
1977-10-02,1977,0,,IND,BUF,17,14
1977-10-02,1977,0,,CHI,NO,24,42
1977-10-02,1977,0,,MIA,TEN,27,7
1977-10-02,1977,0,,LAR,SF,34,14
1977-10-02,1977,0,,NYJ,NE,30,27
1977-10-02,1977,0,,SEA,DEN,13,24
1977-10-02,1977,0,,WSH,ARI,24,14
1977-10-02,1977,0,,CLE,PIT,14,28
1977-10-03,1977,0,,KC,OAK,28,37
1977-10-09,1977,0,,MIN,DET,14,7
1977-10-09,1977,0,,NYG,PHI,10,28
1977-10-09,1977,0,,TEN,PIT,27,10
1977-10-09,1977,0,,TB,WSH,0,10
1977-10-09,1977,0,,DEN,KC,23,7
1977-10-09,1977,0,,NO,LAC,0,14
1977-10-09,1977,0,,NE,SEA,31,0
1977-10-09,1977,0,,BUF,NYJ,19,24
1977-10-09,1977,0,,GB,CIN,7,17
1977-10-09,1977,0,,IND,MIA,45,28
1977-10-09,1977,0,,SF,ATL,0,7
1977-10-09,1977,0,,CLE,OAK,10,26
1977-10-09,1977,0,,ARI,DAL,24,30
1977-10-10,1977,0,,CHI,LAR,24,23
1977-10-16,1977,0,,PHI,ARI,17,21
1977-10-16,1977,0,,LAC,NE,20,24
1977-10-16,1977,0,,KC,IND,6,17
1977-10-16,1977,0,,DET,GB,10,6
1977-10-16,1977,0,,OAK,DEN,7,30
1977-10-16,1977,0,,DAL,WSH,34,16
1977-10-16,1977,0,,LAR,NO,14,7
1977-10-16,1977,0,,NYG,SF,20,17
1977-10-16,1977,0,,TEN,CLE,23,24
1977-10-16,1977,0,,SEA,TB,30,23
1977-10-16,1977,0,,MIN,CHI,22,16
1977-10-16,1977,0,,BUF,ATL,3,0
1977-10-16,1977,0,,MIA,NYJ,21,17
1977-10-17,1977,0,,PIT,CIN,20,14
1977-10-23,1977,0,,PIT,TEN,27,10
1977-10-23,1977,0,,ARI,NO,49,31
1977-10-23,1977,0,,CHI,ATL,10,16
1977-10-23,1977,0,,BUF,CLE,16,27
1977-10-23,1977,0,,PHI,DAL,10,16
1977-10-23,1977,0,,SF,DET,28,7
1977-10-23,1977,0,,WSH,NYG,6,17
1977-10-23,1977,0,,TB,GB,0,13
1977-10-23,1977,0,,LAC,KC,16,21
1977-10-23,1977,0,,MIA,SEA,31,13
1977-10-23,1977,0,,NYJ,OAK,27,28
1977-10-23,1977,0,,NE,IND,17,3
1977-10-23,1977,0,,CIN,DEN,13,24
1977-10-24,1977,0,,LAR,MIN,35,3
1977-10-30,1977,0,,ATL,MIN,7,14
1977-10-30,1977,0,,NO,LAR,27,26
1977-10-30,1977,0,,WSH,PHI,23,17
1977-10-30,1977,0,,SF,TB,20,10
1977-10-30,1977,0,,NE,NYJ,24,13
1977-10-30,1977,0,,CIN,TEN,13,10
1977-10-30,1977,0,,DAL,DET,37,0
1977-10-30,1977,0,,GB,CHI,0,26
1977-10-30,1977,0,,SEA,BUF,56,17
1977-10-30,1977,0,,MIA,LAC,13,14
1977-10-30,1977,0,,CLE,KC,44,7
1977-10-30,1977,0,,IND,PIT,31,21
1977-10-30,1977,0,,DEN,OAK,14,24
1977-10-31,1977,0,,ARI,NYG,28,0
1977-11-06,1977,0,,DEN,PIT,21,7
1977-11-06,1977,0,,LAR,TB,31,0
1977-11-06,1977,0,,DET,LAC,20,0
1977-11-06,1977,0,,OAK,SEA,44,7
1977-11-06,1977,0,,TEN,CHI,47,0
1977-11-06,1977,0,,MIN,ARI,7,27
1977-11-06,1977,0,,KC,GB,20,10
1977-11-06,1977,0,,NYJ,MIA,10,14
1977-11-06,1977,0,,ATL,SF,3,10
1977-11-06,1977,0,,PHI,NO,28,7
1977-11-06,1977,0,,CLE,CIN,7,10
1977-11-06,1977,0,,NE,BUF,14,24
1977-11-06,1977,0,,NYG,DAL,10,24
1977-11-07,1977,0,,IND,WSH,10,3
1977-11-13,1977,0,,ATL,DET,17,6
1977-11-13,1977,0,,TB,NYG,0,10
1977-11-13,1977,0,,GB,LAR,6,24
1977-11-13,1977,0,,CHI,KC,28,27
1977-11-13,1977,0,,NYJ,SEA,0,17
1977-11-13,1977,0,,NO,SF,7,10
1977-11-13,1977,0,,PIT,CLE,35,31
1977-11-13,1977,0,,LAC,DEN,14,17
1977-11-13,1977,0,,PHI,WSH,14,17
1977-11-13,1977,0,,MIN,CIN,42,10
1977-11-13,1977,0,,MIA,NE,17,5
1977-11-13,1977,0,,BUF,IND,13,31
1977-11-13,1977,0,,OAK,TEN,34,29
1977-11-14,1977,0,,DAL,ARI,17,24
1977-11-20,1977,0,,KC,DEN,7,14
1977-11-20,1977,0,,IND,NYJ,33,12
1977-11-20,1977,0,,DET,TB,16,7
1977-11-20,1977,0,,NO,ATL,21,20
1977-11-20,1977,0,,NYG,CLE,7,21
1977-11-20,1977,0,,SEA,TEN,10,22
1977-11-20,1977,0,,SF,LAR,10,23
1977-11-20,1977,0,,ARI,PHI,21,16
1977-11-20,1977,0,,LAC,OAK,12,7
1977-11-20,1977,0,,CHI,MIN,10,7
1977-11-20,1977,0,,PIT,DAL,28,13
1977-11-20,1977,0,,BUF,NE,7,20
1977-11-20,1977,0,,CIN,MIA,23,17
1977-11-21,1977,0,,WSH,GB,10,9
1977-11-24,1977,0,,DET,CHI,14,31
1977-11-24,1977,0,,ARI,MIA,14,55
1977-11-27,1977,0,,SF,NO,20,17
1977-11-27,1977,0,,GB,MIN,6,13
1977-11-27,1977,0,,NYJ,PIT,20,23
1977-11-27,1977,0,,TEN,KC,34,20
1977-11-27,1977,0,,TB,ATL,0,17
1977-11-27,1977,0,,CIN,NYG,30,13
1977-11-27,1977,0,,NE,PHI,14,6
1977-11-27,1977,0,,WSH,DAL,7,14
1977-11-27,1977,0,,DEN,IND,27,13
1977-11-27,1977,0,,CLE,LAR,0,9
1977-11-27,1977,0,,SEA,LAC,28,30
1977-11-28,1977,0,,OAK,BUF,34,13
1977-12-04,1977,0,,MIN,SF,28,27
1977-12-04,1977,0,,KC,CIN,7,27
1977-12-04,1977,0,,LAC,CLE,37,14
1977-12-04,1977,0,,BUF,WSH,0,10
1977-12-04,1977,0,,NO,NYJ,13,16
1977-12-04,1977,0,,TB,CHI,0,10
1977-12-04,1977,0,,NYG,ARI,27,7
1977-12-04,1977,0,,ATL,NE,10,16
1977-12-04,1977,0,,TEN,DEN,14,24
1977-12-04,1977,0,,DAL,PHI,24,14
1977-12-04,1977,0,,GB,DET,10,9
1977-12-04,1977,0,,PIT,SEA,30,20
1977-12-04,1977,0,,LAR,OAK,20,14
1977-12-05,1977,0,,MIA,IND,17,6
1977-12-10,1977,0,,CIN,PIT,17,10
1977-12-10,1977,0,,ARI,WSH,20,26
1977-12-11,1977,0,,OAK,MIN,35,13
1977-12-11,1977,0,,NO,TB,14,33
1977-12-11,1977,0,,DEN,LAC,17,9
1977-12-11,1977,0,,CHI,GB,21,10
1977-12-11,1977,0,,LAR,ATL,23,7
1977-12-11,1977,0,,IND,DET,10,13
1977-12-11,1977,0,,CLE,TEN,15,19
1977-12-11,1977,0,,NYJ,BUF,10,14
1977-12-11,1977,0,,NE,MIA,14,10
1977-12-11,1977,0,,KC,SEA,31,34
1977-12-11,1977,0,,PHI,NYG,17,14
1977-12-12,1977,0,,SF,DAL,35,42
1977-12-17,1977,0,,MIA,BUF,31,14
1977-12-17,1977,0,,WSH,LAR,17,14
1977-12-17,1977,0,,DET,MIN,21,30
1977-12-18,1977,0,,IND,NE,30,24
1977-12-18,1977,0,,LAC,PIT,9,10
1977-12-18,1977,0,,OAK,KC,21,20
1977-12-18,1977,0,,PHI,NYJ,27,0
1977-12-18,1977,0,,NYG,CHI,9,12
1977-12-18,1977,0,,DAL,DEN,14,6
1977-12-18,1977,0,,SEA,CLE,20,19
1977-12-18,1977,0,,TB,ARI,17,7
1977-12-18,1977,0,,TEN,CIN,21,16
1977-12-18,1977,0,,GB,SF,16,14
1977-12-18,1977,0,,ATL,NO,35,7
1977-12-24,1977,0,d,IND,OAK,31,37
1977-12-24,1977,0,d,DEN,PIT,34,21
1977-12-26,1977,0,d,LAR,MIN,7,14
1977-12-26,1977,0,d,DAL,CHI,37,7
1978-01-01,1977,0,c,DAL,MIN,23,6
1978-01-01,1977,0,c,DEN,OAK,20,17
1978-01-15,1977,1,s,DEN,DAL,10,27
1978-09-02,1978,0,,TB,NYG,13,19
1978-09-03,1978,0,,DET,GB,7,13
1978-09-03,1978,0,,BUF,PIT,17,28
1978-09-03,1978,0,,ATL,TEN,20,14
1978-09-03,1978,0,,NYJ,MIA,33,20
1978-09-03,1978,0,,DEN,OAK,14,6
1978-09-03,1978,0,,CIN,KC,23,24
1978-09-03,1978,0,,PHI,LAR,14,16
1978-09-03,1978,0,,CHI,ARI,17,10
1978-09-03,1978,0,,CLE,SF,24,7
1978-09-03,1978,0,,NE,WSH,14,16
1978-09-03,1978,0,,NO,MIN,31,24
1978-09-03,1978,0,,SEA,LAC,20,24
1978-09-04,1978,0,,DAL,IND,38,0
1978-09-09,1978,0,,TB,DET,7,15
1978-09-10,1978,0,,IND,MIA,0,42
1978-09-10,1978,0,,WSH,PHI,35,30
1978-09-10,1978,0,,KC,TEN,17,20
1978-09-10,1978,0,,SF,CHI,13,16
1978-09-10,1978,0,,BUF,NYJ,20,21
1978-09-10,1978,0,,LAR,ATL,10,0
1978-09-10,1978,0,,ARI,NE,6,16
1978-09-10,1978,0,,LAC,OAK,20,21
1978-09-10,1978,0,,GB,NO,28,17
1978-09-10,1978,0,,NYG,DAL,24,34
1978-09-10,1978,0,,PIT,SEA,21,10
1978-09-10,1978,0,,CLE,CIN,13,10
1978-09-11,1978,0,,MIN,DEN,12,9
1978-09-17,1978,0,,MIN,TB,10,16
1978-09-17,1978,0,,ARI,WSH,10,28
1978-09-17,1978,0,,LAR,DAL,27,14
1978-09-17,1978,0,,ATL,CLE,16,24
1978-09-17,1978,0,,GB,OAK,3,28
1978-09-17,1978,0,,DET,CHI,0,19
1978-09-17,1978,0,,NO,PHI,17,24
1978-09-17,1978,0,,NYJ,SEA,17,24
1978-09-17,1978,0,,DEN,LAC,27,14
1978-09-17,1978,0,,CIN,PIT,3,28
1978-09-17,1978,0,,TEN,SF,20,19
1978-09-17,1978,0,,MIA,BUF,31,24
1978-09-17,1978,0,,NYG,KC,26,10
1978-09-18,1978,0,,NE,IND,27,34
1978-09-24,1978,0,,PIT,CLE,15,9
1978-09-24,1978,0,,BUF,IND,24,17
1978-09-24,1978,0,,TEN,LAR,6,10
1978-09-24,1978,0,,CIN,NO,18,20
1978-09-24,1978,0,,LAC,GB,3,24
1978-09-24,1978,0,,WSH,NYJ,23,3
1978-09-24,1978,0,,TB,ATL,14,9
1978-09-24,1978,0,,OAK,NE,14,21
1978-09-24,1978,0,,DAL,ARI,21,12
1978-09-24,1978,0,,NYG,SF,27,10
1978-09-24,1978,0,,SEA,DET,28,16
1978-09-24,1978,0,,KC,DEN,17,23
1978-09-24,1978,0,,PHI,MIA,17,3
1978-09-25,1978,0,,CHI,MIN,20,24
1978-10-01,1978,0,,TB,MIN,7,24
1978-10-01,1978,0,,IND,PHI,14,17
1978-10-01,1978,0,,CHI,OAK,19,25
1978-10-01,1978,0,,MIA,ARI,24,10
1978-10-01,1978,0,,BUF,KC,28,13
1978-10-01,1978,0,,GB,DET,35,14
1978-10-01,1978,0,,ATL,NYG,23,20
1978-10-01,1978,0,,NO,LAR,20,26
1978-10-01,1978,0,,NYJ,PIT,17,28
1978-10-01,1978,0,,CLE,TEN,13,16
1978-10-01,1978,0,,DEN,SEA,28,7
1978-10-01,1978,0,,NE,LAC,28,23
1978-10-01,1978,0,,SF,CIN,28,12
1978-10-02,1978,0,,WSH,DAL,9,5
1978-10-08,1978,0,,GB,CHI,24,14
1978-10-08,1978,0,,NE,PHI,24,14
1978-10-08,1978,0,,DET,WSH,19,21
1978-10-08,1978,0,,NYJ,BUF,45,14
1978-10-08,1978,0,,ARI,IND,17,30
1978-10-08,1978,0,,NO,CLE,16,24
1978-10-08,1978,0,,DAL,NYG,24,3
1978-10-08,1978,0,,OAK,TEN,21,17
1978-10-08,1978,0,,KC,TB,13,30
1978-10-08,1978,0,,LAC,DEN,23,0
1978-10-08,1978,0,,PIT,ATL,31,7
1978-10-08,1978,0,,SEA,MIN,29,28
1978-10-08,1978,0,,LAR,SF,27,10
1978-10-09,1978,0,,MIA,CIN,21,0
1978-10-15,1978,0,,CIN,NE,3,10
1978-10-15,1978,0,,NYG,TB,17,14
1978-10-15,1978,0,,IND,NYJ,10,33
1978-10-15,1978,0,,CLE,PIT,14,34
1978-10-15,1978,0,,ATL,DET,14,0
1978-10-15,1978,0,,ARI,DAL,21,24
1978-10-15,1978,0,,SF,NO,7,14
1978-10-15,1978,0,,OAK,KC,28,6
1978-10-15,1978,0,,TEN,BUF,17,10
1978-10-15,1978,0,,LAC,MIA,21,28
1978-10-15,1978,0,,MIN,LAR,17,34
1978-10-15,1978,0,,PHI,WSH,17,10
1978-10-15,1978,0,,GB,SEA,45,28
1978-10-16,1978,0,,DEN,CHI,16,7
1978-10-22,1978,0,,NYJ,ARI,23,10
1978-10-22,1978,0,,DAL,PHI,14,7
1978-10-22,1978,0,,BUF,CIN,5,0
1978-10-22,1978,0,,KC,CLE,17,3
1978-10-22,1978,0,,NYG,WSH,17,6
1978-10-22,1978,0,,IND,DEN,7,6
1978-10-22,1978,0,,TB,CHI,33,19
1978-10-22,1978,0,,LAR,NO,3,10
1978-10-22,1978,0,,SF,ATL,17,20
1978-10-22,1978,0,,MIN,GB,21,7
1978-10-22,1978,0,,SEA,OAK,27,7
1978-10-22,1978,0,,DET,LAC,31,14
1978-10-22,1978,0,,NE,MIA,33,24
1978-10-23,1978,0,,PIT,TEN,17,24
1978-10-26,1978,0,,DAL,MIN,10,21
1978-10-29,1978,0,,GB,TB,9,7
1978-10-29,1978,0,,NO,NYG,28,17
1978-10-29,1978,0,,MIA,IND,26,8
1978-10-29,1978,0,,CHI,DET,17,21
1978-10-29,1978,0,,OAK,LAC,23,27
1978-10-29,1978,0,,PIT,KC,27,24
1978-10-29,1978,0,,SEA,DEN,17,20
1978-10-29,1978,0,,CLE,BUF,41,20
1978-10-29,1978,0,,CIN,TEN,28,13
1978-10-29,1978,0,,NE,NYJ,55,21
1978-10-29,1978,0,,PHI,ARI,10,16
1978-10-29,1978,0,,WSH,SF,38,20
1978-10-30,1978,0,,ATL,LAR,15,7
1978-11-05,1978,0,,TEN,CLE,14,10
1978-11-05,1978,0,,ARI,NYG,20,10
1978-11-05,1978,0,,LAR,TB,26,23
1978-11-05,1978,0,,BUF,NE,10,14
1978-11-05,1978,0,,MIN,DET,17,7
1978-11-05,1978,0,,LAC,CIN,22,13
1978-11-05,1978,0,,KC,OAK,10,20
1978-11-05,1978,0,,MIA,DAL,23,16
1978-11-05,1978,0,,ATL,SF,21,10
1978-11-05,1978,0,,CHI,SEA,29,31
1978-11-05,1978,0,,PIT,NO,20,14
1978-11-05,1978,0,,PHI,GB,10,3
1978-11-05,1978,0,,DEN,NYJ,28,31
1978-11-06,1978,0,,IND,WSH,21,17
1978-11-12,1978,0,,SEA,IND,14,17
1978-11-12,1978,0,,PHI,NYJ,17,9
1978-11-12,1978,0,,MIN,CHI,17,14
1978-11-12,1978,0,,LAC,KC,29,23
1978-11-12,1978,0,,GB,DAL,14,42
1978-11-12,1978,0,,SF,ARI,10,16
1978-11-12,1978,0,,CLE,DEN,7,19
1978-11-12,1978,0,,NO,ATL,17,20
1978-11-12,1978,0,,LAR,PIT,10,7
1978-11-12,1978,0,,BUF,MIA,24,25
1978-11-12,1978,0,,WSH,NYG,16,13
1978-11-12,1978,0,,NE,TEN,23,26
1978-11-12,1978,0,,DET,TB,34,23
1978-11-13,1978,0,,CIN,OAK,21,34
1978-11-19,1978,0,,KC,SEA,10,13
1978-11-19,1978,0,,DAL,NO,27,7
1978-11-19,1978,0,,CHI,ATL,13,7
1978-11-19,1978,0,,SF,LAR,28,31
1978-11-19,1978,0,,WSH,ARI,17,27
1978-11-19,1978,0,,NYG,PHI,17,19
1978-11-19,1978,0,,MIN,LAC,7,13
1978-11-19,1978,0,,OAK,DET,29,17
1978-11-19,1978,0,,NYJ,NE,17,19
1978-11-19,1978,0,,DEN,GB,16,3
1978-11-19,1978,0,,PIT,CIN,7,6
1978-11-19,1978,0,,TB,BUF,31,10
1978-11-19,1978,0,,IND,CLE,24,45
1978-11-20,1978,0,,TEN,MIA,35,30
1978-11-23,1978,0,,DAL,WSH,37,10
1978-11-23,1978,0,,DET,DEN,17,14
1978-11-26,1978,0,,ATL,NO,20,17
1978-11-26,1978,0,,IND,NE,14,35
1978-11-26,1978,0,,BUF,NYG,41,17
1978-11-26,1978,0,,MIA,NYJ,13,24
1978-11-26,1978,0,,GB,MIN,10,10
1978-11-26,1978,0,,KC,LAC,23,0
1978-11-26,1978,0,,CLE,LAR,30,19
1978-11-26,1978,0,,OAK,SEA,16,17
1978-11-26,1978,0,,CHI,TB,14,3
1978-11-26,1978,0,,ARI,PHI,10,14
1978-11-26,1978,0,,TEN,CIN,17,10
1978-11-27,1978,0,,SF,PIT,7,24
1978-12-03,1978,0,,TB,GB,7,17
1978-12-03,1978,0,,NYG,LAR,17,20
1978-12-03,1978,0,,KC,BUF,14,10
1978-12-03,1978,0,,NYJ,IND,24,16
1978-12-03,1978,0,,SEA,CLE,47,24
1978-12-03,1978,0,,WSH,MIA,0,16
1978-12-03,1978,0,,OAK,DEN,6,21
1978-12-03,1978,0,,CIN,ATL,37,7
1978-12-03,1978,0,,TEN,PIT,3,13
1978-12-03,1978,0,,NO,SF,24,13
1978-12-03,1978,0,,DAL,NE,17,10
1978-12-03,1978,0,,MIN,PHI,28,27
1978-12-03,1978,0,,ARI,DET,21,14
1978-12-04,1978,0,,LAC,CHI,40,7
1978-12-09,1978,0,,DET,MIN,45,14
1978-12-09,1978,0,,PIT,IND,35,13
1978-12-10,1978,0,,NO,TEN,12,17
1978-12-10,1978,0,,NE,BUF,26,24
1978-12-10,1978,0,,SF,TB,6,3
1978-12-10,1978,0,,PHI,DAL,13,31
1978-12-10,1978,0,,ATL,WSH,20,17
1978-12-10,1978,0,,CHI,GB,14,0
1978-12-10,1978,0,,CLE,NYJ,37,34
1978-12-10,1978,0,,MIA,OAK,23,6
1978-12-10,1978,0,,NYG,ARI,17,0
1978-12-10,1978,0,,DEN,KC,24,3
1978-12-10,1978,0,,LAC,SEA,37,10
1978-12-11,1978,0,,LAR,CIN,19,20
1978-12-16,1978,0,,WSH,CHI,10,14
1978-12-16,1978,0,,DEN,PIT,17,21
1978-12-17,1978,0,,ARI,ATL,42,21
1978-12-17,1978,0,,DET,SF,33,14
1978-12-17,1978,0,,CIN,CLE,48,16
1978-12-17,1978,0,,IND,BUF,14,21
1978-12-17,1978,0,,PHI,NYG,20,3
1978-12-17,1978,0,,NYJ,DAL,7,30
1978-12-17,1978,0,,OAK,MIN,27,20
1978-12-17,1978,0,,TEN,LAC,24,45
1978-12-17,1978,0,,LAR,GB,31,14
1978-12-17,1978,0,,SEA,KC,23,19
1978-12-17,1978,0,,TB,NO,10,17
1978-12-18,1978,0,,MIA,NE,23,3
1978-12-24,1978,0,w,ATL,PHI,14,13
1978-12-24,1978,0,w,MIA,TEN,9,17
1978-12-30,1978,0,d,DAL,ATL,27,20
1978-12-30,1978,0,d,PIT,DEN,33,10
1978-12-31,1978,0,d,LAR,MIN,34,10
1978-12-31,1978,0,d,NE,TEN,14,31
1979-01-07,1978,0,c,PIT,TEN,34,5
1979-01-07,1978,0,c,LAR,DAL,0,28
1979-01-21,1978,1,s,PIT,DAL,35,31
1979-09-01,1979,0,,TB,DET,31,16
1979-09-02,1979,0,,WSH,TEN,27,29
1979-09-02,1979,0,,LAR,OAK,17,24
1979-09-02,1979,0,,CHI,GB,6,3
1979-09-02,1979,0,,DEN,CIN,10,0
1979-09-02,1979,0,,KC,IND,14,0
1979-09-02,1979,0,,NYJ,CLE,22,25
1979-09-02,1979,0,,MIN,SF,28,22
1979-09-02,1979,0,,BUF,MIA,7,9
1979-09-02,1979,0,,ARI,DAL,21,22
1979-09-02,1979,0,,NO,ATL,34,40
1979-09-02,1979,0,,SEA,LAC,16,33
1979-09-02,1979,0,,PHI,NYG,23,17
1979-09-03,1979,0,,NE,PIT,13,16
1979-09-06,1979,0,,DEN,LAR,9,13
1979-09-09,1979,0,,KC,CLE,24,27
1979-09-09,1979,0,,NE,NYJ,56,3
1979-09-09,1979,0,,MIA,SEA,19,10
1979-09-09,1979,0,,GB,NO,28,19
1979-09-09,1979,0,,BUF,CIN,51,24
1979-09-09,1979,0,,IND,TB,26,29
1979-09-09,1979,0,,LAC,OAK,30,10
1979-09-09,1979,0,,DET,WSH,24,27
1979-09-09,1979,0,,NYG,ARI,14,27
1979-09-09,1979,0,,SF,DAL,13,21
1979-09-09,1979,0,,CHI,MIN,26,7
1979-09-09,1979,0,,PIT,TEN,38,7
1979-09-10,1979,0,,PHI,ATL,10,14
1979-09-16,1979,0,,TEN,KC,20,6
1979-09-16,1979,0,,NO,PHI,14,26
1979-09-16,1979,0,,GB,TB,10,21
1979-09-16,1979,0,,ATL,DEN,17,20
1979-09-16,1979,0,,LAR,SF,27,24
1979-09-16,1979,0,,SEA,OAK,27,10
1979-09-16,1979,0,,DAL,CHI,24,20
1979-09-16,1979,0,,ARI,PIT,21,24
1979-09-16,1979,0,,NYJ,DET,31,10
1979-09-16,1979,0,,CLE,IND,13,10
1979-09-16,1979,0,,LAC,BUF,27,19
1979-09-16,1979,0,,CIN,NE,14,20
1979-09-16,1979,0,,MIN,MIA,12,27
1979-09-17,1979,0,,WSH,NYG,27,0
1979-09-23,1979,0,,MIA,CHI,31,16
1979-09-23,1979,0,,NYG,PHI,13,17
1979-09-23,1979,0,,ARI,WSH,7,17
1979-09-23,1979,0,,NE,LAC,27,21
1979-09-23,1979,0,,MIN,GB,27,21
1979-09-23,1979,0,,CIN,TEN,27,30
1979-09-23,1979,0,,DEN,SEA,37,34
1979-09-23,1979,0,,KC,OAK,35,7
1979-09-23,1979,0,,SF,NO,21,30
1979-09-23,1979,0,,BUF,NYJ,46,31
1979-09-23,1979,0,,DET,ATL,24,23
1979-09-23,1979,0,,TB,LAR,21,6
1979-09-23,1979,0,,PIT,IND,17,13
1979-09-24,1979,0,,CLE,DAL,26,7
1979-09-30,1979,0,,SEA,KC,6,24
1979-09-30,1979,0,,NYJ,MIA,33,27
1979-09-30,1979,0,,DET,MIN,10,13
1979-09-30,1979,0,,IND,BUF,13,31
1979-09-30,1979,0,,ATL,WSH,7,16
1979-09-30,1979,0,,DAL,CIN,38,13
1979-09-30,1979,0,,LAC,SF,31,9
1979-09-30,1979,0,,NO,NYG,24,14
1979-09-30,1979,0,,OAK,DEN,27,3
1979-09-30,1979,0,,TEN,CLE,31,10
1979-09-30,1979,0,,LAR,ARI,21,0
1979-09-30,1979,0,,PHI,PIT,17,14
1979-09-30,1979,0,,CHI,TB,13,17
1979-10-01,1979,0,,GB,NE,27,14
1979-10-07,1979,0,,NYG,TB,17,14
1979-10-07,1979,0,,TEN,ARI,17,24
1979-10-07,1979,0,,NO,LAR,17,35
1979-10-07,1979,0,,SF,SEA,24,35
1979-10-07,1979,0,,IND,NYJ,10,8
1979-10-07,1979,0,,CIN,KC,7,10
1979-10-07,1979,0,,BUF,CHI,0,7
1979-10-07,1979,0,,MIN,DAL,20,36
1979-10-07,1979,0,,CLE,PIT,35,51
1979-10-07,1979,0,,DEN,LAC,7,0
1979-10-07,1979,0,,NE,DET,24,17
1979-10-07,1979,0,,ATL,GB,25,7
1979-10-07,1979,0,,PHI,WSH,28,17
1979-10-08,1979,0,,OAK,MIA,13,3
1979-10-14,1979,0,,CIN,PIT,34,10
1979-10-14,1979,0,,IND,TEN,16,28
1979-10-14,1979,0,,GB,DET,24,16
1979-10-14,1979,0,,OAK,ATL,50,19
1979-10-14,1979,0,,CHI,NE,7,27
1979-10-14,1979,0,,TB,NO,14,42
1979-10-14,1979,0,,CLE,WSH,9,13
1979-10-14,1979,0,,MIA,BUF,17,7
1979-10-14,1979,0,,LAC,SEA,20,10
1979-10-14,1979,0,,KC,DEN,10,24
1979-10-14,1979,0,,DAL,LAR,30,6
1979-10-14,1979,0,,ARI,PHI,20,24
1979-10-14,1979,0,,NYG,SF,32,16
1979-10-15,1979,0,,NYJ,MIN,14,7
1979-10-21,1979,0,,WSH,PHI,17,7
1979-10-21,1979,0,,CLE,CIN,28,27
1979-10-21,1979,0,,DAL,ARI,22,13
1979-10-21,1979,0,,MIN,CHI,30,27
1979-10-21,1979,0,,NO,DET,17,7
1979-10-21,1979,0,,NE,MIA,28,13
1979-10-21,1979,0,,SEA,TEN,34,14
1979-10-21,1979,0,,KC,NYG,17,21
1979-10-21,1979,0,,LAR,LAC,16,40
1979-10-21,1979,0,,SF,ATL,20,15
1979-10-21,1979,0,,TB,GB,21,3
1979-10-21,1979,0,,NYJ,OAK,28,19
1979-10-21,1979,0,,BUF,IND,13,14
1979-10-22,1979,0,,PIT,DEN,42,7
1979-10-25,1979,0,,OAK,LAC,45,22
1979-10-28,1979,0,,PIT,DAL,14,3
1979-10-28,1979,0,,LAR,NYG,14,20
1979-10-28,1979,0,,ARI,CLE,20,38
1979-10-28,1979,0,,MIN,TB,10,12
1979-10-28,1979,0,,SF,CHI,27,28
1979-10-28,1979,0,,CIN,PHI,37,13
1979-10-28,1979,0,,WSH,NO,10,14
1979-10-28,1979,0,,DEN,KC,20,3
1979-10-28,1979,0,,TEN,NYJ,27,24
1979-10-28,1979,0,,MIA,GB,27,7
1979-10-28,1979,0,,IND,NE,31,26
1979-10-28,1979,0,,DET,BUF,17,20
1979-10-29,1979,0,,ATL,SEA,28,31
1979-11-04,1979,0,,PHI,CLE,19,24
1979-11-04,1979,0,,OAK,SF,23,10
1979-11-04,1979,0,,CHI,DET,35,7
1979-11-04,1979,0,,ARI,MIN,37,7
1979-11-04,1979,0,,NYG,DAL,14,16
1979-11-04,1979,0,,KC,LAC,14,20
1979-11-04,1979,0,,PIT,WSH,38,7
1979-11-04,1979,0,,GB,NYJ,22,27
1979-11-04,1979,0,,SEA,LAR,0,24
1979-11-04,1979,0,,ATL,TB,17,14
1979-11-04,1979,0,,IND,CIN,38,28
1979-11-04,1979,0,,DEN,NO,10,3
1979-11-04,1979,0,,BUF,NE,6,26
1979-11-05,1979,0,,MIA,TEN,6,9
1979-11-11,1979,0,,GB,MIN,19,7
1979-11-11,1979,0,,MIA,IND,19,0
1979-11-11,1979,0,,TEN,OAK,31,17
1979-11-11,1979,0,,CIN,LAC,24,26
1979-11-11,1979,0,,NO,SF,31,20
1979-11-11,1979,0,,NYJ,BUF,12,14
1979-11-11,1979,0,,WSH,ARI,30,28
1979-11-11,1979,0,,DET,TB,14,16
1979-11-11,1979,0,,KC,PIT,3,30
1979-11-11,1979,0,,NYG,ATL,24,3
1979-11-11,1979,0,,CHI,LAR,27,23
1979-11-11,1979,0,,CLE,SEA,24,29
1979-11-11,1979,0,,DEN,NE,45,10
1979-11-12,1979,0,,DAL,PHI,21,31
1979-11-18,1979,0,,TEN,CIN,42,21
1979-11-18,1979,0,,SF,DEN,28,38
1979-11-18,1979,0,,PHI,ARI,16,13
1979-11-18,1979,0,,SEA,NO,38,24
1979-11-18,1979,0,,MIN,DET,14,7
1979-11-18,1979,0,,BUF,GB,19,12
1979-11-18,1979,0,,TB,NYG,31,3
1979-11-18,1979,0,,LAC,PIT,35,7
1979-11-18,1979,0,,OAK,KC,21,24
1979-11-18,1979,0,,WSH,DAL,34,20
1979-11-18,1979,0,,CHI,NYJ,23,13
1979-11-18,1979,0,,CLE,MIA,30,24
1979-11-18,1979,0,,NE,IND,50,21
1979-11-19,1979,0,,LAR,ATL,20,14
1979-11-22,1979,0,,DAL,TEN,24,30
1979-11-22,1979,0,,DET,CHI,20,0
1979-11-25,1979,0,,DEN,OAK,10,14
1979-11-25,1979,0,,PIT,CLE,33,30
1979-11-25,1979,0,,NE,BUF,13,16
1979-11-25,1979,0,,ATL,NO,6,37
1979-11-25,1979,0,,IND,MIA,24,28
1979-11-25,1979,0,,GB,PHI,10,21
1979-11-25,1979,0,,CIN,ARI,34,28
1979-11-25,1979,0,,NYG,WSH,14,6
1979-11-25,1979,0,,TB,MIN,22,23
1979-11-25,1979,0,,LAC,KC,28,7
1979-11-25,1979,0,,SF,LAR,20,26
1979-11-26,1979,0,,SEA,NYJ,30,7
1979-11-29,1979,0,,MIA,NE,39,24
1979-12-02,1979,0,,KC,SEA,37,21
1979-12-02,1979,0,,LAR,MIN,27,21
1979-12-02,1979,0,,BUF,DEN,16,19
1979-12-02,1979,0,,WSH,GB,38,21
1979-12-02,1979,0,,DAL,NYG,28,7
1979-12-02,1979,0,,NYJ,IND,30,17
1979-12-02,1979,0,,PHI,DET,44,7
1979-12-02,1979,0,,PIT,CIN,37,17
1979-12-02,1979,0,,TB,CHI,0,14
1979-12-02,1979,0,,LAC,ATL,26,28
1979-12-02,1979,0,,CLE,TEN,14,7
1979-12-02,1979,0,,ARI,SF,13,10
1979-12-03,1979,0,,NO,OAK,35,42
1979-12-08,1979,0,,PHI,DAL,17,24
1979-12-08,1979,0,,SEA,DEN,28,23
1979-12-09,1979,0,,MIN,BUF,10,3
1979-12-09,1979,0,,WSH,CIN,28,14
1979-12-09,1979,0,,ATL,LAR,13,34
1979-12-09,1979,0,,GB,CHI,14,15
1979-12-09,1979,0,,SF,TB,23,7
1979-12-09,1979,0,,OAK,CLE,19,14
1979-12-09,1979,0,,ARI,NYG,29,20
1979-12-09,1979,0,,NYJ,NE,27,26
1979-12-09,1979,0,,NO,LAC,0,35
1979-12-09,1979,0,,IND,KC,7,10
1979-12-09,1979,0,,DET,MIA,10,28
1979-12-10,1979,0,,TEN,PIT,20,17
1979-12-15,1979,0,,DET,GB,13,18
1979-12-15,1979,0,,MIA,NYJ,24,27
1979-12-16,1979,0,,CIN,CLE,16,12
1979-12-16,1979,0,,TB,KC,3,0
1979-12-16,1979,0,,PIT,BUF,28,0
1979-12-16,1979,0,,LAR,NO,14,29
1979-12-16,1979,0,,CHI,ARI,42,6
1979-12-16,1979,0,,OAK,SEA,24,29
1979-12-16,1979,0,,DAL,WSH,35,34
1979-12-16,1979,0,,NYG,IND,7,31
1979-12-16,1979,0,,TEN,PHI,20,26
1979-12-16,1979,0,,ATL,SF,31,21
1979-12-16,1979,0,,NE,MIN,27,23
1979-12-17,1979,0,,LAC,DEN,17,7
1979-12-23,1979,0,w,TEN,DEN,13,7
1979-12-23,1979,0,w,PHI,CHI,27,17
1979-12-29,1979,0,d,LAC,TEN,14,17
1979-12-29,1979,0,d,TB,PHI,24,17
1979-12-30,1979,0,d,DAL,LAR,19,21
1979-12-30,1979,0,d,PIT,MIA,34,14
1980-01-06,1979,0,c,TB,LAR,0,9
1980-01-06,1979,0,c,PIT,TEN,27,13
1980-01-20,1979,1,s,LAR,PIT,19,31
1980-09-07,1980,0,,BUF,MIA,17,7
1980-09-07,1980,0,,CIN,TB,12,17
1980-09-07,1980,0,,NO,SF,23,26
1980-09-07,1980,0,,SEA,LAC,13,34
1980-09-07,1980,0,,NYJ,IND,14,17
1980-09-07,1980,0,,GB,CHI,12,6
1980-09-07,1980,0,,PIT,TEN,31,17
1980-09-07,1980,0,,MIN,ATL,24,23
1980-09-07,1980,0,,KC,OAK,14,27
1980-09-07,1980,0,,LAR,DET,20,41
1980-09-07,1980,0,,PHI,DEN,27,6
1980-09-07,1980,0,,NE,CLE,34,17
1980-09-07,1980,0,,ARI,NYG,35,41
1980-09-08,1980,0,,WSH,DAL,3,17
1980-09-11,1980,0,,TB,LAR,10,9
1980-09-14,1980,0,,SF,ARI,24,21
1980-09-14,1980,0,,GB,DET,7,29
1980-09-14,1980,0,,IND,PIT,17,20
1980-09-14,1980,0,,NE,ATL,21,37
1980-09-14,1980,0,,LAC,OAK,30,24
1980-09-14,1980,0,,MIA,CIN,17,16
1980-09-14,1980,0,,DEN,DAL,41,20
1980-09-14,1980,0,,MIN,PHI,7,42
1980-09-14,1980,0,,BUF,NYJ,20,10
1980-09-14,1980,0,,NYG,WSH,21,23
1980-09-14,1980,0,,CHI,NO,22,3
1980-09-14,1980,0,,KC,SEA,16,17
1980-09-15,1980,0,,CLE,TEN,7,16
1980-09-21,1980,0,,DEN,LAC,13,30
1980-09-21,1980,0,,LAR,GB,51,21
1980-09-21,1980,0,,ATL,MIA,17,20
1980-09-21,1980,0,,DET,ARI,20,7
1980-09-21,1980,0,,NYJ,SF,27,37
1980-09-21,1980,0,,CIN,PIT,30,28
1980-09-21,1980,0,,DAL,TB,28,17
1980-09-21,1980,0,,OAK,WSH,24,21
1980-09-21,1980,0,,NO,BUF,26,35
1980-09-21,1980,0,,CLE,KC,20,13
1980-09-21,1980,0,,TEN,IND,21,16
1980-09-21,1980,0,,CHI,MIN,14,34
1980-09-21,1980,0,,SEA,NE,31,37
1980-09-22,1980,0,,PHI,NYG,35,3
1980-09-28,1980,0,,MIA,NO,21,16
1980-09-28,1980,0,,IND,NYJ,35,21
1980-09-28,1980,0,,GB,DAL,7,28
1980-09-28,1980,0,,SF,ATL,17,20
1980-09-28,1980,0,,CIN,TEN,10,13
1980-09-28,1980,0,,WSH,SEA,0,14
1980-09-28,1980,0,,PIT,CHI,38,3
1980-09-28,1980,0,,DET,MIN,27,7
1980-09-28,1980,0,,ARI,PHI,24,14
1980-09-28,1980,0,,TB,CLE,27,34
1980-09-28,1980,0,,KC,LAC,7,24
1980-09-28,1980,0,,NYG,LAR,7,28
1980-09-28,1980,0,,BUF,OAK,24,7
1980-09-29,1980,0,,NE,DEN,23,14
1980-10-05,1980,0,,NYJ,NE,11,21
1980-10-05,1980,0,,TEN,SEA,7,26
1980-10-05,1980,0,,OAK,KC,17,31
1980-10-05,1980,0,,PHI,WSH,24,14
1980-10-05,1980,0,,GB,CIN,14,9
1980-10-05,1980,0,,LAR,SF,48,26
1980-10-05,1980,0,,ATL,DET,43,28
1980-10-05,1980,0,,DAL,NYG,24,3
1980-10-05,1980,0,,MIN,PIT,17,23
1980-10-05,1980,0,,LAC,BUF,24,26
1980-10-05,1980,0,,NO,ARI,7,40
1980-10-05,1980,0,,MIA,IND,17,30
1980-10-05,1980,0,,CLE,DEN,16,19
1980-10-06,1980,0,,CHI,TB,23,0
1980-10-12,1980,0,,PIT,CIN,16,17
1980-10-12,1980,0,,OAK,LAC,38,24
1980-10-12,1980,0,,SEA,CLE,3,27
1980-10-12,1980,0,,ATL,NYJ,7,14
1980-10-12,1980,0,,NYG,PHI,16,31
1980-10-12,1980,0,,BUF,IND,12,17
1980-10-12,1980,0,,NE,MIA,34,0
1980-10-12,1980,0,,KC,TEN,21,20
1980-10-12,1980,0,,MIN,CHI,13,7
1980-10-12,1980,0,,ARI,LAR,13,21
1980-10-12,1980,0,,DAL,SF,59,14
1980-10-12,1980,0,,TB,GB,14,14
1980-10-12,1980,0,,DET,NO,24,13
1980-10-13,1980,0,,DEN,WSH,20,17
1980-10-19,1980,0,,DEN,KC,17,23
1980-10-19,1980,0,,SF,LAR,17,31
1980-10-19,1980,0,,MIA,BUF,17,14
1980-10-19,1980,0,,CLE,GB,26,21
1980-10-19,1980,0,,PHI,DAL,17,10
1980-10-19,1980,0,,CIN,MIN,14,0
1980-10-19,1980,0,,TEN,TB,20,14
1980-10-19,1980,0,,WSH,ARI,23,0
1980-10-19,1980,0,,NYJ,SEA,17,27
1980-10-19,1980,0,,LAC,NYG,44,7
1980-10-19,1980,0,,IND,NE,21,37
1980-10-19,1980,0,,NO,ATL,14,41
1980-10-19,1980,0,,CHI,DET,24,7
1980-10-20,1980,0,,PIT,OAK,34,45
1980-10-26,1980,0,,SF,TB,23,24
1980-10-26,1980,0,,OAK,SEA,33,14
1980-10-26,1980,0,,PHI,CHI,17,14
1980-10-26,1980,0,,BUF,NE,31,13
1980-10-26,1980,0,,NYG,DEN,9,14
1980-10-26,1980,0,,KC,DET,20,17
1980-10-26,1980,0,,CLE,PIT,27,26
1980-10-26,1980,0,,ATL,LAR,13,10
1980-10-26,1980,0,,WSH,NO,22,14
1980-10-26,1980,0,,TEN,CIN,23,3
1980-10-26,1980,0,,DAL,LAC,42,31
1980-10-26,1980,0,,GB,MIN,16,3
1980-10-26,1980,0,,IND,ARI,10,17
1980-10-27,1980,0,,NYJ,MIA,17,14
1980-11-02,1980,0,,NE,NYJ,34,21
1980-11-02,1980,0,,PIT,GB,22,20
1980-11-02,1980,0,,SEA,PHI,20,27
1980-11-02,1980,0,,DEN,TEN,16,20
1980-11-02,1980,0,,TB,NYG,30,13
1980-11-02,1980,0,,BUF,ATL,14,30
1980-11-02,1980,0,,WSH,MIN,14,39
1980-11-02,1980,0,,OAK,MIA,16,10
1980-11-02,1980,0,,CIN,LAC,14,31
1980-11-02,1980,0,,KC,IND,24,31
1980-11-02,1980,0,,ARI,DAL,24,27
1980-11-02,1980,0,,DET,SF,17,13
1980-11-02,1980,0,,LAR,NO,45,31
1980-11-03,1980,0,,CLE,CHI,27,21
1980-11-09,1980,0,,MIN,DET,34,0
1980-11-09,1980,0,,CHI,WSH,35,21
1980-11-09,1980,0,,SEA,KC,30,31
1980-11-09,1980,0,,NO,PHI,21,34
1980-11-09,1980,0,,GB,SF,23,16
1980-11-09,1980,0,,NYG,DAL,38,35
1980-11-09,1980,0,,IND,CLE,27,28
1980-11-09,1980,0,,OAK,CIN,28,17
1980-11-09,1980,0,,TB,PIT,21,24
1980-11-09,1980,0,,LAC,DEN,13,20
1980-11-09,1980,0,,NYJ,BUF,24,31
1980-11-09,1980,0,,ARI,ATL,27,33
1980-11-09,1980,0,,LAR,MIA,14,35
1980-11-10,1980,0,,TEN,NE,38,34
1980-11-16,1980,0,,PIT,CLE,16,13
1980-11-16,1980,0,,DEN,NYJ,31,24
1980-11-16,1980,0,,DET,IND,9,10
1980-11-16,1980,0,,MIN,TB,38,30
1980-11-16,1980,0,,DAL,ARI,31,21
1980-11-16,1980,0,,ATL,NO,31,13
1980-11-16,1980,0,,WSH,PHI,0,24
1980-11-16,1980,0,,NE,LAR,14,17
1980-11-16,1980,0,,MIA,SF,17,13
1980-11-16,1980,0,,NYG,GB,27,21
1980-11-16,1980,0,,LAC,KC,20,7
1980-11-16,1980,0,,CIN,BUF,0,14
1980-11-16,1980,0,,CHI,TEN,6,10
1980-11-17,1980,0,,SEA,OAK,17,19
1980-11-20,1980,0,,MIA,LAC,24,27
1980-11-23,1980,0,,NE,IND,47,21
1980-11-23,1980,0,,ATL,CHI,28,17
1980-11-23,1980,0,,DEN,SEA,36,20
1980-11-23,1980,0,,BUF,PIT,28,13
1980-11-23,1980,0,,DAL,WSH,14,10
1980-11-23,1980,0,,NYJ,TEN,31,28
1980-11-23,1980,0,,PHI,OAK,10,7
1980-11-23,1980,0,,MIN,GB,13,25
1980-11-23,1980,0,,CLE,CIN,31,7
1980-11-23,1980,0,,ARI,KC,13,21
1980-11-23,1980,0,,SF,NYG,12,0
1980-11-23,1980,0,,TB,DET,10,24
1980-11-24,1980,0,,NO,LAR,7,27
1980-11-27,1980,0,,DET,CHI,17,23
1980-11-27,1980,0,,DAL,SEA,51,7
1980-11-30,1980,0,,KC,CIN,6,20
1980-11-30,1980,0,,SF,NE,21,17
1980-11-30,1980,0,,IND,BUF,28,24
1980-11-30,1980,0,,TEN,CLE,14,17
1980-11-30,1980,0,,LAR,NYJ,38,13
1980-11-30,1980,0,,PIT,MIA,23,10
1980-11-30,1980,0,,GB,TB,17,20
1980-11-30,1980,0,,NO,MIN,20,23
1980-11-30,1980,0,,LAC,PHI,22,21
1980-11-30,1980,0,,ATL,WSH,10,6
1980-11-30,1980,0,,NYG,ARI,7,23
1980-12-01,1980,0,,OAK,DEN,9,3
1980-12-04,1980,0,,TEN,PIT,6,0
1980-12-07,1980,0,,SF,NO,38,35
1980-12-07,1980,0,,TB,MIN,10,21
1980-12-07,1980,0,,CHI,GB,61,7
1980-12-07,1980,0,,PHI,ATL,17,20
1980-12-07,1980,0,,OAK,DAL,13,19
1980-12-07,1980,0,,KC,DEN,31,14
1980-12-07,1980,0,,BUF,LAR,10,7
1980-12-07,1980,0,,CIN,IND,34,33
1980-12-07,1980,0,,WSH,LAC,40,17
1980-12-07,1980,0,,CLE,NYJ,17,14
1980-12-07,1980,0,,ARI,DET,24,23
1980-12-07,1980,0,,SEA,NYG,21,27
1980-12-08,1980,0,,MIA,NE,16,13
1980-12-13,1980,0,,LAC,SEA,21,14
1980-12-13,1980,0,,WSH,NYG,16,13
1980-12-14,1980,0,,CHI,CIN,14,17
1980-12-14,1980,0,,PIT,KC,21,16
1980-12-14,1980,0,,ATL,SF,35,10
1980-12-14,1980,0,,NE,BUF,24,2
1980-12-14,1980,0,,PHI,ARI,17,3
1980-12-14,1980,0,,GB,TEN,3,22
1980-12-14,1980,0,,DEN,OAK,21,24
1980-12-14,1980,0,,NYJ,NO,20,21
1980-12-14,1980,0,,MIN,CLE,28,23
1980-12-14,1980,0,,IND,MIA,14,24
1980-12-14,1980,0,,DET,TB,27,14
1980-12-15,1980,0,,LAR,DAL,38,14
1980-12-20,1980,0,,MIA,NYJ,17,24
1980-12-20,1980,0,,TB,CHI,13,14
1980-12-21,1980,0,,SF,BUF,13,18
1980-12-21,1980,0,,TEN,MIN,20,16
1980-12-21,1980,0,,ARI,WSH,7,31
1980-12-21,1980,0,,DET,GB,24,3
1980-12-21,1980,0,,LAR,ATL,20,17
1980-12-21,1980,0,,NYG,OAK,17,33
1980-12-21,1980,0,,CIN,CLE,24,27
1980-12-21,1980,0,,IND,KC,28,38
1980-12-21,1980,0,,DAL,PHI,35,27
1980-12-21,1980,0,,NO,NE,27,38
1980-12-21,1980,0,,SEA,DEN,17,25
1980-12-22,1980,0,,LAC,PIT,26,17
1980-12-28,1980,0,w,DAL,LAR,34,13
1980-12-28,1980,0,w,OAK,TEN,27,7
1981-01-03,1980,0,d,LAC,BUF,20,14
1981-01-03,1980,0,d,PHI,MIN,31,16
1981-01-04,1980,0,d,CLE,OAK,12,14
1981-01-04,1980,0,d,ATL,DAL,27,30
1981-01-11,1980,0,c,LAC,OAK,27,34
1981-01-11,1980,0,c,PHI,DAL,20,7
1981-01-25,1980,1,s,OAK,PHI,27,10
1981-09-05,1981,0,,TB,MIN,21,13
1981-09-06,1981,0,,CHI,GB,9,16
1981-09-06,1981,0,,CIN,SEA,27,21
1981-09-06,1981,0,,PIT,KC,33,37
1981-09-06,1981,0,,NYG,PHI,10,24
1981-09-06,1981,0,,NE,IND,28,29
1981-09-06,1981,0,,DEN,OAK,9,7
1981-09-06,1981,0,,WSH,DAL,10,26
1981-09-06,1981,0,,LAR,TEN,20,27
1981-09-06,1981,0,,BUF,NYJ,31,0
1981-09-06,1981,0,,ATL,NO,27,0
1981-09-06,1981,0,,DET,SF,24,17
1981-09-06,1981,0,,ARI,MIA,7,20
1981-09-07,1981,0,,CLE,LAC,14,44
1981-09-10,1981,0,,MIA,PIT,30,10
1981-09-13,1981,0,,CLE,TEN,3,9
1981-09-13,1981,0,,PHI,NE,13,3
1981-09-13,1981,0,,SF,CHI,28,17
1981-09-13,1981,0,,KC,TB,19,10
1981-09-13,1981,0,,DAL,ARI,30,17
1981-09-13,1981,0,,IND,BUF,3,35
1981-09-13,1981,0,,NYJ,CIN,30,31
1981-09-13,1981,0,,NO,LAR,23,17
1981-09-13,1981,0,,WSH,NYG,7,17
1981-09-13,1981,0,,GB,ATL,17,31
1981-09-13,1981,0,,LAC,DET,28,23
1981-09-13,1981,0,,SEA,DEN,13,10
1981-09-14,1981,0,,MIN,OAK,10,36
1981-09-17,1981,0,,BUF,PHI,14,20
1981-09-20,1981,0,,OAK,SEA,20,10
1981-09-20,1981,0,,LAR,GB,35,23
1981-09-20,1981,0,,ARI,WSH,40,30
1981-09-20,1981,0,,PIT,NYJ,38,10
1981-09-20,1981,0,,ATL,SF,34,17
1981-09-20,1981,0,,KC,LAC,31,42
1981-09-20,1981,0,,NYG,NO,20,7
1981-09-20,1981,0,,CIN,CLE,17,20
1981-09-20,1981,0,,DEN,IND,28,10
1981-09-20,1981,0,,TEN,MIA,10,16
1981-09-20,1981,0,,MIN,DET,26,24
1981-09-20,1981,0,,CHI,TB,28,17
1981-09-21,1981,0,,NE,DAL,21,35
1981-09-27,1981,0,,SF,NO,21,14
1981-09-27,1981,0,,DEN,LAC,42,24
1981-09-27,1981,0,,CIN,BUF,27,24
1981-09-27,1981,0,,NYJ,TEN,33,17
1981-09-27,1981,0,,PIT,NE,27,21
1981-09-27,1981,0,,IND,MIA,28,31
1981-09-27,1981,0,,DAL,NYG,18,10
1981-09-27,1981,0,,CLE,ATL,28,17
1981-09-27,1981,0,,GB,MIN,13,30
1981-09-27,1981,0,,SEA,KC,14,20
1981-09-27,1981,0,,DET,OAK,16,0
1981-09-27,1981,0,,PHI,WSH,36,13
1981-09-27,1981,0,,TB,ARI,20,10
1981-09-28,1981,0,,CHI,LAR,7,24
1981-10-04,1981,0,,NO,PIT,6,20
1981-10-04,1981,0,,TB,DET,28,10
1981-10-04,1981,0,,NE,KC,33,17
1981-10-04,1981,0,,LAR,CLE,27,16
1981-10-04,1981,0,,NYG,GB,14,27
1981-10-04,1981,0,,MIN,CHI,24,21
1981-10-04,1981,0,,WSH,SF,17,30
1981-10-04,1981,0,,LAC,SEA,24,10
1981-10-04,1981,0,,MIA,NYJ,28,28
1981-10-04,1981,0,,BUF,IND,23,17
1981-10-04,1981,0,,ARI,DAL,20,17
1981-10-04,1981,0,,TEN,CIN,17,10
1981-10-04,1981,0,,OAK,DEN,0,17
1981-10-05,1981,0,,PHI,ATL,16,13
1981-10-11,1981,0,,GB,TB,10,21
1981-10-11,1981,0,,TEN,SEA,35,17
1981-10-11,1981,0,,ATL,LAR,35,37
1981-10-11,1981,0,,LAC,MIN,31,33
1981-10-11,1981,0,,NYJ,NE,28,24
1981-10-11,1981,0,,IND,CIN,19,41
1981-10-11,1981,0,,NO,PHI,14,31
1981-10-11,1981,0,,CHI,WSH,7,24
1981-10-11,1981,0,,KC,OAK,27,0
1981-10-11,1981,0,,PIT,CLE,13,7
1981-10-11,1981,0,,SF,DAL,45,14
1981-10-11,1981,0,,DEN,DET,27,21
1981-10-11,1981,0,,NYG,ARI,34,14
1981-10-12,1981,0,,BUF,MIA,31,21
1981-10-18,1981,0,,ATL,ARI,41,20
1981-10-18,1981,0,,KC,DEN,28,14
1981-10-18,1981,0,,MIN,PHI,35,23
1981-10-18,1981,0,,CLE,NO,20,17
1981-10-18,1981,0,,NYJ,BUF,33,14
1981-10-18,1981,0,,IND,LAC,14,43
1981-10-18,1981,0,,CIN,PIT,34,7
1981-10-18,1981,0,,GB,SF,3,13
1981-10-18,1981,0,,DAL,LAR,29,17
1981-10-18,1981,0,,OAK,TB,18,16
1981-10-18,1981,0,,SEA,NYG,0,32
1981-10-18,1981,0,,NE,TEN,38,10
1981-10-18,1981,0,,MIA,WSH,13,10
1981-10-19,1981,0,,DET,CHI,48,17
1981-10-25,1981,0,,SF,LAR,20,17
1981-10-25,1981,0,,CLE,IND,42,28
1981-10-25,1981,0,,PHI,TB,20,10
1981-10-25,1981,0,,DET,GB,31,27
1981-10-25,1981,0,,CHI,LAC,20,17
1981-10-25,1981,0,,ATL,NYG,24,27
1981-10-25,1981,0,,NYJ,SEA,3,19
1981-10-25,1981,0,,BUF,DEN,9,7
1981-10-25,1981,0,,ARI,MIN,30,17
1981-10-25,1981,0,,DAL,MIA,28,27
1981-10-25,1981,0,,OAK,KC,17,28
1981-10-25,1981,0,,NO,CIN,17,7
1981-10-25,1981,0,,WSH,NE,24,22
1981-10-26,1981,0,,PIT,TEN,26,13
1981-11-01,1981,0,,WSH,ARI,42,21
1981-11-01,1981,0,,CIN,TEN,34,21
1981-11-01,1981,0,,PIT,SF,14,17
1981-11-01,1981,0,,LAR,DET,20,13
1981-11-01,1981,0,,MIA,IND,27,10
1981-11-01,1981,0,,LAC,KC,22,20
1981-11-01,1981,0,,PHI,DAL,14,17
1981-11-01,1981,0,,NO,ATL,10,41
1981-11-01,1981,0,,OAK,NE,27,17
1981-11-01,1981,0,,NYG,NYJ,7,26
1981-11-01,1981,0,,BUF,CLE,22,13
1981-11-01,1981,0,,TB,CHI,20,10
1981-11-01,1981,0,,GB,SEA,34,24
1981-11-02,1981,0,,DEN,MIN,19,17
1981-11-08,1981,0,,IND,NYJ,14,41
1981-11-08,1981,0,,TEN,OAK,17,16
1981-11-08,1981,0,,DEN,CLE,23,20
1981-11-08,1981,0,,MIN,TB,25,10
1981-11-08,1981,0,,SF,ATL,17,14
1981-11-08,1981,0,,KC,CHI,13,16
1981-11-08,1981,0,,NE,MIA,27,30
1981-11-08,1981,0,,GB,NYG,26,24
1981-11-08,1981,0,,ARI,PHI,10,52
1981-11-08,1981,0,,SEA,PIT,24,21
1981-11-08,1981,0,,LAR,NO,13,21
1981-11-08,1981,0,,WSH,DET,33,31
1981-11-08,1981,0,,LAC,CIN,17,40
1981-11-09,1981,0,,DAL,BUF,27,14
1981-11-15,1981,0,,MIA,OAK,17,33
1981-11-15,1981,0,,TB,DEN,7,24
1981-11-15,1981,0,,GB,CHI,21,17
1981-11-15,1981,0,,NYG,WSH,27,30
1981-11-15,1981,0,,MIN,NO,20,10
1981-11-15,1981,0,,NE,NYJ,6,17
1981-11-15,1981,0,,PHI,IND,38,13
1981-11-15,1981,0,,KC,TEN,23,10
1981-11-15,1981,0,,ARI,BUF,24,0
1981-11-15,1981,0,,SF,CLE,12,15
1981-11-15,1981,0,,CIN,LAR,24,10
1981-11-15,1981,0,,ATL,PIT,20,34
1981-11-15,1981,0,,DET,DAL,27,24
1981-11-16,1981,0,,SEA,LAC,44,23
1981-11-22,1981,0,,BUF,NE,20,17
1981-11-22,1981,0,,CLE,PIT,10,32
1981-11-22,1981,0,,TEN,NO,24,27
1981-11-22,1981,0,,OAK,LAC,21,55
1981-11-22,1981,0,,LAR,SF,31,33
1981-11-22,1981,0,,CIN,DEN,38,21
1981-11-22,1981,0,,DAL,WSH,24,10
1981-11-22,1981,0,,PHI,NYG,10,20
1981-11-22,1981,0,,TB,GB,37,3
1981-11-22,1981,0,,NYJ,MIA,16,15
1981-11-22,1981,0,,KC,SEA,40,13
1981-11-22,1981,0,,IND,ARI,24,35
1981-11-22,1981,0,,CHI,DET,7,23
1981-11-23,1981,0,,ATL,MIN,31,30
1981-11-26,1981,0,,DAL,CHI,10,9
1981-11-26,1981,0,,DET,KC,27,10
1981-11-29,1981,0,,NE,ARI,20,27
1981-11-29,1981,0,,NO,TB,14,31
1981-11-29,1981,0,,BUF,WSH,21,14
1981-11-29,1981,0,,PIT,LAR,24,0
1981-11-29,1981,0,,MIN,GB,23,35
1981-11-29,1981,0,,SEA,OAK,31,32
1981-11-29,1981,0,,TEN,ATL,27,31
1981-11-29,1981,0,,CLE,CIN,21,41
1981-11-29,1981,0,,NYJ,IND,25,0
1981-11-29,1981,0,,SF,NYG,17,10
1981-11-29,1981,0,,LAC,DEN,34,17
1981-11-30,1981,0,,MIA,PHI,13,10
1981-12-03,1981,0,,TEN,CLE,17,13
1981-12-06,1981,0,,LAC,BUF,27,28
1981-12-06,1981,0,,WSH,PHI,15,13
1981-12-06,1981,0,,SEA,NYJ,27,23
1981-12-06,1981,0,,ARI,NO,30,3
1981-12-06,1981,0,,NYG,LAR,10,7
1981-12-06,1981,0,,GB,DET,31,17
1981-12-06,1981,0,,MIA,NE,24,14
1981-12-06,1981,0,,TB,ATL,24,23
1981-12-06,1981,0,,IND,DAL,13,37
1981-12-06,1981,0,,CIN,SF,3,21
1981-12-06,1981,0,,DEN,KC,16,13
1981-12-06,1981,0,,CHI,MIN,10,9
1981-12-07,1981,0,,OAK,PIT,30,27
1981-12-12,1981,0,,CLE,NYJ,13,14
1981-12-12,1981,0,,DET,MIN,45,7
1981-12-13,1981,0,,DAL,PHI,21,10
1981-12-13,1981,0,,TB,LAC,23,24
1981-12-13,1981,0,,DEN,SEA,23,13
1981-12-13,1981,0,,WSH,IND,38,14
1981-12-13,1981,0,,SF,TEN,28,6
1981-12-13,1981,0,,PIT,CIN,10,17
1981-12-13,1981,0,,NE,BUF,10,19
1981-12-13,1981,0,,KC,MIA,7,17
1981-12-13,1981,0,,ARI,NYG,10,20
1981-12-13,1981,0,,OAK,CHI,6,23
1981-12-13,1981,0,,NO,GB,7,35
1981-12-14,1981,0,,LAR,ATL,21,16
1981-12-19,1981,0,,MIA,BUF,16,6
1981-12-19,1981,0,,NYG,DAL,13,10
1981-12-20,1981,0,,TEN,PIT,21,20
1981-12-20,1981,0,,SEA,CLE,42,21
1981-12-20,1981,0,,CHI,DEN,35,24
1981-12-20,1981,0,,DET,TB,17,20
1981-12-20,1981,0,,NO,SF,17,21
1981-12-20,1981,0,,NYJ,GB,28,3
1981-12-20,1981,0,,MIN,KC,6,10
1981-12-20,1981,0,,ATL,CIN,28,30
1981-12-20,1981,0,,LAR,WSH,7,30
1981-12-20,1981,0,,IND,NE,23,21
1981-12-20,1981,0,,PHI,ARI,38,0
1981-12-21,1981,0,,LAC,OAK,23,10
1981-12-27,1981,0,w,NYJ,BUF,27,31
1981-12-27,1981,0,w,PHI,NYG,21,27
1982-01-02,1981,0,d,MIA,LAC,38,41
1982-01-02,1981,0,d,DAL,TB,38,0
1982-01-03,1981,0,d,SF,NYG,38,24
1982-01-03,1981,0,d,CIN,BUF,28,21
1982-01-10,1981,0,c,SF,DAL,28,27
1982-01-10,1981,0,c,CIN,LAC,27,7
1982-01-24,1981,1,s,SF,CIN,26,21
1982-09-12,1982,0,,NO,ARI,7,21
1982-09-12,1982,0,,IND,NE,13,24
1982-09-12,1982,0,,NYJ,MIA,28,45
1982-09-12,1982,0,,SF,OAK,17,23
1982-09-12,1982,0,,BUF,KC,14,9
1982-09-12,1982,0,,NYG,ATL,14,16
1982-09-12,1982,0,,DEN,LAC,3,23
1982-09-12,1982,0,,DET,CHI,17,10
1982-09-12,1982,0,,MIN,TB,17,10
1982-09-12,1982,0,,SEA,CLE,7,21
1982-09-12,1982,0,,PHI,WSH,34,37
1982-09-12,1982,0,,GB,LAR,35,23
1982-09-12,1982,0,,CIN,TEN,27,6
1982-09-13,1982,0,,DAL,PIT,28,36
1982-09-16,1982,0,,BUF,MIN,23,22
1982-09-19,1982,0,,LAR,DET,14,19
1982-09-19,1982,0,,CHI,NO,0,10
1982-09-19,1982,0,,CLE,PHI,21,24
1982-09-19,1982,0,,ATL,OAK,14,38
1982-09-19,1982,0,,DEN,SF,24,21
1982-09-19,1982,0,,ARI,DAL,7,24
1982-09-19,1982,0,,PIT,CIN,26,20
1982-09-19,1982,0,,MIA,IND,24,20
1982-09-19,1982,0,,TEN,SEA,23,21
1982-09-19,1982,0,,KC,LAC,19,12
1982-09-19,1982,0,,NE,NYJ,7,31
1982-09-19,1982,0,,TB,WSH,13,21
1982-09-20,1982,0,,NYG,GB,19,27
1982-11-21,1982,0,,GB,MIN,26,7
1982-11-21,1982,0,,DEN,SEA,10,17
1982-11-21,1982,0,,CHI,DET,20,17
1982-11-21,1982,0,,ATL,LAR,34,17
1982-11-21,1982,0,,NYJ,IND,37,0
1982-11-21,1982,0,,DAL,TB,14,9
1982-11-21,1982,0,,PHI,CIN,14,18
1982-11-21,1982,0,,CLE,NE,10,7
1982-11-21,1982,0,,BUF,MIA,7,9
1982-11-21,1982,0,,NO,KC,27,17
1982-11-21,1982,0,,TEN,PIT,10,24
1982-11-21,1982,0,,ARI,SF,20,31
1982-11-21,1982,0,,NYG,WSH,17,27
1982-11-22,1982,0,,OAK,LAC,28,24
1982-11-25,1982,0,,DET,NYG,6,13
1982-11-25,1982,0,,DAL,CLE,31,14
1982-11-28,1982,0,,NE,TEN,29,21
1982-11-28,1982,0,,SEA,PIT,16,0
1982-11-28,1982,0,,SF,NO,20,23
1982-11-28,1982,0,,ATL,ARI,20,23
1982-11-28,1982,0,,LAC,DEN,30,20
1982-11-28,1982,0,,WSH,PHI,13,9
1982-11-28,1982,0,,CIN,OAK,31,17
1982-11-28,1982,0,,BUF,IND,20,0
1982-11-28,1982,0,,NYJ,GB,15,13
1982-11-28,1982,0,,LAR,KC,20,14
1982-11-28,1982,0,,MIN,CHI,35,7
1982-11-29,1982,0,,TB,MIA,23,17
1982-12-02,1982,0,,LAR,SF,24,30
1982-12-05,1982,0,,NO,TB,10,13
1982-12-05,1982,0,,GB,BUF,33,21
1982-12-05,1982,0,,NYG,TEN,17,14
1982-12-05,1982,0,,WSH,DAL,10,24
1982-12-05,1982,0,,PIT,KC,35,14
1982-12-05,1982,0,,PHI,ARI,20,23
1982-12-05,1982,0,,MIA,MIN,22,14
1982-12-05,1982,0,,OAK,SEA,28,23
1982-12-05,1982,0,,CHI,NE,26,13
1982-12-05,1982,0,,CLE,LAC,13,30
1982-12-05,1982,0,,DEN,ATL,27,34
1982-12-05,1982,0,,IND,CIN,17,20
1982-12-06,1982,0,,DET,NYJ,13,28
1982-12-11,1982,0,,SF,LAC,37,41
1982-12-11,1982,0,,NYG,PHI,23,7
1982-12-12,1982,0,,LAR,DEN,24,27
1982-12-12,1982,0,,KC,OAK,16,21
1982-12-12,1982,0,,CIN,CLE,23,10
1982-12-12,1982,0,,SEA,CHI,20,14
1982-12-12,1982,0,,ARI,WSH,7,12
1982-12-12,1982,0,,MIN,IND,13,10
1982-12-12,1982,0,,NE,MIA,3,0
1982-12-12,1982,0,,ATL,NO,35,0
1982-12-12,1982,0,,GB,DET,10,30
1982-12-12,1982,0,,NYJ,TB,32,17
1982-12-12,1982,0,,BUF,PIT,13,0
1982-12-13,1982,0,,TEN,DAL,7,37
1982-12-18,1982,0,,OAK,LAR,37,31
1982-12-18,1982,0,,MIA,NYJ,20,19
1982-12-19,1982,0,,CLE,PIT,10,9
1982-12-19,1982,0,,SF,ATL,7,17
1982-12-19,1982,0,,TB,BUF,24,23
1982-12-19,1982,0,,SEA,NE,0,16
1982-12-19,1982,0,,DAL,NO,21,7
1982-12-19,1982,0,,PHI,TEN,35,14
1982-12-19,1982,0,,CHI,ARI,7,10
1982-12-19,1982,0,,IND,GB,20,20
1982-12-19,1982,0,,DEN,KC,16,37
1982-12-19,1982,0,,DET,MIN,31,34
1982-12-19,1982,0,,WSH,NYG,15,14
1982-12-20,1982,0,,LAC,CIN,50,34
1982-12-26,1982,0,,TEN,CLE,14,20
1982-12-26,1982,0,,PIT,NE,37,14
1982-12-26,1982,0,,LAC,IND,44,26
1982-12-26,1982,0,,CIN,SEA,24,10
1982-12-26,1982,0,,NO,WSH,10,27
1982-12-26,1982,0,,KC,SF,13,26
1982-12-26,1982,0,,LAR,CHI,26,34
1982-12-26,1982,0,,TB,DET,23,21
1982-12-26,1982,0,,OAK,DEN,27,10
1982-12-26,1982,0,,DAL,PHI,20,24
1982-12-26,1982,0,,MIN,NYJ,14,42
1982-12-26,1982,0,,ARI,NYG,24,21
1982-12-26,1982,0,,ATL,GB,7,38
1982-12-27,1982,0,,MIA,BUF,27,10
1983-01-02,1982,0,,LAC,OAK,34,41
1983-01-02,1982,0,,TEN,CIN,27,35
1983-01-02,1982,0,,NE,BUF,30,19
1983-01-02,1982,0,,SEA,DEN,13,11
1983-01-02,1982,0,,SF,LAR,20,21
1983-01-02,1982,0,,PIT,CLE,37,21
1983-01-02,1982,0,,NO,ATL,35,6
1983-01-02,1982,0,,PHI,NYG,24,26
1983-01-02,1982,0,,WSH,ARI,28,0
1983-01-02,1982,0,,IND,MIA,7,34
1983-01-02,1982,0,,TB,CHI,26,23
1983-01-02,1982,0,,KC,NYJ,37,13
1983-01-02,1982,0,,DET,GB,27,24
1983-01-03,1982,0,,MIN,DAL,31,27
1983-01-08,1982,0,w,OAK,CLE,27,10
1983-01-08,1982,0,w,WSH,DET,31,7
1983-01-08,1982,0,w,GB,ARI,41,16
1983-01-08,1982,0,w,MIA,NE,28,13
1983-01-09,1982,0,w,PIT,LAC,28,31
1983-01-09,1982,0,w,MIN,ATL,30,24
1983-01-09,1982,0,w,CIN,NYJ,17,44
1983-01-09,1982,0,w,DAL,TB,30,17
1983-01-15,1982,0,d,WSH,MIN,21,7
1983-01-15,1982,0,d,OAK,NYJ,14,17
1983-01-16,1982,0,d,DAL,GB,37,26
1983-01-16,1982,0,d,MIA,LAC,34,13
1983-01-22,1982,0,c,WSH,DAL,31,17
1983-01-23,1982,0,c,MIA,NYJ,14,0
1983-01-30,1982,1,s,WSH,MIA,27,17
1983-09-03,1983,0,,SF,PHI,17,22
1983-09-04,1983,0,,TEN,GB,38,41
1983-09-04,1983,0,,LAC,NYJ,29,41
1983-09-04,1983,0,,CLE,MIN,21,27
1983-09-04,1983,0,,NYG,LAR,6,16
1983-09-04,1983,0,,CHI,ATL,17,20
1983-09-04,1983,0,,NE,IND,23,29
1983-09-04,1983,0,,PIT,DEN,10,14
1983-09-04,1983,0,,CIN,OAK,10,20
1983-09-04,1983,0,,BUF,MIA,0,12
1983-09-04,1983,0,,NO,ARI,28,17
1983-09-04,1983,0,,TB,DET,0,11
1983-09-04,1983,0,,KC,SEA,17,13
1983-09-05,1983,0,,WSH,DAL,30,31
1983-09-08,1983,0,,MIN,SF,17,48
1983-09-11,1983,0,,IND,DEN,10,17
1983-09-11,1983,0,,LAR,NO,30,27
1983-09-11,1983,0,,GB,PIT,21,25
1983-09-11,1983,0,,CIN,BUF,6,10
1983-09-11,1983,0,,ARI,DAL,17,34
1983-09-11,1983,0,,ATL,NYG,13,16
1983-09-11,1983,0,,NYJ,SEA,10,17
1983-09-11,1983,0,,MIA,NE,34,24
1983-09-11,1983,0,,DET,CLE,26,31
1983-09-11,1983,0,,CHI,TB,17,10
1983-09-11,1983,0,,OAK,TEN,20,6
1983-09-11,1983,0,,PHI,WSH,13,23
1983-09-12,1983,0,,KC,LAC,14,17
1983-09-15,1983,0,,CLE,CIN,17,7
1983-09-18,1983,0,,GB,LAR,27,24
1983-09-18,1983,0,,DAL,NYG,28,13
1983-09-18,1983,0,,TB,MIN,16,19
1983-09-18,1983,0,,WSH,KC,27,12
1983-09-18,1983,0,,BUF,IND,28,23
1983-09-18,1983,0,,DET,ATL,14,30
1983-09-18,1983,0,,SEA,LAC,34,31
1983-09-18,1983,0,,NE,NYJ,23,13
1983-09-18,1983,0,,NO,CHI,34,31
1983-09-18,1983,0,,TEN,PIT,28,40
1983-09-18,1983,0,,ARI,SF,27,42
1983-09-18,1983,0,,DEN,PHI,10,13
1983-09-19,1983,0,,OAK,MIA,27,14
1983-09-25,1983,0,,SEA,WSH,17,27
1983-09-25,1983,0,,SF,ATL,24,20
1983-09-25,1983,0,,TB,CIN,17,23
1983-09-25,1983,0,,IND,CHI,22,19
1983-09-25,1983,0,,NYJ,LAR,27,24
1983-09-25,1983,0,,DEN,OAK,7,22
1983-09-25,1983,0,,PHI,ARI,11,14
1983-09-25,1983,0,,MIA,KC,14,6
1983-09-25,1983,0,,BUF,TEN,30,13
1983-09-25,1983,0,,DAL,NO,21,20
1983-09-25,1983,0,,LAC,CLE,24,30
1983-09-25,1983,0,,MIN,DET,20,17
1983-09-25,1983,0,,PIT,NE,23,28
1983-09-26,1983,0,,NYG,GB,27,3
1983-10-02,1983,0,,NE,SF,13,33
1983-10-02,1983,0,,NYG,LAC,34,41
1983-10-02,1983,0,,GB,TB,55,14
1983-10-02,1983,0,,KC,ARI,38,14
1983-10-02,1983,0,,PIT,TEN,17,10
1983-10-02,1983,0,,NO,MIA,17,7
1983-10-02,1983,0,,LAR,DET,21,10
1983-10-02,1983,0,,ATL,PHI,24,28
1983-10-02,1983,0,,CLE,SEA,9,24
1983-10-02,1983,0,,CIN,IND,31,34
1983-10-02,1983,0,,CHI,DEN,31,14
1983-10-02,1983,0,,MIN,DAL,24,37
1983-10-02,1983,0,,WSH,OAK,37,35
1983-10-03,1983,0,,BUF,NYJ,10,34
1983-10-09,1983,0,,NYG,PHI,13,17
1983-10-09,1983,0,,ARI,WSH,14,38
1983-10-09,1983,0,,DAL,TB,27,24
1983-10-09,1983,0,,IND,NE,12,7
1983-10-09,1983,0,,CHI,MIN,14,23
1983-10-09,1983,0,,SF,LAR,7,10
1983-10-09,1983,0,,CLE,NYJ,10,7
1983-10-09,1983,0,,OAK,KC,21,20
1983-10-09,1983,0,,DET,GB,38,14
1983-10-09,1983,0,,MIA,BUF,35,38
1983-10-09,1983,0,,LAC,SEA,28,21
1983-10-09,1983,0,,TEN,DEN,14,26
1983-10-09,1983,0,,ATL,NO,17,19
1983-10-10,1983,0,,CIN,PIT,14,24
1983-10-16,1983,0,,NYJ,MIA,14,32
1983-10-16,1983,0,,MIN,TEN,34,14
1983-10-16,1983,0,,DEN,CIN,24,17
1983-10-16,1983,0,,LAR,ATL,27,21
1983-10-16,1983,0,,IND,BUF,7,30
1983-10-16,1983,0,,KC,NYG,38,17
1983-10-16,1983,0,,NE,LAC,37,21
1983-10-16,1983,0,,PIT,CLE,44,17
1983-10-16,1983,0,,SEA,OAK,38,36
1983-10-16,1983,0,,DET,CHI,31,17
1983-10-16,1983,0,,DAL,PHI,37,7
1983-10-16,1983,0,,TB,ARI,27,34
1983-10-16,1983,0,,NO,SF,13,32
1983-10-17,1983,0,,GB,WSH,48,47
1983-10-23,1983,0,,DEN,LAC,14,6
1983-10-23,1983,0,,TEN,KC,10,13
1983-10-23,1983,0,,GB,MIN,17,20
1983-10-23,1983,0,,WSH,DET,38,17
1983-10-23,1983,0,,NYJ,ATL,21,27
1983-10-23,1983,0,,LAR,SF,35,45
1983-10-23,1983,0,,PHI,CHI,6,7
1983-10-23,1983,0,,BUF,NE,0,31
1983-10-23,1983,0,,IND,MIA,7,21
1983-10-23,1983,0,,CIN,CLE,28,21
1983-10-23,1983,0,,TB,NO,21,24
1983-10-23,1983,0,,SEA,PIT,21,27
1983-10-23,1983,0,,DAL,OAK,38,40
1983-10-24,1983,0,,ARI,NYG,20,20
1983-10-30,1983,0,,CHI,DET,17,38
1983-10-30,1983,0,,DEN,KC,27,24
1983-10-30,1983,0,,ATL,NE,24,13
1983-10-30,1983,0,,OAK,SEA,21,34
1983-10-30,1983,0,,PHI,IND,21,22
1983-10-30,1983,0,,BUF,NO,27,21
1983-10-30,1983,0,,MIA,LAR,30,14
1983-10-30,1983,0,,ARI,MIN,41,31
1983-10-30,1983,0,,PIT,TB,17,12
1983-10-30,1983,0,,SF,NYJ,13,27
1983-10-30,1983,0,,CIN,GB,34,14
1983-10-30,1983,0,,NYG,DAL,20,38
1983-10-30,1983,0,,CLE,TEN,25,19
1983-10-31,1983,0,,LAC,WSH,24,27
1983-11-06,1983,0,,MIN,TB,12,17
1983-11-06,1983,0,,NO,ATL,27,10
1983-11-06,1983,0,,KC,OAK,20,28
1983-11-06,1983,0,,PIT,LAC,26,3
1983-11-06,1983,0,,WSH,ARI,45,7
1983-11-06,1983,0,,LAR,CHI,21,14
1983-11-06,1983,0,,TEN,CIN,14,55
1983-11-06,1983,0,,PHI,DAL,20,27
1983-11-06,1983,0,,SEA,DEN,27,19
1983-11-06,1983,0,,SF,MIA,17,20
1983-11-06,1983,0,,NYJ,IND,14,17
1983-11-06,1983,0,,GB,CLE,35,21
1983-11-06,1983,0,,NE,BUF,21,7
1983-11-07,1983,0,,DET,NYG,15,9
1983-11-13,1983,0,,TEN,DET,27,17
1983-11-13,1983,0,,NE,MIA,17,6
1983-11-13,1983,0,,CLE,TB,20,0
1983-11-13,1983,0,,MIN,GB,21,29
1983-11-13,1983,0,,CHI,PHI,17,14
1983-11-13,1983,0,,IND,PIT,13,24
1983-11-13,1983,0,,OAK,DEN,22,20
1983-11-13,1983,0,,ARI,SEA,33,28
1983-11-13,1983,0,,SF,NO,27,0
1983-11-13,1983,0,,NYJ,BUF,17,24
1983-11-13,1983,0,,LAC,DAL,24,23
1983-11-13,1983,0,,KC,CIN,20,15
1983-11-13,1983,0,,NYG,WSH,17,33
1983-11-14,1983,0,,ATL,LAR,13,36
1983-11-20,1983,0,,CIN,TEN,38,10
1983-11-20,1983,0,,DAL,KC,41,21
1983-11-20,1983,0,,GB,DET,20,23
1983-11-20,1983,0,,NE,CLE,0,30
1983-11-20,1983,0,,PIT,MIN,14,17
1983-11-20,1983,0,,TB,CHI,0,27
1983-11-20,1983,0,,BUF,OAK,24,27
1983-11-20,1983,0,,DEN,SEA,38,27
1983-11-20,1983,0,,ARI,LAC,44,14
1983-11-20,1983,0,,PHI,NYG,0,23
1983-11-20,1983,0,,LAR,WSH,20,42
1983-11-20,1983,0,,MIA,IND,37,0
1983-11-20,1983,0,,ATL,SF,28,24
1983-11-21,1983,0,,NO,NYJ,28,31
1983-11-24,1983,0,,DAL,ARI,35,17
1983-11-24,1983,0,,DET,PIT,45,3
1983-11-27,1983,0,,CHI,SF,13,3
1983-11-27,1983,0,,CLE,IND,41,23
1983-11-27,1983,0,,NO,MIN,17,16
1983-11-27,1983,0,,OAK,NYG,27,12
1983-11-27,1983,0,,ATL,GB,47,41
1983-11-27,1983,0,,TB,TEN,33,24
1983-11-27,1983,0,,NYJ,NE,26,3
1983-11-27,1983,0,,LAC,DEN,31,7
1983-11-27,1983,0,,LAR,BUF,41,17
1983-11-27,1983,0,,WSH,PHI,28,24
1983-11-27,1983,0,,SEA,KC,51,48
1983-11-28,1983,0,,MIA,CIN,38,14
1983-12-01,1983,0,,LAC,OAK,10,42
1983-12-04,1983,0,,SF,TB,35,21
1983-12-04,1983,0,,IND,NYJ,6,10
1983-12-04,1983,0,,DEN,CLE,27,6
1983-12-04,1983,0,,SEA,DAL,10,35
1983-12-04,1983,0,,NYG,ARI,6,10
1983-12-04,1983,0,,KC,BUF,9,14
1983-12-04,1983,0,,PHI,LAR,13,9
1983-12-04,1983,0,,WSH,ATL,37,21
1983-12-04,1983,0,,NE,NO,7,0
1983-12-04,1983,0,,TEN,MIA,17,24
1983-12-04,1983,0,,PIT,CIN,10,23
1983-12-04,1983,0,,GB,CHI,31,28
1983-12-05,1983,0,,DET,MIN,13,2
1983-12-10,1983,0,,NYJ,PIT,7,34
1983-12-10,1983,0,,MIA,ATL,31,24
1983-12-11,1983,0,,NYG,SEA,12,17
1983-12-11,1983,0,,TEN,CLE,34,27
1983-12-11,1983,0,,DEN,IND,21,19
1983-12-11,1983,0,,LAR,NE,7,21
1983-12-11,1983,0,,PHI,NO,17,20
1983-12-11,1983,0,,MIN,CHI,13,19
1983-12-11,1983,0,,CIN,DET,17,9
1983-12-11,1983,0,,BUF,SF,10,23
1983-12-11,1983,0,,DAL,WSH,10,31
1983-12-11,1983,0,,OAK,ARI,24,34
1983-12-11,1983,0,,LAC,KC,41,38
1983-12-12,1983,0,,TB,GB,9,12
1983-12-16,1983,0,,MIA,NYJ,34,14
1983-12-17,1983,0,,WSH,NYG,31,22
1983-12-17,1983,0,,MIN,CIN,20,14
1983-12-18,1983,0,,KC,DEN,48,17
1983-12-18,1983,0,,ARI,PHI,31,7
1983-12-18,1983,0,,NO,LAR,24,26
1983-12-18,1983,0,,IND,TEN,20,10
1983-12-18,1983,0,,OAK,LAC,30,14
1983-12-18,1983,0,,ATL,BUF,31,14
1983-12-18,1983,0,,DET,TB,23,20
1983-12-18,1983,0,,CHI,GB,23,21
1983-12-18,1983,0,,CLE,PIT,30,17
1983-12-18,1983,0,,SEA,NE,24,6
1983-12-19,1983,0,,SF,DAL,42,17
1983-12-24,1983,0,w,SEA,DEN,31,7
1983-12-26,1983,0,w,DAL,LAR,17,24
1983-12-31,1983,0,d,MIA,SEA,20,27
1983-12-31,1983,0,d,SF,DET,24,23
1984-01-01,1983,0,d,OAK,PIT,38,10
1984-01-01,1983,0,d,WSH,LAR,51,7
1984-01-08,1983,0,c,WSH,SF,24,21
1984-01-08,1983,0,c,OAK,SEA,30,14
1984-01-22,1983,1,s,WSH,OAK,9,38
1984-09-02,1984,0,,DET,SF,27,30
1984-09-02,1984,0,,WSH,MIA,17,35
1984-09-02,1984,0,,GB,ARI,24,23
1984-09-02,1984,0,,IND,NYJ,14,23
1984-09-02,1984,0,,DEN,CIN,20,17
1984-09-02,1984,0,,TEN,OAK,14,24
1984-09-02,1984,0,,CHI,TB,34,14
1984-09-02,1984,0,,NO,ATL,28,36
1984-09-02,1984,0,,PIT,KC,27,37
1984-09-02,1984,0,,BUF,NE,17,21
1984-09-02,1984,0,,NYG,PHI,28,27
1984-09-02,1984,0,,MIN,LAC,13,42
1984-09-03,1984,0,,LAR,DAL,13,20
1984-09-03,1984,0,,SEA,CLE,33,0
1984-09-06,1984,0,,NYJ,PIT,17,23
1984-09-09,1984,0,,ARI,BUF,37,7
1984-09-09,1984,0,,CIN,KC,22,27
1984-09-09,1984,0,,NYG,DAL,28,7
1984-09-09,1984,0,,OAK,GB,28,7
1984-09-09,1984,0,,ATL,DET,24,27
1984-09-09,1984,0,,MIA,NE,28,7
1984-09-09,1984,0,,CHI,DEN,27,0
1984-09-09,1984,0,,PHI,MIN,19,17
1984-09-09,1984,0,,TEN,IND,21,35
1984-09-09,1984,0,,SEA,LAC,31,17
1984-09-09,1984,0,,LAR,CLE,20,17
1984-09-09,1984,0,,NO,TB,17,13
1984-09-10,1984,0,,SF,WSH,37,31
1984-09-16,1984,0,,NE,SEA,38,23
1984-09-16,1984,0,,IND,ARI,33,34
1984-09-16,1984,0,,GB,CHI,7,9
1984-09-16,1984,0,,NYJ,CIN,43,23
1984-09-16,1984,0,,CLE,DEN,14,24
1984-09-16,1984,0,,KC,OAK,20,22
1984-09-16,1984,0,,PIT,LAR,24,14
1984-09-16,1984,0,,WSH,NYG,30,14
1984-09-16,1984,0,,LAC,TEN,31,14
1984-09-16,1984,0,,TB,DET,21,17
1984-09-16,1984,0,,SF,NO,30,20
1984-09-16,1984,0,,MIN,ATL,27,20
1984-09-16,1984,0,,DAL,PHI,23,17
1984-09-17,1984,0,,BUF,MIA,17,21
1984-09-23,1984,0,,DET,MIN,28,29
1984-09-23,1984,0,,CLE,PIT,20,10
1984-09-23,1984,0,,SEA,CHI,38,9
1984-09-23,1984,0,,BUF,NYJ,26,28
1984-09-23,1984,0,,CIN,LAR,14,24
1984-09-23,1984,0,,NYG,TB,17,14
1984-09-23,1984,0,,NO,ARI,34,24
1984-09-23,1984,0,,DAL,GB,20,6
1984-09-23,1984,0,,MIA,IND,44,7
1984-09-23,1984,0,,NE,WSH,10,26
1984-09-23,1984,0,,PHI,SF,9,21
1984-09-23,1984,0,,ATL,TEN,42,10
1984-09-23,1984,0,,DEN,KC,21,0
1984-09-24,1984,0,,OAK,LAC,33,30
1984-09-30,1984,0,,NYJ,NE,21,28
1984-09-30,1984,0,,SF,ATL,14,5
1984-09-30,1984,0,,DEN,OAK,16,13
1984-09-30,1984,0,,MIN,SEA,12,20
1984-09-30,1984,0,,LAC,DET,27,24
1984-09-30,1984,0,,WSH,PHI,20,0
1984-09-30,1984,0,,LAR,NYG,33,12
1984-09-30,1984,0,,KC,CLE,10,6
1984-09-30,1984,0,,IND,BUF,31,17
1984-09-30,1984,0,,TB,GB,30,27
1984-09-30,1984,0,,ARI,MIA,28,36
1984-09-30,1984,0,,CHI,DAL,14,23
1984-09-30,1984,0,,TEN,NO,10,27
1984-10-01,1984,0,,PIT,CIN,38,17
1984-10-07,1984,0,,IND,WSH,7,35
1984-10-07,1984,0,,CLE,NE,16,17
1984-10-07,1984,0,,KC,NYJ,16,17
1984-10-07,1984,0,,OAK,SEA,28,14
1984-10-07,1984,0,,DET,DEN,7,28
1984-10-07,1984,0,,CHI,NO,20,7
1984-10-07,1984,0,,LAR,ATL,28,30
1984-10-07,1984,0,,DAL,ARI,20,31
1984-10-07,1984,0,,PIT,MIA,7,31
1984-10-07,1984,0,,GB,LAC,28,34
1984-10-07,1984,0,,BUF,PHI,17,27
1984-10-07,1984,0,,TB,MIN,35,31
1984-10-07,1984,0,,CIN,TEN,13,3
1984-10-08,1984,0,,NYG,SF,10,31
1984-10-14,1984,0,,SEA,BUF,31,28
1984-10-14,1984,0,,NO,LAR,10,28
1984-10-14,1984,0,,ARI,CHI,38,21
1984-10-14,1984,0,,DET,TB,13,7
1984-10-14,1984,0,,ATL,NYG,7,19
1984-10-14,1984,0,,WSH,DAL,34,14
1984-10-14,1984,0,,SF,PIT,17,20
1984-10-14,1984,0,,NE,CIN,20,14
1984-10-14,1984,0,,CLE,NYJ,20,24
1984-10-14,1984,0,,OAK,MIN,23,20
1984-10-14,1984,0,,MIA,TEN,28,10
1984-10-14,1984,0,,KC,LAC,31,13
1984-10-14,1984,0,,PHI,IND,16,7
1984-10-15,1984,0,,DEN,GB,17,14
1984-10-21,1984,0,,DAL,NO,30,27
1984-10-21,1984,0,,IND,PIT,17,16
1984-10-21,1984,0,,GB,SEA,24,30
1984-10-21,1984,0,,NYJ,KC,28,7
1984-10-21,1984,0,,PHI,NYG,24,10
1984-10-21,1984,0,,TB,CHI,9,44
1984-10-21,1984,0,,ARI,WSH,26,24
1984-10-21,1984,0,,BUF,DEN,7,37
1984-10-21,1984,0,,TEN,SF,21,34
1984-10-21,1984,0,,CIN,CLE,12,9
1984-10-21,1984,0,,LAC,OAK,37,44
1984-10-21,1984,0,,MIN,DET,14,16
1984-10-21,1984,0,,NE,MIA,24,44
1984-10-22,1984,0,,ATL,LAR,10,24
1984-10-28,1984,0,,OAK,DEN,19,22
1984-10-28,1984,0,,NYG,WSH,37,13
1984-10-28,1984,0,,CHI,MIN,16,7
1984-10-28,1984,0,,LAR,SF,0,33
1984-10-28,1984,0,,CLE,NO,14,16
1984-10-28,1984,0,,KC,TB,24,20
1984-10-28,1984,0,,TEN,CIN,13,31
1984-10-28,1984,0,,PHI,ARI,14,34
1984-10-28,1984,0,,MIA,BUF,38,7
1984-10-28,1984,0,,GB,DET,41,9
1984-10-28,1984,0,,PIT,ATL,35,10
1984-10-28,1984,0,,NE,NYJ,30,20
1984-10-28,1984,0,,DAL,IND,22,3
1984-10-29,1984,0,,LAC,SEA,0,24
1984-11-04,1984,0,,BUF,CLE,10,13
1984-11-04,1984,0,,DET,PHI,23,23
1984-11-04,1984,0,,IND,LAC,10,38
1984-11-04,1984,0,,NYJ,MIA,17,31
1984-11-04,1984,0,,CHI,OAK,17,6
1984-11-04,1984,0,,DEN,NE,26,19
1984-11-04,1984,0,,MIN,TB,27,24
1984-11-04,1984,0,,SF,CIN,23,17
1984-11-04,1984,0,,ARI,LAR,13,16
1984-11-04,1984,0,,DAL,NYG,7,19
1984-11-04,1984,0,,SEA,KC,45,0
1984-11-04,1984,0,,NO,GB,13,23
1984-11-04,1984,0,,PIT,TEN,35,7
1984-11-05,1984,0,,WSH,ATL,27,14
1984-11-11,1984,0,,NE,BUF,38,10
1984-11-11,1984,0,,KC,TEN,16,17
1984-11-11,1984,0,,GB,MIN,45,17
1984-11-11,1984,0,,LAC,DEN,13,16
1984-11-11,1984,0,,WSH,DET,28,14
1984-11-11,1984,0,,ATL,NO,13,17
1984-11-11,1984,0,,NYJ,IND,5,9
1984-11-11,1984,0,,CIN,PIT,22,20
1984-11-11,1984,0,,MIA,PHI,24,23
1984-11-11,1984,0,,ARI,DAL,17,24
1984-11-11,1984,0,,LAR,CHI,29,13
1984-11-11,1984,0,,CLE,SF,7,41
1984-11-11,1984,0,,TB,NYG,20,17
1984-11-12,1984,0,,SEA,OAK,17,14
1984-11-18,1984,0,,PHI,WSH,16,10
1984-11-18,1984,0,,DEN,MIN,42,21
1984-11-18,1984,0,,SF,TB,24,17
1984-11-18,1984,0,,CHI,DET,16,14
1984-11-18,1984,0,,ATL,CLE,7,23
1984-11-18,1984,0,,TEN,NYJ,31,20
1984-11-18,1984,0,,GB,LAR,31,6
1984-11-18,1984,0,,CIN,SEA,6,26
1984-11-18,1984,0,,NYG,ARI,16,10
1984-11-18,1984,0,,OAK,KC,17,7
1984-11-18,1984,0,,BUF,DAL,14,3
1984-11-18,1984,0,,IND,NE,17,50
1984-11-18,1984,0,,LAC,MIA,34,28
1984-11-19,1984,0,,NO,PIT,27,24
1984-11-22,1984,0,,DET,GB,31,28
1984-11-22,1984,0,,DAL,NE,20,17
1984-11-25,1984,0,,TB,LAR,33,34
1984-11-25,1984,0,,NO,SF,3,35
1984-11-25,1984,0,,MIN,CHI,3,34
1984-11-25,1984,0,,PIT,LAC,52,24
1984-11-25,1984,0,,ARI,PHI,17,16
1984-11-25,1984,0,,OAK,IND,21,7
1984-11-25,1984,0,,DEN,SEA,24,27
1984-11-25,1984,0,,CLE,TEN,27,10
1984-11-25,1984,0,,CIN,ATL,35,14
1984-11-25,1984,0,,NYG,KC,28,27
1984-11-25,1984,0,,WSH,BUF,41,14
1984-11-26,1984,0,,MIA,NYJ,28,17
1984-11-29,1984,0,,MIN,WSH,17,31
1984-12-02,1984,0,,NYJ,NYG,10,20
1984-12-02,1984,0,,MIA,OAK,34,45
1984-12-02,1984,0,,SEA,DET,38,17
1984-12-02,1984,0,,BUF,IND,21,15
1984-12-02,1984,0,,CLE,CIN,17,20
1984-12-02,1984,0,,PHI,DAL,10,26
1984-12-02,1984,0,,LAR,NO,34,21
1984-12-02,1984,0,,GB,TB,27,14
1984-12-02,1984,0,,KC,DEN,16,13
1984-12-02,1984,0,,TEN,PIT,23,20
1984-12-02,1984,0,,ATL,SF,17,35
1984-12-02,1984,0,,NE,ARI,10,33
1984-12-03,1984,0,,LAC,CHI,20,7
1984-12-08,1984,0,,NYJ,BUF,21,17
1984-12-08,1984,0,,SF,MIN,51,7
1984-12-09,1984,0,,ARI,NYG,31,21
1984-12-09,1984,0,,PIT,CLE,23,20
1984-12-09,1984,0,,PHI,NE,27,17
1984-12-09,1984,0,,IND,MIA,17,35
1984-12-09,1984,0,,TB,ATL,23,6
1984-12-09,1984,0,,LAR,TEN,27,16
1984-12-09,1984,0,,NO,CIN,21,24
1984-12-09,1984,0,,KC,SEA,34,7
1984-12-09,1984,0,,DAL,WSH,28,30
1984-12-09,1984,0,,DEN,LAC,16,13
1984-12-09,1984,0,,CHI,GB,14,20
1984-12-10,1984,0,,DET,OAK,3,24
1984-12-14,1984,0,,SF,LAR,19,16
1984-12-15,1984,0,,SEA,DEN,14,31
1984-12-15,1984,0,,NYG,NO,3,10
1984-12-16,1984,0,,OAK,PIT,7,13
1984-12-16,1984,0,,CIN,BUF,52,21
1984-12-16,1984,0,,DET,CHI,13,30
1984-12-16,1984,0,,NE,IND,16,10
1984-12-16,1984,0,,ATL,PHI,26,10
1984-12-16,1984,0,,LAC,KC,21,42
1984-12-16,1984,0,,TEN,CLE,20,27
1984-12-16,1984,0,,MIN,GB,14,38
1984-12-16,1984,0,,TB,NYJ,41,21
1984-12-16,1984,0,,WSH,ARI,29,27
1984-12-17,1984,0,,MIA,DAL,28,21
1984-12-22,1984,0,w,SEA,OAK,13,7
1984-12-23,1984,0,w,LAR,NYG,13,16
1984-12-29,1984,0,d,MIA,SEA,31,10
1984-12-29,1984,0,d,SF,NYG,21,10
1984-12-30,1984,0,d,WSH,CHI,19,23
1984-12-30,1984,0,d,DEN,PIT,17,24
1985-01-06,1984,0,c,SF,CHI,23,0
1985-01-06,1984,0,c,MIA,PIT,45,28
1985-01-20,1984,1,s,SF,MIA,38,16
1985-09-08,1985,0,,CIN,SEA,24,28
1985-09-08,1985,0,,NE,GB,26,20
1985-09-08,1985,0,,ATL,DET,27,28
1985-09-08,1985,0,,CHI,TB,38,28
1985-09-08,1985,0,,CLE,ARI,24,27
1985-09-08,1985,0,,NO,KC,27,47
1985-09-08,1985,0,,TEN,MIA,26,23
1985-09-08,1985,0,,OAK,NYJ,31,0
1985-09-08,1985,0,,LAR,DEN,20,16
1985-09-08,1985,0,,BUF,LAC,9,14
1985-09-08,1985,0,,PIT,IND,45,3
1985-09-08,1985,0,,NYG,PHI,21,0
1985-09-08,1985,0,,MIN,SF,28,21
1985-09-09,1985,0,,DAL,WSH,44,14
1985-09-12,1985,0,,KC,OAK,36,20
1985-09-15,1985,0,,MIA,IND,30,13
1985-09-15,1985,0,,GB,NYG,23,20
1985-09-15,1985,0,,LAC,SEA,35,49
1985-09-15,1985,0,,DET,DAL,26,21
1985-09-15,1985,0,,WSH,TEN,16,13
1985-09-15,1985,0,,PHI,LAR,6,17
1985-09-15,1985,0,,ARI,CIN,41,27
1985-09-15,1985,0,,CHI,NE,20,7
1985-09-15,1985,0,,DEN,NO,34,23
1985-09-15,1985,0,,NYJ,BUF,42,3
1985-09-15,1985,0,,TB,MIN,16,31
1985-09-15,1985,0,,SF,ATL,35,16
1985-09-16,1985,0,,CLE,PIT,17,7
1985-09-19,1985,0,,MIN,CHI,24,33
1985-09-22,1985,0,,ATL,DEN,28,44
1985-09-22,1985,0,,OAK,SF,10,34
1985-09-22,1985,0,,GB,NYJ,3,24
1985-09-22,1985,0,,MIA,KC,31,0
1985-09-22,1985,0,,IND,DET,14,6
1985-09-22,1985,0,,BUF,NE,14,17
1985-09-22,1985,0,,CIN,LAC,41,44
1985-09-22,1985,0,,NYG,ARI,27,17
1985-09-22,1985,0,,WSH,PHI,6,19
1985-09-22,1985,0,,PIT,TEN,20,0
1985-09-22,1985,0,,NO,TB,20,13
1985-09-22,1985,0,,DAL,CLE,20,7
1985-09-23,1985,0,,SEA,LAR,24,35
1985-09-29,1985,0,,CHI,WSH,45,10
1985-09-29,1985,0,,DET,TB,30,9
1985-09-29,1985,0,,SF,NO,17,20
1985-09-29,1985,0,,LAC,CLE,7,21
1985-09-29,1985,0,,LAR,ATL,17,6
1985-09-29,1985,0,,BUF,MIN,20,27
1985-09-29,1985,0,,PHI,NYG,10,16
1985-09-29,1985,0,,TEN,DAL,10,17
1985-09-29,1985,0,,ARI,GB,43,28
1985-09-29,1985,0,,NE,OAK,20,35
1985-09-29,1985,0,,DEN,MIA,26,30
1985-09-29,1985,0,,KC,SEA,28,7
1985-09-29,1985,0,,NYJ,IND,25,20
1985-09-30,1985,0,,PIT,CIN,24,37
1985-10-06,1985,0,,ATL,SF,17,38
1985-10-06,1985,0,,MIA,PIT,24,20
1985-10-06,1985,0,,SEA,LAC,26,21
1985-10-06,1985,0,,TB,CHI,19,27
1985-10-06,1985,0,,OAK,KC,19,10
1985-10-06,1985,0,,GB,DET,43,10
1985-10-06,1985,0,,DEN,TEN,31,20
1985-10-06,1985,0,,IND,BUF,49,17
1985-10-06,1985,0,,CLE,NE,24,20
1985-10-06,1985,0,,NYG,DAL,29,30
1985-10-06,1985,0,,NO,PHI,23,21
1985-10-06,1985,0,,CIN,NYJ,20,29
1985-10-06,1985,0,,LAR,MIN,13,10
1985-10-07,1985,0,,WSH,ARI,27,10
1985-10-13,1985,0,,WSH,DET,24,3
1985-10-13,1985,0,,TEN,CLE,6,21
1985-10-13,1985,0,,SF,CHI,10,26
1985-10-13,1985,0,,GB,MIN,20,17
1985-10-13,1985,0,,NE,BUF,14,3
1985-10-13,1985,0,,LAC,KC,31,20
1985-10-13,1985,0,,TB,LAR,27,31
1985-10-13,1985,0,,PHI,ARI,30,7
1985-10-13,1985,0,,SEA,ATL,30,26
1985-10-13,1985,0,,CIN,NYG,35,30
1985-10-13,1985,0,,IND,DEN,10,15
1985-10-13,1985,0,,DAL,PIT,27,13
1985-10-13,1985,0,,OAK,NO,23,13
1985-10-14,1985,0,,NYJ,MIA,23,7
1985-10-20,1985,0,,MIN,LAC,21,17
1985-10-20,1985,0,,MIA,TB,41,38
1985-10-20,1985,0,,NYG,WSH,17,3
1985-10-20,1985,0,,DEN,SEA,13,10
1985-10-20,1985,0,,TEN,CIN,44,27
1985-10-20,1985,0,,NE,NYJ,20,13
1985-10-20,1985,0,,CLE,OAK,20,21
1985-10-20,1985,0,,BUF,IND,21,9
1985-10-20,1985,0,,PHI,DAL,16,14
1985-10-20,1985,0,,DET,SF,23,21
1985-10-20,1985,0,,KC,LAR,0,16
1985-10-20,1985,0,,ATL,NO,31,24
1985-10-20,1985,0,,PIT,ARI,23,10
1985-10-21,1985,0,,CHI,GB,23,7
1985-10-27,1985,0,,TB,NE,14,32
1985-10-27,1985,0,,ARI,TEN,10,20
1985-10-27,1985,0,,KC,DEN,10,30
1985-10-27,1985,0,,PHI,BUF,21,17
1985-10-27,1985,0,,CIN,PIT,26,21
1985-10-27,1985,0,,IND,GB,37,10
1985-10-27,1985,0,,DET,MIA,31,21
1985-10-27,1985,0,,CHI,MIN,27,9
1985-10-27,1985,0,,DAL,ATL,24,10
1985-10-27,1985,0,,LAR,SF,14,28
1985-10-27,1985,0,,NO,NYG,13,21
1985-10-27,1985,0,,NYJ,SEA,17,14
1985-10-27,1985,0,,CLE,WSH,7,14
1985-10-28,1985,0,,OAK,LAC,34,21
1985-11-03,1985,0,,TEN,KC,23,20
1985-11-03,1985,0,,GB,CHI,10,16
1985-11-03,1985,0,,ATL,WSH,10,44
1985-11-03,1985,0,,NYG,TB,22,20
1985-11-03,1985,0,,SEA,OAK,33,3
1985-11-03,1985,0,,MIN,DET,16,13
1985-11-03,1985,0,,LAC,DEN,30,10
1985-11-03,1985,0,,IND,NYJ,17,35
1985-11-03,1985,0,,LAR,NO,28,10
1985-11-03,1985,0,,PIT,CLE,10,9
1985-11-03,1985,0,,SF,PHI,24,13
1985-11-03,1985,0,,NE,MIA,17,13
1985-11-03,1985,0,,BUF,CIN,17,23
1985-11-04,1985,0,,ARI,DAL,21,10
1985-11-10,1985,0,,NE,IND,34,15
1985-11-10,1985,0,,BUF,TEN,20,0
1985-11-10,1985,0,,KC,PIT,28,36
1985-11-10,1985,0,,NO,SEA,3,27
1985-11-10,1985,0,,CIN,CLE,27,10
1985-11-10,1985,0,,TB,ARI,16,0
1985-11-10,1985,0,,MIN,GB,17,27
1985-11-10,1985,0,,PHI,ATL,23,17
1985-11-10,1985,0,,CHI,DET,24,3
1985-11-10,1985,0,,MIA,NYJ,21,17
1985-11-10,1985,0,,LAC,OAK,40,34
1985-11-10,1985,0,,NYG,LAR,24,19
1985-11-10,1985,0,,WSH,DAL,7,13
1985-11-11,1985,0,,DEN,SF,17,16
1985-11-17,1985,0,,IND,MIA,20,34
1985-11-17,1985,0,,SEA,NE,13,20
1985-11-17,1985,0,,ATL,LAR,30,14
1985-11-17,1985,0,,ARI,PHI,14,24
1985-11-17,1985,0,,DET,MIN,41,21
1985-11-17,1985,0,,DEN,LAC,30,24
1985-11-17,1985,0,,TEN,PIT,7,30
1985-11-17,1985,0,,CLE,BUF,17,7
1985-11-17,1985,0,,GB,NO,38,14
1985-11-17,1985,0,,DAL,CHI,0,44
1985-11-17,1985,0,,SF,KC,31,3
1985-11-17,1985,0,,NYJ,TB,62,28
1985-11-17,1985,0,,OAK,CIN,13,6
1985-11-18,1985,0,,WSH,NYG,23,21
1985-11-24,1985,0,,ARI,NYG,3,34
1985-11-24,1985,0,,CHI,ATL,36,0
1985-11-24,1985,0,,KC,IND,20,7
1985-11-24,1985,0,,MIN,NO,23,30
1985-11-24,1985,0,,OAK,DEN,31,28
1985-11-24,1985,0,,NYJ,NE,16,13
1985-11-24,1985,0,,PIT,WSH,23,30
1985-11-24,1985,0,,DAL,PHI,34,17
1985-11-24,1985,0,,TEN,LAC,37,35
1985-11-24,1985,0,,BUF,MIA,14,23
1985-11-24,1985,0,,LAR,GB,34,17
1985-11-24,1985,0,,TB,DET,19,16
1985-11-24,1985,0,,CLE,CIN,24,6
1985-11-25,1985,0,,SF,SEA,19,6
1985-11-28,1985,0,,DAL,ARI,35,17
1985-11-28,1985,0,,DET,NYJ,31,20
1985-12-01,1985,0,,IND,NE,31,38
1985-12-01,1985,0,,LAC,BUF,40,7
1985-12-01,1985,0,,NO,LAR,29,3
1985-12-01,1985,0,,NYG,CLE,33,35
1985-12-01,1985,0,,CIN,TEN,45,27
1985-12-01,1985,0,,PHI,MIN,23,28
1985-12-01,1985,0,,PIT,DEN,23,31
1985-12-01,1985,0,,WSH,SF,8,35
1985-12-01,1985,0,,GB,TB,21,0
1985-12-01,1985,0,,ATL,OAK,24,34
1985-12-01,1985,0,,SEA,KC,24,6
1985-12-02,1985,0,,MIA,CHI,38,24
1985-12-08,1985,0,,CHI,IND,17,10
1985-12-08,1985,0,,NE,DET,23,6
1985-12-08,1985,0,,GB,MIA,24,34
1985-12-08,1985,0,,ARI,NO,28,16
1985-12-08,1985,0,,PHI,WSH,12,17
1985-12-08,1985,0,,LAC,PIT,54,44
1985-12-08,1985,0,,DEN,OAK,14,17
1985-12-08,1985,0,,KC,ATL,38,10
1985-12-08,1985,0,,TEN,NYG,14,35
1985-12-08,1985,0,,SEA,CLE,31,13
1985-12-08,1985,0,,CIN,DAL,50,24
1985-12-08,1985,0,,BUF,NYJ,7,27
1985-12-08,1985,0,,MIN,TB,26,7
1985-12-09,1985,0,,SF,LAR,20,27
1985-12-14,1985,0,,DEN,KC,14,13
1985-12-14,1985,0,,NYJ,CHI,6,19
1985-12-15,1985,0,,TB,IND,23,31
1985-12-15,1985,0,,CLE,TEN,28,21
1985-12-15,1985,0,,DAL,NYG,28,21
1985-12-15,1985,0,,LAC,PHI,20,14
1985-12-15,1985,0,,NO,SF,19,31
1985-12-15,1985,0,,OAK,SEA,13,3
1985-12-15,1985,0,,WSH,CIN,27,24
1985-12-15,1985,0,,PIT,BUF,30,24
1985-12-15,1985,0,,LAR,ARI,46,14
1985-12-15,1985,0,,ATL,MIN,14,13
1985-12-15,1985,0,,DET,GB,23,26
1985-12-16,1985,0,,MIA,NE,30,27
1985-12-20,1985,0,,SEA,DEN,24,27
1985-12-21,1985,0,,ARI,WSH,16,27
1985-12-21,1985,0,,NYG,PIT,28,10
1985-12-22,1985,0,,NYJ,CLE,37,10
1985-12-22,1985,0,,MIN,PHI,35,37
1985-12-22,1985,0,,DET,CHI,17,37
1985-12-22,1985,0,,NE,CIN,34,23
1985-12-22,1985,0,,SF,DAL,31,16
1985-12-22,1985,0,,NO,ATL,10,16
1985-12-22,1985,0,,MIA,BUF,28,0
1985-12-22,1985,0,,KC,LAC,38,34
1985-12-22,1985,0,,TB,GB,17,20
1985-12-22,1985,0,,IND,TEN,34,16
1985-12-23,1985,0,,LAR,OAK,6,16
1985-12-28,1985,0,w,NYJ,NE,14,26
1985-12-29,1985,0,w,NYG,SF,17,3
1986-01-04,1985,0,d,LAR,DAL,20,0
1986-01-04,1985,0,d,MIA,CLE,24,21
1986-01-05,1985,0,d,OAK,NE,20,27
1986-01-05,1985,0,d,CHI,NYG,21,0
1986-01-12,1985,0,c,CHI,LAR,24,0
1986-01-12,1985,0,c,MIA,NE,14,31
1986-01-26,1985,1,s,NE,CHI,10,46
1986-09-07,1986,0,,ARI,LAR,10,16
1986-09-07,1986,0,,CHI,CLE,41,31
1986-09-07,1986,0,,MIN,DET,10,13
1986-09-07,1986,0,,NE,IND,33,3
1986-09-07,1986,0,,TB,SF,7,31
1986-09-07,1986,0,,LAC,MIA,50,28
1986-09-07,1986,0,,GB,TEN,3,31
1986-09-07,1986,0,,KC,CIN,24,14
1986-09-07,1986,0,,NO,ATL,10,31
1986-09-07,1986,0,,SEA,PIT,30,0
1986-09-07,1986,0,,WSH,PHI,41,14
1986-09-07,1986,0,,BUF,NYJ,24,28
1986-09-07,1986,0,,DEN,OAK,38,36
1986-09-08,1986,0,,DAL,NYG,31,28
1986-09-11,1986,0,,NYJ,NE,6,20
1986-09-14,1986,0,,WSH,OAK,10,6
1986-09-14,1986,0,,CHI,PHI,13,10
1986-09-14,1986,0,,ATL,ARI,33,13
1986-09-14,1986,0,,CIN,BUF,36,33
1986-09-14,1986,0,,TB,MIN,10,23
1986-09-14,1986,0,,TEN,CLE,20,23
1986-09-14,1986,0,,LAR,SF,16,13
1986-09-14,1986,0,,MIA,IND,30,10
1986-09-14,1986,0,,NYG,LAC,20,7
1986-09-14,1986,0,,DET,DAL,7,31
1986-09-14,1986,0,,SEA,KC,23,17
1986-09-14,1986,0,,NO,GB,24,10
1986-09-15,1986,0,,PIT,DEN,10,21
1986-09-18,1986,0,,CLE,CIN,13,30
1986-09-21,1986,0,,PHI,DEN,7,33
1986-09-21,1986,0,,KC,TEN,27,13
1986-09-21,1986,0,,MIN,PIT,31,7
1986-09-21,1986,0,,OAK,NYG,9,14
1986-09-21,1986,0,,NYJ,MIA,51,45
1986-09-21,1986,0,,NE,SEA,31,38
1986-09-21,1986,0,,IND,LAR,7,24
1986-09-21,1986,0,,DAL,ATL,35,37
1986-09-21,1986,0,,BUF,ARI,17,10
1986-09-21,1986,0,,DET,TB,20,24
1986-09-21,1986,0,,LAC,WSH,27,30
1986-09-21,1986,0,,SF,NO,26,17
1986-09-22,1986,0,,GB,CHI,12,25
1986-09-28,1986,0,,MIN,GB,42,7
1986-09-28,1986,0,,BUF,KC,17,20
1986-09-28,1986,0,,CIN,CHI,7,44
1986-09-28,1986,0,,CLE,DET,24,21
1986-09-28,1986,0,,TEN,PIT,16,22
1986-09-28,1986,0,,OAK,LAC,17,13
1986-09-28,1986,0,,TB,ATL,20,23
1986-09-28,1986,0,,IND,NYJ,7,26
1986-09-28,1986,0,,MIA,SF,16,31
1986-09-28,1986,0,,PHI,LAR,34,20
1986-09-28,1986,0,,NYG,NO,20,17
1986-09-28,1986,0,,WSH,SEA,19,14
1986-09-28,1986,0,,DEN,NE,27,20
1986-09-29,1986,0,,ARI,DAL,7,31
1986-10-05,1986,0,,GB,CIN,28,34
1986-10-05,1986,0,,ARI,NYG,6,13
1986-10-05,1986,0,,CHI,MIN,23,0
1986-10-05,1986,0,,PIT,CLE,24,27
1986-10-05,1986,0,,ATL,PHI,0,16
1986-10-05,1986,0,,LAR,TB,26,20
1986-10-05,1986,0,,DEN,DAL,29,14
1986-10-05,1986,0,,NE,MIA,34,7
1986-10-05,1986,0,,DET,TEN,24,13
1986-10-05,1986,0,,KC,OAK,17,24
1986-10-05,1986,0,,NYJ,BUF,14,13
1986-10-05,1986,0,,NO,WSH,6,14
1986-10-05,1986,0,,SF,IND,35,14
1986-10-06,1986,0,,SEA,LAC,33,7
1986-10-12,1986,0,,LAC,DEN,14,31
1986-10-12,1986,0,,NE,NYJ,24,31
1986-10-12,1986,0,,MIA,BUF,27,14
1986-10-12,1986,0,,ATL,LAR,26,14
1986-10-12,1986,0,,DAL,WSH,30,6
1986-10-12,1986,0,,TB,ARI,19,30
1986-10-12,1986,0,,OAK,SEA,14,10
1986-10-12,1986,0,,IND,NO,14,17
1986-10-12,1986,0,,TEN,CHI,7,20
1986-10-12,1986,0,,SF,MIN,24,27
1986-10-12,1986,0,,CLE,KC,20,7
1986-10-12,1986,0,,NYG,PHI,35,3
1986-10-12,1986,0,,GB,DET,14,21
1986-10-13,1986,0,,CIN,PIT,24,22
1986-10-19,1986,0,,CLE,GB,14,17
1986-10-19,1986,0,,LAR,DET,14,10
1986-10-19,1986,0,,PIT,NE,0,34
1986-10-19,1986,0,,WSH,ARI,28,21
1986-10-19,1986,0,,MIA,OAK,28,30
1986-10-19,1986,0,,KC,LAC,42,41
1986-10-19,1986,0,,CIN,TEN,31,28
1986-10-19,1986,0,,MIN,CHI,23,7
1986-10-19,1986,0,,BUF,IND,24,13
1986-10-19,1986,0,,ATL,SF,10,10
1986-10-19,1986,0,,NO,TB,38,7
1986-10-19,1986,0,,PHI,DAL,14,17
1986-10-19,1986,0,,SEA,NYG,17,12
1986-10-20,1986,0,,NYJ,DEN,22,10
1986-10-26,1986,0,,GB,SF,17,31
1986-10-26,1986,0,,IND,MIA,13,17
1986-10-26,1986,0,,TEN,OAK,17,28
1986-10-26,1986,0,,LAR,ATL,14,7
1986-10-26,1986,0,,MIN,CLE,20,23
1986-10-26,1986,0,,NYJ,NO,28,23
1986-10-26,1986,0,,PIT,CIN,30,9
1986-10-26,1986,0,,CHI,DET,13,7
1986-10-26,1986,0,,DAL,ARI,37,6
1986-10-26,1986,0,,KC,TB,27,20
1986-10-26,1986,0,,DEN,SEA,20,13
1986-10-26,1986,0,,BUF,NE,3,23
1986-10-26,1986,0,,PHI,LAC,23,7
1986-10-27,1986,0,,NYG,WSH,27,20
1986-11-02,1986,0,,SEA,NYJ,7,38
1986-11-02,1986,0,,OAK,DEN,10,21
1986-11-02,1986,0,,TB,BUF,34,28
1986-11-02,1986,0,,DET,CIN,17,24
1986-11-02,1986,0,,MIA,TEN,28,7
1986-11-02,1986,0,,NE,ATL,25,17
1986-11-02,1986,0,,WSH,MIN,44,38
1986-11-02,1986,0,,ARI,PHI,13,10
1986-11-02,1986,0,,PIT,GB,27,3
1986-11-02,1986,0,,NO,SF,23,10
1986-11-02,1986,0,,NYG,DAL,17,14
1986-11-02,1986,0,,LAC,KC,23,24
1986-11-02,1986,0,,IND,CLE,9,24
1986-11-03,1986,0,,CHI,LAR,17,20
1986-11-09,1986,0,,TEN,CIN,32,28
1986-11-09,1986,0,,ATL,NYJ,14,28
1986-11-09,1986,0,,NO,LAR,6,0
1986-11-09,1986,0,,DET,MIN,10,24
1986-11-09,1986,0,,SF,ARI,43,17
1986-11-09,1986,0,,TB,CHI,3,23
1986-11-09,1986,0,,PHI,NYG,14,17
1986-11-09,1986,0,,KC,SEA,27,7
1986-11-09,1986,0,,DEN,LAC,3,9
1986-11-09,1986,0,,IND,NE,21,30
1986-11-09,1986,0,,BUF,PIT,16,12
1986-11-09,1986,0,,GB,WSH,7,16
1986-11-09,1986,0,,DAL,OAK,13,17
1986-11-10,1986,0,,CLE,MIA,26,16
1986-11-16,1986,0,,CIN,SEA,34,7
1986-11-16,1986,0,,DEN,KC,38,17
1986-11-16,1986,0,,ATL,CHI,10,13
1986-11-16,1986,0,,NYJ,IND,31,16
1986-11-16,1986,0,,LAR,NE,28,30
1986-11-16,1986,0,,OAK,CLE,27,14
1986-11-16,1986,0,,LAC,DAL,21,24
1986-11-16,1986,0,,PHI,DET,11,13
1986-11-16,1986,0,,MIN,NYG,20,22
1986-11-16,1986,0,,PIT,TEN,21,10
1986-11-16,1986,0,,GB,TB,31,7
1986-11-16,1986,0,,BUF,MIA,24,34
1986-11-16,1986,0,,ARI,NO,7,16
1986-11-17,1986,0,,WSH,SF,14,6
1986-11-20,1986,0,,LAC,OAK,31,37
1986-11-23,1986,0,,NE,BUF,22,19
1986-11-23,1986,0,,TB,DET,17,38
1986-11-23,1986,0,,NYG,DEN,19,16
1986-11-23,1986,0,,WSH,DAL,41,14
1986-11-23,1986,0,,ARI,KC,23,14
1986-11-23,1986,0,,CIN,MIN,24,20
1986-11-23,1986,0,,SEA,PHI,24,20
1986-11-23,1986,0,,CLE,PIT,37,31
1986-11-23,1986,0,,SF,ATL,20,0
1986-11-23,1986,0,,LAR,NO,26,13
1986-11-23,1986,0,,CHI,GB,12,10
1986-11-23,1986,0,,TEN,IND,31,17
1986-11-24,1986,0,,MIA,NYJ,45,3
1986-11-27,1986,0,,DET,GB,40,44
1986-11-27,1986,0,,DAL,SEA,14,31
1986-11-30,1986,0,,OAK,PHI,27,33
1986-11-30,1986,0,,MIA,ATL,14,20
1986-11-30,1986,0,,MIN,TB,45,13
1986-11-30,1986,0,,NYJ,LAR,3,17
1986-11-30,1986,0,,IND,LAC,3,17
1986-11-30,1986,0,,CLE,TEN,13,10
1986-11-30,1986,0,,ARI,WSH,17,20
1986-11-30,1986,0,,NO,NE,20,21
1986-11-30,1986,0,,DEN,CIN,34,28
1986-11-30,1986,0,,CHI,PIT,13,10
1986-11-30,1986,0,,KC,BUF,14,17
1986-12-01,1986,0,,SF,NYG,17,21
1986-12-07,1986,0,,NE,CIN,7,31
1986-12-07,1986,0,,WSH,NYG,14,24
1986-12-07,1986,0,,LAR,DAL,29,10
1986-12-07,1986,0,,PHI,ARI,10,10
1986-12-07,1986,0,,BUF,CLE,17,21
1986-12-07,1986,0,,KC,DEN,37,10
1986-12-07,1986,0,,LAC,TEN,27,0
1986-12-07,1986,0,,PIT,DET,27,17
1986-12-07,1986,0,,GB,MIN,6,32
1986-12-07,1986,0,,ATL,IND,23,28
1986-12-07,1986,0,,NO,MIA,27,31
1986-12-07,1986,0,,SF,NYJ,24,10
1986-12-07,1986,0,,CHI,TB,48,14
1986-12-08,1986,0,,SEA,OAK,37,0
1986-12-13,1986,0,,DEN,WSH,31,30
1986-12-13,1986,0,,NYJ,PIT,24,45
1986-12-14,1986,0,,CIN,CLE,3,34
1986-12-14,1986,0,,TEN,MIN,23,10
1986-12-14,1986,0,,IND,BUF,24,14
1986-12-14,1986,0,,NE,SF,24,29
1986-12-14,1986,0,,NYG,ARI,27,7
1986-12-14,1986,0,,OAK,KC,17,20
1986-12-14,1986,0,,TB,GB,7,21
1986-12-14,1986,0,,LAR,MIA,31,37
1986-12-14,1986,0,,LAC,SEA,24,34
1986-12-14,1986,0,,DAL,PHI,21,23
1986-12-14,1986,0,,ATL,NO,9,14
1986-12-15,1986,0,,DET,CHI,13,16
1986-12-19,1986,0,,SF,LAR,24,14
1986-12-20,1986,0,,NYG,GB,55,24
1986-12-20,1986,0,,SEA,DEN,41,16
1986-12-21,1986,0,,CLE,LAC,47,17
1986-12-21,1986,0,,DAL,CHI,10,24
1986-12-21,1986,0,,PIT,KC,19,24
1986-12-21,1986,0,,TEN,BUF,16,7
1986-12-21,1986,0,,DET,ATL,6,20
1986-12-21,1986,0,,ARI,TB,21,17
1986-12-21,1986,0,,MIN,NO,33,17
1986-12-21,1986,0,,OAK,IND,24,30
1986-12-21,1986,0,,CIN,NYJ,52,21
1986-12-21,1986,0,,PHI,WSH,14,21
1986-12-22,1986,0,,MIA,NE,27,34
1986-12-28,1986,0,w,WSH,LAR,19,7
1986-12-28,1986,0,w,NYJ,KC,35,15
1987-01-03,1986,0,d,CLE,NYJ,23,20
1987-01-03,1986,0,d,CHI,WSH,13,27
1987-01-04,1986,0,d,NYG,SF,49,3
1987-01-04,1986,0,d,DEN,NE,22,17
1987-01-11,1986,0,c,CLE,DEN,20,23
1987-01-11,1986,0,c,NYG,WSH,17,0
1987-01-25,1986,1,s,NYG,DEN,39,20
1987-09-13,1987,0,,DEN,SEA,40,17
1987-09-13,1987,0,,KC,LAC,20,13
1987-09-13,1987,0,,PIT,SF,30,17
1987-09-13,1987,0,,TB,ATL,48,10
1987-09-13,1987,0,,IND,CIN,21,23
1987-09-13,1987,0,,TEN,LAR,20,16
1987-09-13,1987,0,,ARI,DAL,24,13
1987-09-13,1987,0,,NE,MIA,28,21
1987-09-13,1987,0,,WSH,PHI,34,24
1987-09-13,1987,0,,GB,OAK,0,20
1987-09-13,1987,0,,MIN,DET,34,19
1987-09-13,1987,0,,NO,CLE,28,21
1987-09-13,1987,0,,BUF,NYJ,28,31
1987-09-14,1987,0,,CHI,NYG,34,19
1987-09-20,1987,0,,GB,DEN,17,17
1987-09-20,1987,0,,CLE,PIT,34,10
1987-09-20,1987,0,,NYG,DAL,14,16
1987-09-20,1987,0,,LAR,MIN,16,21
1987-09-20,1987,0,,BUF,TEN,34,30
1987-09-20,1987,0,,IND,MIA,10,23
1987-09-20,1987,0,,LAC,ARI,28,24
1987-09-20,1987,0,,ATL,WSH,21,20
1987-09-20,1987,0,,CHI,TB,20,3
1987-09-20,1987,0,,CIN,SF,26,27
1987-09-20,1987,0,,PHI,NO,27,17
1987-09-20,1987,0,,SEA,KC,43,14
1987-09-20,1987,0,,OAK,DET,27,7
1987-09-21,1987,0,,NYJ,NE,43,24
1987-10-04,1987,0,,CIN,LAC,9,10
1987-10-04,1987,0,,MIN,GB,16,23
1987-10-04,1987,0,,NE,CLE,10,20
1987-10-04,1987,0,,NYJ,DAL,24,38
1987-10-04,1987,0,,OAK,KC,35,17
1987-10-04,1987,0,,BUF,IND,6,47
1987-10-04,1987,0,,SEA,MIA,24,20
1987-10-04,1987,0,,ATL,PIT,12,28
1987-10-04,1987,0,,PHI,CHI,3,35
1987-10-04,1987,0,,DEN,TEN,10,40
1987-10-04,1987,0,,NO,LAR,37,10
1987-10-04,1987,0,,WSH,ARI,28,21
1987-10-04,1987,0,,DET,TB,27,31
1987-10-05,1987,0,,NYG,SF,21,41
1987-10-11,1987,0,,CHI,MIN,27,7
1987-10-11,1987,0,,LAR,PIT,31,21
1987-10-11,1987,0,,TB,LAC,13,17
1987-10-11,1987,0,,SEA,CIN,10,17
1987-10-11,1987,0,,NYG,WSH,12,38
1987-10-11,1987,0,,MIA,KC,42,0
1987-10-11,1987,0,,DAL,PHI,41,22
1987-10-11,1987,0,,IND,NYJ,6,0
1987-10-11,1987,0,,CLE,TEN,10,15
1987-10-11,1987,0,,ATL,SF,17,25
1987-10-11,1987,0,,NE,BUF,14,7
1987-10-11,1987,0,,GB,DET,16,19
1987-10-11,1987,0,,ARI,NO,24,19
1987-10-12,1987,0,,DEN,OAK,30,14
1987-10-18,1987,0,,BUF,NYG,6,3
1987-10-18,1987,0,,KC,DEN,17,26
1987-10-18,1987,0,,OAK,LAC,17,23
1987-10-18,1987,0,,NYJ,MIA,37,31
1987-10-18,1987,0,,ATL,LAR,24,20
1987-10-18,1987,0,,CIN,CLE,0,34
1987-10-18,1987,0,,TEN,NE,7,21
1987-10-18,1987,0,,PIT,IND,21,7
1987-10-18,1987,0,,CHI,NO,17,19
1987-10-18,1987,0,,DET,SEA,14,37
1987-10-18,1987,0,,GB,PHI,16,10
1987-10-18,1987,0,,TB,MIN,20,10
1987-10-18,1987,0,,SF,ARI,34,28
1987-10-19,1987,0,,DAL,WSH,7,13
1987-10-25,1987,0,,TB,CHI,26,27
1987-10-25,1987,0,,WSH,NYJ,17,16
1987-10-25,1987,0,,NO,SF,22,24
1987-10-25,1987,0,,OAK,SEA,13,35
1987-10-25,1987,0,,TEN,ATL,37,33
1987-10-25,1987,0,,DET,GB,33,34
1987-10-25,1987,0,,MIA,BUF,31,34
1987-10-25,1987,0,,PHI,DAL,37,20
1987-10-25,1987,0,,IND,NE,30,16
1987-10-25,1987,0,,LAC,KC,42,21
1987-10-25,1987,0,,PIT,CIN,23,20
1987-10-25,1987,0,,NYG,ARI,30,7
1987-10-26,1987,0,,CLE,LAR,30,17
1987-10-26,1987,0,,MIN,DEN,34,27
1987-11-01,1987,0,,LAR,SF,10,31
1987-11-01,1987,0,,BUF,WSH,7,27
1987-11-01,1987,0,,CHI,KC,31,28
1987-11-01,1987,0,,CIN,TEN,29,31
1987-11-01,1987,0,,DEN,DET,34,0
1987-11-01,1987,0,,NE,OAK,26,23
1987-11-01,1987,0,,SEA,MIN,28,17
1987-11-01,1987,0,,NYJ,IND,14,19
1987-11-01,1987,0,,ATL,NO,0,38
1987-11-01,1987,0,,ARI,PHI,23,28
1987-11-01,1987,0,,LAC,CLE,27,24
1987-11-01,1987,0,,MIA,PIT,35,24
1987-11-01,1987,0,,GB,TB,17,23
1987-11-02,1987,0,,DAL,NYG,33,24
1987-11-08,1987,0,,ARI,TB,31,28
1987-11-08,1987,0,,IND,LAC,13,16
1987-11-08,1987,0,,GB,CHI,24,26
1987-11-08,1987,0,,NYG,NE,17,10
1987-11-08,1987,0,,CIN,MIA,14,20
1987-11-08,1987,0,,BUF,DEN,21,14
1987-11-08,1987,0,,MIN,OAK,31,20
1987-11-08,1987,0,,KC,PIT,16,17
1987-11-08,1987,0,,DET,DAL,27,17
1987-11-08,1987,0,,LAR,NO,14,31
1987-11-08,1987,0,,PHI,WSH,31,27
1987-11-08,1987,0,,SF,TEN,27,20
1987-11-08,1987,0,,CLE,ATL,38,3
1987-11-09,1987,0,,NYJ,SEA,30,14
1987-11-15,1987,0,,ARI,LAR,24,27
1987-11-15,1987,0,,PIT,TEN,3,23
1987-11-15,1987,0,,LAC,OAK,16,14
1987-11-15,1987,0,,PHI,NYG,17,20
1987-11-15,1987,0,,KC,NYJ,9,16
1987-11-15,1987,0,,MIN,TB,23,17
1987-11-15,1987,0,,WSH,DET,20,13
1987-11-15,1987,0,,MIA,IND,21,40
1987-11-15,1987,0,,SEA,GB,24,13
1987-11-15,1987,0,,NE,DAL,17,23
1987-11-15,1987,0,,CLE,BUF,27,21
1987-11-15,1987,0,,SF,NO,24,26
1987-11-15,1987,0,,ATL,CIN,10,16
1987-11-16,1987,0,,DEN,CHI,31,29
1987-11-22,1987,0,,CIN,PIT,16,30
1987-11-22,1987,0,,NYJ,BUF,14,17
1987-11-22,1987,0,,NE,IND,24,0
1987-11-22,1987,0,,PHI,ARI,19,31
1987-11-22,1987,0,,OAK,DEN,17,23
1987-11-22,1987,0,,SEA,LAC,34,3
1987-11-22,1987,0,,DAL,MIA,14,20
1987-11-22,1987,0,,MIN,ATL,24,13
1987-11-22,1987,0,,NO,NYG,23,14
1987-11-22,1987,0,,CHI,DET,30,10
1987-11-22,1987,0,,KC,GB,3,23
1987-11-22,1987,0,,TB,SF,10,24
1987-11-22,1987,0,,TEN,CLE,7,40
1987-11-23,1987,0,,WSH,LAR,26,30
1987-11-26,1987,0,,DET,KC,20,27
1987-11-26,1987,0,,DAL,MIN,38,44
1987-11-29,1987,0,,LAR,TB,35,3
1987-11-29,1987,0,,NYJ,CIN,27,20
1987-11-29,1987,0,,SF,CLE,38,24
1987-11-29,1987,0,,WSH,NYG,23,19
1987-11-29,1987,0,,NE,PHI,31,34
1987-11-29,1987,0,,ATL,ARI,21,34
1987-11-29,1987,0,,IND,TEN,51,27
1987-11-29,1987,0,,BUF,MIA,27,0
1987-11-29,1987,0,,LAC,DEN,17,31
1987-11-29,1987,0,,PIT,NO,16,20
1987-11-29,1987,0,,CHI,GB,23,10
1987-11-30,1987,0,,SEA,OAK,14,37
1987-12-06,1987,0,,MIN,CHI,24,30
1987-12-06,1987,0,,OAK,BUF,34,21
1987-12-06,1987,0,,NYG,PHI,23,20
1987-12-06,1987,0,,DAL,ATL,10,21
1987-12-06,1987,0,,TEN,LAC,33,18
1987-12-06,1987,0,,GB,SF,12,23
1987-12-06,1987,0,,DET,LAR,16,37
1987-12-06,1987,0,,CLE,IND,7,9
1987-12-06,1987,0,,PIT,SEA,13,9
1987-12-06,1987,0,,NO,TB,44,34
1987-12-06,1987,0,,CIN,KC,30,27
1987-12-06,1987,0,,ARI,WSH,17,34
1987-12-06,1987,0,,DEN,NE,31,20
1987-12-07,1987,0,,MIA,NYJ,37,28
1987-12-13,1987,0,,NO,TEN,24,10
1987-12-13,1987,0,,TB,DET,10,20
1987-12-13,1987,0,,CLE,CIN,38,24
1987-12-13,1987,0,,PHI,MIA,10,28
1987-12-13,1987,0,,ARI,NYG,27,24
1987-12-13,1987,0,,SEA,DEN,28,21
1987-12-13,1987,0,,GB,MIN,16,10
1987-12-13,1987,0,,LAR,ATL,33,0
1987-12-13,1987,0,,WSH,DAL,24,20
1987-12-13,1987,0,,NE,NYJ,42,20
1987-12-13,1987,0,,LAC,PIT,16,20
1987-12-13,1987,0,,IND,BUF,3,27
1987-12-13,1987,0,,KC,OAK,16,10
1987-12-14,1987,0,,SF,CHI,41,0
1987-12-19,1987,0,,NYG,GB,20,10
1987-12-19,1987,0,,DEN,KC,20,17
1987-12-20,1987,0,,MIA,WSH,23,21
1987-12-20,1987,0,,DET,MIN,14,17
1987-12-20,1987,0,,NYJ,PHI,27,38
1987-12-20,1987,0,,LAC,IND,7,20
1987-12-20,1987,0,,SF,ATL,35,7
1987-12-20,1987,0,,CHI,SEA,21,34
1987-12-20,1987,0,,TB,ARI,14,31
1987-12-20,1987,0,,CIN,NO,24,41
1987-12-20,1987,0,,BUF,NE,7,13
1987-12-20,1987,0,,TEN,PIT,24,16
1987-12-20,1987,0,,OAK,CLE,17,24
1987-12-21,1987,0,,LAR,DAL,21,29
1987-12-26,1987,0,,PIT,CLE,13,19
1987-12-26,1987,0,,MIN,WSH,24,27
1987-12-27,1987,0,,TEN,CIN,21,17
1987-12-27,1987,0,,SF,LAR,48,0
1987-12-27,1987,0,,PHI,BUF,17,7
1987-12-27,1987,0,,NO,GB,33,24
1987-12-27,1987,0,,DAL,ARI,21,16
1987-12-27,1987,0,,ATL,DET,13,30
1987-12-27,1987,0,,KC,SEA,41,20
1987-12-27,1987,0,,NYG,NYJ,20,7
1987-12-27,1987,0,,OAK,CHI,3,6
1987-12-27,1987,0,,IND,TB,24,6
1987-12-27,1987,0,,DEN,LAC,24,0
1987-12-28,1987,0,,MIA,NE,10,24
1988-01-03,1987,0,w,TEN,SEA,23,20
1988-01-03,1987,0,w,NO,MIN,10,44
1988-01-09,1987,0,d,CLE,IND,38,21
1988-01-09,1987,0,d,SF,MIN,24,36
1988-01-10,1987,0,d,CHI,WSH,17,21
1988-01-10,1987,0,d,DEN,TEN,34,10
1988-01-17,1987,0,c,DEN,CLE,38,33
1988-01-17,1987,0,c,WSH,MIN,17,10
1988-01-31,1987,1,s,WSH,DEN,42,10
1988-09-04,1988,0,,BUF,MIN,13,10
1988-09-04,1988,0,,CHI,MIA,34,7
1988-09-04,1988,0,,OAK,LAC,24,13
1988-09-04,1988,0,,CIN,ARI,21,14
1988-09-04,1988,0,,DET,ATL,31,17
1988-09-04,1988,0,,GB,LAR,7,34
1988-09-04,1988,0,,NO,SF,33,34
1988-09-04,1988,0,,DEN,SEA,14,21
1988-09-04,1988,0,,KC,CLE,3,6
1988-09-04,1988,0,,NE,NYJ,28,3
1988-09-04,1988,0,,TB,PHI,14,41
1988-09-04,1988,0,,IND,TEN,14,17
1988-09-04,1988,0,,PIT,DAL,24,21
1988-09-05,1988,0,,NYG,WSH,27,20
1988-09-11,1988,0,,DEN,LAC,34,3
1988-09-11,1988,0,,LAR,DET,17,10
1988-09-11,1988,0,,CLE,NYJ,3,23
1988-09-11,1988,0,,NYG,SF,17,20
1988-09-11,1988,0,,ATL,NO,21,29
1988-09-11,1988,0,,MIN,NE,36,6
1988-09-11,1988,0,,WSH,PIT,30,29
1988-09-11,1988,0,,BUF,MIA,9,6
1988-09-11,1988,0,,IND,CHI,13,17
1988-09-11,1988,0,,GB,TB,10,13
1988-09-11,1988,0,,TEN,OAK,38,35
1988-09-11,1988,0,,SEA,KC,31,10
1988-09-11,1988,0,,PHI,CIN,24,28
1988-09-12,1988,0,,ARI,DAL,14,17
1988-09-18,1988,0,,DAL,NYG,10,12
1988-09-18,1988,0,,NE,BUF,14,16
1988-09-18,1988,0,,LAC,SEA,17,6
1988-09-18,1988,0,,WSH,PHI,17,10
1988-09-18,1988,0,,OAK,LAR,17,22
1988-09-18,1988,0,,CHI,MIN,7,31
1988-09-18,1988,0,,DET,NO,14,22
1988-09-18,1988,0,,MIA,GB,24,17
1988-09-18,1988,0,,TB,ARI,24,30
1988-09-18,1988,0,,NYJ,TEN,45,3
1988-09-18,1988,0,,KC,DEN,20,13
1988-09-18,1988,0,,SF,ATL,17,34
1988-09-18,1988,0,,PIT,CIN,12,17
1988-09-19,1988,0,,CLE,IND,23,17
1988-09-25,1988,0,,NYG,LAR,31,45
1988-09-25,1988,0,,DET,NYJ,10,17
1988-09-25,1988,0,,ARI,WSH,30,21
1988-09-25,1988,0,,CIN,CLE,24,17
1988-09-25,1988,0,,BUF,PIT,36,28
1988-09-25,1988,0,,NO,TB,13,9
1988-09-25,1988,0,,TEN,NE,31,6
1988-09-25,1988,0,,GB,CHI,6,24
1988-09-25,1988,0,,SEA,SF,7,38
1988-09-25,1988,0,,MIN,PHI,23,21
1988-09-25,1988,0,,KC,LAC,23,24
1988-09-25,1988,0,,DAL,ATL,26,20
1988-09-25,1988,0,,IND,MIA,15,13
1988-09-26,1988,0,,DEN,OAK,27,30
1988-10-02,1988,0,,TB,GB,27,24
1988-10-02,1988,0,,PHI,TEN,32,23
1988-10-02,1988,0,,LAC,DEN,0,12
1988-10-02,1988,0,,NYJ,KC,17,17
1988-10-02,1988,0,,LAR,ARI,27,41
1988-10-02,1988,0,,ATL,SEA,20,31
1988-10-02,1988,0,,OAK,CIN,21,45
1988-10-02,1988,0,,CHI,BUF,24,3
1988-10-02,1988,0,,SF,DET,20,13
1988-10-02,1988,0,,WSH,NYG,23,24
1988-10-02,1988,0,,NE,IND,21,17
1988-10-02,1988,0,,PIT,CLE,9,23
1988-10-02,1988,0,,MIA,MIN,24,7
1988-10-03,1988,0,,NO,DAL,20,17
1988-10-09,1988,0,,CIN,NYJ,36,19
1988-10-09,1988,0,,OAK,MIA,14,24
1988-10-09,1988,0,,LAC,NO,17,23
1988-10-09,1988,0,,ARI,PIT,31,14
1988-10-09,1988,0,,GB,NE,45,3
1988-10-09,1988,0,,MIN,TB,14,13
1988-10-09,1988,0,,DET,CHI,7,24
1988-10-09,1988,0,,SF,DEN,13,16
1988-10-09,1988,0,,TEN,KC,7,6
1988-10-09,1988,0,,ATL,LAR,0,33
1988-10-09,1988,0,,BUF,IND,34,23
1988-10-09,1988,0,,CLE,SEA,10,16
1988-10-09,1988,0,,DAL,WSH,17,35
1988-10-10,1988,0,,PHI,NYG,24,13
1988-10-16,1988,0,,LAR,SF,21,24
1988-10-16,1988,0,,CLE,PHI,19,3
1988-10-16,1988,0,,MIN,GB,14,34
1988-10-16,1988,0,,WSH,ARI,33,17
1988-10-16,1988,0,,SEA,NO,19,20
1988-10-16,1988,0,,DEN,ATL,30,14
1988-10-16,1988,0,,NE,CIN,27,21
1988-10-16,1988,0,,PIT,TEN,14,34
1988-10-16,1988,0,,MIA,LAC,31,28
1988-10-16,1988,0,,CHI,DAL,17,7
1988-10-16,1988,0,,NYG,DET,30,10
1988-10-16,1988,0,,KC,OAK,17,27
1988-10-16,1988,0,,IND,TB,35,31
1988-10-17,1988,0,,NYJ,BUF,14,37
1988-10-23,1988,0,,LAC,IND,0,16
1988-10-23,1988,0,,KC,DET,6,7
1988-10-23,1988,0,,ATL,NYG,16,23
1988-10-23,1988,0,,CIN,TEN,44,21
1988-10-23,1988,0,,TB,MIN,20,49
1988-10-23,1988,0,,PIT,DEN,39,21
1988-10-23,1988,0,,NO,OAK,20,6
1988-10-23,1988,0,,BUF,NE,23,20
1988-10-23,1988,0,,GB,WSH,17,20
1988-10-23,1988,0,,PHI,DAL,24,23
1988-10-23,1988,0,,ARI,CLE,21,29
1988-10-23,1988,0,,LAR,SEA,31,10
1988-10-23,1988,0,,MIA,NYJ,30,44
1988-10-24,1988,0,,CHI,SF,10,9
1988-10-30,1988,0,,NYJ,PIT,24,20
1988-10-30,1988,0,,TB,MIA,14,17
1988-10-30,1988,0,,DAL,ARI,10,16
1988-10-30,1988,0,,DET,NYG,10,13
1988-10-30,1988,0,,BUF,GB,28,0
1988-10-30,1988,0,,NO,LAR,10,12
1988-10-30,1988,0,,SEA,LAC,17,14
1988-10-30,1988,0,,OAK,KC,17,10
1988-10-30,1988,0,,SF,MIN,24,21
1988-10-30,1988,0,,PHI,ATL,24,27
1988-10-30,1988,0,,CLE,CIN,23,16
1988-10-30,1988,0,,TEN,WSH,41,17
1988-10-30,1988,0,,NE,CHI,30,7
1988-10-31,1988,0,,IND,DEN,55,23
1988-11-06,1988,0,,PHI,LAR,30,24
1988-11-06,1988,0,,WSH,NO,27,24
1988-11-06,1988,0,,IND,NYJ,38,14
1988-11-06,1988,0,,ARI,SF,24,23
1988-11-06,1988,0,,NYG,DAL,29,21
1988-11-06,1988,0,,NE,MIA,21,10
1988-11-06,1988,0,,DEN,KC,17,11
1988-11-06,1988,0,,MIN,DET,44,17
1988-11-06,1988,0,,CHI,TB,28,10
1988-11-06,1988,0,,ATL,GB,20,0
1988-11-06,1988,0,,CIN,PIT,42,7
1988-11-06,1988,0,,LAC,OAK,3,13
1988-11-06,1988,0,,SEA,BUF,3,13
1988-11-07,1988,0,,TEN,CLE,24,17
1988-11-13,1988,0,,GB,IND,13,20
1988-11-13,1988,0,,ATL,LAC,7,10
1988-11-13,1988,0,,PIT,PHI,26,27
1988-11-13,1988,0,,NYJ,NE,13,14
1988-11-13,1988,0,,DAL,MIN,3,43
1988-11-13,1988,0,,LAR,NO,10,14
1988-11-13,1988,0,,ARI,NYG,24,17
1988-11-13,1988,0,,DET,TB,20,23
1988-11-13,1988,0,,DEN,CLE,30,7
1988-11-13,1988,0,,KC,CIN,31,28
1988-11-13,1988,0,,SEA,TEN,27,24
1988-11-13,1988,0,,WSH,CHI,14,34
1988-11-13,1988,0,,SF,OAK,3,9
1988-11-14,1988,0,,MIA,BUF,6,31
1988-11-20,1988,0,,DAL,CIN,24,38
1988-11-20,1988,0,,KC,SEA,27,24
1988-11-20,1988,0,,LAR,LAC,24,38
1988-11-20,1988,0,,OAK,ATL,6,12
1988-11-20,1988,0,,TB,CHI,15,27
1988-11-20,1988,0,,NYG,PHI,17,23
1988-11-20,1988,0,,GB,DET,9,19
1988-11-20,1988,0,,CLE,PIT,27,7
1988-11-20,1988,0,,MIA,NE,3,6
1988-11-20,1988,0,,TEN,ARI,38,20
1988-11-20,1988,0,,MIN,IND,12,3
1988-11-20,1988,0,,NO,DEN,42,0
1988-11-20,1988,0,,BUF,NYJ,9,6
1988-11-21,1988,0,,SF,WSH,37,21
1988-11-24,1988,0,,DAL,TEN,17,25
1988-11-24,1988,0,,DET,MIN,0,23
1988-11-27,1988,0,,LAC,SF,10,48
1988-11-27,1988,0,,DEN,LAR,35,24
1988-11-27,1988,0,,ATL,TB,17,10
1988-11-27,1988,0,,CHI,GB,16,0
1988-11-27,1988,0,,CIN,BUF,35,21
1988-11-27,1988,0,,IND,NE,24,21
1988-11-27,1988,0,,PHI,ARI,31,21
1988-11-27,1988,0,,WSH,CLE,13,17
1988-11-27,1988,0,,PIT,KC,16,10
1988-11-27,1988,0,,NYJ,MIA,38,34
1988-11-27,1988,0,,NO,NYG,12,13
1988-11-28,1988,0,,SEA,OAK,35,27
1988-12-04,1988,0,,DET,GB,30,14
1988-12-04,1988,0,,CIN,LAC,27,10
1988-12-04,1988,0,,CLE,DAL,24,21
1988-12-04,1988,0,,NE,SEA,13,7
1988-12-04,1988,0,,MIA,IND,28,31
1988-12-04,1988,0,,NYG,ARI,44,7
1988-12-04,1988,0,,KC,NYJ,38,34
1988-12-04,1988,0,,MIN,NO,45,3
1988-12-04,1988,0,,PHI,WSH,19,20
1988-12-04,1988,0,,ATL,SF,3,13
1988-12-04,1988,0,,TB,BUF,10,5
1988-12-04,1988,0,,TEN,PIT,34,37
1988-12-04,1988,0,,OAK,DEN,21,20
1988-12-05,1988,0,,LAR,CHI,23,3
1988-12-10,1988,0,,NYJ,IND,34,16
1988-12-10,1988,0,,ARI,PHI,17,23
1988-12-11,1988,0,,WSH,DAL,17,24
1988-12-11,1988,0,,NE,TB,10,7
1988-12-11,1988,0,,CHI,DET,13,12
1988-12-11,1988,0,,NYG,KC,28,12
1988-12-11,1988,0,,SF,NO,30,17
1988-12-11,1988,0,,LAC,PIT,20,14
1988-12-11,1988,0,,LAR,ATL,22,7
1988-12-11,1988,0,,BUF,OAK,37,21
1988-12-11,1988,0,,TEN,CIN,41,6
1988-12-11,1988,0,,GB,MIN,18,6
1988-12-11,1988,0,,SEA,DEN,42,14
1988-12-12,1988,0,,MIA,CLE,38,31
1988-12-17,1988,0,,CIN,WSH,20,17
1988-12-17,1988,0,,DEN,NE,21,10
1988-12-18,1988,0,,IND,BUF,17,14
1988-12-18,1988,0,,PIT,MIA,40,24
1988-12-18,1988,0,,TB,DET,21,10
1988-12-18,1988,0,,LAC,KC,24,13
1988-12-18,1988,0,,NYJ,NYG,27,21
1988-12-18,1988,0,,DAL,PHI,7,23
1988-12-18,1988,0,,OAK,SEA,37,43
1988-12-18,1988,0,,ARI,GB,17,26
1988-12-18,1988,0,,CLE,TEN,28,23
1988-12-18,1988,0,,NO,ATL,10,9
1988-12-18,1988,0,,SF,LAR,16,38
1988-12-19,1988,0,,MIN,CHI,28,27
1988-12-24,1988,0,w,CLE,TEN,23,24
1988-12-26,1988,0,w,MIN,LAR,28,17
1988-12-31,1988,0,d,CHI,PHI,20,12
1988-12-31,1988,0,d,CIN,SEA,21,13
1989-01-01,1988,0,d,SF,MIN,34,9
1989-01-01,1988,0,d,BUF,TEN,17,10
1989-01-08,1988,0,c,CIN,BUF,21,10
1989-01-08,1988,0,c,CHI,SF,3,28
1989-01-22,1988,1,s,SF,CIN,20,16
1989-09-10,1989,0,,NO,DAL,28,0
1989-09-10,1989,0,,NYJ,NE,24,27
1989-09-10,1989,0,,PIT,CLE,0,51
1989-09-10,1989,0,,CHI,CIN,17,14
1989-09-10,1989,0,,DEN,KC,34,20
1989-09-10,1989,0,,ATL,LAR,21,31
1989-09-10,1989,0,,MIA,BUF,24,27
1989-09-10,1989,0,,IND,SF,24,30
1989-09-10,1989,0,,DET,ARI,13,16
1989-09-10,1989,0,,PHI,SEA,31,7
1989-09-10,1989,0,,MIN,TEN,38,7
1989-09-10,1989,0,,GB,TB,21,23
1989-09-10,1989,0,,OAK,LAC,40,14
1989-09-11,1989,0,,WSH,NYG,24,27
1989-09-17,1989,0,,CHI,MIN,38,7
1989-09-17,1989,0,,LAC,TEN,27,34
1989-09-17,1989,0,,LAR,IND,31,17
1989-09-17,1989,0,,NYG,DET,24,14
1989-09-17,1989,0,,KC,OAK,24,19
1989-09-17,1989,0,,CLE,NYJ,38,24
1989-09-17,1989,0,,NE,MIA,10,24
1989-09-17,1989,0,,WSH,PHI,37,42
1989-09-17,1989,0,,CIN,PIT,41,10
1989-09-17,1989,0,,GB,NO,35,34
1989-09-17,1989,0,,ATL,DAL,27,21
1989-09-17,1989,0,,TB,SF,16,20
1989-09-17,1989,0,,SEA,ARI,24,34
1989-09-18,1989,0,,BUF,DEN,14,28
1989-09-24,1989,0,,DAL,WSH,7,30
1989-09-24,1989,0,,MIA,NYJ,33,40
1989-09-24,1989,0,,TB,NO,20,10
1989-09-24,1989,0,,DEN,OAK,31,21
1989-09-24,1989,0,,LAR,GB,41,38
1989-09-24,1989,0,,TEN,BUF,41,47
1989-09-24,1989,0,,PIT,MIN,27,14
1989-09-24,1989,0,,PHI,SF,28,38
1989-09-24,1989,0,,LAC,KC,21,6
1989-09-24,1989,0,,IND,ATL,13,9
1989-09-24,1989,0,,NYG,ARI,35,7
1989-09-24,1989,0,,NE,SEA,3,24
1989-09-24,1989,0,,DET,CHI,27,47
1989-09-25,1989,0,,CIN,CLE,21,14
1989-10-01,1989,0,,SF,LAR,12,13
1989-10-01,1989,0,,DET,PIT,3,23
1989-10-01,1989,0,,BUF,NE,31,10
1989-10-01,1989,0,,GB,ATL,23,21
1989-10-01,1989,0,,MIN,TB,17,3
1989-10-01,1989,0,,TEN,MIA,39,7
1989-10-01,1989,0,,NO,WSH,14,16
1989-10-01,1989,0,,KC,CIN,17,21
1989-10-01,1989,0,,OAK,SEA,20,24
1989-10-01,1989,0,,NYJ,IND,10,17
1989-10-01,1989,0,,DAL,NYG,13,30
1989-10-01,1989,0,,ARI,LAC,13,24
1989-10-01,1989,0,,CLE,DEN,16,13
1989-10-02,1989,0,,CHI,PHI,27,13
1989-10-08,1989,0,,NE,TEN,23,13
1989-10-08,1989,0,,WSH,ARI,30,28
1989-10-08,1989,0,,SEA,KC,16,20
1989-10-08,1989,0,,PIT,CIN,16,26
1989-10-08,1989,0,,MIN,DET,24,17
1989-10-08,1989,0,,PHI,NYG,21,19
1989-10-08,1989,0,,MIA,CLE,13,10
1989-10-08,1989,0,,TB,CHI,42,35
1989-10-08,1989,0,,IND,BUF,37,14
1989-10-08,1989,0,,NO,SF,20,24
1989-10-08,1989,0,,DEN,LAC,16,10
1989-10-08,1989,0,,LAR,ATL,26,14
1989-10-08,1989,0,,GB,DAL,31,13
1989-10-09,1989,0,,NYJ,OAK,7,14
1989-10-15,1989,0,,ATL,NE,16,15
1989-10-15,1989,0,,DEN,IND,14,3
1989-10-15,1989,0,,LAC,SEA,16,17
1989-10-15,1989,0,,DAL,SF,14,31
1989-10-15,1989,0,,CHI,TEN,28,33
1989-10-15,1989,0,,OAK,KC,20,14
1989-10-15,1989,0,,CIN,MIA,13,20
1989-10-15,1989,0,,NYG,WSH,20,17
1989-10-15,1989,0,,TB,DET,16,17
1989-10-15,1989,0,,ARI,PHI,5,17
1989-10-15,1989,0,,CLE,PIT,7,17
1989-10-15,1989,0,,NO,NYJ,29,14
1989-10-15,1989,0,,MIN,GB,26,14
1989-10-16,1989,0,,BUF,LAR,23,20
1989-10-22,1989,0,,CIN,IND,12,23
1989-10-22,1989,0,,BUF,NYJ,34,3
1989-10-22,1989,0,,MIA,GB,23,20
1989-10-22,1989,0,,DET,MIN,7,20
1989-10-22,1989,0,,SEA,DEN,21,24
1989-10-22,1989,0,,PHI,OAK,10,7
1989-10-22,1989,0,,WSH,TB,32,28
1989-10-22,1989,0,,ARI,ATL,34,20
1989-10-22,1989,0,,LAR,NO,21,40
1989-10-22,1989,0,,SF,NE,37,20
1989-10-22,1989,0,,TEN,PIT,27,0
1989-10-22,1989,0,,LAC,NYG,13,20
1989-10-22,1989,0,,KC,DAL,36,28
1989-10-23,1989,0,,CLE,CHI,27,7
1989-10-29,1989,0,,NYJ,SF,10,23
1989-10-29,1989,0,,BUF,MIA,31,17
1989-10-29,1989,0,,GB,DET,23,20
1989-10-29,1989,0,,DAL,ARI,10,19
1989-10-29,1989,0,,PIT,KC,23,17
1989-10-29,1989,0,,CLE,TEN,28,17
1989-10-29,1989,0,,NO,ATL,20,13
1989-10-29,1989,0,,CHI,LAR,20,10
1989-10-29,1989,0,,OAK,WSH,37,24
1989-10-29,1989,0,,SEA,LAC,10,7
1989-10-29,1989,0,,CIN,TB,56,23
1989-10-29,1989,0,,IND,NE,20,23
1989-10-29,1989,0,,DEN,PHI,24,28
1989-10-30,1989,0,,NYG,MIN,24,14
1989-11-05,1989,0,,GB,CHI,14,13
1989-11-05,1989,0,,ATL,BUF,30,28
1989-11-05,1989,0,,LAC,PHI,20,17
1989-11-05,1989,0,,TEN,DET,35,31
1989-11-05,1989,0,,MIN,LAR,23,21
1989-11-05,1989,0,,TB,CLE,31,42
1989-11-05,1989,0,,MIA,IND,19,13
1989-11-05,1989,0,,WSH,DAL,3,13
1989-11-05,1989,0,,OAK,CIN,28,7
1989-11-05,1989,0,,NE,NYJ,26,27
1989-11-05,1989,0,,KC,SEA,20,10
1989-11-05,1989,0,,DEN,PIT,34,7
1989-11-05,1989,0,,ARI,NYG,13,20
1989-11-06,1989,0,,SF,NO,31,13
1989-11-12,1989,0,,PHI,WSH,3,10
1989-11-12,1989,0,,ARI,DAL,24,20
1989-11-12,1989,0,,BUF,IND,30,7
1989-11-12,1989,0,,TB,MIN,10,24
1989-11-12,1989,0,,SEA,CLE,7,17
1989-11-12,1989,0,,KC,DEN,13,16
1989-11-12,1989,0,,LAC,OAK,14,12
1989-11-12,1989,0,,LAR,NYG,31,10
1989-11-12,1989,0,,SF,ATL,45,3
1989-11-12,1989,0,,PIT,CHI,0,20
1989-11-12,1989,0,,NYJ,MIA,23,31
1989-11-12,1989,0,,DET,GB,31,22
1989-11-12,1989,0,,NE,NO,24,28
1989-11-13,1989,0,,TEN,CIN,26,24
1989-11-19,1989,0,,IND,NYJ,27,10
1989-11-19,1989,0,,NE,BUF,33,24
1989-11-19,1989,0,,DAL,MIA,14,17
1989-11-19,1989,0,,CLE,KC,10,10
1989-11-19,1989,0,,TEN,OAK,23,7
1989-11-19,1989,0,,NYG,SEA,15,3
1989-11-19,1989,0,,LAR,ARI,37,14
1989-11-19,1989,0,,PHI,MIN,10,9
1989-11-19,1989,0,,PIT,LAC,20,17
1989-11-19,1989,0,,CIN,DET,42,7
1989-11-19,1989,0,,SF,GB,17,21
1989-11-19,1989,0,,CHI,TB,31,32
1989-11-19,1989,0,,ATL,NO,17,26
1989-11-20,1989,0,,WSH,DEN,10,14
1989-11-23,1989,0,,DET,CLE,13,10
1989-11-23,1989,0,,DAL,PHI,0,27
1989-11-26,1989,0,,BUF,CIN,24,7
1989-11-26,1989,0,,KC,TEN,34,0
1989-11-26,1989,0,,ARI,TB,13,14
1989-11-26,1989,0,,DEN,SEA,41,14
1989-11-26,1989,0,,WSH,CHI,38,14
1989-11-26,1989,0,,GB,MIN,20,19
1989-11-26,1989,0,,IND,LAC,10,6
1989-11-26,1989,0,,NYJ,ATL,27,7
1989-11-26,1989,0,,MIA,PIT,14,34
1989-11-26,1989,0,,NO,LAR,17,20
1989-11-26,1989,0,,OAK,NE,24,21
1989-11-27,1989,0,,SF,NYG,34,24
1989-12-03,1989,0,,NYG,PHI,17,24
1989-12-03,1989,0,,MIN,CHI,27,16
1989-12-03,1989,0,,OAK,DEN,16,13
1989-12-03,1989,0,,TB,GB,16,17
1989-12-03,1989,0,,ATL,SF,10,23
1989-12-03,1989,0,,CLE,CIN,0,21
1989-12-03,1989,0,,KC,MIA,26,21
1989-12-03,1989,0,,DET,NO,21,14
1989-12-03,1989,0,,NE,IND,22,16
1989-12-03,1989,0,,PIT,TEN,16,23
1989-12-03,1989,0,,ARI,WSH,10,29
1989-12-03,1989,0,,LAC,NYJ,17,20
1989-12-03,1989,0,,DAL,LAR,31,35
1989-12-04,1989,0,,SEA,BUF,17,16
1989-12-10,1989,0,,GB,KC,3,21
1989-12-10,1989,0,,IND,CLE,23,17
1989-12-10,1989,0,,MIN,ATL,43,17
1989-12-10,1989,0,,WSH,LAC,26,21
1989-12-10,1989,0,,CIN,SEA,17,24
1989-12-10,1989,0,,NYJ,PIT,0,13
1989-12-10,1989,0,,CHI,DET,17,27
1989-12-10,1989,0,,BUF,NO,19,22
1989-12-10,1989,0,,TEN,TB,20,17
1989-12-10,1989,0,,MIA,NE,31,10
1989-12-10,1989,0,,PHI,DAL,20,10
1989-12-10,1989,0,,DEN,NYG,7,14
1989-12-10,1989,0,,OAK,ARI,16,14
1989-12-11,1989,0,,LAR,SF,27,30
1989-12-16,1989,0,,ARI,DEN,0,37
1989-12-16,1989,0,,NYG,DAL,15,0
1989-12-17,1989,0,,IND,MIA,42,13
1989-12-17,1989,0,,CHI,GB,28,40
1989-12-17,1989,0,,LAR,NYJ,38,14
1989-12-17,1989,0,,DET,TB,33,7
1989-12-17,1989,0,,KC,LAC,13,20
1989-12-17,1989,0,,PIT,NE,28,10
1989-12-17,1989,0,,SEA,OAK,23,17
1989-12-17,1989,0,,SF,BUF,21,10
1989-12-17,1989,0,,CIN,TEN,61,7
1989-12-17,1989,0,,ATL,WSH,30,31
1989-12-17,1989,0,,CLE,MIN,23,17
1989-12-18,1989,0,,NO,PHI,30,20
1989-12-23,1989,0,,TEN,CLE,20,24
1989-12-23,1989,0,,NYJ,BUF,0,37
1989-12-23,1989,0,,SEA,WSH,0,29
1989-12-24,1989,0,,NE,LAR,20,24
1989-12-24,1989,0,,NO,IND,41,6
1989-12-24,1989,0,,MIA,KC,24,27
1989-12-24,1989,0,,DAL,GB,10,20
1989-12-24,1989,0,,ATL,DET,24,31
1989-12-24,1989,0,,NYG,OAK,34,17
1989-12-24,1989,0,,PHI,ARI,31,14
1989-12-24,1989,0,,SF,CHI,26,0
1989-12-24,1989,0,,LAC,DEN,19,16
1989-12-24,1989,0,,TB,PIT,22,31
1989-12-25,1989,0,,MIN,CIN,29,21
1989-12-31,1989,0,w,TEN,PIT,23,26
1989-12-31,1989,0,w,PHI,LAR,7,21
1990-01-06,1989,0,d,SF,MIN,41,13
1990-01-06,1989,0,d,CLE,BUF,34,30
1990-01-07,1989,0,d,DEN,PIT,24,23
1990-01-07,1989,0,d,NYG,LAR,13,19
1990-01-14,1989,0,c,SF,LAR,30,3
1990-01-14,1989,0,c,DEN,CLE,37,21
1990-01-28,1989,1,s,SF,DEN,55,10
1990-09-09,1990,0,,DET,TB,21,38
1990-09-09,1990,0,,ATL,TEN,47,27
1990-09-09,1990,0,,CLE,PIT,13,3
1990-09-09,1990,0,,OAK,DEN,14,9
1990-09-09,1990,0,,DAL,LAC,17,14
1990-09-09,1990,0,,KC,MIN,24,21
1990-09-09,1990,0,,CIN,NYJ,25,20
1990-09-09,1990,0,,GB,LAR,36,24
1990-09-09,1990,0,,WSH,ARI,31,0
1990-09-09,1990,0,,NE,MIA,24,27
1990-09-09,1990,0,,CHI,SEA,17,0
1990-09-09,1990,0,,NYG,PHI,27,20
1990-09-09,1990,0,,BUF,IND,26,10
1990-09-10,1990,0,,NO,SF,12,13
1990-09-16,1990,0,,DET,ATL,21,14
1990-09-16,1990,0,,GB,CHI,13,31
1990-09-16,1990,0,,TB,LAR,14,35
1990-09-16,1990,0,,LAC,CIN,16,21
1990-09-16,1990,0,,SEA,OAK,13,17
1990-09-16,1990,0,,PIT,TEN,20,9
1990-09-16,1990,0,,DAL,NYG,7,28
1990-09-16,1990,0,,IND,NE,14,16
1990-09-16,1990,0,,MIN,NO,32,3
1990-09-16,1990,0,,NYJ,CLE,24,21
1990-09-16,1990,0,,PHI,ARI,21,23
1990-09-16,1990,0,,MIA,BUF,30,7
1990-09-16,1990,0,,SF,WSH,26,13
1990-09-17,1990,0,,DEN,KC,24,23
1990-09-23,1990,0,,SF,ATL,19,13
1990-09-23,1990,0,,CIN,NE,41,7
1990-09-23,1990,0,,NO,ARI,28,7
1990-09-23,1990,0,,NYG,MIA,20,3
1990-09-23,1990,0,,GB,KC,3,17
1990-09-23,1990,0,,CHI,MIN,19,16
1990-09-23,1990,0,,CLE,LAC,14,24
1990-09-23,1990,0,,OAK,PIT,20,3
1990-09-23,1990,0,,WSH,DAL,19,15
1990-09-23,1990,0,,TB,DET,23,20
1990-09-23,1990,0,,LAR,PHI,21,27
1990-09-23,1990,0,,DEN,SEA,34,31
1990-09-23,1990,0,,TEN,IND,24,10
1990-09-24,1990,0,,NYJ,BUF,7,30
1990-09-30,1990,0,,LAC,TEN,7,17
1990-09-30,1990,0,,BUF,DEN,29,28
1990-09-30,1990,0,,MIN,TB,20,23
1990-09-30,1990,0,,KC,CLE,34,0
1990-09-30,1990,0,,DET,GB,21,24
1990-09-30,1990,0,,OAK,CHI,24,10
1990-09-30,1990,0,,PIT,MIA,6,28
1990-09-30,1990,0,,NYG,DAL,31,17
1990-09-30,1990,0,,ARI,WSH,10,38
1990-09-30,1990,0,,PHI,IND,23,24
1990-09-30,1990,0,,NE,NYJ,13,37
1990-10-01,1990,0,,SEA,CIN,31,16
1990-10-07,1990,0,,MIN,DET,27,34
1990-10-07,1990,0,,ATL,NO,28,27
1990-10-07,1990,0,,LAR,CIN,31,34
1990-10-07,1990,0,,TEN,SF,21,24
1990-10-07,1990,0,,PIT,LAC,36,14
1990-10-07,1990,0,,MIA,NYJ,20,16
1990-10-07,1990,0,,BUF,OAK,38,24
1990-10-07,1990,0,,IND,KC,23,19
1990-10-07,1990,0,,CHI,GB,27,13
1990-10-07,1990,0,,NE,SEA,20,33
1990-10-07,1990,0,,DAL,TB,14,10
1990-10-08,1990,0,,DEN,CLE,29,30
1990-10-14,1990,0,,WSH,NYG,20,24
1990-10-14,1990,0,,ATL,SF,35,45
1990-10-14,1990,0,,CHI,LAR,38,9
1990-10-14,1990,0,,TEN,CIN,48,17
1990-10-14,1990,0,,NYJ,LAC,3,39
1990-10-14,1990,0,,TB,GB,26,14
1990-10-14,1990,0,,ARI,DAL,20,3
1990-10-14,1990,0,,KC,DET,43,24
1990-10-14,1990,0,,DEN,PIT,17,34
1990-10-14,1990,0,,OAK,SEA,24,17
1990-10-14,1990,0,,NO,CLE,25,20
1990-10-15,1990,0,,PHI,MIN,32,24
1990-10-18,1990,0,,MIA,NE,17,10
1990-10-21,1990,0,,BUF,NYJ,30,27
1990-10-21,1990,0,,SF,PIT,27,7
1990-10-21,1990,0,,TEN,NO,23,10
1990-10-21,1990,0,,WSH,PHI,13,7
1990-10-21,1990,0,,LAC,OAK,9,24
1990-10-21,1990,0,,IND,DEN,17,27
1990-10-21,1990,0,,SEA,KC,19,7
1990-10-21,1990,0,,TB,DAL,13,17
1990-10-21,1990,0,,LAR,ATL,44,24
1990-10-21,1990,0,,NYG,ARI,20,19
1990-10-22,1990,0,,CLE,CIN,13,34
1990-10-28,1990,0,,ATL,CIN,38,17
1990-10-28,1990,0,,TEN,NYJ,12,17
1990-10-28,1990,0,,ARI,CHI,21,31
1990-10-28,1990,0,,SF,CLE,20,17
1990-10-28,1990,0,,IND,MIA,7,27
1990-10-28,1990,0,,LAC,TB,41,10
1990-10-28,1990,0,,NE,BUF,10,27
1990-10-28,1990,0,,GB,MIN,24,10
1990-10-28,1990,0,,NO,DET,10,27
1990-10-28,1990,0,,NYG,WSH,21,10
1990-10-28,1990,0,,DAL,PHI,20,21
1990-10-29,1990,0,,PIT,LAR,41,10
1990-11-04,1990,0,,MIA,ARI,23,3
1990-11-04,1990,0,,PIT,ATL,21,9
1990-11-04,1990,0,,MIN,DEN,27,22
1990-11-04,1990,0,,CIN,NO,7,21
1990-11-04,1990,0,,CLE,BUF,0,42
1990-11-04,1990,0,,GB,SF,20,24
1990-11-04,1990,0,,KC,OAK,9,7
1990-11-04,1990,0,,PHI,NE,48,20
1990-11-04,1990,0,,LAR,TEN,17,13
1990-11-04,1990,0,,SEA,LAC,14,31
1990-11-04,1990,0,,DET,WSH,38,41
1990-11-04,1990,0,,NYJ,DAL,24,9
1990-11-04,1990,0,,TB,CHI,6,26
1990-11-05,1990,0,,IND,NYG,7,24
1990-11-11,1990,0,,CHI,ATL,30,24
1990-11-11,1990,0,,KC,SEA,16,17
1990-11-11,1990,0,,NYJ,MIA,3,17
1990-11-11,1990,0,,OAK,GB,16,29
1990-11-11,1990,0,,NE,IND,10,13
1990-11-11,1990,0,,LAR,NYG,7,31
1990-11-11,1990,0,,DAL,SF,6,24
1990-11-11,1990,0,,NO,TB,35,7
1990-11-11,1990,0,,BUF,ARI,45,14
1990-11-11,1990,0,,LAC,DEN,19,7
1990-11-11,1990,0,,DET,MIN,7,17
1990-11-12,1990,0,,PHI,WSH,28,14
1990-11-18,1990,0,,BUF,NE,14,0
1990-11-18,1990,0,,LAR,DAL,21,24
1990-11-18,1990,0,,SF,TB,31,7
1990-11-18,1990,0,,ATL,PHI,23,24
1990-11-18,1990,0,,CIN,PIT,27,3
1990-11-18,1990,0,,CLE,TEN,23,35
1990-11-18,1990,0,,ARI,GB,21,24
1990-11-18,1990,0,,NYG,DET,20,0
1990-11-18,1990,0,,WSH,NO,31,17
1990-11-18,1990,0,,SEA,MIN,21,24
1990-11-18,1990,0,,DEN,CHI,13,16
1990-11-18,1990,0,,IND,NYJ,17,14
1990-11-18,1990,0,,KC,LAC,27,10
1990-11-19,1990,0,,MIA,OAK,10,13
1990-11-22,1990,0,,DAL,WSH,27,17
1990-11-22,1990,0,,DET,DEN,40,27
1990-11-25,1990,0,,GB,TB,20,10
1990-11-25,1990,0,,LAC,SEA,10,13
1990-11-25,1990,0,,SF,LAR,17,28
1990-11-25,1990,0,,NO,ATL,10,7
1990-11-25,1990,0,,PHI,NYG,31,13
1990-11-25,1990,0,,MIN,CHI,41,13
1990-11-25,1990,0,,OAK,KC,24,27
1990-11-25,1990,0,,ARI,NE,34,14
1990-11-25,1990,0,,CLE,MIA,13,30
1990-11-25,1990,0,,CIN,IND,20,34
1990-11-25,1990,0,,NYJ,PIT,7,24
1990-11-26,1990,0,,TEN,BUF,27,24
1990-12-02,1990,0,,WSH,MIA,42,20
1990-12-02,1990,0,,SEA,TEN,13,10
1990-12-02,1990,0,,CHI,DET,23,17
1990-12-02,1990,0,,DEN,OAK,20,23
1990-12-02,1990,0,,PIT,CIN,12,16
1990-12-02,1990,0,,CLE,LAR,23,38
1990-12-02,1990,0,,LAC,NYJ,38,17
1990-12-02,1990,0,,NE,KC,7,37
1990-12-02,1990,0,,DAL,NO,17,13
1990-12-02,1990,0,,MIN,GB,23,7
1990-12-02,1990,0,,BUF,PHI,30,23
1990-12-02,1990,0,,TB,ATL,23,17
1990-12-02,1990,0,,ARI,IND,20,17
1990-12-03,1990,0,,SF,NYG,7,3
1990-12-09,1990,0,,NYG,MIN,23,15
1990-12-09,1990,0,,CIN,SF,17,20
1990-12-09,1990,0,,GB,SEA,14,20
1990-12-09,1990,0,,LAR,NO,20,24
1990-12-09,1990,0,,IND,BUF,7,31
1990-12-09,1990,0,,WSH,CHI,10,9
1990-12-09,1990,0,,PIT,NE,24,3
1990-12-09,1990,0,,KC,DEN,31,20
1990-12-09,1990,0,,TEN,CLE,58,14
1990-12-09,1990,0,,MIA,PHI,23,20
1990-12-09,1990,0,,ATL,ARI,13,24
1990-12-10,1990,0,,DET,OAK,31,38
1990-12-15,1990,0,,NYG,BUF,13,17
1990-12-15,1990,0,,NE,WSH,10,25
1990-12-16,1990,0,,DAL,ARI,41,10
1990-12-16,1990,0,,OAK,CIN,24,7
1990-12-16,1990,0,,NYJ,IND,21,29
1990-12-16,1990,0,,KC,TEN,10,27
1990-12-16,1990,0,,TB,MIN,26,13
1990-12-16,1990,0,,DEN,LAC,20,10
1990-12-16,1990,0,,NO,PIT,6,9
1990-12-16,1990,0,,DET,CHI,38,21
1990-12-16,1990,0,,MIA,SEA,24,17
1990-12-16,1990,0,,CLE,ATL,13,10
1990-12-16,1990,0,,PHI,GB,31,0
1990-12-17,1990,0,,LAR,SF,10,26
1990-12-22,1990,0,,MIN,OAK,24,28
1990-12-22,1990,0,,IND,WSH,35,28
1990-12-22,1990,0,,GB,DET,17,24
1990-12-23,1990,0,,ARI,NYG,21,24
1990-12-23,1990,0,,PHI,DAL,17,3
1990-12-23,1990,0,,SF,NO,10,13
1990-12-23,1990,0,,CIN,TEN,40,20
1990-12-23,1990,0,,BUF,MIA,24,14
1990-12-23,1990,0,,NYJ,NE,42,7
1990-12-23,1990,0,,PIT,CLE,35,0
1990-12-23,1990,0,,SEA,DEN,17,12
1990-12-23,1990,0,,CHI,TB,27,14
1990-12-23,1990,0,,ATL,LAR,20,13
1990-12-23,1990,0,,LAC,KC,21,24
1990-12-29,1990,0,,CHI,KC,10,21
1990-12-29,1990,0,,ARI,PHI,21,23
1990-12-30,1990,0,,DEN,GB,22,13
1990-12-30,1990,0,,NE,NYG,10,13
1990-12-30,1990,0,,TB,NYJ,14,16
1990-12-30,1990,0,,ATL,DAL,26,7
1990-12-30,1990,0,,OAK,LAC,17,12
1990-12-30,1990,0,,MIN,SF,17,20
1990-12-30,1990,0,,SEA,DET,30,10
1990-12-30,1990,0,,WSH,BUF,29,14
1990-12-30,1990,0,,TEN,PIT,34,14
1990-12-30,1990,0,,MIA,IND,23,17
1990-12-30,1990,0,,CIN,CLE,21,14
1990-12-31,1990,0,,NO,LAR,20,17
1991-01-05,1990,0,w,MIA,KC,17,16
1991-01-05,1990,0,w,PHI,WSH,6,20
1991-01-06,1990,0,w,CHI,NO,16,6
1991-01-06,1990,0,w,CIN,TEN,41,14
1991-01-12,1990,0,d,BUF,MIA,44,34
1991-01-12,1990,0,d,SF,WSH,28,10
1991-01-13,1990,0,d,OAK,CIN,20,10
1991-01-13,1990,0,d,NYG,CHI,31,3
1991-01-20,1990,0,c,BUF,OAK,51,3
1991-01-20,1990,0,c,SF,NYG,13,15
1991-01-27,1990,1,s,NYG,BUF,20,19
1991-09-01,1991,0,,GB,PHI,3,20
1991-09-01,1991,0,,PIT,LAC,26,20
1991-09-01,1991,0,,TEN,OAK,47,17
1991-09-01,1991,0,,CLE,DAL,14,26
1991-09-01,1991,0,,IND,NE,7,16
1991-09-01,1991,0,,CHI,MIN,10,6
1991-09-01,1991,0,,BUF,MIA,35,31
1991-09-01,1991,0,,NYJ,TB,16,13
1991-09-01,1991,0,,DEN,CIN,45,14
1991-09-01,1991,0,,LAR,ARI,14,24
1991-09-01,1991,0,,NO,SEA,27,24
1991-09-01,1991,0,,WSH,DET,45,0
1991-09-01,1991,0,,KC,ATL,14,3
1991-09-02,1991,0,,NYG,SF,16,14
1991-09-08,1991,0,,OAK,DEN,16,13
1991-09-08,1991,0,,DET,GB,23,14
1991-09-08,1991,0,,NYG,LAR,13,19
1991-09-08,1991,0,,CIN,TEN,7,30
1991-09-08,1991,0,,KC,NO,10,17
1991-09-08,1991,0,,MIA,IND,17,6
1991-09-08,1991,0,,TB,CHI,20,21
1991-09-08,1991,0,,ATL,MIN,19,20
1991-09-08,1991,0,,NE,CLE,0,20
1991-09-08,1991,0,,BUF,PIT,52,34
1991-09-08,1991,0,,SEA,NYJ,20,13
1991-09-08,1991,0,,SF,LAC,34,14
1991-09-08,1991,0,,PHI,ARI,10,26
1991-09-09,1991,0,,DAL,WSH,31,33
1991-09-15,1991,0,,NO,LAR,24,7
1991-09-15,1991,0,,DET,MIA,17,13
1991-09-15,1991,0,,CHI,NYG,20,17
1991-09-15,1991,0,,GB,TB,15,13
1991-09-15,1991,0,,CLE,CIN,14,13
1991-09-15,1991,0,,MIN,SF,17,14
1991-09-15,1991,0,,WSH,ARI,34,0
1991-09-15,1991,0,,OAK,IND,16,0
1991-09-15,1991,0,,NYJ,BUF,20,23
1991-09-15,1991,0,,LAC,ATL,10,13
1991-09-15,1991,0,,DEN,SEA,16,10
1991-09-15,1991,0,,DAL,PHI,0,24
1991-09-15,1991,0,,PIT,NE,20,6
1991-09-16,1991,0,,TEN,KC,17,7
1991-09-22,1991,0,,TB,BUF,10,17
1991-09-22,1991,0,,IND,DET,24,33
1991-09-22,1991,0,,ATL,OAK,21,17
1991-09-22,1991,0,,ARI,DAL,9,17
1991-09-22,1991,0,,MIA,GB,16,13
1991-09-22,1991,0,,PHI,PIT,23,14
1991-09-22,1991,0,,NYG,CLE,13,10
1991-09-22,1991,0,,NO,MIN,26,0
1991-09-22,1991,0,,CIN,WSH,27,34
1991-09-22,1991,0,,SF,LAR,27,10
1991-09-22,1991,0,,KC,SEA,20,13
1991-09-22,1991,0,,NE,TEN,24,20
1991-09-22,1991,0,,DEN,LAC,27,19
1991-09-23,1991,0,,CHI,NYJ,19,13
1991-09-29,1991,0,,MIN,DEN,6,13
1991-09-29,1991,0,,OAK,SF,12,6
1991-09-29,1991,0,,DAL,NYG,21,16
1991-09-29,1991,0,,BUF,CHI,35,20
1991-09-29,1991,0,,ATL,NO,6,27
1991-09-29,1991,0,,ARI,NE,24,10
1991-09-29,1991,0,,SEA,IND,31,3
1991-09-29,1991,0,,DET,TB,31,3
1991-09-29,1991,0,,LAR,GB,23,21
1991-09-29,1991,0,,NYJ,MIA,41,23
1991-09-29,1991,0,,LAC,KC,13,14
1991-09-30,1991,0,,WSH,PHI,23,0
1991-10-06,1991,0,,TB,PHI,14,13
1991-10-06,1991,0,,CIN,SEA,7,13
1991-10-06,1991,0,,IND,PIT,3,21
1991-10-06,1991,0,,GB,DAL,17,20
1991-10-06,1991,0,,CLE,NYJ,14,17
1991-10-06,1991,0,,CHI,WSH,7,20
1991-10-06,1991,0,,NYG,ARI,20,9
1991-10-06,1991,0,,NE,MIA,10,20
1991-10-06,1991,0,,TEN,DEN,42,14
1991-10-06,1991,0,,DET,MIN,24,20
1991-10-06,1991,0,,OAK,LAC,13,21
1991-10-07,1991,0,,KC,BUF,33,6
1991-10-13,1991,0,,NYJ,TEN,20,23
1991-10-13,1991,0,,MIN,ARI,34,7
1991-10-13,1991,0,,PHI,NO,6,13
1991-10-13,1991,0,,DAL,CIN,35,23
1991-10-13,1991,0,,SEA,OAK,20,23
1991-10-13,1991,0,,WSH,CLE,42,17
1991-10-13,1991,0,,KC,MIA,42,7
1991-10-13,1991,0,,LAR,LAC,30,24
1991-10-13,1991,0,,BUF,IND,42,6
1991-10-13,1991,0,,SF,ATL,34,39
1991-10-14,1991,0,,PIT,NYG,20,23
1991-10-17,1991,0,,GB,CHI,0,10
1991-10-20,1991,0,,LAC,CLE,24,30
1991-10-20,1991,0,,ARI,ATL,16,10
1991-10-20,1991,0,,IND,NYJ,6,17
1991-10-20,1991,0,,NE,MIN,26,23
1991-10-20,1991,0,,PIT,SEA,7,27
1991-10-20,1991,0,,DEN,KC,19,16
1991-10-20,1991,0,,NO,TB,23,7
1991-10-20,1991,0,,MIA,TEN,13,17
1991-10-20,1991,0,,SF,DET,35,3
1991-10-20,1991,0,,OAK,LAR,20,17
1991-10-21,1991,0,,BUF,CIN,35,16
1991-10-27,1991,0,,NE,DEN,6,9
1991-10-27,1991,0,,ARI,MIN,0,28
1991-10-27,1991,0,,PHI,SF,7,23
1991-10-27,1991,0,,CLE,PIT,17,14
1991-10-27,1991,0,,TB,GB,0,27
1991-10-27,1991,0,,ATL,LAR,31,14
1991-10-27,1991,0,,NYG,WSH,13,17
1991-10-27,1991,0,,TEN,CIN,35,3
1991-10-27,1991,0,,DET,DAL,34,10
1991-10-27,1991,0,,SEA,LAC,20,9
1991-10-27,1991,0,,NO,CHI,17,20
1991-10-28,1991,0,,KC,OAK,24,21
1991-11-03,1991,0,,IND,MIA,6,10
1991-11-03,1991,0,,MIN,TB,28,13
1991-11-03,1991,0,,LAR,NO,17,24
1991-11-03,1991,0,,ATL,SF,17,14
1991-11-03,1991,0,,DEN,PIT,20,13
1991-11-03,1991,0,,WSH,TEN,16,13
1991-11-03,1991,0,,CHI,DET,20,10
1991-11-03,1991,0,,DAL,ARI,27,7
1991-11-03,1991,0,,NYJ,GB,19,16
1991-11-03,1991,0,,CIN,CLE,23,21
1991-11-03,1991,0,,BUF,NE,22,17
1991-11-04,1991,0,,PHI,NYG,30,7
1991-11-10,1991,0,,GB,BUF,24,34
1991-11-10,1991,0,,CIN,PIT,27,33
1991-11-10,1991,0,,NO,SF,10,3
1991-11-10,1991,0,,WSH,ATL,56,17
1991-11-10,1991,0,,LAC,SEA,17,14
1991-11-10,1991,0,,TB,DET,30,21
1991-11-10,1991,0,,TEN,DAL,26,23
1991-11-10,1991,0,,NYJ,IND,27,28
1991-11-10,1991,0,,ARI,NYG,14,21
1991-11-10,1991,0,,DEN,OAK,16,17
1991-11-10,1991,0,,LAR,KC,20,27
1991-11-10,1991,0,,MIA,NE,30,20
1991-11-10,1991,0,,CLE,PHI,30,32
1991-11-11,1991,0,,MIN,CHI,17,34
1991-11-17,1991,0,,TEN,CLE,28,24
1991-11-17,1991,0,,DET,LAR,21,10
1991-11-17,1991,0,,OAK,SEA,31,7
1991-11-17,1991,0,,NE,NYJ,21,28
1991-11-17,1991,0,,SF,ARI,14,10
1991-11-17,1991,0,,PIT,WSH,14,41
1991-11-17,1991,0,,NYG,DAL,22,9
1991-11-17,1991,0,,IND,CHI,17,31
1991-11-17,1991,0,,ATL,TB,43,7
1991-11-17,1991,0,,LAC,NO,24,21
1991-11-17,1991,0,,GB,MIN,21,35
1991-11-17,1991,0,,KC,DEN,20,24
1991-11-17,1991,0,,PHI,CIN,17,10
1991-11-18,1991,0,,MIA,BUF,27,41
1991-11-24,1991,0,,CIN,OAK,14,38
1991-11-24,1991,0,,CHI,MIA,13,16
1991-11-24,1991,0,,ARI,PHI,14,34
1991-11-24,1991,0,,WSH,DAL,21,24
1991-11-24,1991,0,,TB,NYG,14,21
1991-11-24,1991,0,,GB,IND,14,10
1991-11-24,1991,0,,CLE,KC,20,15
1991-11-24,1991,0,,NYJ,LAC,24,3
1991-11-24,1991,0,,NO,ATL,20,23
1991-11-24,1991,0,,NE,BUF,16,13
1991-11-24,1991,0,,SEA,DEN,13,10
1991-11-24,1991,0,,PIT,TEN,26,14
1991-11-24,1991,0,,MIN,DET,14,34
1991-11-25,1991,0,,LAR,SF,10,33
1991-11-28,1991,0,,DAL,PIT,20,10
1991-11-28,1991,0,,DET,CHI,16,6
1991-12-01,1991,0,,SEA,KC,6,19
1991-12-01,1991,0,,IND,CLE,0,31
1991-12-01,1991,0,,LAR,WSH,6,27
1991-12-01,1991,0,,MIA,TB,33,14
1991-12-01,1991,0,,BUF,NYJ,24,13
1991-12-01,1991,0,,CIN,NYG,27,24
1991-12-01,1991,0,,LAC,OAK,7,9
1991-12-01,1991,0,,SF,NO,38,24
1991-12-01,1991,0,,ATL,GB,35,31
1991-12-01,1991,0,,DEN,NE,20,3
1991-12-02,1991,0,,TEN,PHI,6,13
1991-12-08,1991,0,,SEA,SF,22,24
1991-12-08,1991,0,,NE,IND,23,17
1991-12-08,1991,0,,KC,LAC,20,17
1991-12-08,1991,0,,LAR,ATL,14,31
1991-12-08,1991,0,,DAL,NO,23,14
1991-12-08,1991,0,,CLE,DEN,7,17
1991-12-08,1991,0,,NYG,PHI,14,19
1991-12-08,1991,0,,CHI,GB,27,13
1991-12-08,1991,0,,ARI,WSH,14,20
1991-12-08,1991,0,,DET,NYJ,34,20
1991-12-08,1991,0,,TEN,PIT,31,6
1991-12-08,1991,0,,OAK,BUF,27,30
1991-12-08,1991,0,,TB,MIN,24,26
1991-12-09,1991,0,,MIA,CIN,37,13
1991-12-14,1991,0,,SF,KC,28,14
1991-12-14,1991,0,,CHI,TB,27,0
1991-12-15,1991,0,,PIT,CIN,17,10
1991-12-15,1991,0,,IND,BUF,7,35
1991-12-15,1991,0,,ATL,SEA,26,13
1991-12-15,1991,0,,DEN,ARI,24,19
1991-12-15,1991,0,,CLE,TEN,14,17
1991-12-15,1991,0,,PHI,DAL,13,25
1991-12-15,1991,0,,NYJ,NE,3,6
1991-12-15,1991,0,,MIN,LAR,20,14
1991-12-15,1991,0,,WSH,NYG,34,17
1991-12-15,1991,0,,LAC,MIA,38,30
1991-12-15,1991,0,,GB,DET,17,21
1991-12-16,1991,0,,NO,OAK,27,0
1991-12-21,1991,0,,MIN,GB,7,27
1991-12-21,1991,0,,NYG,TEN,24,20
1991-12-22,1991,0,,SEA,LAR,23,9
1991-12-22,1991,0,,OAK,KC,21,27
1991-12-22,1991,0,,BUF,DET,14,17
1991-12-22,1991,0,,ARI,NO,3,27
1991-12-22,1991,0,,MIA,NYJ,20,23
1991-12-22,1991,0,,LAC,DEN,14,17
1991-12-22,1991,0,,PHI,WSH,24,22
1991-12-22,1991,0,,TB,IND,17,3
1991-12-22,1991,0,,PIT,CLE,17,10
1991-12-22,1991,0,,DAL,ATL,31,27
1991-12-22,1991,0,,CIN,NE,29,7
1991-12-23,1991,0,,SF,CHI,52,14
1991-12-28,1991,0,w,NO,ATL,20,27
1991-12-28,1991,0,w,KC,OAK,10,6
1991-12-29,1991,0,w,TEN,NYJ,17,10
1991-12-29,1991,0,w,CHI,DAL,13,17
1992-01-04,1991,0,d,WSH,ATL,24,7
1992-01-04,1991,0,d,DEN,TEN,26,24
1992-01-05,1991,0,d,DET,DAL,38,6
1992-01-05,1991,0,d,BUF,KC,37,14
1992-01-12,1991,0,c,BUF,DEN,10,7
1992-01-12,1991,0,c,WSH,DET,41,10
1992-01-26,1991,1,s,WSH,BUF,37,24
1992-09-06,1992,0,,TB,ARI,23,7
1992-09-06,1992,0,,PHI,NO,15,13
1992-09-06,1992,0,,SEA,CIN,3,21
1992-09-06,1992,0,,DEN,OAK,17,13
1992-09-06,1992,0,,GB,MIN,20,23
1992-09-06,1992,0,,TEN,PIT,24,29
1992-09-06,1992,0,,ATL,NYJ,20,17
1992-09-06,1992,0,,BUF,LAR,40,7
1992-09-06,1992,0,,LAC,KC,10,24
1992-09-06,1992,0,,CHI,DET,27,24
1992-09-06,1992,0,,NYG,SF,14,31
1992-09-06,1992,0,,IND,CLE,14,3
1992-09-07,1992,0,,DAL,WSH,23,10
1992-09-13,1992,0,,SF,BUF,31,34
1992-09-13,1992,0,,KC,SEA,26,7
1992-09-13,1992,0,,IND,TEN,10,20
1992-09-13,1992,0,,DEN,LAC,21,13
1992-09-13,1992,0,,DET,MIN,31,17
1992-09-13,1992,0,,PIT,NYJ,27,10
1992-09-13,1992,0,,NYG,DAL,28,34
1992-09-13,1992,0,,TB,GB,31,3
1992-09-13,1992,0,,NO,CHI,28,6
1992-09-13,1992,0,,CIN,OAK,24,21
1992-09-13,1992,0,,WSH,ATL,24,17
1992-09-13,1992,0,,LAR,NE,14,0
1992-09-13,1992,0,,ARI,PHI,14,31
1992-09-14,1992,0,,CLE,MIA,23,27
1992-09-20,1992,0,,ATL,NO,7,10
1992-09-20,1992,0,,WSH,DET,13,10
1992-09-20,1992,0,,BUF,IND,38,0
1992-09-20,1992,0,,PHI,DEN,30,0
1992-09-20,1992,0,,TEN,KC,23,20
1992-09-20,1992,0,,NE,SEA,6,10
1992-09-20,1992,0,,GB,CIN,24,23
1992-09-20,1992,0,,LAC,PIT,6,23
1992-09-20,1992,0,,DAL,ARI,31,20
1992-09-20,1992,0,,MIN,TB,26,20
1992-09-20,1992,0,,NYJ,SF,14,31
1992-09-20,1992,0,,MIA,LAR,26,10
1992-09-20,1992,0,,OAK,CLE,16,28
1992-09-21,1992,0,,CHI,NYG,14,27
1992-09-27,1992,0,,SEA,MIA,17,19
1992-09-27,1992,0,,TEN,LAC,27,0
1992-09-27,1992,0,,GB,PIT,17,3
1992-09-27,1992,0,,CIN,MIN,7,42
1992-09-27,1992,0,,NO,SF,10,16
1992-09-27,1992,0,,LAR,NYJ,18,10
1992-09-27,1992,0,,NE,BUF,7,41
1992-09-27,1992,0,,CHI,ATL,41,31
1992-09-27,1992,0,,CLE,DEN,0,12
1992-09-27,1992,0,,DET,TB,23,27
1992-09-28,1992,0,,KC,OAK,27,7
1992-10-04,1992,0,,DEN,KC,20,19
1992-10-04,1992,0,,ATL,GB,24,10
1992-10-04,1992,0,,OAK,NYG,13,10
1992-10-04,1992,0,,MIN,CHI,21,20
1992-10-04,1992,0,,ARI,WSH,27,24
1992-10-04,1992,0,,TB,IND,14,24
1992-10-04,1992,0,,NYJ,NE,30,21
1992-10-04,1992,0,,DET,NO,7,13
1992-10-04,1992,0,,LAC,SEA,17,6
1992-10-04,1992,0,,BUF,MIA,10,37
1992-10-04,1992,0,,SF,LAR,27,24
1992-10-05,1992,0,,PHI,DAL,31,7
1992-10-11,1992,0,,NE,SF,12,24
1992-10-11,1992,0,,OAK,BUF,20,3
1992-10-11,1992,0,,NYG,ARI,31,21
1992-10-11,1992,0,,MIA,ATL,21,17
1992-10-11,1992,0,,NO,LAR,13,10
1992-10-11,1992,0,,DAL,SEA,27,0
1992-10-11,1992,0,,IND,NYJ,6,3
1992-10-11,1992,0,,KC,PHI,24,17
1992-10-11,1992,0,,CLE,PIT,17,9
1992-10-11,1992,0,,CIN,TEN,24,38
1992-10-12,1992,0,,WSH,DEN,34,3
1992-10-15,1992,0,,MIN,DET,31,14
1992-10-18,1992,0,,WSH,PHI,16,12
1992-10-18,1992,0,,DAL,KC,17,10
1992-10-18,1992,0,,IND,LAC,14,34
1992-10-18,1992,0,,DEN,TEN,27,21
1992-10-18,1992,0,,SF,ATL,56,17
1992-10-18,1992,0,,MIA,NE,38,17
1992-10-18,1992,0,,LAR,NYG,38,17
1992-10-18,1992,0,,ARI,NO,21,30
1992-10-18,1992,0,,CHI,TB,31,14
1992-10-18,1992,0,,CLE,GB,17,6
1992-10-18,1992,0,,SEA,OAK,0,19
1992-10-19,1992,0,,PIT,CIN,20,0
1992-10-25,1992,0,,PHI,ARI,7,3
1992-10-25,1992,0,,NE,CLE,17,19
1992-10-25,1992,0,,OAK,DAL,13,28
1992-10-25,1992,0,,KC,PIT,3,27
1992-10-25,1992,0,,LAC,DEN,24,21
1992-10-25,1992,0,,GB,CHI,10,30
1992-10-25,1992,0,,MIN,WSH,13,15
1992-10-25,1992,0,,MIA,IND,20,31
1992-10-25,1992,0,,NYG,SEA,23,10
1992-10-25,1992,0,,TEN,CIN,26,10
1992-10-25,1992,0,,TB,DET,7,38
1992-10-26,1992,0,,NYJ,BUF,20,24
1992-11-01,1992,0,,ATL,LAR,30,28
1992-11-01,1992,0,,BUF,NE,16,7
1992-11-01,1992,0,,WSH,NYG,7,24
1992-11-01,1992,0,,DET,GB,13,27
1992-11-01,1992,0,,NYJ,MIA,26,14
1992-11-01,1992,0,,DAL,PHI,20,10
1992-11-01,1992,0,,NO,TB,23,21
1992-11-01,1992,0,,PIT,TEN,21,20
1992-11-01,1992,0,,ARI,SF,24,14
1992-11-01,1992,0,,CIN,CLE,30,10
1992-11-01,1992,0,,LAC,IND,26,0
1992-11-02,1992,0,,CHI,MIN,10,38
1992-11-08,1992,0,,SEA,WSH,3,16
1992-11-08,1992,0,,PHI,OAK,31,10
1992-11-08,1992,0,,DEN,NYJ,27,16
1992-11-08,1992,0,,NYG,GB,27,7
1992-11-08,1992,0,,TB,MIN,7,35
1992-11-08,1992,0,,DET,DAL,3,37
1992-11-08,1992,0,,TEN,CLE,14,24
1992-11-08,1992,0,,NE,NO,14,31
1992-11-08,1992,0,,IND,MIA,0,28
1992-11-08,1992,0,,CHI,CIN,28,31
1992-11-08,1992,0,,BUF,PIT,28,20
1992-11-08,1992,0,,LAR,ARI,14,20
1992-11-08,1992,0,,KC,LAC,16,14
1992-11-09,1992,0,,ATL,SF,3,41
1992-11-15,1992,0,,KC,WSH,35,16
1992-11-15,1992,0,,DEN,NYG,27,13
1992-11-15,1992,0,,PIT,DET,17,14
1992-11-15,1992,0,,SF,NO,21,20
1992-11-15,1992,0,,OAK,SEA,20,3
1992-11-15,1992,0,,CLE,LAC,13,14
1992-11-15,1992,0,,GB,PHI,27,24
1992-11-15,1992,0,,ATL,ARI,20,17
1992-11-15,1992,0,,MIN,TEN,13,17
1992-11-15,1992,0,,TB,CHI,20,17
1992-11-15,1992,0,,IND,NE,34,37
1992-11-15,1992,0,,DAL,LAR,23,27
1992-11-15,1992,0,,NYJ,CIN,17,14
1992-11-16,1992,0,,MIA,BUF,20,26
1992-11-22,1992,0,,SEA,KC,14,24
1992-11-22,1992,0,,CIN,DET,13,19
1992-11-22,1992,0,,BUF,ATL,41,14
1992-11-22,1992,0,,LAR,SF,10,27
1992-11-22,1992,0,,NYG,PHI,34,47
1992-11-22,1992,0,,LAC,TB,29,14
1992-11-22,1992,0,,ARI,DAL,10,16
1992-11-22,1992,0,,OAK,DEN,24,0
1992-11-22,1992,0,,CHI,GB,3,17
1992-11-22,1992,0,,MIA,TEN,19,16
1992-11-22,1992,0,,PIT,IND,30,14
1992-11-22,1992,0,,MIN,CLE,17,13
1992-11-22,1992,0,,NE,NYJ,24,3
1992-11-23,1992,0,,NO,WSH,20,3
1992-11-26,1992,0,,DAL,NYG,30,3
1992-11-26,1992,0,,DET,TEN,21,24
1992-11-29,1992,0,,GB,TB,19,14
1992-11-29,1992,0,,CLE,CHI,27,14
1992-11-29,1992,0,,LAR,MIN,17,31
1992-11-29,1992,0,,NO,MIA,24,13
1992-11-29,1992,0,,LAC,OAK,27,3
1992-11-29,1992,0,,NYJ,KC,7,23
1992-11-29,1992,0,,WSH,ARI,41,3
1992-11-29,1992,0,,CIN,PIT,9,21
1992-11-29,1992,0,,IND,BUF,16,13
1992-11-29,1992,0,,ATL,NE,34,0
1992-11-29,1992,0,,SF,PHI,20,14
1992-11-30,1992,0,,SEA,DEN,16,13
1992-12-03,1992,0,,NO,ATL,22,14
1992-12-06,1992,0,,TB,LAR,27,31
1992-12-06,1992,0,,NE,IND,0,6
1992-12-06,1992,0,,PIT,SEA,20,14
1992-12-06,1992,0,,BUF,NYJ,17,24
1992-12-06,1992,0,,GB,DET,38,10
1992-12-06,1992,0,,OAK,KC,28,7
1992-12-06,1992,0,,SF,MIA,27,3
1992-12-06,1992,0,,NYG,WSH,10,28
1992-12-06,1992,0,,PHI,MIN,28,17
1992-12-06,1992,0,,DEN,DAL,27,31
1992-12-06,1992,0,,CLE,CIN,37,21
1992-12-06,1992,0,,ARI,LAC,21,27
1992-12-07,1992,0,,TEN,CHI,24,7
1992-12-12,1992,0,,BUF,DEN,27,17
1992-12-12,1992,0,,ARI,NYG,19,0
1992-12-13,1992,0,,CHI,PIT,30,6
1992-12-13,1992,0,,TEN,GB,14,16
1992-12-13,1992,0,,LAC,CIN,27,10
1992-12-13,1992,0,,LAR,NO,14,37
1992-12-13,1992,0,,NYJ,IND,6,10
1992-12-13,1992,0,,MIN,SF,17,20
1992-12-13,1992,0,,SEA,PHI,17,20
1992-12-13,1992,0,,KC,NE,27,20
1992-12-13,1992,0,,DET,CLE,24,14
1992-12-13,1992,0,,TB,ATL,7,35
1992-12-13,1992,0,,WSH,DAL,20,17
1992-12-14,1992,0,,MIA,OAK,20,7
1992-12-19,1992,0,,SF,TB,21,14
1992-12-19,1992,0,,NYG,KC,35,21
1992-12-20,1992,0,,DEN,SEA,10,6
1992-12-20,1992,0,,CLE,TEN,14,17
1992-12-20,1992,0,,PHI,WSH,17,13
1992-12-20,1992,0,,GB,LAR,28,13
1992-12-20,1992,0,,CIN,NE,20,10
1992-12-20,1992,0,,DET,CHI,16,3
1992-12-20,1992,0,,NO,BUF,16,20
1992-12-20,1992,0,,OAK,LAC,14,36
1992-12-20,1992,0,,PIT,MIN,3,6
1992-12-20,1992,0,,IND,ARI,16,13
1992-12-20,1992,0,,MIA,NYJ,19,17
1992-12-21,1992,0,,ATL,DAL,17,41
1992-12-26,1992,0,,NYJ,NO,0,20
1992-12-26,1992,0,,WSH,OAK,20,21
1992-12-27,1992,0,,SEA,LAC,14,31
1992-12-27,1992,0,,PHI,NYG,20,10
1992-12-27,1992,0,,KC,DEN,42,20
1992-12-27,1992,0,,NE,MIA,13,16
1992-12-27,1992,0,,PIT,CLE,23,13
1992-12-27,1992,0,,ARI,TB,3,7
1992-12-27,1992,0,,LAR,ATL,38,27
1992-12-27,1992,0,,TEN,BUF,27,3
1992-12-27,1992,0,,CIN,IND,17,21
1992-12-27,1992,0,,DAL,CHI,27,14
1992-12-27,1992,0,,MIN,GB,27,7
1992-12-28,1992,0,,SF,DET,24,6
1993-01-02,1992,0,w,MIN,WSH,7,24
1993-01-02,1992,0,w,LAC,KC,17,0
1993-01-03,1992,0,w,NO,PHI,20,36
1993-01-03,1992,0,w,BUF,TEN,41,38
1993-01-09,1992,0,d,SF,WSH,20,13
1993-01-09,1992,0,d,PIT,BUF,3,24
1993-01-10,1992,0,d,DAL,PHI,34,10
1993-01-10,1992,0,d,MIA,LAC,31,0
1993-01-17,1992,0,c,MIA,BUF,10,29
1993-01-17,1992,0,c,SF,DAL,20,30
1993-01-31,1992,1,s,DAL,BUF,52,17
1993-09-05,1993,0,,CLE,CIN,27,14
1993-09-05,1993,0,,NYJ,DEN,20,26
1993-09-05,1993,0,,CHI,NYG,20,26
1993-09-05,1993,0,,DET,ATL,30,13
1993-09-05,1993,0,,LAC,SEA,18,12
1993-09-05,1993,0,,PIT,SF,13,24
1993-09-05,1993,0,,GB,LAR,36,6
1993-09-05,1993,0,,IND,MIA,20,24
1993-09-05,1993,0,,NO,TEN,33,21
1993-09-05,1993,0,,PHI,ARI,23,17
1993-09-05,1993,0,,BUF,NE,38,14
1993-09-05,1993,0,,OAK,MIN,24,7
1993-09-05,1993,0,,TB,KC,3,27
1993-09-06,1993,0,,WSH,DAL,35,16
1993-09-12,1993,0,,SEA,OAK,13,17
1993-09-12,1993,0,,LAR,PIT,27,0
1993-09-12,1993,0,,DEN,LAC,34,17
1993-09-12,1993,0,,CIN,IND,6,9
1993-09-12,1993,0,,ATL,NO,31,34
1993-09-12,1993,0,,MIA,NYJ,14,24
1993-09-12,1993,0,,NE,DET,16,19
1993-09-12,1993,0,,TEN,KC,30,0
1993-09-12,1993,0,,MIN,CHI,10,7
1993-09-12,1993,0,,WSH,ARI,10,17
1993-09-12,1993,0,,NYG,TB,23,7
1993-09-12,1993,0,,GB,PHI,17,20
1993-09-12,1993,0,,DAL,BUF,10,13
1993-09-13,1993,0,,CLE,SF,23,13
1993-09-19,1993,0,,PHI,WSH,34,31
1993-09-19,1993,0,,OAK,CLE,16,19
1993-09-19,1993,0,,NYG,LAR,20,10
1993-09-19,1993,0,,NO,DET,14,3
1993-09-19,1993,0,,ARI,DAL,10,17
1993-09-19,1993,0,,LAC,TEN,18,17
1993-09-19,1993,0,,NE,SEA,14,17
1993-09-19,1993,0,,PIT,CIN,34,7
1993-09-19,1993,0,,SF,ATL,37,30
1993-09-20,1993,0,,KC,DEN,15,7
1993-09-26,1993,0,,CHI,TB,47,17
1993-09-26,1993,0,,NYJ,NE,45,7
1993-09-26,1993,0,,MIN,GB,15,13
1993-09-26,1993,0,,DET,ARI,26,20
1993-09-26,1993,0,,NO,SF,16,13
1993-09-26,1993,0,,CIN,SEA,10,19
1993-09-26,1993,0,,IND,CLE,23,10
1993-09-26,1993,0,,BUF,MIA,13,22
1993-09-26,1993,0,,TEN,LAR,13,28
1993-09-27,1993,0,,ATL,PIT,17,45
1993-10-03,1993,0,,TB,DET,27,10
1993-10-03,1993,0,,SF,MIN,38,19
1993-10-03,1993,0,,CHI,ATL,6,0
1993-10-03,1993,0,,SEA,LAC,31,14
1993-10-03,1993,0,,LAR,NO,6,37
1993-10-03,1993,0,,NYJ,PHI,30,35
1993-10-03,1993,0,,KC,OAK,24,9
1993-10-03,1993,0,,DAL,GB,36,14
1993-10-03,1993,0,,BUF,NYG,17,14
1993-10-03,1993,0,,DEN,IND,35,13
1993-10-04,1993,0,,MIA,WSH,17,10
1993-10-10,1993,0,,CLE,MIA,14,24
1993-10-10,1993,0,,PIT,LAC,16,3
1993-10-10,1993,0,,KC,CIN,17,15
1993-10-10,1993,0,,ARI,NE,21,23
1993-10-10,1993,0,,WSH,NYG,7,41
1993-10-10,1993,0,,PHI,CHI,6,17
1993-10-10,1993,0,,IND,DAL,3,27
1993-10-10,1993,0,,OAK,NYJ,24,20
1993-10-10,1993,0,,MIN,TB,15,0
1993-10-10,1993,0,,GB,DEN,30,27
1993-10-11,1993,0,,BUF,TEN,35,7
1993-10-14,1993,0,,ATL,LAR,30,24
1993-10-17,1993,0,,ARI,WSH,36,6
1993-10-17,1993,0,,LAC,KC,14,17
1993-10-17,1993,0,,NE,TEN,14,28
1993-10-17,1993,0,,DET,SEA,30,10
1993-10-17,1993,0,,PIT,NO,37,14
1993-10-17,1993,0,,DAL,SF,26,17
1993-10-17,1993,0,,CIN,CLE,17,28
1993-10-17,1993,0,,NYG,PHI,21,10
1993-10-18,1993,0,,DEN,OAK,20,23
1993-10-24,1993,0,,SF,ARI,28,14
1993-10-24,1993,0,,MIA,IND,41,27
1993-10-24,1993,0,,NYJ,BUF,10,19
1993-10-24,1993,0,,SEA,NE,10,9
1993-10-24,1993,0,,TEN,CIN,28,12
1993-10-24,1993,0,,NO,ATL,15,26
1993-10-24,1993,0,,LAR,DET,13,16
1993-10-24,1993,0,,TB,GB,14,37
1993-10-24,1993,0,,CLE,PIT,28,23
1993-10-25,1993,0,,CHI,MIN,12,19
1993-10-31,1993,0,,MIN,DET,27,30
1993-10-31,1993,0,,NYG,NYJ,6,10
1993-10-31,1993,0,,ARI,NO,17,20
1993-10-31,1993,0,,IND,NE,9,6
1993-10-31,1993,0,,OAK,LAC,23,30
1993-10-31,1993,0,,GB,CHI,17,3
1993-10-31,1993,0,,PHI,DAL,10,23
1993-10-31,1993,0,,ATL,TB,24,31
1993-10-31,1993,0,,SF,LAR,40,17
1993-10-31,1993,0,,DEN,SEA,28,17
1993-10-31,1993,0,,MIA,KC,30,10
1993-11-01,1993,0,,BUF,WSH,24,10
1993-11-07,1993,0,,NYJ,MIA,27,10
1993-11-07,1993,0,,DET,TB,23,0
1993-11-07,1993,0,,NE,BUF,10,13
1993-11-07,1993,0,,TEN,SEA,24,14
1993-11-07,1993,0,,ARI,PHI,16,3
1993-11-07,1993,0,,MIN,LAC,17,30
1993-11-07,1993,0,,DAL,NYG,31,9
1993-11-07,1993,0,,CHI,OAK,14,16
1993-11-07,1993,0,,CIN,PIT,16,24
1993-11-07,1993,0,,WSH,IND,30,24
1993-11-07,1993,0,,CLE,DEN,14,29
1993-11-08,1993,0,,KC,GB,23,16
1993-11-14,1993,0,,NO,GB,17,19
1993-11-14,1993,0,,LAR,ATL,0,13
1993-11-14,1993,0,,CIN,TEN,3,38
1993-11-14,1993,0,,OAK,KC,20,31
1993-11-14,1993,0,,TB,SF,21,45
1993-11-14,1993,0,,NYG,WSH,20,6
1993-11-14,1993,0,,IND,NYJ,17,31
1993-11-14,1993,0,,DEN,MIN,23,26
1993-11-14,1993,0,,DAL,ARI,20,15
1993-11-14,1993,0,,SEA,CLE,22,5
1993-11-14,1993,0,,PHI,MIA,14,19
1993-11-14,1993,0,,LAC,CHI,13,16
1993-11-15,1993,0,,PIT,BUF,23,0
1993-11-21,1993,0,,TB,MIN,23,10
1993-11-21,1993,0,,DEN,PIT,37,13
1993-11-21,1993,0,,PHI,NYG,3,7
1993-11-21,1993,0,,LAC,OAK,7,12
1993-11-21,1993,0,,NYJ,CIN,17,12
1993-11-21,1993,0,,GB,DET,26,17
1993-11-21,1993,0,,CLE,TEN,20,27
1993-11-21,1993,0,,MIA,NE,17,13
1993-11-21,1993,0,,BUF,IND,23,9
1993-11-21,1993,0,,LAR,WSH,10,6
1993-11-21,1993,0,,ATL,DAL,27,14
1993-11-21,1993,0,,KC,CHI,17,19
1993-11-22,1993,0,,SF,NO,42,7
1993-11-25,1993,0,,DET,CHI,6,10
1993-11-25,1993,0,,DAL,MIA,14,16
1993-11-28,1993,0,,CIN,OAK,16,10
1993-11-28,1993,0,,KC,BUF,23,7
1993-11-28,1993,0,,WSH,PHI,14,17
1993-11-28,1993,0,,NYG,ARI,19,17
1993-11-28,1993,0,,TEN,PIT,23,3
1993-11-28,1993,0,,NE,NYJ,0,6
1993-11-28,1993,0,,LAR,SF,10,35
1993-11-28,1993,0,,MIN,NO,14,17
1993-11-28,1993,0,,GB,TB,13,10
1993-11-28,1993,0,,ATL,CLE,17,14
1993-11-28,1993,0,,SEA,DEN,9,17
1993-11-29,1993,0,,IND,LAC,0,31
1993-12-05,1993,0,,ARI,LAR,38,10
1993-12-05,1993,0,,DET,MIN,0,13
1993-12-05,1993,0,,TB,WSH,17,23
1993-12-05,1993,0,,CHI,GB,30,17
1993-12-05,1993,0,,CLE,NO,17,13
1993-12-05,1993,0,,SEA,KC,16,31
1993-12-05,1993,0,,BUF,OAK,24,25
1993-12-05,1993,0,,PIT,NE,17,14
1993-12-05,1993,0,,NYJ,IND,6,9
1993-12-05,1993,0,,LAC,DEN,13,10
1993-12-05,1993,0,,SF,CIN,21,8
1993-12-05,1993,0,,MIA,NYG,14,19
1993-12-05,1993,0,,TEN,ATL,33,17
1993-12-06,1993,0,,DAL,PHI,23,17
1993-12-11,1993,0,,WSH,NYJ,0,3
1993-12-11,1993,0,,ATL,SF,27,24
1993-12-12,1993,0,,PHI,BUF,7,10
1993-12-12,1993,0,,ARI,DET,14,21
1993-12-12,1993,0,,NYG,IND,20,6
1993-12-12,1993,0,,TB,CHI,13,10
1993-12-12,1993,0,,MIN,DAL,20,37
1993-12-12,1993,0,,DEN,KC,27,21
1993-12-12,1993,0,,NE,CIN,7,2
1993-12-12,1993,0,,OAK,SEA,27,23
1993-12-12,1993,0,,NO,LAR,20,23
1993-12-12,1993,0,,TEN,CLE,19,17
1993-12-12,1993,0,,LAC,GB,13,20
1993-12-13,1993,0,,MIA,PIT,20,21
1993-12-18,1993,0,,NYJ,DAL,7,28
1993-12-18,1993,0,,CHI,DEN,3,13
1993-12-19,1993,0,,CIN,LAR,15,3
1993-12-19,1993,0,,IND,PHI,10,20
1993-12-19,1993,0,,MIA,BUF,34,47
1993-12-19,1993,0,,OAK,TB,27,20
1993-12-19,1993,0,,KC,LAC,28,24
1993-12-19,1993,0,,GB,MIN,17,21
1993-12-19,1993,0,,SEA,ARI,27,30
1993-12-19,1993,0,,DET,SF,17,55
1993-12-19,1993,0,,CLE,NE,17,20
1993-12-19,1993,0,,PIT,TEN,17,26
1993-12-19,1993,0,,WSH,ATL,30,17
1993-12-20,1993,0,,NO,NYG,14,24
1993-12-25,1993,0,,SF,TEN,7,10
1993-12-26,1993,0,,NE,IND,38,0
1993-12-26,1993,0,,PHI,NO,37,26
1993-12-26,1993,0,,MIN,KC,30,10
1993-12-26,1993,0,,DAL,WSH,38,3
1993-12-26,1993,0,,SEA,PIT,16,6
1993-12-26,1993,0,,CIN,ATL,21,17
1993-12-26,1993,0,,BUF,NYJ,16,14
1993-12-26,1993,0,,CHI,DET,14,20
1993-12-26,1993,0,,ARI,NYG,17,6
1993-12-26,1993,0,,GB,OAK,28,0
1993-12-26,1993,0,,DEN,TB,10,17
1993-12-26,1993,0,,LAR,CLE,14,42
1993-12-27,1993,0,,LAC,MIA,45,20
1993-12-31,1993,0,,WSH,MIN,9,14
1994-01-02,1993,0,,PIT,CLE,16,9
1994-01-02,1993,0,,OAK,DEN,33,30
1994-01-02,1993,0,,TEN,NYJ,24,0
1994-01-02,1993,0,,DET,GB,30,20
1994-01-02,1993,0,,NYG,DAL,13,16
1994-01-02,1993,0,,ATL,ARI,10,27
1994-01-02,1993,0,,KC,SEA,34,24
1994-01-02,1993,0,,NE,MIA,33,27
1994-01-02,1993,0,,LAR,CHI,20,6
1994-01-02,1993,0,,TB,LAC,17,32
1994-01-02,1993,0,,NO,CIN,20,13
1994-01-02,1993,0,,IND,BUF,10,30
1994-01-03,1993,0,,SF,PHI,34,37
1994-01-08,1993,0,w,KC,PIT,27,24
1994-01-08,1993,0,w,DET,GB,24,28
1994-01-09,1993,0,w,NYG,MIN,17,10
1994-01-09,1993,0,w,OAK,DEN,42,24
1994-01-15,1993,0,d,SF,NYG,44,3
1994-01-15,1993,0,d,BUF,OAK,29,23
1994-01-16,1993,0,d,DAL,GB,27,17
1994-01-16,1993,0,d,TEN,KC,20,28
1994-01-23,1993,0,c,BUF,KC,30,13
1994-01-23,1993,0,c,DAL,SF,38,21
1994-01-30,1993,1,s,DAL,BUF,30,13
1994-09-04,1994,0,,IND,TEN,45,21
1994-09-04,1994,0,,MIA,NE,39,35
1994-09-04,1994,0,,DET,ATL,31,28
1994-09-04,1994,0,,PIT,DAL,9,26
1994-09-04,1994,0,,CHI,TB,21,9
1994-09-04,1994,0,,CIN,CLE,20,28
1994-09-04,1994,0,,GB,MIN,16,10
1994-09-04,1994,0,,WSH,SEA,7,28
1994-09-04,1994,0,,LAR,ARI,14,12
1994-09-04,1994,0,,NO,KC,17,30
1994-09-04,1994,0,,DEN,LAC,34,37
1994-09-04,1994,0,,BUF,NYJ,3,23
1994-09-04,1994,0,,NYG,PHI,28,23
1994-09-05,1994,0,,SF,OAK,44,14
1994-09-11,1994,0,,LAC,CIN,27,10
1994-09-11,1994,0,,TB,IND,24,10
1994-09-11,1994,0,,KC,SF,24,17
1994-09-11,1994,0,,ATL,LAR,31,13
1994-09-11,1994,0,,CLE,PIT,10,17
1994-09-11,1994,0,,DAL,TEN,20,17
1994-09-11,1994,0,,ARI,NYG,17,20
1994-09-11,1994,0,,NYJ,DEN,25,22
1994-09-11,1994,0,,NO,WSH,24,38
1994-09-11,1994,0,,OAK,SEA,9,38
1994-09-11,1994,0,,NE,BUF,35,38
1994-09-11,1994,0,,GB,MIA,14,24
1994-09-11,1994,0,,MIN,DET,10,3
1994-09-12,1994,0,,PHI,CHI,30,22
1994-09-18,1994,0,,LAR,SF,19,34
1994-09-18,1994,0,,ATL,KC,10,30
1994-09-18,1994,0,,DEN,OAK,16,48
1994-09-18,1994,0,,NYG,WSH,31,23
1994-09-18,1994,0,,SEA,LAC,10,24
1994-09-18,1994,0,,TB,NO,7,9
1994-09-18,1994,0,,CIN,NE,28,31
1994-09-18,1994,0,,CLE,ARI,32,0
1994-09-18,1994,0,,MIA,NYJ,28,14
1994-09-18,1994,0,,PHI,GB,13,7
1994-09-18,1994,0,,CHI,MIN,14,42
1994-09-18,1994,0,,TEN,BUF,7,15
1994-09-18,1994,0,,PIT,IND,31,21
1994-09-19,1994,0,,DAL,DET,17,20
1994-09-25,1994,0,,GB,TB,30,3
1994-09-25,1994,0,,OAK,LAC,24,26
1994-09-25,1994,0,,TEN,CIN,20,13
1994-09-25,1994,0,,DET,NE,17,23
1994-09-25,1994,0,,KC,LAR,0,16
1994-09-25,1994,0,,SF,NO,24,13
1994-09-25,1994,0,,SEA,PIT,30,13
1994-09-25,1994,0,,MIN,MIA,38,35
1994-09-25,1994,0,,NYJ,CHI,7,19
1994-09-25,1994,0,,IND,CLE,14,21
1994-09-25,1994,0,,WSH,ATL,20,27
1994-09-26,1994,0,,BUF,DEN,27,20
1994-10-02,1994,0,,CHI,BUF,20,13
1994-10-02,1994,0,,NO,NYG,27,22
1994-10-02,1994,0,,CLE,NYJ,27,7
1994-10-02,1994,0,,NE,GB,17,16
1994-10-02,1994,0,,ARI,MIN,17,7
1994-10-02,1994,0,,IND,SEA,17,15
1994-10-02,1994,0,,WSH,DAL,7,34
1994-10-02,1994,0,,LAR,ATL,5,8
1994-10-02,1994,0,,CIN,MIA,7,23
1994-10-02,1994,0,,SF,PHI,8,40
1994-10-02,1994,0,,TB,DET,24,14
1994-10-03,1994,0,,PIT,TEN,30,14
1994-10-09,1994,0,,PHI,WSH,21,17
1994-10-09,1994,0,,LAC,KC,20,6
1994-10-09,1994,0,,GB,LAR,24,17
1994-10-09,1994,0,,SEA,DEN,9,16
1994-10-09,1994,0,,NE,OAK,17,21
1994-10-09,1994,0,,DAL,ARI,38,3
1994-10-09,1994,0,,BUF,MIA,21,11
1994-10-09,1994,0,,NYJ,IND,16,6
1994-10-09,1994,0,,DET,SF,21,27
1994-10-09,1994,0,,CHI,NO,17,7
1994-10-09,1994,0,,ATL,TB,34,13
1994-10-10,1994,0,,NYG,MIN,10,27
1994-10-13,1994,0,,TEN,CLE,8,11
1994-10-16,1994,0,,LAR,NYG,17,10
1994-10-16,1994,0,,MIA,OAK,20,17
1994-10-16,1994,0,,WSH,ARI,16,19
1994-10-16,1994,0,,NYJ,NE,24,17
1994-10-16,1994,0,,PIT,CIN,14,10
1994-10-16,1994,0,,BUF,IND,17,27
1994-10-16,1994,0,,DAL,PHI,24,13
1994-10-16,1994,0,,ATL,SF,3,42
1994-10-16,1994,0,,NO,LAC,22,36
1994-10-17,1994,0,,DEN,KC,28,31
1994-10-20,1994,0,,MIN,GB,13,10
1994-10-23,1994,0,,IND,WSH,27,41
1994-10-23,1994,0,,NYG,PIT,6,10
1994-10-23,1994,0,,NO,LAR,37,34
1994-10-23,1994,0,,DET,CHI,21,16
1994-10-23,1994,0,,KC,SEA,38,23
1994-10-23,1994,0,,LAC,DEN,15,20
1994-10-23,1994,0,,SF,TB,41,16
1994-10-23,1994,0,,CLE,CIN,37,13
1994-10-23,1994,0,,OAK,ATL,30,17
1994-10-23,1994,0,,ARI,DAL,21,28
1994-10-24,1994,0,,PHI,TEN,21,6
1994-10-30,1994,0,,OAK,TEN,17,14
1994-10-30,1994,0,,BUF,KC,44,10
1994-10-30,1994,0,,NE,MIA,3,23
1994-10-30,1994,0,,IND,NYJ,28,25
1994-10-30,1994,0,,NYG,DET,25,28
1994-10-30,1994,0,,WSH,PHI,29,31
1994-10-30,1994,0,,LAC,SEA,35,15
1994-10-30,1994,0,,TB,MIN,13,36
1994-10-30,1994,0,,CIN,DAL,20,23
1994-10-30,1994,0,,ARI,PIT,20,17
1994-10-30,1994,0,,DEN,CLE,26,14
1994-10-31,1994,0,,CHI,GB,6,33
1994-11-06,1994,0,,GB,DET,38,30
1994-11-06,1994,0,,ATL,LAC,10,9
1994-11-06,1994,0,,NYJ,BUF,22,17
1994-11-06,1994,0,,MIA,IND,22,21
1994-11-06,1994,0,,LAR,DEN,27,21
1994-11-06,1994,0,,TB,CHI,6,20
1994-11-06,1994,0,,CLE,NE,13,6
1994-11-06,1994,0,,SEA,CIN,17,20
1994-11-06,1994,0,,PHI,ARI,17,7
1994-11-06,1994,0,,TEN,PIT,9,12
1994-11-06,1994,0,,WSH,SF,22,37
1994-11-06,1994,0,,KC,OAK,13,3
1994-11-06,1994,0,,MIN,NO,21,20
1994-11-07,1994,0,,DAL,NYG,38,10
1994-11-13,1994,0,,GB,NYJ,17,10
1994-11-13,1994,0,,DEN,SEA,17,10
1994-11-13,1994,0,,PHI,CLE,7,26
1994-11-13,1994,0,,LAR,OAK,17,20
1994-11-13,1994,0,,CIN,TEN,34,31
1994-11-13,1994,0,,NO,ATL,33,32
1994-11-13,1994,0,,SF,DAL,21,14
1994-11-13,1994,0,,MIA,CHI,14,17
1994-11-13,1994,0,,NYG,ARI,9,10
1994-11-13,1994,0,,NE,MIN,26,20
1994-11-13,1994,0,,KC,LAC,13,14
1994-11-13,1994,0,,DET,TB,14,9
1994-11-14,1994,0,,PIT,BUF,23,10
1994-11-20,1994,0,,NE,LAC,23,17
1994-11-20,1994,0,,DAL,WSH,31,7
1994-11-20,1994,0,,KC,CLE,20,13
1994-11-20,1994,0,,PIT,MIA,16,13
1994-11-20,1994,0,,CHI,DET,20,10
1994-11-20,1994,0,,SF,LAR,31,27
1994-11-20,1994,0,,OAK,NO,24,19
1994-11-20,1994,0,,SEA,TB,22,21
1994-11-20,1994,0,,MIN,NYJ,21,31
1994-11-20,1994,0,,DEN,ATL,32,28
1994-11-20,1994,0,,ARI,PHI,12,6
1994-11-20,1994,0,,CIN,IND,13,17
1994-11-20,1994,0,,BUF,GB,29,20
1994-11-21,1994,0,,TEN,NYG,10,13
1994-11-24,1994,0,,DAL,GB,42,31
1994-11-24,1994,0,,DET,BUF,35,21
1994-11-27,1994,0,,CLE,TEN,34,10
1994-11-27,1994,0,,LAC,LAR,31,17
1994-11-27,1994,0,,IND,NE,10,12
1994-11-27,1994,0,,DEN,CIN,15,13
1994-11-27,1994,0,,NYJ,MIA,24,28
1994-11-27,1994,0,,MIN,TB,17,20
1994-11-27,1994,0,,SEA,KC,10,9
1994-11-27,1994,0,,WSH,NYG,19,21
1994-11-27,1994,0,,ARI,CHI,16,19
1994-11-27,1994,0,,ATL,PHI,28,21
1994-11-27,1994,0,,OAK,PIT,3,21
1994-11-28,1994,0,,NO,SF,14,35
1994-12-01,1994,0,,MIN,CHI,33,27
1994-12-04,1994,0,,KC,DEN,17,20
1994-12-04,1994,0,,CIN,PIT,15,38
1994-12-04,1994,0,,NE,NYJ,24,13
1994-12-04,1994,0,,SF,ATL,50,14
1994-12-04,1994,0,,DET,GB,34,31
1994-12-04,1994,0,,CLE,NYG,13,16
1994-12-04,1994,0,,LAR,NO,15,31
1994-12-04,1994,0,,TB,WSH,26,21
1994-12-04,1994,0,,MIA,BUF,31,42
1994-12-04,1994,0,,TEN,ARI,12,30
1994-12-04,1994,0,,SEA,IND,19,31
1994-12-04,1994,0,,PHI,DAL,19,31
1994-12-05,1994,0,,LAC,OAK,17,24
1994-12-10,1994,0,,DAL,CLE,14,19
1994-12-10,1994,0,,NYJ,DET,7,18
1994-12-11,1994,0,,PIT,PHI,14,3
1994-12-11,1994,0,,BUF,MIN,17,21
1994-12-11,1994,0,,ATL,NO,20,29
1994-12-11,1994,0,,OAK,DEN,23,13
1994-12-11,1994,0,,TEN,SEA,14,16
1994-12-11,1994,0,,NE,IND,28,13
1994-12-11,1994,0,,NYG,CIN,27,20
1994-12-11,1994,0,,TB,LAR,24,14
1994-12-11,1994,0,,ARI,WSH,17,15
1994-12-11,1994,0,,LAC,SF,15,38
1994-12-11,1994,0,,GB,CHI,40,3
1994-12-12,1994,0,,MIA,KC,45,28
1994-12-17,1994,0,,SF,DEN,42,19
1994-12-17,1994,0,,DET,MIN,41,19
1994-12-18,1994,0,,WSH,TB,14,17
1994-12-18,1994,0,,ARI,CIN,28,7
1994-12-18,1994,0,,CHI,LAR,27,13
1994-12-18,1994,0,,NYJ,LAC,6,21
1994-12-18,1994,0,,PHI,NYG,13,16
1994-12-18,1994,0,,BUF,NE,17,41
1994-12-18,1994,0,,GB,ATL,21,17
1994-12-18,1994,0,,KC,TEN,31,9
1994-12-18,1994,0,,PIT,CLE,17,7
1994-12-18,1994,0,,IND,MIA,10,6
1994-12-18,1994,0,,SEA,OAK,16,17
1994-12-19,1994,0,,NO,DAL,16,24
1994-12-24,1994,0,,IND,BUF,10,9
1994-12-24,1994,0,,OAK,KC,9,19
1994-12-24,1994,0,,NYG,DAL,15,10
1994-12-24,1994,0,,DEN,NO,28,30
1994-12-24,1994,0,,CIN,PHI,33,30
1994-12-24,1994,0,,CHI,NE,3,13
1994-12-24,1994,0,,LAR,WSH,21,24
1994-12-24,1994,0,,LAC,PIT,37,34
1994-12-24,1994,0,,ATL,ARI,10,6
1994-12-24,1994,0,,CLE,SEA,35,9
1994-12-24,1994,0,,TEN,NYJ,24,10
1994-12-24,1994,0,,TB,GB,19,34
1994-12-25,1994,0,,MIA,DET,27,20
1994-12-26,1994,0,,MIN,SF,21,14
1994-12-31,1994,0,w,MIA,KC,27,17
1994-12-31,1994,0,w,GB,DET,16,12
1995-01-01,1994,0,w,CLE,NE,20,13
1995-01-01,1994,0,w,MIN,CHI,18,35
1995-01-07,1994,0,d,SF,CHI,44,15
1995-01-07,1994,0,d,PIT,CLE,29,9
1995-01-08,1994,0,d,LAC,MIA,22,21
1995-01-08,1994,0,d,DAL,GB,35,9
1995-01-15,1994,0,c,PIT,LAC,13,17
1995-01-15,1994,0,c,SF,DAL,38,28
1995-01-29,1994,1,s,SF,LAC,49,26
1995-09-03,1995,0,,MIA,NYJ,52,14
1995-09-03,1995,0,,NE,CLE,17,14
1995-09-03,1995,0,,SEA,KC,10,34
1995-09-03,1995,0,,PIT,DET,23,20
1995-09-03,1995,0,,WSH,ARI,27,7
1995-09-03,1995,0,,CHI,MIN,31,14
1995-09-03,1995,0,,IND,CIN,21,24
1995-09-03,1995,0,,ATL,CAR,23,20
1995-09-03,1995,0,,NO,SF,22,24
1995-09-03,1995,0,,OAK,LAC,17,7
1995-09-03,1995,0,,JAX,TEN,3,10
1995-09-03,1995,0,,GB,LAR,14,17
1995-09-03,1995,0,,PHI,TB,6,21
1995-09-03,1995,0,,DEN,BUF,22,7
1995-09-04,1995,0,,NYG,DAL,0,35
1995-09-10,1995,0,,NYJ,IND,24,27
1995-09-10,1995,0,,NE,MIA,3,20
1995-09-10,1995,0,,CLE,TB,22,6
1995-09-10,1995,0,,KC,NYG,20,17
1995-09-10,1995,0,,TEN,PIT,17,34
1995-09-10,1995,0,,LAR,NO,17,13
1995-09-10,1995,0,,LAC,SEA,14,10
1995-09-10,1995,0,,ARI,PHI,19,31
1995-09-10,1995,0,,CIN,JAX,24,17
1995-09-10,1995,0,,BUF,CAR,31,9
1995-09-10,1995,0,,WSH,OAK,8,20
1995-09-10,1995,0,,SF,ATL,41,10
1995-09-10,1995,0,,DAL,DEN,31,21
1995-09-10,1995,0,,MIN,DET,20,10
1995-09-11,1995,0,,CHI,GB,24,27
1995-09-17,1995,0,,CAR,LAR,10,31
1995-09-17,1995,0,,SEA,CIN,24,21
1995-09-17,1995,0,,NYJ,JAX,27,10
1995-09-17,1995,0,,NO,ATL,24,27
1995-09-17,1995,0,,GB,NYG,14,6
1995-09-17,1995,0,,DET,ARI,17,20
1995-09-17,1995,0,,MIN,DAL,17,23
1995-09-17,1995,0,,KC,OAK,23,17
1995-09-17,1995,0,,DEN,WSH,38,31
1995-09-17,1995,0,,BUF,IND,20,14
1995-09-17,1995,0,,PHI,LAC,21,27
1995-09-17,1995,0,,SF,NE,28,3
1995-09-17,1995,0,,TEN,CLE,7,14
1995-09-17,1995,0,,TB,CHI,6,25
1995-09-18,1995,0,,MIA,PIT,23,10
1995-09-24,1995,0,,LAC,DEN,17,6
1995-09-24,1995,0,,PIT,MIN,24,44
1995-09-24,1995,0,,NYG,NO,45,29
1995-09-24,1995,0,,JAX,GB,14,24
1995-09-24,1995,0,,TB,WSH,14,6
1995-09-24,1995,0,,ATL,NYJ,13,3
1995-09-24,1995,0,,OAK,PHI,48,17
1995-09-24,1995,0,,CIN,TEN,28,38
1995-09-24,1995,0,,DAL,ARI,34,20
1995-09-24,1995,0,,CLE,KC,35,17
1995-09-24,1995,0,,LAR,CHI,34,28
1995-09-25,1995,0,,DET,SF,27,24
1995-10-01,1995,0,,TEN,JAX,16,17
1995-10-01,1995,0,,ATL,NE,30,17
1995-10-01,1995,0,,WSH,DAL,27,23
1995-10-01,1995,0,,NO,PHI,10,15
1995-10-01,1995,0,,PIT,LAC,31,16
1995-10-01,1995,0,,IND,LAR,21,18
1995-10-01,1995,0,,NYJ,OAK,10,47
1995-10-01,1995,0,,ARI,KC,3,24
1995-10-01,1995,0,,CIN,MIA,23,26
1995-10-01,1995,0,,CAR,TB,13,20
1995-10-01,1995,0,,SF,NYG,20,6
1995-10-01,1995,0,,SEA,DEN,27,10
1995-10-02,1995,0,,CLE,BUF,19,22
1995-10-08,1995,0,,TB,CIN,19,16
1995-10-08,1995,0,,NYG,ARI,27,21
1995-10-08,1995,0,,MIA,IND,24,27
1995-10-08,1995,0,,PHI,WSH,37,34
1995-10-08,1995,0,,MIN,TEN,23,17
1995-10-08,1995,0,,DET,CLE,38,20
1995-10-08,1995,0,,CHI,CAR,31,27
1995-10-08,1995,0,,BUF,NYJ,29,10
1995-10-08,1995,0,,OAK,SEA,34,14
1995-10-08,1995,0,,NE,DEN,3,37
1995-10-08,1995,0,,JAX,PIT,20,16
1995-10-08,1995,0,,DAL,GB,34,24
1995-10-09,1995,0,,KC,LAC,29,23
1995-10-12,1995,0,,LAR,ATL,21,19
1995-10-15,1995,0,,LAC,DAL,9,23
1995-10-15,1995,0,,IND,SF,18,17
1995-10-15,1995,0,,TB,MIN,20,17
1995-10-15,1995,0,,KC,NE,31,26
1995-10-15,1995,0,,JAX,CHI,27,30
1995-10-15,1995,0,,NO,MIA,33,30
1995-10-15,1995,0,,ARI,WSH,24,20
1995-10-15,1995,0,,GB,DET,30,21
1995-10-15,1995,0,,BUF,SEA,27,21
1995-10-15,1995,0,,CAR,NYJ,26,15
1995-10-15,1995,0,,NYG,PHI,14,17
1995-10-16,1995,0,,DEN,OAK,27,0
1995-10-19,1995,0,,PIT,CIN,9,27
1995-10-22,1995,0,,OAK,IND,30,17
1995-10-22,1995,0,,TB,ATL,21,24
1995-10-22,1995,0,,CLE,JAX,15,23
1995-10-22,1995,0,,GB,MIN,38,21
1995-10-22,1995,0,,NYJ,MIA,17,16
1995-10-22,1995,0,,WSH,DET,36,30
1995-10-22,1995,0,,LAR,SF,10,44
1995-10-22,1995,0,,DEN,KC,7,21
1995-10-22,1995,0,,CAR,NO,20,3
1995-10-22,1995,0,,CHI,TEN,35,32
1995-10-22,1995,0,,SEA,LAC,25,35
1995-10-23,1995,0,,NE,BUF,27,14
1995-10-29,1995,0,,PHI,LAR,20,9
1995-10-29,1995,0,,TEN,TB,19,7
1995-10-29,1995,0,,MIA,BUF,23,6
1995-10-29,1995,0,,IND,NYJ,17,10
1995-10-29,1995,0,,ATL,DAL,13,28
1995-10-29,1995,0,,CIN,CLE,26,29
1995-10-29,1995,0,,WSH,NYG,15,24
1995-10-29,1995,0,,ARI,SEA,20,14
1995-10-29,1995,0,,NE,CAR,17,20
1995-10-29,1995,0,,PIT,JAX,24,7
1995-10-29,1995,0,,SF,NO,7,11
1995-10-29,1995,0,,DET,GB,24,16
1995-10-30,1995,0,,MIN,CHI,6,14
1995-11-05,1995,0,,CIN,OAK,17,20
1995-11-05,1995,0,,SEA,NYG,30,28
1995-11-05,1995,0,,SF,CAR,7,13
1995-11-05,1995,0,,NYJ,NE,7,20
1995-11-05,1995,0,,DEN,ARI,38,6
1995-11-05,1995,0,,LAC,MIA,14,24
1995-11-05,1995,0,,ATL,DET,34,22
1995-11-05,1995,0,,NO,LAR,19,10
1995-11-05,1995,0,,CHI,PIT,34,37
1995-11-05,1995,0,,CLE,TEN,10,37
1995-11-05,1995,0,,IND,BUF,10,16
1995-11-05,1995,0,,MIN,GB,27,24
1995-11-05,1995,0,,KC,WSH,24,3
1995-11-06,1995,0,,DAL,PHI,34,12
1995-11-12,1995,0,,ARI,MIN,24,30
1995-11-12,1995,0,,JAX,SEA,30,47
1995-11-12,1995,0,,DET,TB,27,24
1995-11-12,1995,0,,NO,IND,17,14
1995-11-12,1995,0,,NYG,OAK,13,17
1995-11-12,1995,0,,TEN,CIN,25,32
1995-11-12,1995,0,,LAR,CAR,28,17
1995-11-12,1995,0,,BUF,ATL,23,17
1995-11-12,1995,0,,MIA,NE,17,34
1995-11-12,1995,0,,LAC,KC,7,22
1995-11-12,1995,0,,DAL,SF,20,38
1995-11-12,1995,0,,PHI,DEN,31,13
1995-11-12,1995,0,,GB,CHI,35,28
1995-11-13,1995,0,,PIT,CLE,20,3
1995-11-19,1995,0,,NE,IND,10,24
1995-11-19,1995,0,,PHI,NYG,28,19
1995-11-19,1995,0,,CHI,DET,17,24
1995-11-19,1995,0,,KC,TEN,20,13
1995-11-19,1995,0,,WSH,SEA,20,27
1995-11-19,1995,0,,OAK,DAL,21,34
1995-11-19,1995,0,,CAR,ARI,27,7
1995-11-19,1995,0,,CIN,PIT,31,49
1995-11-19,1995,0,,CLE,GB,20,31
1995-11-19,1995,0,,MIN,NO,43,24
1995-11-19,1995,0,,NYJ,BUF,26,28
1995-11-19,1995,0,,TB,JAX,17,16
1995-11-19,1995,0,,DEN,LAC,30,27
1995-11-19,1995,0,,ATL,LAR,31,6
1995-11-20,1995,0,,MIA,SF,20,44
1995-11-23,1995,0,,DAL,KC,24,12
1995-11-23,1995,0,,DET,MIN,44,38
1995-11-26,1995,0,,GB,TB,35,13
1995-11-26,1995,0,,WSH,PHI,7,14
1995-11-26,1995,0,,SF,LAR,41,13
1995-11-26,1995,0,,JAX,CIN,13,17
1995-11-26,1995,0,,TEN,DEN,42,33
1995-11-26,1995,0,,NYG,CHI,24,27
1995-11-26,1995,0,,BUF,NE,25,35
1995-11-26,1995,0,,ARI,ATL,40,37
1995-11-26,1995,0,,IND,MIA,36,28
1995-11-26,1995,0,,NO,CAR,34,26
1995-11-26,1995,0,,CLE,PIT,17,20
1995-11-26,1995,0,,SEA,NYJ,10,16
1995-11-27,1995,0,,LAC,OAK,12,6
1995-11-30,1995,0,,ARI,NYG,6,10
1995-12-03,1995,0,,MIN,TB,31,17
1995-12-03,1995,0,,NYJ,LAR,20,23
1995-12-03,1995,0,,OAK,KC,23,29
1995-12-03,1995,0,,DAL,WSH,17,24
1995-12-03,1995,0,,LAC,CLE,31,13
1995-12-03,1995,0,,SEA,PHI,26,14
1995-12-03,1995,0,,CAR,IND,13,10
1995-12-03,1995,0,,GB,CIN,24,10
1995-12-03,1995,0,,PIT,TEN,21,7
1995-12-03,1995,0,,DEN,JAX,31,23
1995-12-03,1995,0,,MIA,ATL,21,20
1995-12-03,1995,0,,SF,BUF,27,17
1995-12-03,1995,0,,NE,NO,17,31
1995-12-04,1995,0,,DET,CHI,27,7
1995-12-09,1995,0,,LAC,ARI,28,25
1995-12-09,1995,0,,MIN,CLE,27,11
1995-12-10,1995,0,,CAR,SF,10,31
1995-12-10,1995,0,,CIN,CHI,16,10
1995-12-10,1995,0,,TEN,DET,17,24
1995-12-10,1995,0,,OAK,PIT,10,29
1995-12-10,1995,0,,LAR,BUF,27,45
1995-12-10,1995,0,,PHI,DAL,20,17
1995-12-10,1995,0,,ATL,NO,19,14
1995-12-10,1995,0,,NYG,WSH,20,13
1995-12-10,1995,0,,DEN,SEA,27,31
1995-12-10,1995,0,,NE,NYJ,31,28
1995-12-10,1995,0,,TB,GB,13,10
1995-12-10,1995,0,,JAX,IND,31,41
1995-12-11,1995,0,,MIA,KC,13,6
1995-12-16,1995,0,,PIT,NE,41,27
1995-12-16,1995,0,,NO,GB,23,34
1995-12-17,1995,0,,PHI,ARI,21,20
1995-12-17,1995,0,,IND,LAC,24,27
1995-12-17,1995,0,,CHI,TB,31,10
1995-12-17,1995,0,,TEN,NYJ,23,6
1995-12-17,1995,0,,SEA,OAK,44,10
1995-12-17,1995,0,,CAR,ATL,21,17
1995-12-17,1995,0,,DET,JAX,44,0
1995-12-17,1995,0,,LAR,WSH,23,35
1995-12-17,1995,0,,DAL,NYG,21,20
1995-12-17,1995,0,,BUF,MIA,23,20
1995-12-17,1995,0,,CLE,CIN,26,10
1995-12-17,1995,0,,KC,DEN,20,17
1995-12-18,1995,0,,SF,MIN,37,30
1995-12-23,1995,0,,IND,NE,10,7
1995-12-23,1995,0,,NYG,LAC,17,27
1995-12-23,1995,0,,TB,DET,10,37
1995-12-24,1995,0,,BUF,TEN,17,28
1995-12-24,1995,0,,ATL,SF,28,27
1995-12-24,1995,0,,JAX,CLE,24,21
1995-12-24,1995,0,,KC,SEA,26,3
1995-12-24,1995,0,,WSH,CAR,20,17
1995-12-24,1995,0,,CHI,PHI,20,14
1995-12-24,1995,0,,CIN,MIN,27,24
1995-12-24,1995,0,,OAK,DEN,28,31
1995-12-24,1995,0,,LAR,MIA,22,41
1995-12-24,1995,0,,GB,PIT,24,19
1995-12-24,1995,0,,NYJ,NO,0,12
1995-12-25,1995,0,,ARI,DAL,13,37
1995-12-30,1995,0,w,BUF,MIA,37,22
1995-12-30,1995,0,w,PHI,DET,58,37
1995-12-31,1995,0,w,LAC,IND,20,35
1995-12-31,1995,0,w,GB,ATL,37,20
1996-01-06,1995,0,d,PIT,BUF,40,21
1996-01-06,1995,0,d,SF,GB,17,27
1996-01-07,1995,0,d,KC,IND,7,10
1996-01-07,1995,0,d,DAL,PHI,30,11
1996-01-14,1995,0,c,DAL,GB,38,27
1996-01-14,1995,0,c,PIT,IND,20,16
1996-01-28,1995,1,s,PIT,DAL,17,27
1996-09-01,1996,0,,IND,ARI,20,13
1996-09-01,1996,0,,SF,NO,27,11
1996-09-01,1996,0,,LAC,SEA,29,7
1996-09-01,1996,0,,LAR,CIN,26,16
1996-09-01,1996,0,,MIA,NE,24,10
1996-09-01,1996,0,,WSH,PHI,14,17
1996-09-01,1996,0,,NYG,BUF,20,23
1996-09-01,1996,0,,TEN,KC,19,20
1996-09-01,1996,0,,DEN,NYJ,31,6
1996-09-01,1996,0,,BAL,OAK,19,14
1996-09-01,1996,0,,MIN,DET,17,13
1996-09-01,1996,0,,CAR,ATL,29,6
1996-09-01,1996,0,,JAX,PIT,24,9
1996-09-01,1996,0,,TB,GB,3,34
1996-09-02,1996,0,,CHI,DAL,22,6
1996-09-08,1996,0,,KC,OAK,19,3
1996-09-08,1996,0,,DET,TB,21,6
1996-09-08,1996,0,,WSH,CHI,10,3
1996-09-08,1996,0,,ATL,MIN,17,23
1996-09-08,1996,0,,DAL,NYG,27,0
1996-09-08,1996,0,,ARI,MIA,10,38
1996-09-08,1996,0,,JAX,TEN,27,34
1996-09-08,1996,0,,SF,LAR,34,0
1996-09-08,1996,0,,NO,CAR,20,22
1996-09-08,1996,0,,NYJ,IND,7,21
1996-09-08,1996,0,,LAC,CIN,27,14
1996-09-08,1996,0,,BUF,NE,17,10
1996-09-08,1996,0,,PIT,BAL,31,17
1996-09-08,1996,0,,SEA,DEN,20,30
1996-09-09,1996,0,,GB,PHI,39,13
1996-09-15,1996,0,,SEA,KC,17,35
1996-09-15,1996,0,,PHI,DET,24,17
1996-09-15,1996,0,,CHI,MIN,14,20
1996-09-15,1996,0,,OAK,JAX,17,3
1996-09-15,1996,0,,GB,LAC,42,10
1996-09-15,1996,0,,CIN,NO,30,15
1996-09-15,1996,0,,DAL,IND,24,25
1996-09-15,1996,0,,DEN,TB,27,23
1996-09-15,1996,0,,NE,ARI,31,0
1996-09-15,1996,0,,NYG,WSH,10,31
1996-09-15,1996,0,,MIA,NYJ,36,27
1996-09-15,1996,0,,TEN,BAL,29,13
1996-09-16,1996,0,,PIT,BUF,24,6
1996-09-22,1996,0,,CAR,SF,23,7
1996-09-22,1996,0,,MIN,GB,30,21
1996-09-22,1996,0,,NO,ARI,14,28
1996-09-22,1996,0,,NYJ,NYG,6,13
1996-09-22,1996,0,,DET,CHI,35,16
1996-09-22,1996,0,,TB,SEA,13,17
1996-09-22,1996,0,,ATL,PHI,18,33
1996-09-22,1996,0,,OAK,LAC,34,40
1996-09-22,1996,0,,NE,JAX,28,25
1996-09-22,1996,0,,BUF,DAL,10,7
1996-09-22,1996,0,,LAR,WSH,10,17
1996-09-22,1996,0,,KC,DEN,17,14
1996-09-23,1996,0,,IND,MIA,10,6
1996-09-29,1996,0,,ARI,LAR,31,28
1996-09-29,1996,0,,LAC,KC,22,19
1996-09-29,1996,0,,JAX,CAR,24,14
1996-09-29,1996,0,,BAL,NO,17,10
1996-09-29,1996,0,,CHI,OAK,19,17
1996-09-29,1996,0,,NYG,MIN,15,10
1996-09-29,1996,0,,SF,ATL,39,17
1996-09-29,1996,0,,PIT,TEN,30,16
1996-09-29,1996,0,,SEA,GB,10,31
1996-09-29,1996,0,,TB,DET,0,27
1996-09-29,1996,0,,WSH,NYJ,31,16
1996-09-29,1996,0,,CIN,DEN,10,14
1996-09-30,1996,0,,PHI,DAL,19,23
1996-10-06,1996,0,,NO,JAX,17,13
1996-10-06,1996,0,,CHI,GB,6,37
1996-10-06,1996,0,,DEN,LAC,28,17
1996-10-06,1996,0,,MIN,CAR,14,12
1996-10-06,1996,0,,DET,ATL,28,24
1996-10-06,1996,0,,BUF,IND,16,13
1996-10-06,1996,0,,MIA,SEA,15,22
1996-10-06,1996,0,,LAR,SF,11,28
1996-10-06,1996,0,,CIN,TEN,27,30
1996-10-06,1996,0,,BAL,NE,38,46
1996-10-06,1996,0,,NYJ,OAK,13,34
1996-10-07,1996,0,,KC,PIT,7,17
1996-10-13,1996,0,,JAX,NYJ,21,17
1996-10-13,1996,0,,ATL,TEN,13,23
1996-10-13,1996,0,,NE,WSH,22,27
1996-10-13,1996,0,,CAR,LAR,45,13
1996-10-13,1996,0,,BUF,MIA,7,21
1996-10-13,1996,0,,PIT,CIN,20,10
1996-10-13,1996,0,,NO,CHI,27,24
1996-10-13,1996,0,,TB,MIN,24,13
1996-10-13,1996,0,,IND,BAL,26,21
1996-10-13,1996,0,,NYG,PHI,10,19
1996-10-13,1996,0,,OAK,DET,37,21
1996-10-13,1996,0,,DAL,ARI,17,3
1996-10-14,1996,0,,GB,SF,23,20
1996-10-17,1996,0,,KC,SEA,34,16
1996-10-20,1996,0,,NYJ,BUF,22,25
1996-10-20,1996,0,,WSH,NYG,31,21
1996-10-20,1996,0,,CAR,NO,19,7
1996-10-20,1996,0,,DEN,BAL,45,34
1996-10-20,1996,0,,PHI,MIA,35,28
1996-10-20,1996,0,,ARI,TB,13,9
1996-10-20,1996,0,,TEN,PIT,23,13
1996-10-20,1996,0,,SF,CIN,28,21
1996-10-20,1996,0,,DAL,ATL,32,28
1996-10-20,1996,0,,IND,NE,9,27
1996-10-20,1996,0,,LAR,JAX,17,14
1996-10-21,1996,0,,LAC,OAK,14,23
1996-10-27,1996,0,,MIA,DAL,10,29
1996-10-27,1996,0,,GB,TB,13,7
1996-10-27,1996,0,,NE,BUF,28,25
1996-10-27,1996,0,,SEA,LAC,32,13
1996-10-27,1996,0,,WSH,IND,31,16
1996-10-27,1996,0,,DEN,KC,34,7
1996-10-27,1996,0,,BAL,LAR,37,31
1996-10-27,1996,0,,PHI,CAR,20,9
1996-10-27,1996,0,,TEN,SF,9,10
1996-10-27,1996,0,,ATL,PIT,17,20
1996-10-27,1996,0,,ARI,NYJ,21,31
1996-10-27,1996,0,,CIN,JAX,28,21
1996-10-27,1996,0,,DET,NYG,7,35
1996-10-28,1996,0,,MIN,CHI,13,15
1996-11-03,1996,0,,MIN,KC,6,21
1996-11-03,1996,0,,BAL,CIN,21,24
1996-11-03,1996,0,,NE,MIA,42,23
1996-11-03,1996,0,,GB,DET,28,18
1996-11-03,1996,0,,CHI,TB,13,10
1996-11-03,1996,0,,PIT,LAR,42,6
1996-11-03,1996,0,,DAL,PHI,21,31
1996-11-03,1996,0,,IND,LAC,19,26
1996-11-03,1996,0,,NO,SF,17,24
1996-11-03,1996,0,,BUF,WSH,38,13
1996-11-03,1996,0,,NYG,ARI,16,8
1996-11-03,1996,0,,ATL,CAR,20,17
1996-11-03,1996,0,,SEA,TEN,23,16
1996-11-04,1996,0,,OAK,DEN,21,22
1996-11-10,1996,0,,KC,GB,27,20
1996-11-10,1996,0,,CAR,NYG,27,17
1996-11-10,1996,0,,DEN,CHI,17,12
1996-11-10,1996,0,,MIA,IND,37,13
1996-11-10,1996,0,,NYJ,NE,27,31
1996-11-10,1996,0,,SEA,MIN,42,23
1996-11-10,1996,0,,SF,DAL,17,20
1996-11-10,1996,0,,PHI,BUF,17,24
1996-11-10,1996,0,,LAR,ATL,59,16
1996-11-10,1996,0,,WSH,ARI,34,37
1996-11-10,1996,0,,TB,OAK,20,17
1996-11-10,1996,0,,NO,TEN,14,31
1996-11-10,1996,0,,JAX,BAL,30,27
1996-11-10,1996,0,,CIN,PIT,34,24
1996-11-11,1996,0,,LAC,DET,27,21
1996-11-17,1996,0,,LAR,CAR,10,20
1996-11-17,1996,0,,SF,BAL,38,20
1996-11-17,1996,0,,PHI,WSH,21,26
1996-11-17,1996,0,,NE,DEN,8,34
1996-11-17,1996,0,,DET,SEA,17,16
1996-11-17,1996,0,,BUF,CIN,31,17
1996-11-17,1996,0,,TEN,MIA,20,23
1996-11-17,1996,0,,KC,CHI,14,10
1996-11-17,1996,0,,ATL,NO,17,15
1996-11-17,1996,0,,IND,NYJ,34,29
1996-11-17,1996,0,,ARI,NYG,31,23
1996-11-17,1996,0,,OAK,MIN,13,16
1996-11-17,1996,0,,PIT,JAX,28,3
1996-11-17,1996,0,,LAC,TB,17,25
1996-11-18,1996,0,,DAL,GB,21,6
1996-11-24,1996,0,,NE,IND,27,13
1996-11-24,1996,0,,BUF,NYJ,35,10
1996-11-24,1996,0,,LAR,GB,9,24
1996-11-24,1996,0,,KC,LAC,14,28
1996-11-24,1996,0,,CIN,ATL,41,31
1996-11-24,1996,0,,WSH,SF,16,19
1996-11-24,1996,0,,MIN,DEN,17,21
1996-11-24,1996,0,,ARI,PHI,36,30
1996-11-24,1996,0,,TEN,CAR,6,31
1996-11-24,1996,0,,TB,NO,13,7
1996-11-24,1996,0,,BAL,JAX,25,28
1996-11-24,1996,0,,SEA,OAK,21,27
1996-11-24,1996,0,,NYG,DAL,20,6
1996-11-24,1996,0,,CHI,DET,31,14
1996-11-25,1996,0,,MIA,PIT,17,24
1996-11-28,1996,0,,DAL,WSH,21,10
1996-11-28,1996,0,,DET,KC,24,28
1996-12-01,1996,0,,JAX,CIN,30,27
1996-12-01,1996,0,,GB,CHI,28,17
1996-12-01,1996,0,,DEN,SEA,34,7
1996-12-01,1996,0,,CAR,TB,24,0
1996-12-01,1996,0,,OAK,MIA,17,7
1996-12-01,1996,0,,PHI,NYG,24,0
1996-12-01,1996,0,,MIN,ARI,41,17
1996-12-01,1996,0,,NYJ,TEN,10,35
1996-12-01,1996,0,,NO,LAR,10,26
1996-12-01,1996,0,,IND,BUF,13,10
1996-12-01,1996,0,,LAC,NE,7,45
1996-12-01,1996,0,,BAL,PIT,31,17
1996-12-02,1996,0,,ATL,SF,10,34
1996-12-05,1996,0,,IND,PHI,37,10
1996-12-08,1996,0,,ARI,DAL,6,10
1996-12-08,1996,0,,SF,CAR,24,30
1996-12-08,1996,0,,SEA,BUF,26,18
1996-12-08,1996,0,,GB,DEN,41,6
1996-12-08,1996,0,,NO,ATL,15,31
1996-12-08,1996,0,,TEN,JAX,17,23
1996-12-08,1996,0,,PIT,LAC,16,3
1996-12-08,1996,0,,NE,NYJ,34,10
1996-12-08,1996,0,,DET,MIN,22,24
1996-12-08,1996,0,,TB,WSH,24,10
1996-12-08,1996,0,,MIA,NYG,7,17
1996-12-08,1996,0,,CIN,BAL,21,14
1996-12-08,1996,0,,CHI,LAR,35,9
1996-12-09,1996,0,,OAK,KC,26,7
1996-12-14,1996,0,,NYJ,PHI,20,21
1996-12-14,1996,0,,CHI,LAC,27,14
1996-12-15,1996,0,,KC,IND,19,24
1996-12-15,1996,0,,PIT,SF,15,25
1996-12-15,1996,0,,MIN,TB,21,10
1996-12-15,1996,0,,DET,GB,3,31
1996-12-15,1996,0,,NYG,NO,3,17
1996-12-15,1996,0,,DEN,OAK,24,19
1996-12-15,1996,0,,ATL,LAR,27,34
1996-12-15,1996,0,,JAX,SEA,20,13
1996-12-15,1996,0,,ARI,WSH,27,26
1996-12-15,1996,0,,TEN,CIN,13,21
1996-12-15,1996,0,,DAL,NE,12,6
1996-12-15,1996,0,,CAR,BAL,27,16
1996-12-16,1996,0,,MIA,BUF,16,14
1996-12-21,1996,0,,LAR,NO,14,13
1996-12-21,1996,0,,NYG,NE,22,23
1996-12-22,1996,0,,PHI,ARI,29,19
1996-12-22,1996,0,,OAK,SEA,21,28
1996-12-22,1996,0,,GB,MIN,38,10
1996-12-22,1996,0,,LAC,DEN,16,10
1996-12-22,1996,0,,WSH,DAL,37,10
1996-12-22,1996,0,,BAL,TEN,21,24
1996-12-22,1996,0,,JAX,ATL,19,17
1996-12-22,1996,0,,NYJ,MIA,28,31
1996-12-22,1996,0,,CAR,PIT,18,14
1996-12-22,1996,0,,BUF,KC,20,9
1996-12-22,1996,0,,TB,CHI,34,19
1996-12-22,1996,0,,CIN,IND,31,24
1996-12-23,1996,0,,SF,DET,24,14
1996-12-28,1996,0,w,DAL,MIN,40,15
1996-12-28,1996,0,w,BUF,JAX,27,30
1996-12-29,1996,0,w,SF,PHI,14,0
1996-12-29,1996,0,w,PIT,IND,42,14
1997-01-04,1996,0,d,GB,SF,35,14
1997-01-04,1996,0,d,DEN,JAX,27,30
1997-01-05,1996,0,d,NE,PIT,28,3
1997-01-05,1996,0,d,CAR,DAL,26,17
1997-01-12,1996,0,c,NE,JAX,20,6
1997-01-12,1996,0,c,GB,CAR,30,13
1997-01-26,1996,1,s,NE,GB,21,35
1997-08-31,1997,0,,DET,ATL,28,17
1997-08-31,1997,0,,BAL,JAX,27,28
1997-08-31,1997,0,,CAR,WSH,10,24
1997-08-31,1997,0,,DEN,KC,19,3
1997-08-31,1997,0,,CIN,ARI,24,21
1997-08-31,1997,0,,BUF,MIN,13,34
1997-08-31,1997,0,,NE,LAC,41,7
1997-08-31,1997,0,,PIT,DAL,7,37
1997-08-31,1997,0,,SEA,NYJ,3,41
1997-08-31,1997,0,,MIA,IND,16,10
1997-08-31,1997,0,,LAR,NO,38,24
1997-08-31,1997,0,,NYG,PHI,31,17
1997-08-31,1997,0,,TEN,OAK,24,21
1997-08-31,1997,0,,TB,SF,13,6
1997-09-01,1997,0,,GB,CHI,38,24
1997-09-07,1997,0,,MIA,TEN,16,13
1997-09-07,1997,0,,NO,LAC,6,20
1997-09-07,1997,0,,LAR,SF,12,15
1997-09-07,1997,0,,ATL,CAR,6,9
1997-09-07,1997,0,,SEA,DEN,14,35
1997-09-07,1997,0,,PIT,WSH,14,13
1997-09-07,1997,0,,NYJ,BUF,22,28
1997-09-07,1997,0,,DET,TB,17,24
1997-09-07,1997,0,,IND,NE,6,31
1997-09-07,1997,0,,BAL,CIN,23,10
1997-09-07,1997,0,,PHI,GB,10,9
1997-09-07,1997,0,,CHI,MIN,24,27
1997-09-07,1997,0,,ARI,DAL,25,22
1997-09-07,1997,0,,JAX,NYG,40,13
1997-09-08,1997,0,,OAK,KC,27,28
1997-09-14,1997,0,,KC,BUF,22,16
1997-09-14,1997,0,,WSH,ARI,19,13
1997-09-14,1997,0,,CHI,DET,7,32
1997-09-14,1997,0,,GB,MIA,23,18
1997-09-14,1997,0,,NE,NYJ,27,24
1997-09-14,1997,0,,DEN,LAR,35,14
1997-09-14,1997,0,,ATL,OAK,31,36
1997-09-14,1997,0,,LAC,CAR,7,26
1997-09-14,1997,0,,NYG,BAL,23,24
1997-09-14,1997,0,,SF,NO,33,7
1997-09-14,1997,0,,IND,SEA,3,31
1997-09-14,1997,0,,MIN,TB,14,28
1997-09-15,1997,0,,DAL,PHI,21,20
1997-09-21,1997,0,,LAR,NYG,13,3
1997-09-21,1997,0,,TEN,BAL,10,36
1997-09-21,1997,0,,BUF,IND,37,35
1997-09-21,1997,0,,NE,CHI,31,3
1997-09-21,1997,0,,CAR,KC,14,35
1997-09-21,1997,0,,SEA,LAC,26,22
1997-09-21,1997,0,,NO,DET,35,17
1997-09-21,1997,0,,GB,MIN,38,32
1997-09-21,1997,0,,SF,ATL,34,7
1997-09-21,1997,0,,DEN,CIN,38,20
1997-09-21,1997,0,,TB,MIA,31,21
1997-09-21,1997,0,,NYJ,OAK,23,22
1997-09-22,1997,0,,JAX,PIT,30,21
1997-09-28,1997,0,,KC,SEA,20,17
1997-09-28,1997,0,,CIN,NYJ,14,31
1997-09-28,1997,0,,NYG,NO,14,9
1997-09-28,1997,0,,DET,GB,26,15
1997-09-28,1997,0,,LAC,BAL,21,17
1997-09-28,1997,0,,ATL,DEN,21,29
1997-09-28,1997,0,,DAL,CHI,27,3
1997-09-28,1997,0,,MIN,PHI,28,19
1997-09-28,1997,0,,WSH,JAX,24,12
1997-09-28,1997,0,,PIT,TEN,37,24
1997-09-28,1997,0,,TB,ARI,19,18
1997-09-28,1997,0,,OAK,LAR,35,17
1997-09-29,1997,0,,CAR,SF,21,34
1997-10-05,1997,0,,MIA,KC,17,14
1997-10-05,1997,0,,NYG,DAL,20,17
1997-10-05,1997,0,,GB,TB,21,16
1997-10-05,1997,0,,ARI,MIN,19,20
1997-10-05,1997,0,,IND,NYJ,12,16
1997-10-05,1997,0,,SEA,TEN,16,13
1997-10-05,1997,0,,JAX,CIN,21,13
1997-10-05,1997,0,,CHI,NO,17,20
1997-10-05,1997,0,,PHI,WSH,24,10
1997-10-05,1997,0,,OAK,LAC,10,25
1997-10-05,1997,0,,BUF,DET,22,13
1997-10-05,1997,0,,BAL,PIT,34,42
1997-10-06,1997,0,,DEN,NE,34,13
1997-10-12,1997,0,,JAX,PHI,38,21
1997-10-12,1997,0,,ARI,NYG,13,27
1997-10-12,1997,0,,CHI,GB,23,24
1997-10-12,1997,0,,MIN,CAR,21,14
1997-10-12,1997,0,,NE,BUF,33,6
1997-10-12,1997,0,,TB,DET,9,27
1997-10-12,1997,0,,NYJ,MIA,20,31
1997-10-12,1997,0,,NO,ATL,17,23
1997-10-12,1997,0,,TEN,CIN,30,7
1997-10-12,1997,0,,PIT,IND,24,22
1997-10-12,1997,0,,SF,LAR,30,10
1997-10-13,1997,0,,WSH,DAL,21,16
1997-10-16,1997,0,,KC,LAC,31,3
1997-10-19,1997,0,,DET,NYG,20,26
1997-10-19,1997,0,,CIN,PIT,10,26
1997-10-19,1997,0,,TEN,WSH,28,14
1997-10-19,1997,0,,NO,CAR,0,13
1997-10-19,1997,0,,OAK,DEN,28,25
1997-10-19,1997,0,,LAR,SEA,9,17
1997-10-19,1997,0,,ATL,SF,28,35
1997-10-19,1997,0,,NYJ,NE,24,19
1997-10-19,1997,0,,BAL,MIA,13,24
1997-10-19,1997,0,,PHI,ARI,13,10
1997-10-19,1997,0,,DAL,JAX,26,22
1997-10-20,1997,0,,IND,BUF,6,9
1997-10-26,1997,0,,NYG,CIN,29,27
1997-10-26,1997,0,,PIT,JAX,23,17
1997-10-26,1997,0,,WSH,BAL,17,20
1997-10-26,1997,0,,LAR,KC,20,28
1997-10-26,1997,0,,SEA,OAK,45,34
1997-10-26,1997,0,,PHI,DAL,13,12
1997-10-26,1997,0,,ARI,TEN,14,41
1997-10-26,1997,0,,BUF,DEN,20,23
1997-10-26,1997,0,,TB,MIN,6,10
1997-10-26,1997,0,,CAR,ATL,21,12
1997-10-26,1997,0,,LAC,IND,35,19
1997-10-26,1997,0,,NO,SF,0,23
1997-10-27,1997,0,,MIA,CHI,33,36
1997-10-27,1997,0,,NE,GB,10,28
1997-11-02,1997,0,,TEN,JAX,24,30
1997-11-02,1997,0,,MIN,NE,23,18
1997-11-02,1997,0,,CAR,OAK,38,14
1997-11-02,1997,0,,CIN,LAC,38,31
1997-11-02,1997,0,,CHI,WSH,8,31
1997-11-02,1997,0,,ARI,PHI,31,21
1997-11-02,1997,0,,GB,DET,20,10
1997-11-02,1997,0,,BUF,MIA,9,6
1997-11-02,1997,0,,ATL,LAR,34,31
1997-11-02,1997,0,,NYJ,BAL,19,16
1997-11-02,1997,0,,DEN,SEA,30,27
1997-11-02,1997,0,,IND,TB,28,31
1997-11-02,1997,0,,SF,DAL,17,10
1997-11-03,1997,0,,KC,PIT,13,10
1997-11-09,1997,0,,BUF,NE,10,31
1997-11-09,1997,0,,TEN,NYG,10,6
1997-11-09,1997,0,,JAX,KC,24,10
1997-11-09,1997,0,,IND,CIN,13,28
1997-11-09,1997,0,,DEN,CAR,34,0
1997-11-09,1997,0,,GB,LAR,17,7
1997-11-09,1997,0,,OAK,NO,10,13
1997-11-09,1997,0,,LAC,SEA,31,37
1997-11-09,1997,0,,WSH,DET,30,7
1997-11-09,1997,0,,MIN,CHI,29,22
1997-11-09,1997,0,,PIT,BAL,37,0
1997-11-09,1997,0,,MIA,NYJ,24,17
1997-11-09,1997,0,,DAL,ARI,24,6
1997-11-09,1997,0,,ATL,TB,10,31
1997-11-10,1997,0,,PHI,SF,12,24
1997-11-16,1997,0,,LAC,OAK,13,38
1997-11-16,1997,0,,DET,MIN,38,15
1997-11-16,1997,0,,SF,CAR,27,19
1997-11-16,1997,0,,NO,SEA,20,17
1997-11-16,1997,0,,KC,DEN,24,22
1997-11-16,1997,0,,CHI,NYJ,15,23
1997-11-16,1997,0,,TB,NE,27,7
1997-11-16,1997,0,,NYG,ARI,19,10
1997-11-16,1997,0,,DAL,WSH,17,14
1997-11-16,1997,0,,LAR,ATL,21,27
1997-11-16,1997,0,,IND,GB,41,38
1997-11-16,1997,0,,BAL,PHI,10,10
1997-11-16,1997,0,,JAX,TEN,17,9
1997-11-16,1997,0,,PIT,CIN,20,3
1997-11-17,1997,0,,MIA,BUF,30,13
1997-11-23,1997,0,,SEA,KC,14,19
1997-11-23,1997,0,,LAR,CAR,10,16
1997-11-23,1997,0,,GB,DAL,45,17
1997-11-23,1997,0,,DET,IND,32,10
1997-11-23,1997,0,,NYJ,MIN,23,21
1997-11-23,1997,0,,TEN,BUF,31,14
1997-11-23,1997,0,,SF,LAC,17,10
1997-11-23,1997,0,,CIN,JAX,31,26
1997-11-23,1997,0,,CHI,TB,13,7
1997-11-23,1997,0,,WSH,NYG,7,7
1997-11-23,1997,0,,PHI,PIT,23,20
1997-11-23,1997,0,,ATL,NO,20,3
1997-11-23,1997,0,,BAL,ARI,13,16
1997-11-23,1997,0,,NE,MIA,27,24
1997-11-24,1997,0,,DEN,OAK,31,3
1997-11-27,1997,0,,DET,CHI,55,20
1997-11-27,1997,0,,DAL,TEN,14,27
1997-11-30,1997,0,,NYG,TB,8,20
1997-11-30,1997,0,,LAC,DEN,28,38
1997-11-30,1997,0,,BUF,NYJ,20,10
1997-11-30,1997,0,,KC,SF,44,9
1997-11-30,1997,0,,JAX,BAL,29,27
1997-11-30,1997,0,,WSH,LAR,20,23
1997-11-30,1997,0,,PHI,CIN,44,42
1997-11-30,1997,0,,CAR,NO,13,16
1997-11-30,1997,0,,ARI,PIT,20,26
1997-11-30,1997,0,,NE,IND,20,17
1997-11-30,1997,0,,OAK,MIA,16,34
1997-11-30,1997,0,,SEA,ATL,17,24
1997-12-01,1997,0,,MIN,GB,11,27
1997-12-04,1997,0,,CIN,TEN,41,14
1997-12-07,1997,0,,NO,LAR,27,34
1997-12-07,1997,0,,CHI,BUF,20,3
1997-12-07,1997,0,,PHI,NYG,21,31
1997-12-07,1997,0,,PIT,DEN,35,24
1997-12-07,1997,0,,MIA,DET,33,30
1997-12-07,1997,0,,JAX,NE,20,26
1997-12-07,1997,0,,ARI,WSH,28,38
1997-12-07,1997,0,,SF,MIN,28,17
1997-12-07,1997,0,,TB,GB,6,17
1997-12-07,1997,0,,KC,OAK,30,0
1997-12-07,1997,0,,NYJ,IND,14,22
1997-12-07,1997,0,,BAL,SEA,31,24
1997-12-07,1997,0,,LAC,ATL,3,14
1997-12-08,1997,0,,DAL,CAR,13,23
1997-12-13,1997,0,,NE,PIT,21,24
1997-12-13,1997,0,,NYG,WSH,30,10
1997-12-14,1997,0,,BAL,TEN,21,19
1997-12-14,1997,0,,NYJ,TB,31,0
1997-12-14,1997,0,,BUF,JAX,14,20
1997-12-14,1997,0,,CAR,GB,10,31
1997-12-14,1997,0,,IND,MIA,41,0
1997-12-14,1997,0,,LAC,KC,7,29
1997-12-14,1997,0,,MIN,DET,13,14
1997-12-14,1997,0,,LAR,CHI,10,13
1997-12-14,1997,0,,CIN,DAL,31,24
1997-12-14,1997,0,,ATL,PHI,20,17
1997-12-14,1997,0,,OAK,SEA,21,22
1997-12-14,1997,0,,NO,ARI,27,10
1997-12-15,1997,0,,SF,DEN,34,17
1997-12-20,1997,0,,GB,BUF,31,21
1997-12-20,1997,0,,CAR,LAR,18,30
1997-12-21,1997,0,,MIN,IND,39,28
1997-12-21,1997,0,,CIN,BAL,16,14
1997-12-21,1997,0,,DAL,NYG,7,20
1997-12-21,1997,0,,TB,CHI,31,15
1997-12-21,1997,0,,ARI,ATL,29,26
1997-12-21,1997,0,,OAK,JAX,9,20
1997-12-21,1997,0,,TEN,PIT,16,6
1997-12-21,1997,0,,KC,NO,25,13
1997-12-21,1997,0,,SEA,SF,38,9
1997-12-21,1997,0,,DEN,LAC,38,3
1997-12-21,1997,0,,WSH,PHI,35,32
1997-12-21,1997,0,,DET,NYJ,13,10
1997-12-22,1997,0,,MIA,NE,12,14
1997-12-27,1997,0,w,DEN,JAX,42,17
1997-12-27,1997,0,w,NYG,MIN,22,23
1997-12-28,1997,0,w,NE,MIA,17,3
1997-12-28,1997,0,w,TB,DET,20,10
1998-01-03,1997,0,d,PIT,NE,7,6
1998-01-03,1997,0,d,SF,MIN,38,22
1998-01-04,1997,0,d,KC,DEN,10,14
1998-01-04,1997,0,d,GB,TB,21,7
1998-01-11,1997,0,c,PIT,DEN,21,24
1998-01-11,1997,0,c,SF,GB,10,23
1998-01-25,1997,1,s,GB,DEN,24,31
1998-09-06,1998,0,,GB,DET,38,19
1998-09-06,1998,0,,KC,OAK,28,8
1998-09-06,1998,0,,IND,MIA,15,24
1998-09-06,1998,0,,LAR,NO,17,24
1998-09-06,1998,0,,DAL,ARI,38,10
1998-09-06,1998,0,,BAL,PIT,13,20
1998-09-06,1998,0,,CAR,ATL,14,19
1998-09-06,1998,0,,CIN,TEN,14,23
1998-09-06,1998,0,,LAC,BUF,16,14
1998-09-06,1998,0,,PHI,SEA,0,38
1998-09-06,1998,0,,CHI,JAX,23,24
1998-09-06,1998,0,,NYG,WSH,31,24
1998-09-06,1998,0,,SF,NYJ,36,30
1998-09-06,1998,0,,MIN,TB,31,7
1998-09-07,1998,0,,DEN,NE,27,21
1998-09-13,1998,0,,JAX,KC,21,16
1998-09-13,1998,0,,OAK,NYG,20,17
1998-09-13,1998,0,,MIA,BUF,13,7
1998-09-13,1998,0,,NE,IND,29,6
1998-09-13,1998,0,,TEN,LAC,7,13
1998-09-13,1998,0,,GB,TB,23,15
1998-09-13,1998,0,,NO,CAR,19,14
1998-09-13,1998,0,,PIT,CHI,17,12
1998-09-13,1998,0,,DEN,DAL,42,23
1998-09-13,1998,0,,SEA,ARI,33,14
1998-09-13,1998,0,,LAR,MIN,31,38
1998-09-13,1998,0,,NYJ,BAL,10,24
1998-09-13,1998,0,,ATL,PHI,17,12
1998-09-13,1998,0,,DET,CIN,28,34
1998-09-14,1998,0,,WSH,SF,10,45
1998-09-20,1998,0,,ARI,PHI,17,3
1998-09-20,1998,0,,SEA,WSH,24,14
1998-09-20,1998,0,,JAX,BAL,24,10
1998-09-20,1998,0,,BUF,LAR,33,34
1998-09-20,1998,0,,KC,LAC,23,7
1998-09-20,1998,0,,NE,TEN,27,16
1998-09-20,1998,0,,NYJ,IND,44,6
1998-09-20,1998,0,,MIA,PIT,21,0
1998-09-20,1998,0,,TB,CHI,27,15
1998-09-20,1998,0,,CIN,GB,6,13
1998-09-20,1998,0,,MIN,DET,29,6
1998-09-20,1998,0,,OAK,DEN,17,34
1998-09-21,1998,0,,NYG,DAL,7,31
1998-09-27,1998,0,,LAC,NYG,16,34
1998-09-27,1998,0,,LAR,ARI,17,20
1998-09-27,1998,0,,CHI,MIN,28,31
1998-09-27,1998,0,,IND,NO,13,19
1998-09-27,1998,0,,PIT,SEA,13,10
1998-09-27,1998,0,,CAR,GB,30,37
1998-09-27,1998,0,,BAL,CIN,31,24
1998-09-27,1998,0,,SF,ATL,31,20
1998-09-27,1998,0,,WSH,DEN,16,38
1998-09-27,1998,0,,PHI,KC,21,24
1998-09-27,1998,0,,TEN,JAX,22,27
1998-09-27,1998,0,,DAL,OAK,12,13
1998-09-28,1998,0,,DET,TB,27,6
1998-10-04,1998,0,,NYJ,MIA,20,9
1998-10-04,1998,0,,IND,LAC,17,12
1998-10-04,1998,0,,KC,SEA,17,6
1998-10-04,1998,0,,ARI,OAK,20,23
1998-10-04,1998,0,,NO,NE,27,30
1998-10-04,1998,0,,CHI,DET,31,27
1998-10-04,1998,0,,TB,NYG,20,3
1998-10-04,1998,0,,ATL,CAR,51,23
1998-10-04,1998,0,,BUF,SF,26,21
1998-10-04,1998,0,,WSH,DAL,10,31
1998-10-04,1998,0,,DEN,PHI,41,16
1998-10-05,1998,0,,GB,MIN,24,37
1998-10-11,1998,0,,IND,BUF,24,31
1998-10-11,1998,0,,CIN,PIT,25,20
1998-10-11,1998,0,,BAL,TEN,8,12
1998-10-11,1998,0,,NYG,ATL,20,34
1998-10-11,1998,0,,ARI,CHI,20,7
1998-10-11,1998,0,,OAK,LAC,7,6
1998-10-11,1998,0,,NE,KC,40,10
1998-10-11,1998,0,,PHI,WSH,17,12
1998-10-11,1998,0,,NO,SF,0,31
1998-10-11,1998,0,,DAL,CAR,27,20
1998-10-11,1998,0,,SEA,DEN,16,21
1998-10-11,1998,0,,LAR,NYJ,30,10
1998-10-12,1998,0,,JAX,MIA,28,21
1998-10-15,1998,0,,DET,GB,27,20
1998-10-18,1998,0,,MIN,WSH,41,7
1998-10-18,1998,0,,ATL,NO,31,23
1998-10-18,1998,0,,TEN,CIN,44,14
1998-10-18,1998,0,,TB,CAR,16,13
1998-10-18,1998,0,,PIT,BAL,16,6
1998-10-18,1998,0,,CHI,DAL,13,12
1998-10-18,1998,0,,NYG,ARI,34,7
1998-10-18,1998,0,,SF,IND,34,31
1998-10-18,1998,0,,BUF,JAX,17,16
1998-10-18,1998,0,,LAC,PHI,13,10
1998-10-18,1998,0,,MIA,LAR,14,0
1998-10-19,1998,0,,NE,NYJ,14,24
1998-10-25,1998,0,,NYJ,ATL,28,3
1998-10-25,1998,0,,NO,TB,9,3
1998-10-25,1998,0,,DEN,JAX,37,24
1998-10-25,1998,0,,LAC,SEA,20,27
1998-10-25,1998,0,,LAR,SF,10,28
1998-10-25,1998,0,,TEN,CHI,20,23
1998-10-25,1998,0,,OAK,CIN,27,10
1998-10-25,1998,0,,GB,BAL,28,10
1998-10-25,1998,0,,DET,MIN,13,34
1998-10-25,1998,0,,MIA,NE,12,9
1998-10-25,1998,0,,CAR,BUF,14,30
1998-10-26,1998,0,,KC,PIT,13,20
1998-11-01,1998,0,,KC,NYJ,17,20
1998-11-01,1998,0,,BAL,JAX,19,45
1998-11-01,1998,0,,ATL,LAR,37,15
1998-11-01,1998,0,,IND,NE,16,21
1998-11-01,1998,0,,DET,ARI,15,17
1998-11-01,1998,0,,TB,MIN,27,24
1998-11-01,1998,0,,GB,SF,36,22
1998-11-01,1998,0,,PIT,TEN,31,41
1998-11-01,1998,0,,CIN,DEN,26,33
1998-11-01,1998,0,,BUF,MIA,30,24
1998-11-01,1998,0,,SEA,OAK,18,31
1998-11-01,1998,0,,CAR,NO,31,17
1998-11-01,1998,0,,WSH,NYG,21,14
1998-11-02,1998,0,,PHI,DAL,0,34
1998-11-08,1998,0,,DEN,LAC,27,10
1998-11-08,1998,0,,CHI,LAR,12,20
1998-11-08,1998,0,,SEA,KC,24,12
1998-11-08,1998,0,,MIA,IND,27,14
1998-11-08,1998,0,,PHI,DET,10,9
1998-11-08,1998,0,,BAL,OAK,13,10
1998-11-08,1998,0,,DAL,NYG,16,6
1998-11-08,1998,0,,MIN,NO,31,24
1998-11-08,1998,0,,ARI,WSH,29,27
1998-11-08,1998,0,,NYJ,BUF,34,12
1998-11-08,1998,0,,TB,TEN,22,31
1998-11-08,1998,0,,SF,CAR,25,23
1998-11-08,1998,0,,NE,ATL,10,41
1998-11-08,1998,0,,JAX,CIN,24,11
1998-11-09,1998,0,,PIT,GB,27,20
1998-11-15,1998,0,,JAX,TB,29,24
1998-11-15,1998,0,,CAR,MIA,9,13
1998-11-15,1998,0,,ARI,DAL,28,35
1998-11-15,1998,0,,NO,LAR,24,3
1998-11-15,1998,0,,LAC,BAL,14,13
1998-11-15,1998,0,,OAK,SEA,20,17
1998-11-15,1998,0,,MIN,CIN,24,3
1998-11-15,1998,0,,TEN,PIT,23,14
1998-11-15,1998,0,,ATL,SF,31,19
1998-11-15,1998,0,,BUF,NE,13,10
1998-11-15,1998,0,,IND,NYJ,24,23
1998-11-15,1998,0,,DET,CHI,26,3
1998-11-15,1998,0,,WSH,PHI,28,3
1998-11-15,1998,0,,NYG,GB,3,37
1998-11-16,1998,0,,KC,DEN,7,30
1998-11-22,1998,0,,DEN,OAK,40,14
1998-11-22,1998,0,,SF,NO,31,20
1998-11-22,1998,0,,TEN,NYJ,3,24
1998-11-22,1998,0,,NYG,PHI,20,0
1998-11-22,1998,0,,CIN,BAL,13,20
1998-11-22,1998,0,,BUF,IND,34,11
1998-11-22,1998,0,,LAR,CAR,20,24
1998-11-22,1998,0,,WSH,ARI,42,45
1998-11-22,1998,0,,ATL,CHI,20,13
1998-11-22,1998,0,,MIN,GB,28,14
1998-11-22,1998,0,,PIT,JAX,30,15
1998-11-22,1998,0,,TB,DET,25,28
1998-11-22,1998,0,,LAC,KC,38,37
1998-11-22,1998,0,,DAL,SEA,30,22
1998-11-23,1998,0,,NE,MIA,26,23
1998-11-26,1998,0,,DAL,MIN,36,46
1998-11-26,1998,0,,DET,PIT,19,16
1998-11-29,1998,0,,SEA,TEN,20,18
1998-11-29,1998,0,,OAK,WSH,19,29
1998-11-29,1998,0,,GB,PHI,24,16
1998-11-29,1998,0,,NE,BUF,25,21
1998-11-29,1998,0,,LAC,DEN,16,31
1998-11-29,1998,0,,LAR,ATL,10,21
1998-11-29,1998,0,,CHI,TB,17,31
1998-11-29,1998,0,,MIA,NO,30,10
1998-11-29,1998,0,,NYJ,CAR,48,21
1998-11-29,1998,0,,BAL,IND,38,31
1998-11-29,1998,0,,KC,ARI,34,24
1998-11-29,1998,0,,CIN,JAX,17,34
1998-11-30,1998,0,,SF,NYG,31,7
1998-12-03,1998,0,,PHI,LAR,17,14
1998-12-06,1998,0,,PIT,NE,9,23
1998-12-06,1998,0,,TEN,BAL,16,14
1998-12-06,1998,0,,NO,DAL,22,3
1998-12-06,1998,0,,JAX,DET,37,22
1998-12-06,1998,0,,NYJ,SEA,32,31
1998-12-06,1998,0,,WSH,LAC,24,20
1998-12-06,1998,0,,OAK,MIA,17,27
1998-12-06,1998,0,,ARI,NYG,19,23
1998-12-06,1998,0,,CAR,SF,28,31
1998-12-06,1998,0,,MIN,CHI,48,22
1998-12-06,1998,0,,CIN,BUF,20,33
1998-12-06,1998,0,,DEN,KC,35,31
1998-12-06,1998,0,,ATL,IND,28,21
1998-12-07,1998,0,,TB,GB,24,22
1998-12-13,1998,0,,NO,ATL,17,27
1998-12-13,1998,0,,BUF,OAK,44,21
1998-12-13,1998,0,,CAR,WSH,25,28
1998-12-13,1998,0,,JAX,TEN,13,16
1998-12-13,1998,0,,BAL,MIN,28,38
1998-12-13,1998,0,,GB,CHI,26,20
1998-12-13,1998,0,,SEA,LAC,38,17
1998-12-13,1998,0,,LAR,NE,32,18
1998-12-13,1998,0,,TB,PIT,16,3
1998-12-13,1998,0,,KC,DAL,20,17
1998-12-13,1998,0,,MIA,NYJ,16,21
1998-12-13,1998,0,,PHI,ARI,17,20
1998-12-13,1998,0,,IND,CIN,39,26
1998-12-13,1998,0,,NYG,DEN,20,16
1998-12-14,1998,0,,SF,DET,35,13
1998-12-19,1998,0,,BUF,NYJ,10,17
1998-12-19,1998,0,,WSH,TB,20,16
1998-12-20,1998,0,,MIN,JAX,50,10
1998-12-20,1998,0,,DET,ATL,17,24
1998-12-20,1998,0,,PIT,CIN,24,25
1998-12-20,1998,0,,SEA,IND,27,23
1998-12-20,1998,0,,GB,TEN,30,22
1998-12-20,1998,0,,NE,SF,24,21
1998-12-20,1998,0,,CHI,BAL,24,3
1998-12-20,1998,0,,ARI,NO,19,17
1998-12-20,1998,0,,CAR,LAR,20,13
1998-12-20,1998,0,,NYG,KC,28,7
1998-12-20,1998,0,,LAC,OAK,10,17
1998-12-20,1998,0,,DAL,PHI,13,9
1998-12-21,1998,0,,MIA,DEN,31,21
1998-12-26,1998,0,,OAK,KC,24,31
1998-12-26,1998,0,,TEN,MIN,16,26
1998-12-27,1998,0,,PHI,NYG,10,20
1998-12-27,1998,0,,ATL,MIA,38,16
1998-12-27,1998,0,,CIN,TB,0,35
1998-12-27,1998,0,,NO,BUF,33,45
1998-12-27,1998,0,,IND,CAR,19,27
1998-12-27,1998,0,,DAL,WSH,23,7
1998-12-27,1998,0,,NYJ,NE,31,10
1998-12-27,1998,0,,DEN,SEA,28,21
1998-12-27,1998,0,,CHI,GB,13,16
1998-12-27,1998,0,,ARI,LAC,16,13
1998-12-27,1998,0,,SF,LAR,38,19
1998-12-27,1998,0,,BAL,DET,19,10
1998-12-28,1998,0,,JAX,PIT,21,3
1999-01-02,1998,0,w,MIA,BUF,24,17
1999-01-02,1998,0,w,DAL,ARI,7,20
1999-01-03,1998,0,w,JAX,NE,25,10
1999-01-03,1998,0,w,SF,GB,30,27
1999-01-09,1998,0,d,DEN,MIA,38,3
1999-01-09,1998,0,d,ATL,SF,20,18
1999-01-10,1998,0,d,MIN,ARI,41,21
1999-01-10,1998,0,d,NYJ,JAX,34,24
1999-01-17,1998,0,c,MIN,ATL,27,30
1999-01-17,1998,0,c,DEN,NYJ,23,10
1999-01-31,1998,1,s,DEN,ATL,34,19
1999-09-12,1999,0,,ATL,MIN,14,17
1999-09-12,1999,0,,PHI,ARI,24,25
1999-09-12,1999,0,,JAX,SF,41,3
1999-09-12,1999,0,,NYJ,NE,28,30
1999-09-12,1999,0,,WSH,DAL,35,41
1999-09-12,1999,0,,TB,NYG,13,17
1999-09-12,1999,0,,SEA,DET,20,28
1999-09-12,1999,0,,IND,BUF,31,14
1999-09-12,1999,0,,CHI,KC,20,17
1999-09-12,1999,0,,LAR,BAL,27,10
1999-09-12,1999,0,,TEN,CIN,36,35
1999-09-12,1999,0,,NO,CAR,19,10
1999-09-12,1999,0,,GB,OAK,28,24
1999-09-12,1999,0,,CLE,PIT,0,43
1999-09-13,1999,0,,DEN,MIA,21,38
1999-09-19,1999,0,,CIN,LAC,7,34
1999-09-19,1999,0,,BUF,NYJ,17,3
1999-09-19,1999,0,,NYG,WSH,21,50
1999-09-19,1999,0,,CHI,SEA,13,14
1999-09-19,1999,0,,DET,GB,23,15
1999-09-19,1999,0,,MIN,OAK,17,22
1999-09-19,1999,0,,TEN,CLE,26,9
1999-09-19,1999,0,,PHI,TB,5,19
1999-09-19,1999,0,,CAR,JAX,20,22
1999-09-19,1999,0,,KC,DEN,26,10
1999-09-19,1999,0,,BAL,PIT,20,23
1999-09-19,1999,0,,SF,NO,28,21
1999-09-19,1999,0,,NE,IND,31,28
1999-09-19,1999,0,,MIA,ARI,19,16
1999-09-20,1999,0,,DAL,ATL,24,7
1999-09-26,1999,0,,LAC,IND,19,27
1999-09-26,1999,0,,PIT,SEA,10,29
1999-09-26,1999,0,,CAR,CIN,27,3
1999-09-26,1999,0,,OAK,CHI,24,17
1999-09-26,1999,0,,NYJ,WSH,20,27
1999-09-26,1999,0,,KC,DET,31,21
1999-09-26,1999,0,,JAX,TEN,19,20
1999-09-26,1999,0,,NE,NYG,16,14
1999-09-26,1999,0,,BUF,PHI,26,0
1999-09-26,1999,0,,LAR,ATL,35,7
1999-09-26,1999,0,,GB,MIN,23,20
1999-09-26,1999,0,,TB,DEN,13,10
1999-09-26,1999,0,,BAL,CLE,17,10
1999-09-27,1999,0,,ARI,SF,10,24
1999-10-03,1999,0,,LAC,KC,21,14
1999-10-03,1999,0,,SF,TEN,24,22
1999-10-03,1999,0,,DEN,NYJ,13,21
1999-10-03,1999,0,,CHI,NO,14,10
1999-10-03,1999,0,,WSH,CAR,38,36
1999-10-03,1999,0,,PIT,JAX,3,17
1999-10-03,1999,0,,CLE,NE,7,19
1999-10-03,1999,0,,ATL,BAL,13,19
1999-10-03,1999,0,,DAL,ARI,35,7
1999-10-03,1999,0,,MIN,TB,21,14
1999-10-03,1999,0,,NYG,PHI,16,15
1999-10-03,1999,0,,SEA,OAK,22,21
1999-10-03,1999,0,,CIN,LAR,10,38
1999-10-04,1999,0,,MIA,BUF,18,23
1999-10-10,1999,0,,GB,TB,26,23
1999-10-10,1999,0,,LAR,SF,42,20
1999-10-10,1999,0,,NO,ATL,17,20
1999-10-10,1999,0,,CLE,CIN,17,18
1999-10-10,1999,0,,BUF,PIT,24,21
1999-10-10,1999,0,,KC,NE,16,14
1999-10-10,1999,0,,PHI,DAL,13,10
1999-10-10,1999,0,,TEN,BAL,14,11
1999-10-10,1999,0,,MIN,CHI,22,24
1999-10-10,1999,0,,IND,MIA,31,34
1999-10-10,1999,0,,DET,LAC,10,20
1999-10-10,1999,0,,ARI,NYG,14,3
1999-10-10,1999,0,,OAK,DEN,13,16
1999-10-11,1999,0,,NYJ,JAX,6,16
1999-10-17,1999,0,,BUF,OAK,14,20
1999-10-17,1999,0,,CHI,PHI,16,20
1999-10-17,1999,0,,ARI,WSH,10,24
1999-10-17,1999,0,,JAX,CLE,24,7
1999-10-17,1999,0,,NO,TEN,21,24
1999-10-17,1999,0,,DET,MIN,25,23
1999-10-17,1999,0,,LAC,SEA,13,10
1999-10-17,1999,0,,CIN,PIT,3,17
1999-10-17,1999,0,,SF,CAR,29,31
1999-10-17,1999,0,,ATL,LAR,13,41
1999-10-17,1999,0,,NE,MIA,30,31
1999-10-17,1999,0,,DEN,GB,31,10
1999-10-17,1999,0,,NYJ,IND,13,16
1999-10-18,1999,0,,NYG,DAL,13,10
1999-10-21,1999,0,,BAL,KC,8,35
1999-10-24,1999,0,,SEA,BUF,26,16
1999-10-24,1999,0,,DAL,WSH,38,20
1999-10-24,1999,0,,LAC,GB,3,31
1999-10-24,1999,0,,CAR,DET,9,24
1999-10-24,1999,0,,LAR,CLE,34,3
1999-10-24,1999,0,,IND,CIN,31,10
1999-10-24,1999,0,,OAK,NYJ,24,23
1999-10-24,1999,0,,NYG,NO,31,3
1999-10-24,1999,0,,TB,CHI,6,3
1999-10-24,1999,0,,NE,DEN,24,23
1999-10-24,1999,0,,MIN,SF,40,16
1999-10-24,1999,0,,MIA,PHI,16,13
1999-10-25,1999,0,,PIT,ATL,13,9
1999-10-31,1999,0,,IND,DAL,34,24
1999-10-31,1999,0,,WSH,CHI,48,22
1999-10-31,1999,0,,OAK,MIA,9,16
1999-10-31,1999,0,,NO,CLE,16,21
1999-10-31,1999,0,,ATL,CAR,27,20
1999-10-31,1999,0,,KC,LAC,34,0
1999-10-31,1999,0,,CIN,JAX,10,41
1999-10-31,1999,0,,DET,TB,20,3
1999-10-31,1999,0,,BAL,BUF,10,13
1999-10-31,1999,0,,ARI,NE,3,27
1999-10-31,1999,0,,PHI,NYG,17,23
1999-10-31,1999,0,,TEN,LAR,24,21
1999-10-31,1999,0,,DEN,MIN,20,23
1999-11-01,1999,0,,GB,SEA,7,27
1999-11-07,1999,0,,NO,TB,16,31
1999-11-07,1999,0,,DET,LAR,31,27
1999-11-07,1999,0,,SF,PIT,6,27
1999-11-07,1999,0,,CLE,BAL,9,41
1999-11-07,1999,0,,ATL,JAX,7,30
1999-11-07,1999,0,,LAC,DEN,17,33
1999-11-07,1999,0,,GB,CHI,13,14
1999-11-07,1999,0,,MIA,TEN,17,0
1999-11-07,1999,0,,NYJ,ARI,12,7
1999-11-07,1999,0,,WSH,BUF,17,34
1999-11-07,1999,0,,CAR,PHI,33,7
1999-11-07,1999,0,,SEA,CIN,37,20
1999-11-07,1999,0,,IND,KC,25,17
1999-11-08,1999,0,,MIN,DAL,27,17
1999-11-14,1999,0,,ARI,DET,23,19
1999-11-14,1999,0,,PIT,CLE,15,16
1999-11-14,1999,0,,NYG,IND,19,27
1999-11-14,1999,0,,TB,KC,17,10
1999-11-14,1999,0,,LAR,CAR,35,10
1999-11-14,1999,0,,OAK,LAC,28,9
1999-11-14,1999,0,,CIN,TEN,14,24
1999-11-14,1999,0,,NO,SF,24,6
1999-11-14,1999,0,,PHI,WSH,35,28
1999-11-14,1999,0,,SEA,DEN,20,17
1999-11-14,1999,0,,BUF,MIA,23,3
1999-11-14,1999,0,,CHI,MIN,24,27
1999-11-14,1999,0,,JAX,BAL,6,3
1999-11-14,1999,0,,DAL,GB,27,13
1999-11-15,1999,0,,NE,NYJ,17,24
1999-11-21,1999,0,,ARI,DAL,13,9
1999-11-21,1999,0,,TB,ATL,19,10
1999-11-21,1999,0,,JAX,NO,41,23
1999-11-21,1999,0,,CIN,BAL,31,34
1999-11-21,1999,0,,MIA,NE,27,17
1999-11-21,1999,0,,TEN,PIT,16,10
1999-11-21,1999,0,,NYJ,BUF,17,7
1999-11-21,1999,0,,PHI,IND,17,44
1999-11-21,1999,0,,GB,DET,26,17
1999-11-21,1999,0,,WSH,NYG,23,13
1999-11-21,1999,0,,CLE,CAR,17,31
1999-11-21,1999,0,,KC,SEA,19,31
1999-11-21,1999,0,,SF,LAR,7,23
1999-11-21,1999,0,,LAC,CHI,20,23
1999-11-22,1999,0,,DEN,OAK,27,21
1999-11-25,1999,0,,DAL,MIA,20,0
1999-11-25,1999,0,,DET,CHI,21,17
1999-11-28,1999,0,,CLE,TEN,21,33
1999-11-28,1999,0,,MIN,LAC,35,27
1999-11-28,1999,0,,NYG,ARI,24,34
1999-11-28,1999,0,,WSH,PHI,20,17
1999-11-28,1999,0,,PIT,CIN,20,27
1999-11-28,1999,0,,LAR,NO,43,12
1999-11-28,1999,0,,OAK,KC,34,37
1999-11-28,1999,0,,CAR,ATL,34,28
1999-11-28,1999,0,,BUF,NE,17,7
1999-11-28,1999,0,,BAL,JAX,23,30
1999-11-28,1999,0,,IND,NYJ,13,6
1999-11-28,1999,0,,SEA,TB,3,16
1999-11-29,1999,0,,SF,GB,3,20
1999-12-02,1999,0,,JAX,PIT,20,6
1999-12-05,1999,0,,DEN,KC,10,16
1999-12-05,1999,0,,LAC,CLE,23,10
1999-12-05,1999,0,,CAR,LAR,21,34
1999-12-05,1999,0,,ARI,PHI,21,17
1999-12-05,1999,0,,DET,WSH,33,17
1999-12-05,1999,0,,NE,DAL,13,6
1999-12-05,1999,0,,NYG,NYJ,41,28
1999-12-05,1999,0,,CHI,GB,19,35
1999-12-05,1999,0,,OAK,SEA,30,21
1999-12-05,1999,0,,ATL,NO,35,12
1999-12-05,1999,0,,CIN,SF,44,30
1999-12-05,1999,0,,MIA,IND,34,37
1999-12-05,1999,0,,BAL,TEN,41,14
1999-12-06,1999,0,,TB,MIN,24,17
1999-12-09,1999,0,,TEN,OAK,21,14
1999-12-12,1999,0,,SF,ATL,26,7
1999-12-12,1999,0,,IND,NE,20,15
1999-12-12,1999,0,,NO,LAR,14,30
1999-12-12,1999,0,,GB,CAR,31,33
1999-12-12,1999,0,,BUF,NYG,17,19
1999-12-12,1999,0,,SEA,LAC,16,19
1999-12-12,1999,0,,CIN,CLE,44,28
1999-12-12,1999,0,,TB,DET,23,16
1999-12-12,1999,0,,KC,MIN,31,28
1999-12-12,1999,0,,NYJ,MIA,28,20
1999-12-12,1999,0,,DAL,PHI,20,10
1999-12-12,1999,0,,PIT,BAL,24,31
1999-12-12,1999,0,,WSH,ARI,28,3
1999-12-13,1999,0,,JAX,DEN,27,24
1999-12-18,1999,0,,KC,PIT,35,19
1999-12-18,1999,0,,CAR,SF,41,24
1999-12-19,1999,0,,DAL,NYJ,21,22
1999-12-19,1999,0,,OAK,TB,45,0
1999-12-19,1999,0,,DEN,SEA,36,30
1999-12-19,1999,0,,TEN,ATL,30,17
1999-12-19,1999,0,,LAR,NYG,31,10
1999-12-19,1999,0,,BAL,NO,31,8
1999-12-19,1999,0,,PHI,NE,24,9
1999-12-19,1999,0,,ARI,BUF,21,31
1999-12-19,1999,0,,CHI,DET,28,10
1999-12-19,1999,0,,MIA,LAC,12,9
1999-12-19,1999,0,,CLE,JAX,14,24
1999-12-19,1999,0,,IND,WSH,24,21
1999-12-20,1999,0,,MIN,GB,24,20
1999-12-24,1999,0,,NO,DAL,31,24
1999-12-25,1999,0,,DET,DEN,7,17
1999-12-26,1999,0,,TB,GB,29,10
1999-12-26,1999,0,,BAL,CIN,22,0
1999-12-26,1999,0,,NYG,MIN,17,34
1999-12-26,1999,0,,LAR,CHI,34,12
1999-12-26,1999,0,,CLE,IND,28,29
1999-12-26,1999,0,,SF,WSH,20,26
1999-12-26,1999,0,,TEN,JAX,41,14
1999-12-26,1999,0,,SEA,KC,23,14
1999-12-26,1999,0,,NE,BUF,10,13
1999-12-26,1999,0,,ATL,ARI,37,14
1999-12-26,1999,0,,PIT,CAR,30,20
1999-12-26,1999,0,,LAC,OAK,23,20
1999-12-27,1999,0,,MIA,NYJ,31,38
2000-01-02,1999,0,,NYJ,SEA,19,9
2000-01-02,1999,0,,JAX,CIN,24,7
2000-01-02,1999,0,,PHI,LAR,38,31
2000-01-02,1999,0,,DEN,LAC,6,12
2000-01-02,1999,0,,CAR,NO,45,13
2000-01-02,1999,0,,BUF,IND,31,6
2000-01-02,1999,0,,CHI,TB,6,20
2000-01-02,1999,0,,KC,OAK,38,41
2000-01-02,1999,0,,MIN,DET,24,17
2000-01-02,1999,0,,PIT,TEN,36,47
2000-01-02,1999,0,,GB,ARI,49,24
2000-01-02,1999,0,,WSH,MIA,21,10
2000-01-02,1999,0,,NE,BAL,20,3
2000-01-02,1999,0,,DAL,NYG,26,18
2000-01-03,1999,0,,ATL,SF,34,29
2000-01-08,1999,0,w,TEN,BUF,22,16
2000-01-08,1999,0,w,WSH,DET,27,13
2000-01-09,1999,0,w,SEA,MIA,17,20
2000-01-09,1999,0,w,MIN,DAL,27,10
2000-01-15,1999,0,d,TB,WSH,14,13
2000-01-15,1999,0,d,JAX,MIA,62,7
2000-01-16,1999,0,d,LAR,MIN,49,37
2000-01-16,1999,0,d,IND,TEN,16,19
2000-01-23,1999,0,c,LAR,TB,11,6
2000-01-23,1999,0,c,JAX,TEN,14,33
2000-01-30,1999,1,s,LAR,TEN,23,16
2000-09-03,2000,0,,DAL,PHI,14,41
2000-09-03,2000,0,,GB,NYJ,16,20
2000-09-03,2000,0,,WSH,CAR,20,17
2000-09-03,2000,0,,NE,TB,16,21
2000-09-03,2000,0,,MIN,CHI,30,27
2000-09-03,2000,0,,OAK,LAC,9,6
2000-09-03,2000,0,,BUF,TEN,16,13
2000-09-03,2000,0,,NO,DET,10,14
2000-09-03,2000,0,,MIA,SEA,23,0
2000-09-03,2000,0,,NYG,ARI,21,16
2000-09-03,2000,0,,CLE,JAX,7,27
2000-09-03,2000,0,,KC,IND,14,27
2000-09-03,2000,0,,ATL,SF,36,28
2000-09-03,2000,0,,PIT,BAL,0,16
2000-09-04,2000,0,,LAR,DEN,41,36
2000-09-10,2000,0,,SEA,LAR,34,37
2000-09-10,2000,0,,MIN,MIA,13,7
2000-09-10,2000,0,,SF,CAR,22,38
2000-09-10,2000,0,,IND,OAK,31,38
2000-09-10,2000,0,,BUF,GB,27,18
2000-09-10,2000,0,,ARI,DAL,32,31
2000-09-10,2000,0,,DET,WSH,15,10
2000-09-10,2000,0,,PHI,NYG,18,33
2000-09-10,2000,0,,DEN,ATL,42,14
2000-09-10,2000,0,,TEN,KC,17,14
2000-09-10,2000,0,,BAL,JAX,39,36
2000-09-10,2000,0,,TB,CHI,41,0
2000-09-10,2000,0,,LAC,NO,27,28
2000-09-10,2000,0,,CIN,CLE,7,24
2000-09-11,2000,0,,NYJ,NE,20,19
2000-09-17,2000,0,,KC,LAC,42,10
2000-09-17,2000,0,,OAK,DEN,24,33
2000-09-17,2000,0,,LAR,SF,41,24
2000-09-17,2000,0,,CAR,ATL,10,15
2000-09-17,2000,0,,JAX,CIN,13,0
2000-09-17,2000,0,,NE,MIN,13,21
2000-09-17,2000,0,,SEA,NO,20,10
2000-09-17,2000,0,,CHI,NYG,7,14
2000-09-17,2000,0,,NYJ,BUF,27,14
2000-09-17,2000,0,,GB,PHI,6,3
2000-09-17,2000,0,,MIA,BAL,19,6
2000-09-17,2000,0,,DET,TB,10,31
2000-09-17,2000,0,,CLE,PIT,23,20
2000-09-18,2000,0,,WSH,DAL,21,27
2000-09-24,2000,0,,DAL,SF,24,41
2000-09-24,2000,0,,DEN,KC,22,23
2000-09-24,2000,0,,NYG,WSH,6,16
2000-09-24,2000,0,,LAC,SEA,12,20
2000-09-24,2000,0,,PIT,TEN,20,23
2000-09-24,2000,0,,BAL,CIN,37,0
2000-09-24,2000,0,,ATL,LAR,20,41
2000-09-24,2000,0,,TB,NYJ,17,21
2000-09-24,2000,0,,NO,PHI,7,21
2000-09-24,2000,0,,OAK,CLE,36,10
2000-09-24,2000,0,,MIA,NE,10,3
2000-09-24,2000,0,,ARI,GB,3,29
2000-09-24,2000,0,,CHI,DET,14,21
2000-09-25,2000,0,,IND,JAX,43,14
2000-10-01,2000,0,,CAR,DAL,13,16
2000-10-01,2000,0,,JAX,PIT,13,24
2000-10-01,2000,0,,CLE,BAL,0,12
2000-10-01,2000,0,,WSH,TB,20,17
2000-10-01,2000,0,,TEN,NYG,28,14
2000-10-01,2000,0,,DEN,NE,19,28
2000-10-01,2000,0,,GB,CHI,24,27
2000-10-01,2000,0,,LAR,LAC,57,31
2000-10-01,2000,0,,SF,ARI,27,20
2000-10-01,2000,0,,DET,MIN,24,31
2000-10-01,2000,0,,CIN,MIA,16,31
2000-10-01,2000,0,,PHI,ATL,38,10
2000-10-01,2000,0,,BUF,IND,16,18
2000-10-02,2000,0,,KC,SEA,24,17
2000-10-08,2000,0,,MIA,BUF,22,13
2000-10-08,2000,0,,PHI,WSH,14,17
2000-10-08,2000,0,,NYJ,PIT,3,20
2000-10-08,2000,0,,CHI,NO,10,31
2000-10-08,2000,0,,ATL,NYG,6,13
2000-10-08,2000,0,,ARI,CLE,29,21
2000-10-08,2000,0,,JAX,BAL,10,15
2000-10-08,2000,0,,NE,IND,24,16
2000-10-08,2000,0,,CIN,TEN,14,23
2000-10-08,2000,0,,CAR,SEA,26,3
2000-10-08,2000,0,,SF,OAK,28,34
2000-10-08,2000,0,,DET,GB,31,24
2000-10-08,2000,0,,LAC,DEN,7,21
2000-10-09,2000,0,,MIN,TB,30,23
2000-10-15,2000,0,,NO,CAR,24,6
2000-10-15,2000,0,,PIT,CIN,15,0
2000-10-15,2000,0,,DEN,CLE,44,10
2000-10-15,2000,0,,SEA,IND,24,37
2000-10-15,2000,0,,NE,NYJ,17,34
2000-10-15,2000,0,,ARI,PHI,14,33
2000-10-15,2000,0,,WSH,BAL,10,3
2000-10-15,2000,0,,KC,OAK,17,20
2000-10-15,2000,0,,CHI,MIN,16,28
2000-10-15,2000,0,,NYG,DAL,19,14
2000-10-15,2000,0,,BUF,LAC,27,24
2000-10-15,2000,0,,LAR,ATL,45,29
2000-10-15,2000,0,,GB,SF,31,28
2000-10-16,2000,0,,TEN,JAX,27,13
2000-10-19,2000,0,,TB,DET,14,28
2000-10-22,2000,0,,DAL,ARI,48,7
2000-10-22,2000,0,,PIT,CLE,22,0
2000-10-22,2000,0,,CIN,DEN,31,21
2000-10-22,2000,0,,BAL,TEN,6,14
2000-10-22,2000,0,,ATL,NO,19,21
2000-10-22,2000,0,,PHI,CHI,13,9
2000-10-22,2000,0,,IND,NE,30,23
2000-10-22,2000,0,,KC,LAR,54,34
2000-10-22,2000,0,,OAK,SEA,31,3
2000-10-22,2000,0,,JAX,WSH,16,35
2000-10-22,2000,0,,MIN,BUF,31,27
2000-10-22,2000,0,,CAR,SF,34,16
2000-10-23,2000,0,,NYJ,MIA,40,37
2000-10-29,2000,0,,BUF,NYJ,23,20
2000-10-29,2000,0,,BAL,PIT,6,9
2000-10-29,2000,0,,TB,MIN,41,13
2000-10-29,2000,0,,ARI,NO,10,21
2000-10-29,2000,0,,CLE,CIN,3,12
2000-10-29,2000,0,,SEA,KC,19,24
2000-10-29,2000,0,,NYG,PHI,24,7
2000-10-29,2000,0,,LAC,OAK,13,15
2000-10-29,2000,0,,ATL,CAR,13,12
2000-10-29,2000,0,,MIA,GB,28,20
2000-10-29,2000,0,,IND,DET,30,18
2000-10-29,2000,0,,DAL,JAX,17,23
2000-10-29,2000,0,,SF,LAR,24,34
2000-10-30,2000,0,,WSH,TEN,21,27
2000-11-05,2000,0,,NO,SF,31,15
2000-11-05,2000,0,,NE,BUF,13,16
2000-11-05,2000,0,,OAK,KC,49,31
2000-11-05,2000,0,,CLE,NYG,3,24
2000-11-05,2000,0,,CHI,IND,27,24
2000-11-05,2000,0,,LAR,CAR,24,27
2000-11-05,2000,0,,DET,MIA,8,23
2000-11-05,2000,0,,ATL,TB,14,27
2000-11-05,2000,0,,PHI,DAL,16,13
2000-11-05,2000,0,,SEA,LAC,17,15
2000-11-05,2000,0,,ARI,WSH,16,15
2000-11-05,2000,0,,NYJ,DEN,23,30
2000-11-05,2000,0,,CIN,BAL,7,27
2000-11-05,2000,0,,TEN,PIT,9,7
2000-11-06,2000,0,,GB,MIN,26,20
2000-11-12,2000,0,,TEN,BAL,23,24
2000-11-12,2000,0,,BUF,CHI,20,3
2000-11-12,2000,0,,CAR,NO,10,20
2000-11-12,2000,0,,IND,NYJ,23,15
2000-11-12,2000,0,,TB,GB,20,15
2000-11-12,2000,0,,SF,KC,21,7
2000-11-12,2000,0,,JAX,SEA,21,28
2000-11-12,2000,0,,NYG,LAR,24,38
2000-11-12,2000,0,,LAC,MIA,7,17
2000-11-12,2000,0,,CLE,NE,19,11
2000-11-12,2000,0,,PIT,PHI,23,26
2000-11-12,2000,0,,DET,ATL,13,10
2000-11-12,2000,0,,DAL,CIN,23,6
2000-11-12,2000,0,,MIN,ARI,31,14
2000-11-13,2000,0,,DEN,OAK,27,24
2000-11-19,2000,0,,TEN,CLE,24,10
2000-11-19,2000,0,,CHI,TB,13,10
2000-11-19,2000,0,,BAL,DAL,27,0
2000-11-19,2000,0,,PIT,JAX,24,34
2000-11-19,2000,0,,DEN,LAC,38,37
2000-11-19,2000,0,,GB,IND,26,24
2000-11-19,2000,0,,MIN,CAR,31,17
2000-11-19,2000,0,,PHI,ARI,34,9
2000-11-19,2000,0,,NYG,DET,21,31
2000-11-19,2000,0,,KC,BUF,17,21
2000-11-19,2000,0,,NO,OAK,22,31
2000-11-19,2000,0,,NE,CIN,16,13
2000-11-19,2000,0,,SF,ATL,16,6
2000-11-19,2000,0,,MIA,NYJ,3,20
2000-11-20,2000,0,,LAR,WSH,20,33
2000-11-23,2000,0,,DAL,MIN,15,27
2000-11-23,2000,0,,DET,NE,34,9
2000-11-26,2000,0,,BAL,CLE,44,7
2000-11-26,2000,0,,TB,BUF,31,17
2000-11-26,2000,0,,ARI,NYG,7,31
2000-11-26,2000,0,,IND,MIA,14,17
2000-11-26,2000,0,,WSH,PHI,20,23
2000-11-26,2000,0,,LAC,KC,17,16
2000-11-26,2000,0,,CIN,PIT,28,48
2000-11-26,2000,0,,NYJ,CHI,17,10
2000-11-26,2000,0,,JAX,TEN,16,13
2000-11-26,2000,0,,SEA,DEN,31,38
2000-11-26,2000,0,,LAR,NO,24,31
2000-11-26,2000,0,,OAK,ATL,41,14
2000-11-27,2000,0,,CAR,GB,31,14
2000-11-30,2000,0,,MIN,DET,24,17
2000-12-03,2000,0,,PIT,OAK,21,20
2000-12-03,2000,0,,NYJ,IND,27,17
2000-12-03,2000,0,,WSH,NYG,7,9
2000-12-03,2000,0,,PHI,TEN,13,15
2000-12-03,2000,0,,TB,DAL,27,7
2000-12-03,2000,0,,BUF,MIA,6,33
2000-12-03,2000,0,,CIN,ARI,24,13
2000-12-03,2000,0,,ATL,SEA,10,30
2000-12-03,2000,0,,JAX,CLE,48,0
2000-12-03,2000,0,,NO,DEN,23,38
2000-12-03,2000,0,,LAC,SF,17,45
2000-12-03,2000,0,,CAR,LAR,16,3
2000-12-03,2000,0,,CHI,GB,6,28
2000-12-04,2000,0,,NE,KC,30,24
2000-12-10,2000,0,,DAL,WSH,32,13
2000-12-10,2000,0,,KC,CAR,15,14
2000-12-10,2000,0,,BAL,LAC,24,3
2000-12-10,2000,0,,NYG,PIT,30,10
2000-12-10,2000,0,,MIA,TB,13,16
2000-12-10,2000,0,,SF,NO,27,31
2000-12-10,2000,0,,TEN,CIN,35,3
2000-12-10,2000,0,,OAK,NYJ,31,7
2000-12-10,2000,0,,CHI,NE,24,17
2000-12-10,2000,0,,GB,DET,26,13
2000-12-10,2000,0,,DEN,SEA,31,24
2000-12-10,2000,0,,JAX,ARI,44,10
2000-12-10,2000,0,,LAR,MIN,40,29
2000-12-10,2000,0,,CLE,PHI,24,35
2000-12-11,2000,0,,IND,BUF,44,20
2000-12-16,2000,0,,PIT,WSH,24,3
2000-12-16,2000,0,,SEA,OAK,27,24
2000-12-17,2000,0,,NO,ATL,23,7
2000-12-17,2000,0,,DAL,NYG,13,17
2000-12-17,2000,0,,CLE,TEN,0,24
2000-12-17,2000,0,,MIN,GB,28,33
2000-12-17,2000,0,,KC,DEN,20,7
2000-12-17,2000,0,,BUF,NE,10,13
2000-12-17,2000,0,,CIN,JAX,17,14
2000-12-17,2000,0,,CAR,LAC,30,22
2000-12-17,2000,0,,MIA,IND,13,20
2000-12-17,2000,0,,SF,CHI,17,0
2000-12-17,2000,0,,NYJ,DET,7,10
2000-12-17,2000,0,,ARI,BAL,7,13
2000-12-18,2000,0,,TB,LAR,38,35
2000-12-23,2000,0,,SEA,BUF,23,42
2000-12-23,2000,0,,NYG,JAX,28,25
2000-12-23,2000,0,,DEN,SF,38,9
2000-12-24,2000,0,,OAK,CAR,52,9
2000-12-24,2000,0,,NE,MIA,24,27
2000-12-24,2000,0,,NO,LAR,21,26
2000-12-24,2000,0,,WSH,ARI,20,3
2000-12-24,2000,0,,DET,CHI,20,23
2000-12-24,2000,0,,LAC,PIT,21,34
2000-12-24,2000,0,,IND,MIN,31,10
2000-12-24,2000,0,,PHI,CIN,16,7
2000-12-24,2000,0,,BAL,NYJ,34,20
2000-12-24,2000,0,,ATL,KC,29,13
2000-12-24,2000,0,,GB,TB,17,14
2000-12-25,2000,0,,TEN,DAL,31,0
2000-12-30,2000,0,w,MIA,IND,23,17
2000-12-30,2000,0,w,NO,LAR,31,28
2000-12-31,2000,0,w,PHI,TB,21,3
2000-12-31,2000,0,w,BAL,DEN,21,3
2001-01-06,2000,0,d,OAK,MIA,27,0
2001-01-06,2000,0,d,MIN,NO,34,16
2001-01-07,2000,0,d,NYG,PHI,20,10
2001-01-07,2000,0,d,TEN,BAL,10,24
2001-01-14,2000,0,c,OAK,BAL,3,16
2001-01-14,2000,0,c,NYG,MIN,41,0
2001-01-28,2000,1,s,BAL,NYG,34,7
2001-09-09,2001,0,,GB,DET,28,6
2001-09-09,2001,0,,PHI,LAR,17,20
2001-09-09,2001,0,,LAC,WSH,30,3
2001-09-09,2001,0,,BAL,CHI,17,6
2001-09-09,2001,0,,NYJ,IND,24,45
2001-09-09,2001,0,,KC,OAK,24,27
2001-09-09,2001,0,,TEN,MIA,23,31
2001-09-09,2001,0,,BUF,NO,6,24
2001-09-09,2001,0,,JAX,PIT,21,3
2001-09-09,2001,0,,SF,ATL,16,13
2001-09-09,2001,0,,CLE,SEA,6,9
2001-09-09,2001,0,,CIN,NE,23,17
2001-09-09,2001,0,,MIN,CAR,13,24
2001-09-09,2001,0,,DAL,TB,6,10
2001-09-10,2001,0,,DEN,NYG,31,20
2001-09-23,2001,0,,SEA,PHI,3,27
2001-09-23,2001,0,,CLE,DET,24,14
2001-09-23,2001,0,,CHI,MIN,17,10
2001-09-23,2001,0,,IND,BUF,42,26
2001-09-23,2001,0,,KC,NYG,3,13
2001-09-23,2001,0,,NE,NYJ,3,10
2001-09-23,2001,0,,JAX,TEN,13,6
2001-09-23,2001,0,,DAL,LAC,21,32
2001-09-23,2001,0,,MIA,OAK,18,15
2001-09-23,2001,0,,ATL,CAR,24,16
2001-09-23,2001,0,,ARI,DEN,17,38
2001-09-23,2001,0,,CIN,BAL,21,10
2001-09-23,2001,0,,SF,LAR,26,30
2001-09-24,2001,0,,GB,WSH,37,0
2001-09-30,2001,0,,MIN,TB,20,16
2001-09-30,2001,0,,DEN,BAL,13,20
2001-09-30,2001,0,,OAK,SEA,38,14
2001-09-30,2001,0,,PHI,DAL,40,18
2001-09-30,2001,0,,BUF,PIT,3,20
2001-09-30,2001,0,,NE,IND,44,13
2001-09-30,2001,0,,JAX,CLE,14,23
2001-09-30,2001,0,,LAC,CIN,28,14
2001-09-30,2001,0,,CAR,GB,7,28
2001-09-30,2001,0,,WSH,KC,13,45
2001-09-30,2001,0,,LAR,MIA,42,10
2001-09-30,2001,0,,NYG,NO,21,13
2001-09-30,2001,0,,ARI,ATL,14,34
2001-10-01,2001,0,,NYJ,SF,17,19
2001-10-07,2001,0,,PHI,ARI,20,21
2001-10-07,2001,0,,SEA,JAX,24,15
2001-10-07,2001,0,,NYG,WSH,23,9
2001-10-07,2001,0,,BAL,TEN,26,7
2001-10-07,2001,0,,NO,MIN,28,15
2001-10-07,2001,0,,DEN,KC,20,6
2001-10-07,2001,0,,CLE,LAC,20,16
2001-10-07,2001,0,,SF,CAR,24,14
2001-10-07,2001,0,,OAK,DAL,28,21
2001-10-07,2001,0,,PIT,CIN,16,7
2001-10-07,2001,0,,MIA,NE,30,10
2001-10-07,2001,0,,BUF,NYJ,36,42
2001-10-07,2001,0,,ATL,CHI,3,31
2001-10-07,2001,0,,TB,GB,14,10
2001-10-08,2001,0,,DET,LAR,0,35
2001-10-14,2001,0,,ATL,SF,31,37
2001-10-14,2001,0,,KC,PIT,17,20
2001-10-14,2001,0,,IND,OAK,18,23
2001-10-14,2001,0,,TEN,TB,31,28
2001-10-14,2001,0,,GB,BAL,31,23
2001-10-14,2001,0,,NE,LAC,29,26
2001-10-14,2001,0,,CAR,NO,25,27
2001-10-14,2001,0,,CHI,ARI,20,13
2001-10-14,2001,0,,NYJ,MIA,21,17
2001-10-14,2001,0,,MIN,DET,31,26
2001-10-14,2001,0,,SEA,DEN,34,21
2001-10-14,2001,0,,LAR,NYG,15,14
2001-10-14,2001,0,,CIN,CLE,24,14
2001-10-15,2001,0,,DAL,WSH,9,7
2001-10-18,2001,0,,JAX,BUF,10,13
2001-10-21,2001,0,,NO,ATL,13,20
2001-10-21,2001,0,,IND,NE,17,38
2001-10-21,2001,0,,TB,PIT,10,17
2001-10-21,2001,0,,CLE,BAL,24,14
2001-10-21,2001,0,,CIN,CHI,0,24
2001-10-21,2001,0,,LAC,DEN,27,10
2001-10-21,2001,0,,WSH,CAR,17,14
2001-10-21,2001,0,,NYJ,LAR,14,34
2001-10-21,2001,0,,DET,TEN,24,27
2001-10-21,2001,0,,MIN,GB,35,13
2001-10-21,2001,0,,ARI,KC,24,16
2001-10-22,2001,0,,NYG,PHI,9,10
2001-10-25,2001,0,,KC,IND,28,35
2001-10-28,2001,0,,BAL,JAX,18,17
2001-10-28,2001,0,,SEA,MIA,20,24
2001-10-28,2001,0,,DET,CIN,27,31
2001-10-28,2001,0,,WSH,NYG,35,21
2001-10-28,2001,0,,CHI,SF,37,31
2001-10-28,2001,0,,DEN,NE,31,20
2001-10-28,2001,0,,PHI,OAK,10,20
2001-10-28,2001,0,,DAL,ARI,17,3
2001-10-28,2001,0,,CAR,NYJ,12,13
2001-10-28,2001,0,,LAC,BUF,27,24
2001-10-28,2001,0,,TB,MIN,41,14
2001-10-28,2001,0,,LAR,NO,31,34
2001-10-29,2001,0,,PIT,TEN,34,7
2001-11-04,2001,0,,SF,DET,21,13
2001-11-04,2001,0,,ARI,PHI,7,21
2001-11-04,2001,0,,BUF,IND,14,30
2001-11-04,2001,0,,TEN,JAX,28,24
2001-11-04,2001,0,,PIT,BAL,10,13
2001-11-04,2001,0,,ATL,NE,10,24
2001-11-04,2001,0,,MIA,CAR,23,6
2001-11-04,2001,0,,NYG,DAL,27,24
2001-11-04,2001,0,,LAC,KC,20,25
2001-11-04,2001,0,,GB,TB,21,20
2001-11-04,2001,0,,NO,NYJ,9,16
2001-11-04,2001,0,,CHI,CLE,27,21
2001-11-04,2001,0,,WSH,SEA,27,14
2001-11-05,2001,0,,OAK,DEN,38,28
2001-11-11,2001,0,,DET,TB,17,20
2001-11-11,2001,0,,ATL,DAL,20,13
2001-11-11,2001,0,,IND,MIA,24,27
2001-11-11,2001,0,,CHI,GB,12,20
2001-11-11,2001,0,,NYJ,KC,27,7
2001-11-11,2001,0,,PHI,MIN,48,17
2001-11-11,2001,0,,ARI,NYG,10,17
2001-11-11,2001,0,,DEN,LAC,26,16
2001-11-11,2001,0,,LAR,CAR,48,14
2001-11-11,2001,0,,SEA,OAK,34,27
2001-11-11,2001,0,,NE,BUF,21,11
2001-11-11,2001,0,,SF,NO,28,27
2001-11-11,2001,0,,JAX,CIN,30,13
2001-11-11,2001,0,,CLE,PIT,12,15
2001-11-12,2001,0,,TEN,BAL,10,16
2001-11-18,2001,0,,TB,CHI,24,27
2001-11-18,2001,0,,GB,ATL,20,23
2001-11-18,2001,0,,BAL,CLE,17,27
2001-11-18,2001,0,,NO,IND,34,20
2001-11-18,2001,0,,CAR,SF,22,25
2001-11-18,2001,0,,OAK,LAC,34,24
2001-11-18,2001,0,,NE,LAR,17,24
2001-11-18,2001,0,,DAL,PHI,3,36
2001-11-18,2001,0,,MIA,NYJ,0,24
2001-11-18,2001,0,,CIN,TEN,7,20
2001-11-18,2001,0,,ARI,DET,45,38
2001-11-18,2001,0,,DEN,WSH,10,17
2001-11-18,2001,0,,BUF,SEA,20,23
2001-11-18,2001,0,,PIT,JAX,20,7
2001-11-19,2001,0,,MIN,NYG,28,16
2001-11-22,2001,0,,DAL,DEN,24,26
2001-11-22,2001,0,,DET,GB,27,29
2001-11-25,2001,0,,MIN,CHI,6,13
2001-11-25,2001,0,,LAC,ARI,17,20
2001-11-25,2001,0,,JAX,BAL,21,24
2001-11-25,2001,0,,NYG,OAK,10,28
2001-11-25,2001,0,,TEN,PIT,24,34
2001-11-25,2001,0,,BUF,MIA,27,34
2001-11-25,2001,0,,CAR,ATL,7,10
2001-11-25,2001,0,,IND,SF,21,40
2001-11-25,2001,0,,PHI,WSH,3,13
2001-11-25,2001,0,,KC,SEA,19,7
2001-11-25,2001,0,,CLE,CIN,18,0
2001-11-25,2001,0,,NE,NO,34,17
2001-11-26,2001,0,,LAR,TB,17,24
2001-11-29,2001,0,,KC,PHI,10,23
2001-12-02,2001,0,,NO,CAR,27,23
2001-12-02,2001,0,,CIN,TB,13,16
2001-12-02,2001,0,,WSH,DAL,14,20
2001-12-02,2001,0,,OAK,ARI,31,34
2001-12-02,2001,0,,ATL,LAR,6,35
2001-12-02,2001,0,,SEA,LAC,13,10
2001-12-02,2001,0,,SF,BUF,35,0
2001-12-02,2001,0,,BAL,IND,39,27
2001-12-02,2001,0,,CHI,DET,13,10
2001-12-02,2001,0,,CLE,TEN,15,31
2001-12-02,2001,0,,NYJ,NE,16,17
2001-12-02,2001,0,,MIA,DEN,21,10
2001-12-02,2001,0,,PIT,MIN,21,16
2001-12-03,2001,0,,JAX,GB,21,28
2001-12-09,2001,0,,NE,CLE,27,16
2001-12-09,2001,0,,LAR,SF,27,14
2001-12-09,2001,0,,ATL,NO,10,28
2001-12-09,2001,0,,DEN,SEA,20,7
2001-12-09,2001,0,,GB,CHI,17,7
2001-12-09,2001,0,,CIN,JAX,10,14
2001-12-09,2001,0,,ARI,WSH,10,20
2001-12-09,2001,0,,TB,DET,15,12
2001-12-09,2001,0,,DAL,NYG,20,13
2001-12-09,2001,0,,MIN,TEN,42,24
2001-12-09,2001,0,,OAK,KC,28,26
2001-12-09,2001,0,,PHI,LAC,24,14
2001-12-09,2001,0,,PIT,NYJ,18,7
2001-12-09,2001,0,,BUF,CAR,25,24
2001-12-10,2001,0,,MIA,IND,41,6
2001-12-15,2001,0,,NYG,ARI,17,13
2001-12-15,2001,0,,LAC,OAK,6,13
2001-12-16,2001,0,,CLE,JAX,10,15
2001-12-16,2001,0,,TEN,GB,26,20
2001-12-16,2001,0,,IND,ATL,41,27
2001-12-16,2001,0,,KC,DEN,26,23
2001-12-16,2001,0,,BAL,PIT,21,26
2001-12-16,2001,0,,BUF,NE,9,12
2001-12-16,2001,0,,SEA,DAL,29,3
2001-12-16,2001,0,,WSH,PHI,6,20
2001-12-16,2001,0,,DET,MIN,27,24
2001-12-16,2001,0,,SF,MIA,21,0
2001-12-16,2001,0,,CHI,TB,27,3
2001-12-16,2001,0,,NYJ,CIN,15,14
2001-12-17,2001,0,,NO,LAR,21,34
2001-12-22,2001,0,,OAK,TEN,10,13
2001-12-22,2001,0,,SF,PHI,13,3
2001-12-22,2001,0,,NE,MIA,20,13
2001-12-23,2001,0,,TB,NO,48,21
2001-12-23,2001,0,,IND,NYJ,28,29
2001-12-23,2001,0,,NYG,SEA,27,24
2001-12-23,2001,0,,CAR,LAR,32,38
2001-12-23,2001,0,,GB,CLE,30,7
2001-12-23,2001,0,,PIT,DET,47,14
2001-12-23,2001,0,,WSH,CHI,15,20
2001-12-23,2001,0,,BAL,CIN,16,0
2001-12-23,2001,0,,MIN,JAX,3,33
2001-12-23,2001,0,,KC,LAC,20,17
2001-12-23,2001,0,,ARI,DAL,17,10
2001-12-23,2001,0,,ATL,BUF,33,30
2001-12-29,2001,0,,TB,BAL,22,10
2001-12-30,2001,0,,LAC,SEA,22,25
2001-12-30,2001,0,,CIN,PIT,26,23
2001-12-30,2001,0,,JAX,KC,26,30
2001-12-30,2001,0,,DET,CHI,0,24
2001-12-30,2001,0,,TEN,CLE,38,41
2001-12-30,2001,0,,GB,MIN,24,13
2001-12-30,2001,0,,MIA,ATL,21,14
2001-12-30,2001,0,,NO,WSH,10,40
2001-12-30,2001,0,,NYJ,BUF,9,14
2001-12-30,2001,0,,PHI,NYG,24,21
2001-12-30,2001,0,,CAR,ARI,7,30
2001-12-30,2001,0,,DAL,SF,27,21
2001-12-30,2001,0,,DEN,OAK,23,17
2001-12-30,2001,0,,LAR,IND,42,17
2002-01-06,2001,0,,OAK,NYJ,22,24
2002-01-06,2001,0,,TEN,CIN,21,23
2002-01-06,2001,0,,TB,PHI,13,17
2002-01-06,2001,0,,DET,DAL,15,10
2002-01-06,2001,0,,PIT,CLE,28,7
2002-01-06,2001,0,,MIA,BUF,34,7
2002-01-06,2001,0,,WSH,ARI,20,17
2002-01-06,2001,0,,IND,DEN,29,10
2002-01-06,2001,0,,CAR,NE,6,38
2002-01-06,2001,0,,LAR,ATL,31,13
2002-01-06,2001,0,,NO,SF,0,38
2002-01-06,2001,0,,CHI,JAX,33,13
2002-01-06,2001,0,,SEA,KC,21,18
2002-01-06,2001,0,,NYG,GB,25,34
2002-01-07,2001,0,,BAL,MIN,19,3
2002-01-12,2001,0,w,PHI,TB,31,9
2002-01-12,2001,0,w,OAK,NYJ,38,24
2002-01-13,2001,0,w,GB,SF,25,15
2002-01-13,2001,0,w,MIA,BAL,3,20
2002-01-19,2001,0,d,CHI,PHI,19,33
2002-01-19,2001,0,d,NE,OAK,16,13
2002-01-20,2001,0,d,PIT,BAL,27,10
2002-01-20,2001,0,d,LAR,GB,45,17
2002-01-27,2001,0,c,PIT,NE,17,24
2002-01-27,2001,0,c,LAR,PHI,29,24
2002-02-03,2001,1,s,LAR,NE,17,20
2002-09-05,2002,0,,NYG,SF,13,16
2002-09-08,2002,0,,OAK,SEA,31,17
2002-09-08,2002,0,,MIA,DET,49,21
2002-09-08,2002,0,,GB,ATL,37,34
2002-09-08,2002,0,,BUF,NYJ,31,37
2002-09-08,2002,0,,DEN,LAR,23,16
2002-09-08,2002,0,,CAR,BAL,10,7
2002-09-08,2002,0,,TB,NO,20,26
2002-09-08,2002,0,,TEN,PHI,27,24
2002-09-08,2002,0,,JAX,IND,25,28
2002-09-08,2002,0,,CLE,KC,39,40
2002-09-08,2002,0,,CIN,LAC,6,34
2002-09-08,2002,0,,CHI,MIN,27,23
2002-09-08,2002,0,,WSH,ARI,31,23
2002-09-08,2002,0,,HOU,DAL,19,10
2002-09-09,2002,0,,NE,PIT,30,14
2002-09-15,2002,0,,LAR,NYG,21,26
2002-09-15,2002,0,,KC,JAX,16,23
2002-09-15,2002,0,,NYJ,NE,7,44
2002-09-15,2002,0,,BAL,TB,0,25
2002-09-15,2002,0,,CAR,DET,31,7
2002-09-15,2002,0,,IND,MIA,13,21
2002-09-15,2002,0,,CLE,CIN,20,7
2002-09-15,2002,0,,ATL,CHI,13,14
2002-09-15,2002,0,,SEA,ARI,13,24
2002-09-15,2002,0,,PIT,OAK,17,30
2002-09-15,2002,0,,NO,GB,35,20
2002-09-15,2002,0,,MIN,BUF,39,45
2002-09-15,2002,0,,LAC,HOU,24,3
2002-09-15,2002,0,,SF,DEN,14,24
2002-09-15,2002,0,,DAL,TEN,21,13
2002-09-16,2002,0,,WSH,PHI,7,37
2002-09-22,2002,0,,MIN,CAR,14,21
2002-09-22,2002,0,,DET,GB,31,37
2002-09-22,2002,0,,NYG,SEA,9,6
2002-09-22,2002,0,,MIA,NYJ,30,3
2002-09-22,2002,0,,SF,WSH,20,10
2002-09-22,2002,0,,TEN,CLE,28,31
2002-09-22,2002,0,,DEN,BUF,28,23
2002-09-22,2002,0,,CHI,NO,23,29
2002-09-22,2002,0,,PHI,DAL,44,13
2002-09-22,2002,0,,ARI,LAC,15,23
2002-09-22,2002,0,,ATL,CIN,30,3
2002-09-22,2002,0,,HOU,IND,3,23
2002-09-22,2002,0,,NE,KC,41,38
2002-09-23,2002,0,,TB,LAR,26,14
2002-09-29,2002,0,,PIT,CLE,16,13
2002-09-29,2002,0,,KC,MIA,48,30
2002-09-29,2002,0,,DET,NO,26,21
2002-09-29,2002,0,,BUF,CHI,33,27
2002-09-29,2002,0,,JAX,NYJ,28,3
2002-09-29,2002,0,,OAK,TEN,52,25
2002-09-29,2002,0,,LAR,DAL,10,13
2002-09-29,2002,0,,PHI,HOU,35,17
2002-09-29,2002,0,,SEA,MIN,48,23
2002-09-29,2002,0,,LAC,NE,21,14
2002-09-29,2002,0,,GB,CAR,17,14
2002-09-29,2002,0,,CIN,TB,7,35
2002-09-29,2002,0,,ARI,NYG,21,7
2002-09-30,2002,0,,BAL,DEN,34,23
2002-10-06,2002,0,,BUF,OAK,31,49
2002-10-06,2002,0,,CAR,ARI,13,16
2002-10-06,2002,0,,IND,CIN,28,21
2002-10-06,2002,0,,DAL,NYG,17,21
2002-10-06,2002,0,,MIA,NE,26,13
2002-10-06,2002,0,,NO,PIT,32,29
2002-10-06,2002,0,,TEN,WSH,14,31
2002-10-06,2002,0,,SF,LAR,37,13
2002-10-06,2002,0,,NYJ,KC,25,29
2002-10-06,2002,0,,CLE,BAL,21,26
2002-10-06,2002,0,,JAX,PHI,28,25
2002-10-06,2002,0,,ATL,TB,6,20
2002-10-06,2002,0,,DEN,LAC,26,9
2002-10-07,2002,0,,CHI,GB,21,34
2002-10-13,2002,0,,NYG,ATL,10,17
2002-10-13,2002,0,,LAR,OAK,28,13
2002-10-13,2002,0,,MIN,DET,31,24
2002-10-13,2002,0,,WSH,NO,27,43
2002-10-13,2002,0,,DAL,CAR,14,13
2002-10-13,2002,0,,CIN,PIT,7,34
2002-10-13,2002,0,,LAC,KC,35,34
2002-10-13,2002,0,,NE,GB,10,28
2002-10-13,2002,0,,IND,BAL,22,20
2002-10-13,2002,0,,DEN,MIA,22,24
2002-10-13,2002,0,,HOU,BUF,24,31
2002-10-13,2002,0,,TEN,JAX,23,14
2002-10-13,2002,0,,TB,CLE,17,3
2002-10-14,2002,0,,SEA,SF,21,28
2002-10-20,2002,0,,KC,DEN,34,37
2002-10-20,2002,0,,NO,SF,35,27
2002-10-20,2002,0,,DET,CHI,23,20
2002-10-20,2002,0,,CLE,HOU,34,17
2002-10-20,2002,0,,OAK,LAC,21,27
2002-10-20,2002,0,,BAL,JAX,17,10
2002-10-20,2002,0,,MIA,BUF,10,23
2002-10-20,2002,0,,ATL,CAR,30,0
2002-10-20,2002,0,,NYJ,MIN,20,7
2002-10-20,2002,0,,PHI,TB,20,10
2002-10-20,2002,0,,LAR,SEA,37,20
2002-10-20,2002,0,,ARI,DAL,9,6
2002-10-20,2002,0,,GB,WSH,30,9
2002-10-21,2002,0,,PIT,IND,28,10
2002-10-27,2002,0,,DAL,SEA,14,17
2002-10-27,2002,0,,BAL,PIT,18,31
2002-10-27,2002,0,,WSH,IND,26,21
2002-10-27,2002,0,,CAR,TB,9,12
2002-10-27,2002,0,,CIN,TEN,24,30
2002-10-27,2002,0,,KC,OAK,20,10
2002-10-27,2002,0,,BUF,DET,24,17
2002-10-27,2002,0,,JAX,HOU,19,21
2002-10-27,2002,0,,NYJ,CLE,21,24
2002-10-27,2002,0,,MIN,CHI,25,7
2002-10-27,2002,0,,SF,ARI,38,28
2002-10-27,2002,0,,NO,ATL,35,37
2002-10-27,2002,0,,NE,DEN,16,24
2002-10-28,2002,0,,PHI,NYG,17,3
2002-11-03,2002,0,,ARI,LAR,14,27
2002-11-03,2002,0,,TB,MIN,38,24
2002-11-03,2002,0,,DET,DAL,9,7
2002-11-03,2002,0,,LAC,NYJ,13,44
2002-11-03,2002,0,,SEA,WSH,3,14
2002-11-03,2002,0,,NYG,JAX,24,17
2002-11-03,2002,0,,IND,TEN,15,23
2002-11-03,2002,0,,ATL,BAL,20,17
2002-11-03,2002,0,,HOU,CIN,3,38
2002-11-03,2002,0,,CHI,PHI,13,19
2002-11-03,2002,0,,OAK,SF,20,23
2002-11-03,2002,0,,CLE,PIT,20,23
2002-11-03,2002,0,,BUF,NE,7,38
2002-11-04,2002,0,,GB,MIA,24,10
2002-11-10,2002,0,,NYJ,MIA,13,10
2002-11-10,2002,0,,CAR,NO,24,34
2002-11-10,2002,0,,ARI,SEA,6,27
2002-11-10,2002,0,,BAL,CIN,38,27
2002-11-10,2002,0,,TEN,HOU,17,10
2002-11-10,2002,0,,MIN,NYG,20,27
2002-11-10,2002,0,,SF,KC,17,13
2002-11-10,2002,0,,PHI,IND,13,35
2002-11-10,2002,0,,JAX,WSH,26,7
2002-11-10,2002,0,,LAR,LAC,28,24
2002-11-10,2002,0,,PIT,ATL,34,34
2002-11-10,2002,0,,CHI,NE,30,33
2002-11-10,2002,0,,GB,DET,40,14
2002-11-11,2002,0,,DEN,OAK,10,34
2002-11-17,2002,0,,LAC,SF,20,17
2002-11-17,2002,0,,TB,CAR,23,10
2002-11-17,2002,0,,MIA,BAL,26,7
2002-11-17,2002,0,,HOU,JAX,21,24
2002-11-17,2002,0,,KC,BUF,17,16
2002-11-17,2002,0,,NYG,WSH,19,17
2002-11-17,2002,0,,PHI,ARI,38,14
2002-11-17,2002,0,,CIN,CLE,20,27
2002-11-17,2002,0,,MIN,GB,31,21
2002-11-17,2002,0,,IND,DAL,20,3
2002-11-17,2002,0,,ATL,NO,24,17
2002-11-17,2002,0,,DET,NYJ,14,31
2002-11-17,2002,0,,OAK,NE,27,20
2002-11-17,2002,0,,TEN,PIT,31,23
2002-11-17,2002,0,,SEA,DEN,9,31
2002-11-18,2002,0,,LAR,CHI,21,16
2002-11-24,2002,0,,DEN,IND,20,23
2002-11-24,2002,0,,WSH,LAR,20,17
2002-11-24,2002,0,,DAL,JAX,21,19
2002-11-24,2002,0,,MIA,LAC,30,3
2002-11-24,2002,0,,HOU,NYG,16,14
2002-11-24,2002,0,,CAR,ATL,0,41
2002-11-24,2002,0,,ARI,OAK,20,41
2002-11-24,2002,0,,SEA,KC,39,32
2002-11-24,2002,0,,NE,MIN,24,17
2002-11-24,2002,0,,NYJ,BUF,31,13
2002-11-24,2002,0,,BAL,TEN,13,12
2002-11-24,2002,0,,TB,GB,21,7
2002-11-24,2002,0,,PIT,CIN,29,21
2002-11-24,2002,0,,CHI,DET,20,17
2002-11-24,2002,0,,NO,CLE,15,24
2002-11-25,2002,0,,SF,PHI,17,38
2002-11-28,2002,0,,DET,NE,12,20
2002-11-28,2002,0,,DAL,WSH,27,20
2002-12-01,2002,0,,CLE,CAR,6,13
2002-12-01,2002,0,,NYG,TEN,29,32
2002-12-01,2002,0,,LAC,DEN,30,27
2002-12-01,2002,0,,NO,TB,23,20
2002-12-01,2002,0,,PHI,LAR,10,3
2002-12-01,2002,0,,IND,HOU,19,3
2002-12-01,2002,0,,GB,CHI,30,20
2002-12-01,2002,0,,KC,ARI,49,0
2002-12-01,2002,0,,CIN,BAL,23,27
2002-12-01,2002,0,,MIN,ATL,24,30
2002-12-01,2002,0,,BUF,MIA,38,21
2002-12-01,2002,0,,JAX,PIT,23,25
2002-12-01,2002,0,,SF,SEA,31,24
2002-12-02,2002,0,,OAK,NYJ,26,20
2002-12-08,2002,0,,JAX,CLE,20,21
2002-12-08,2002,0,,PIT,HOU,6,24
2002-12-08,2002,0,,SEA,PHI,20,27
2002-12-08,2002,0,,DAL,SF,27,31
2002-12-08,2002,0,,BAL,NO,25,37
2002-12-08,2002,0,,TEN,IND,27,17
2002-12-08,2002,0,,TB,ATL,34,10
2002-12-08,2002,0,,CAR,CIN,52,31
2002-12-08,2002,0,,GB,MIN,26,22
2002-12-08,2002,0,,LAC,OAK,7,27
2002-12-08,2002,0,,NE,BUF,27,17
2002-12-08,2002,0,,KC,LAR,49,10
2002-12-08,2002,0,,ARI,DET,23,20
2002-12-08,2002,0,,WSH,NYG,21,27
2002-12-08,2002,0,,NYJ,DEN,19,13
2002-12-09,2002,0,,MIA,CHI,27,9
2002-12-15,2002,0,,PHI,WSH,34,21
2002-12-15,2002,0,,LAR,ARI,30,28
2002-12-15,2002,0,,PIT,CAR,30,14
2002-12-15,2002,0,,CLE,IND,23,28
2002-12-15,2002,0,,BUF,LAC,20,13
2002-12-15,2002,0,,CIN,JAX,15,29
2002-12-15,2002,0,,CHI,NYJ,20,13
2002-12-15,2002,0,,DEN,KC,31,24
2002-12-15,2002,0,,NYG,DAL,37,7
2002-12-15,2002,0,,SF,GB,14,20
2002-12-15,2002,0,,DET,TB,20,23
2002-12-15,2002,0,,NO,MIN,31,32
2002-12-15,2002,0,,ATL,SEA,24,30
2002-12-15,2002,0,,HOU,BAL,19,23
2002-12-15,2002,0,,MIA,OAK,23,17
2002-12-16,2002,0,,TEN,NE,24,7
2002-12-21,2002,0,,ARI,SF,14,17
2002-12-21,2002,0,,MIN,MIA,20,17
2002-12-21,2002,0,,DAL,PHI,3,27
2002-12-22,2002,0,,OAK,DEN,28,16
2002-12-22,2002,0,,WSH,HOU,26,10
2002-12-22,2002,0,,KC,LAC,24,22
2002-12-22,2002,0,,SEA,LAR,30,10
2002-12-22,2002,0,,NE,NYJ,17,30
2002-12-22,2002,0,,BAL,CLE,13,14
2002-12-22,2002,0,,IND,NYG,27,44
2002-12-22,2002,0,,JAX,TEN,10,28
2002-12-22,2002,0,,GB,BUF,10,0
2002-12-22,2002,0,,CIN,NO,20,13
2002-12-22,2002,0,,CAR,CHI,24,14
2002-12-22,2002,0,,ATL,DET,36,15
2002-12-23,2002,0,,TB,PIT,7,17
2002-12-28,2002,0,,NYG,PHI,10,7
2002-12-28,2002,0,,OAK,KC,24,0
2002-12-29,2002,0,,NYJ,GB,42,17
2002-12-29,2002,0,,LAC,SEA,28,31
2002-12-29,2002,0,,CHI,TB,0,15
2002-12-29,2002,0,,IND,JAX,20,13
2002-12-29,2002,0,,NE,MIA,27,24
2002-12-29,2002,0,,NO,CAR,6,10
2002-12-29,2002,0,,CLE,ATL,24,16
2002-12-29,2002,0,,BUF,CIN,27,9
2002-12-29,2002,0,,DEN,ARI,37,7
2002-12-29,2002,0,,HOU,TEN,3,13
2002-12-29,2002,0,,WSH,DAL,20,14
2002-12-29,2002,0,,PIT,BAL,34,31
2002-12-29,2002,0,,DET,MIN,36,38
2002-12-30,2002,0,,LAR,SF,31,20
2003-01-04,2002,0,w,GB,ATL,7,27
2003-01-04,2002,0,w,NYJ,IND,41,0
2003-01-05,2002,0,w,PIT,CLE,36,33
2003-01-05,2002,0,w,SF,NYG,39,38
2003-01-11,2002,0,d,TEN,PIT,34,31
2003-01-11,2002,0,d,PHI,ATL,20,6
2003-01-12,2002,0,d,TB,SF,31,6
2003-01-12,2002,0,d,OAK,NYJ,30,10
2003-01-19,2002,0,c,PHI,TB,10,27
2003-01-19,2002,0,c,OAK,TEN,41,24
2003-01-26,2002,1,s,TB,OAK,48,21
2003-09-04,2003,0,,WSH,NYJ,16,13
2003-09-07,2003,0,,MIA,HOU,20,21
2003-09-07,2003,0,,DAL,ATL,13,27
2003-09-07,2003,0,,CLE,IND,6,9
2003-09-07,2003,0,,TEN,OAK,25,20
2003-09-07,2003,0,,SEA,NO,27,10
2003-09-07,2003,0,,GB,MIN,25,30
2003-09-07,2003,0,,BUF,NE,31,0
2003-09-07,2003,0,,CIN,DEN,10,30
2003-09-07,2003,0,,CAR,JAX,24,23
2003-09-07,2003,0,,PIT,BAL,34,15
2003-09-07,2003,0,,SF,CHI,49,7
2003-09-07,2003,0,,NYG,LAR,23,13
2003-09-07,2003,0,,KC,LAC,27,14
2003-09-07,2003,0,,DET,ARI,42,24
2003-09-08,2003,0,,PHI,TB,0,17
2003-09-14,2003,0,,ARI,SEA,0,38
2003-09-14,2003,0,,LAC,DEN,13,37
2003-09-14,2003,0,,BAL,CLE,33,13
2003-09-14,2003,0,,IND,TEN,33,7
2003-09-14,2003,0,,GB,DET,31,6
2003-09-14,2003,0,,JAX,BUF,17,38
2003-09-14,2003,0,,MIN,CHI,24,13
2003-09-14,2003,0,,NYJ,MIA,10,21
2003-09-14,2003,0,,TB,CAR,9,12
2003-09-14,2003,0,,KC,PIT,41,20
2003-09-14,2003,0,,OAK,CIN,23,20
2003-09-14,2003,0,,PHI,NE,10,31
2003-09-14,2003,0,,LAR,SF,27,24
2003-09-14,2003,0,,NO,HOU,31,10
2003-09-14,2003,0,,ATL,WSH,31,33
2003-09-15,2003,0,,NYG,DAL,32,35
2003-09-21,2003,0,,SF,CLE,12,13
2003-09-21,2003,0,,CIN,PIT,10,17
2003-09-21,2003,0,,ARI,GB,20,13
2003-09-21,2003,0,,DET,MIN,13,23
2003-09-21,2003,0,,HOU,KC,14,42
2003-09-21,2003,0,,NE,NYJ,23,16
2003-09-21,2003,0,,ATL,TB,10,31
2003-09-21,2003,0,,SEA,LAR,24,23
2003-09-21,2003,0,,TEN,NO,27,12
2003-09-21,2003,0,,MIA,BUF,17,7
2003-09-21,2003,0,,WSH,NYG,21,24
2003-09-21,2003,0,,IND,JAX,23,13
2003-09-21,2003,0,,LAC,BAL,10,24
2003-09-22,2003,0,,DEN,OAK,31,10
2003-09-28,2003,0,,CAR,ATL,23,3
2003-09-28,2003,0,,BAL,KC,10,17
2003-09-28,2003,0,,OAK,LAC,34,31
2003-09-28,2003,0,,NO,IND,21,55
2003-09-28,2003,0,,BUF,PHI,13,23
2003-09-28,2003,0,,MIN,SF,35,7
2003-09-28,2003,0,,CLE,CIN,14,21
2003-09-28,2003,0,,NYJ,DAL,6,17
2003-09-28,2003,0,,WSH,NE,20,17
2003-09-28,2003,0,,LAR,ARI,37,13
2003-09-28,2003,0,,PIT,TEN,13,30
2003-09-28,2003,0,,DEN,DET,20,16
2003-09-28,2003,0,,HOU,JAX,24,20
2003-09-29,2003,0,,CHI,GB,23,38
2003-10-05,2003,0,,PIT,CLE,13,33
2003-10-05,2003,0,,KC,DEN,24,23
2003-10-05,2003,0,,GB,SEA,35,13
2003-10-05,2003,0,,DAL,ARI,24,7
2003-10-05,2003,0,,NE,TEN,38,30
2003-10-05,2003,0,,SF,DET,24,17
2003-10-05,2003,0,,CHI,OAK,24,21
2003-10-05,2003,0,,CAR,NO,19,13
2003-10-05,2003,0,,ATL,MIN,26,39
2003-10-05,2003,0,,NYG,MIA,10,23
2003-10-05,2003,0,,PHI,WSH,27,25
2003-10-05,2003,0,,JAX,LAC,27,21
2003-10-05,2003,0,,BUF,CIN,22,16
2003-10-06,2003,0,,TB,IND,35,38
2003-10-12,2003,0,,ARI,BAL,18,26
2003-10-12,2003,0,,JAX,MIA,10,24
2003-10-12,2003,0,,CLE,OAK,13,7
2003-10-12,2003,0,,WSH,TB,13,35
2003-10-12,2003,0,,TEN,HOU,38,17
2003-10-12,2003,0,,NE,NYG,17,6
2003-10-12,2003,0,,DAL,PHI,23,21
2003-10-12,2003,0,,SEA,SF,20,19
2003-10-12,2003,0,,IND,CAR,20,23
2003-10-12,2003,0,,GB,KC,34,40
2003-10-12,2003,0,,NYJ,BUF,30,3
2003-10-12,2003,0,,NO,CHI,20,13
2003-10-12,2003,0,,DEN,PIT,17,14
2003-10-13,2003,0,,LAR,ATL,36,0
2003-10-19,2003,0,,CAR,TEN,17,37
2003-10-19,2003,0,,SEA,CHI,24,17
2003-10-19,2003,0,,MIA,NE,13,19
2003-10-19,2003,0,,SF,TB,24,7
2003-10-19,2003,0,,DET,DAL,7,38
2003-10-19,2003,0,,ATL,NO,17,45
2003-10-19,2003,0,,CIN,BAL,34,26
2003-10-19,2003,0,,CLE,LAC,20,26
2003-10-19,2003,0,,BUF,WSH,24,7
2003-10-19,2003,0,,MIN,DEN,28,20
2003-10-19,2003,0,,HOU,NYJ,14,19
2003-10-19,2003,0,,LAR,GB,34,24
2003-10-19,2003,0,,NYG,PHI,10,14
2003-10-20,2003,0,,OAK,KC,10,17
2003-10-26,2003,0,,TB,DAL,16,0
2003-10-26,2003,0,,KC,BUF,38,5
2003-10-26,2003,0,,IND,HOU,30,21
2003-10-26,2003,0,,ARI,SF,16,13
2003-10-26,2003,0,,NO,CAR,20,23
2003-10-26,2003,0,,CHI,DET,24,16
2003-10-26,2003,0,,PIT,LAR,21,33
2003-10-26,2003,0,,BAL,DEN,26,6
2003-10-26,2003,0,,CIN,SEA,27,24
2003-10-26,2003,0,,NE,CLE,9,3
2003-10-26,2003,0,,JAX,TEN,17,30
2003-10-26,2003,0,,PHI,NYJ,24,17
2003-10-26,2003,0,,MIN,NYG,17,29
2003-10-27,2003,1,,MIA,LAC,26,10
2003-11-02,2003,0,,HOU,CAR,14,10
2003-11-02,2003,0,,MIN,GB,27,30
2003-11-02,2003,0,,DET,OAK,23,13
2003-11-02,2003,0,,ARI,CIN,17,14
2003-11-02,2003,0,,CHI,LAC,20,7
2003-11-02,2003,0,,NYJ,NYG,28,31
2003-11-02,2003,0,,TB,NO,14,17
2003-11-02,2003,0,,BAL,JAX,24,17
2003-11-02,2003,0,,SF,LAR,30,10
2003-11-02,2003,0,,MIA,IND,17,23
2003-11-02,2003,0,,DAL,WSH,21,14
2003-11-02,2003,0,,SEA,PIT,23,16
2003-11-02,2003,0,,ATL,PHI,16,23
2003-11-03,2003,0,,DEN,NE,26,30
2003-11-09,2003,0,,CAR,TB,27,24
2003-11-09,2003,0,,PIT,ARI,28,15
2003-11-09,2003,0,,LAR,BAL,33,22
2003-11-09,2003,0,,KC,CLE,41,20
2003-11-09,2003,0,,JAX,IND,28,23
2003-11-09,2003,0,,NYG,ATL,7,27
2003-11-09,2003,0,,OAK,NYJ,24,27
2003-11-09,2003,0,,LAC,MIN,42,28
2003-11-09,2003,0,,CIN,HOU,34,27
2003-11-09,2003,0,,DAL,BUF,10,6
2003-11-09,2003,0,,TEN,MIA,31,7
2003-11-09,2003,0,,WSH,SEA,27,20
2003-11-09,2003,0,,DET,CHI,12,10
2003-11-10,2003,0,,GB,PHI,14,17
2003-11-16,2003,0,,MIA,BAL,9,6
2003-11-16,2003,0,,CIN,KC,24,19
2003-11-16,2003,0,,BUF,HOU,10,12
2003-11-16,2003,0,,SEA,DET,35,14
2003-11-16,2003,0,,PHI,NYG,28,10
2003-11-16,2003,0,,CAR,WSH,20,17
2003-11-16,2003,0,,IND,NYJ,38,31
2003-11-16,2003,0,,NO,ATL,23,20
2003-11-16,2003,0,,OAK,MIN,28,18
2003-11-16,2003,0,,TB,GB,13,20
2003-11-16,2003,0,,DEN,LAC,37,8
2003-11-16,2003,0,,CLE,ARI,44,6
2003-11-16,2003,0,,CHI,LAR,21,23
2003-11-16,2003,0,,NE,DAL,12,0
2003-11-16,2003,0,,TEN,JAX,10,3
2003-11-17,2003,0,,SF,PIT,30,14
2003-11-23,2003,0,,ARI,LAR,27,30
2003-11-23,2003,0,,DEN,CHI,10,19
2003-11-23,2003,0,,DAL,CAR,24,20
2003-11-23,2003,0,,LAC,CIN,27,34
2003-11-23,2003,0,,PHI,NO,33,20
2003-11-23,2003,0,,MIA,WSH,24,23
2003-11-23,2003,0,,KC,OAK,27,24
2003-11-23,2003,0,,BUF,IND,14,17
2003-11-23,2003,0,,NYJ,JAX,13,10
2003-11-23,2003,0,,BAL,SEA,44,41
2003-11-23,2003,0,,MIN,DET,24,14
2003-11-23,2003,0,,HOU,NE,20,23
2003-11-23,2003,0,,ATL,TEN,31,38
2003-11-23,2003,0,,CLE,PIT,6,13
2003-11-23,2003,0,,GB,SF,20,10
2003-11-24,2003,0,,TB,NYG,19,13
2003-11-27,2003,0,,DAL,MIA,21,40
2003-11-27,2003,0,,DET,GB,22,14
2003-11-30,2003,0,,CAR,PHI,16,25
2003-11-30,2003,0,,IND,NE,34,38
2003-11-30,2003,0,,HOU,ATL,17,13
2003-11-30,2003,0,,CHI,ARI,28,3
2003-11-30,2003,0,,LAC,KC,24,28
2003-11-30,2003,0,,JAX,TB,17,10
2003-11-30,2003,0,,PIT,CIN,20,24
2003-11-30,2003,0,,BAL,SF,44,6
2003-11-30,2003,0,,OAK,DEN,8,22
2003-11-30,2003,0,,NYG,BUF,7,24
2003-11-30,2003,0,,SEA,CLE,34,7
2003-11-30,2003,0,,WSH,NO,20,24
2003-11-30,2003,0,,LAR,MIN,48,17
2003-12-01,2003,0,,NYJ,TEN,24,17
2003-12-07,2003,0,,NE,MIA,12,0
2003-12-07,2003,0,,DET,LAC,7,14
2003-12-07,2003,0,,JAX,HOU,27,0
2003-12-07,2003,0,,NYG,WSH,7,20
2003-12-07,2003,0,,DEN,KC,45,27
2003-12-07,2003,0,,GB,CHI,34,21
2003-12-07,2003,0,,MIN,SEA,34,7
2003-12-07,2003,0,,PHI,DAL,36,10
2003-12-07,2003,0,,NO,TB,7,14
2003-12-07,2003,0,,BAL,CIN,31,13
2003-12-07,2003,0,,ATL,CAR,20,14
2003-12-07,2003,0,,BUF,NYJ,17,6
2003-12-07,2003,0,,SF,ARI,50,14
2003-12-07,2003,0,,PIT,OAK,27,7
2003-12-07,2003,0,,TEN,IND,27,29
2003-12-08,2003,0,,CLE,LAR,20,26
2003-12-14,2003,0,,CIN,SF,41,38
2003-12-14,2003,0,,NYJ,PIT,6,0
2003-12-14,2003,0,,TB,HOU,16,3
2003-12-14,2003,0,,NE,JAX,27,13
2003-12-14,2003,0,,WSH,DAL,0,27
2003-12-14,2003,0,,NO,NYG,45,7
2003-12-14,2003,0,,DEN,CLE,23,20
2003-12-14,2003,0,,IND,ATL,38,7
2003-12-14,2003,0,,ARI,CAR,17,20
2003-12-14,2003,0,,KC,DET,45,17
2003-12-14,2003,0,,LAC,GB,21,38
2003-12-14,2003,0,,OAK,BAL,20,12
2003-12-14,2003,0,,CHI,MIN,13,10
2003-12-14,2003,0,,LAR,SEA,27,22
2003-12-14,2003,0,,TEN,BUF,28,26
2003-12-15,2003,0,,MIA,PHI,27,34
2003-12-20,2003,0,,TB,ATL,28,30
2003-12-20,2003,0,,MIN,KC,45,20
2003-12-20,2003,0,,NYJ,NE,16,21
2003-12-21,2003,0,,DAL,NYG,19,3
2003-12-21,2003,0,,LAR,CIN,27,10
2003-12-21,2003,0,,PIT,LAC,40,24
2003-12-21,2003,0,,CHI,WSH,27,24
2003-12-21,2003,0,,CLE,BAL,0,35
2003-12-21,2003,0,,SEA,ARI,28,10
2003-12-21,2003,0,,PHI,SF,28,31
2003-12-21,2003,0,,JAX,NO,20,19
2003-12-21,2003,0,,IND,DEN,17,31
2003-12-21,2003,0,,HOU,TEN,24,27
2003-12-21,2003,0,,BUF,MIA,3,20
2003-12-21,2003,0,,CAR,DET,20,14
2003-12-22,2003,0,,OAK,GB,7,41
2003-12-27,2003,0,,SF,SEA,17,24
2003-12-27,2003,0,,WSH,PHI,7,31
2003-12-27,2003,0,,NE,BUF,31,0
2003-12-28,2003,0,,GB,DEN,31,3
2003-12-28,2003,0,,ATL,JAX,21,14
2003-12-28,2003,0,,MIA,NYJ,23,21
2003-12-28,2003,0,,LAC,OAK,21,14
2003-12-28,2003,0,,BAL,PIT,13,10
2003-12-28,2003,0,,NO,DAL,13,7
2003-12-28,2003,0,,CIN,CLE,14,22
2003-12-28,2003,0,,TEN,TB,33,13
2003-12-28,2003,0,,HOU,IND,17,20
2003-12-28,2003,0,,ARI,MIN,18,17
2003-12-28,2003,0,,NYG,CAR,24,37
2003-12-28,2003,0,,DET,LAR,30,20
2003-12-28,2003,0,,KC,CHI,31,3
2004-01-03,2003,0,w,CAR,DAL,29,10
2004-01-03,2003,0,w,BAL,TEN,17,20
2004-01-04,2003,0,w,IND,DEN,41,10
2004-01-04,2003,0,w,GB,SEA,33,27
2004-01-10,2003,0,d,NE,TEN,17,14
2004-01-10,2003,0,d,LAR,CAR,23,29
2004-01-11,2003,0,d,KC,IND,31,38
2004-01-11,2003,0,d,PHI,GB,20,17
2004-01-18,2003,0,c,PHI,CAR,3,14
2004-01-18,2003,0,c,NE,IND,24,14
2004-02-01,2003,1,s,NE,CAR,32,29
2004-09-09,2004,0,,NE,IND,27,24
2004-09-11,2004,0,,MIA,TEN,7,17
2004-09-12,2004,0,,CHI,DET,16,20
2004-09-12,2004,0,,MIN,DAL,35,17
2004-09-12,2004,0,,PHI,NYG,31,17
2004-09-12,2004,0,,PIT,OAK,24,21
2004-09-12,2004,0,,SF,ATL,19,21
2004-09-12,2004,0,,BUF,JAX,10,13
2004-09-12,2004,0,,DEN,KC,34,24
2004-09-12,2004,0,,NO,SEA,7,21
2004-09-12,2004,0,,WSH,TB,16,10
2004-09-12,2004,0,,CLE,BAL,20,3
2004-09-12,2004,0,,LAR,ARI,17,10
2004-09-12,2004,0,,NYJ,CIN,31,24
2004-09-12,2004,0,,HOU,LAC,20,27
2004-09-13,2004,0,,CAR,GB,14,24
2004-09-19,2004,0,,ATL,LAR,34,17
2004-09-19,2004,0,,GB,CHI,10,21
2004-09-19,2004,0,,NYG,WSH,20,14
2004-09-19,2004,0,,ARI,NE,12,23
2004-09-19,2004,0,,DAL,CLE,19,12
2004-09-19,2004,0,,CIN,MIA,16,13
2004-09-19,2004,0,,OAK,BUF,13,10
2004-09-19,2004,0,,NO,SF,30,27
2004-09-19,2004,0,,JAX,DEN,7,6
2004-09-19,2004,0,,DET,HOU,28,16
2004-09-19,2004,0,,BAL,PIT,30,13
2004-09-19,2004,0,,TB,SEA,6,10
2004-09-19,2004,0,,KC,CAR,17,28
2004-09-19,2004,0,,LAC,NYJ,28,34
2004-09-19,2004,0,,TEN,IND,17,31
2004-09-20,2004,0,,PHI,MIN,27,16
2004-09-26,2004,0,,KC,HOU,21,24
2004-09-26,2004,0,,IND,GB,45,31
2004-09-26,2004,0,,ATL,ARI,6,3
2004-09-26,2004,0,,OAK,TB,30,20
2004-09-26,2004,0,,TEN,JAX,12,15
2004-09-26,2004,0,,DEN,LAC,23,13
2004-09-26,2004,0,,LAR,NO,25,28
2004-09-26,2004,0,,MIA,PIT,3,13
2004-09-26,2004,0,,NYG,CLE,27,10
2004-09-26,2004,0,,CIN,BAL,9,23
2004-09-26,2004,0,,SEA,SF,34,0
2004-09-26,2004,0,,MIN,CHI,27,22
2004-09-26,2004,0,,DET,PHI,13,30
2004-09-27,2004,0,,WSH,DAL,18,21
2004-10-03,2004,0,,JAX,IND,17,24
2004-10-03,2004,0,,CAR,ATL,10,27
2004-10-03,2004,0,,SF,LAR,14,24
2004-10-03,2004,0,,BUF,NE,17,31
2004-10-03,2004,0,,CHI,PHI,9,19
2004-10-03,2004,0,,GB,NYG,7,14
2004-10-03,2004,0,,LAC,TEN,38,17
2004-10-03,2004,0,,HOU,OAK,30,17
2004-10-03,2004,0,,MIA,NYJ,9,17
2004-10-03,2004,0,,ARI,NO,34,10
2004-10-03,2004,0,,TB,DEN,13,16
2004-10-03,2004,0,,CLE,WSH,17,13
2004-10-03,2004,0,,PIT,CIN,28,17
2004-10-04,2004,0,,BAL,KC,24,27
2004-10-10,2004,0,,IND,OAK,35,14
2004-10-10,2004,0,,SF,ARI,31,28
2004-10-10,2004,0,,NE,MIA,24,10
2004-10-10,2004,0,,LAC,JAX,34,21
2004-10-10,2004,0,,HOU,MIN,28,34
2004-10-10,2004,0,,DAL,NYG,10,26
2004-10-10,2004,0,,NO,TB,17,20
2004-10-10,2004,0,,NYJ,BUF,16,14
2004-10-10,2004,0,,PIT,CLE,34,23
2004-10-10,2004,0,,DEN,CAR,20,17
2004-10-10,2004,0,,ATL,DET,10,17
2004-10-10,2004,0,,SEA,LAR,27,33
2004-10-10,2004,0,,WSH,BAL,10,17
2004-10-11,2004,0,,GB,TEN,27,48
2004-10-17,2004,0,,NYJ,SF,22,14
2004-10-17,2004,0,,NO,MIN,31,38
2004-10-17,2004,0,,CHI,WSH,10,13
2004-10-17,2004,0,,TEN,HOU,10,20
2004-10-17,2004,0,,DET,GB,10,38
2004-10-17,2004,0,,DAL,PIT,20,24
2004-10-17,2004,0,,ATL,LAC,21,20
2004-10-17,2004,0,,BUF,MIA,20,13
2004-10-17,2004,0,,NE,SEA,30,20
2004-10-17,2004,0,,CLE,CIN,34,17
2004-10-17,2004,0,,JAX,KC,22,16
2004-10-17,2004,0,,OAK,DEN,3,31
2004-10-17,2004,0,,PHI,CAR,30,8
2004-10-18,2004,0,,LAR,TB,28,21
2004-10-24,2004,0,,NE,NYJ,13,7
2004-10-24,2004,0,,ARI,SEA,25,17
2004-10-24,2004,0,,OAK,NO,26,31
2004-10-24,2004,0,,MIN,TEN,20,3
2004-10-24,2004,0,,IND,JAX,24,27
2004-10-24,2004,0,,MIA,LAR,31,14
2004-10-24,2004,0,,GB,DAL,41,20
2004-10-24,2004,0,,NYG,DET,13,28
2004-10-24,2004,0,,BAL,BUF,20,6
2004-10-24,2004,0,,KC,ATL,56,10
2004-10-24,2004,0,,TB,CHI,19,7
2004-10-24,2004,0,,CLE,PHI,31,34
2004-10-24,2004,0,,CAR,LAC,6,17
2004-10-25,2004,0,,CIN,DEN,23,10
2004-10-31,2004,0,,LAC,OAK,42,14
2004-10-31,2004,0,,BUF,ARI,38,14
2004-10-31,2004,0,,PIT,NE,34,20
2004-10-31,2004,0,,TEN,CIN,27,20
2004-10-31,2004,0,,HOU,JAX,20,6
2004-10-31,2004,0,,DAL,DET,31,21
2004-10-31,2004,0,,CHI,SF,23,13
2004-10-31,2004,0,,WSH,GB,14,28
2004-10-31,2004,0,,KC,IND,45,35
2004-10-31,2004,0,,DEN,ATL,28,41
2004-10-31,2004,0,,MIN,NYG,13,34
2004-10-31,2004,0,,SEA,CAR,23,17
2004-10-31,2004,0,,PHI,BAL,15,10
2004-11-01,2004,0,,NYJ,MIA,41,14
2004-11-07,2004,0,,SF,SEA,27,42
2004-11-07,2004,0,,LAR,NE,22,40
2004-11-07,2004,0,,MIA,ARI,23,24
2004-11-07,2004,0,,DEN,HOU,31,13
2004-11-07,2004,0,,BUF,NYJ,22,17
2004-11-07,2004,0,,BAL,CLE,27,13
2004-11-07,2004,0,,LAC,NO,43,17
2004-11-07,2004,0,,PIT,PHI,27,3
2004-11-07,2004,0,,DET,WSH,10,17
2004-11-07,2004,0,,CIN,DAL,26,3
2004-11-07,2004,0,,CAR,OAK,24,27
2004-11-07,2004,0,,TB,KC,34,31
2004-11-07,2004,0,,NYG,CHI,21,28
2004-11-08,2004,0,,IND,MIN,31,28
2004-11-14,2004,0,,JAX,DET,23,17
2004-11-14,2004,0,,ATL,TB,24,14
2004-11-14,2004,0,,SF,CAR,27,37
2004-11-14,2004,0,,LAR,SEA,23,12
2004-11-14,2004,0,,NO,KC,27,20
2004-11-14,2004,0,,GB,MIN,34,31
2004-11-14,2004,0,,IND,HOU,49,14
2004-11-14,2004,0,,CLE,PIT,10,24
2004-11-14,2004,0,,TEN,CHI,17,19
2004-11-14,2004,0,,NE,BUF,29,6
2004-11-14,2004,0,,WSH,CIN,10,17
2004-11-14,2004,0,,NYJ,BAL,17,20
2004-11-14,2004,0,,ARI,NYG,17,14
2004-11-15,2004,0,,DAL,PHI,21,49
2004-11-21,2004,0,,CHI,IND,10,41
2004-11-21,2004,0,,PHI,WSH,28,6
2004-11-21,2004,0,,OAK,LAC,17,23
2004-11-21,2004,0,,MIN,DET,22,19
2004-11-21,2004,0,,BUF,LAR,37,17
2004-11-21,2004,0,,CLE,NYJ,7,10
2004-11-21,2004,0,,JAX,TEN,15,18
2004-11-21,2004,0,,CAR,ARI,35,10
2004-11-21,2004,0,,CIN,PIT,14,19
2004-11-21,2004,0,,HOU,GB,13,16
2004-11-21,2004,0,,NO,DEN,13,34
2004-11-21,2004,0,,NYG,ATL,10,14
2004-11-21,2004,0,,BAL,DAL,30,10
2004-11-21,2004,0,,TB,SF,35,3
2004-11-21,2004,0,,SEA,MIA,24,17
2004-11-22,2004,0,,KC,NE,19,27
2004-11-25,2004,0,,DAL,CHI,21,7
2004-11-25,2004,0,,DET,IND,9,41
2004-11-28,2004,0,,ARI,NYJ,3,13
2004-11-28,2004,0,,DEN,OAK,24,25
2004-11-28,2004,0,,KC,LAC,31,34
2004-11-28,2004,0,,HOU,TEN,31,21
2004-11-28,2004,0,,NE,BAL,24,3
2004-11-28,2004,0,,NYG,PHI,6,27
2004-11-28,2004,0,,SF,MIA,17,24
2004-11-28,2004,0,,ATL,NO,24,21
2004-11-28,2004,0,,PIT,WSH,16,7
2004-11-28,2004,0,,CAR,TB,21,14
2004-11-28,2004,0,,CIN,CLE,58,48
2004-11-28,2004,0,,SEA,BUF,9,38
2004-11-28,2004,0,,MIN,JAX,27,16
2004-11-29,2004,0,,GB,LAR,45,17
2004-12-05,2004,0,,LAR,SF,16,6
2004-12-05,2004,0,,CHI,MIN,24,14
2004-12-05,2004,0,,JAX,PIT,16,17
2004-12-05,2004,0,,NO,CAR,21,32
2004-12-05,2004,0,,OAK,KC,27,34
2004-12-05,2004,0,,TB,ATL,27,0
2004-12-05,2004,0,,LAC,DEN,20,17
2004-12-05,2004,0,,CLE,NE,15,42
2004-12-05,2004,0,,IND,TEN,51,24
2004-12-05,2004,0,,MIA,BUF,32,42
2004-12-05,2004,0,,NYJ,HOU,29,7
2004-12-05,2004,0,,PHI,GB,47,17
2004-12-05,2004,0,,BAL,CIN,26,27
2004-12-05,2004,0,,WSH,NYG,31,7
2004-12-05,2004,0,,DET,ARI,26,12
2004-12-06,2004,0,,SEA,DAL,39,43
2004-12-12,2004,0,,JAX,CHI,22,3
2004-12-12,2004,0,,LAC,TB,31,24
2004-12-12,2004,0,,HOU,IND,14,23
2004-12-12,2004,0,,BUF,CLE,37,7
2004-12-12,2004,0,,ARI,SF,28,31
2004-12-12,2004,0,,DEN,MIA,20,17
2004-12-12,2004,0,,MIN,SEA,23,27
2004-12-12,2004,0,,BAL,NYG,37,14
2004-12-12,2004,0,,NE,CIN,35,28
2004-12-12,2004,0,,WSH,PHI,14,17
2004-12-12,2004,0,,PIT,NYJ,17,6
2004-12-12,2004,0,,GB,DET,16,13
2004-12-12,2004,0,,DAL,NO,13,27
2004-12-12,2004,0,,ATL,OAK,35,10
2004-12-12,2004,0,,CAR,LAR,20,7
2004-12-13,2004,0,,TEN,KC,38,49
2004-12-18,2004,0,,SF,WSH,16,26
2004-12-18,2004,0,,ATL,CAR,34,31
2004-12-18,2004,0,,NYG,PIT,30,33
2004-12-19,2004,0,,ARI,LAR,31,7
2004-12-19,2004,0,,CLE,LAC,0,21
2004-12-19,2004,0,,IND,BAL,20,10
2004-12-19,2004,0,,GB,JAX,25,28
2004-12-19,2004,0,,DET,MIN,27,28
2004-12-19,2004,0,,CIN,BUF,17,33
2004-12-19,2004,0,,CHI,HOU,5,24
2004-12-19,2004,0,,KC,DEN,45,17
2004-12-19,2004,0,,OAK,TEN,40,35
2004-12-19,2004,0,,NYJ,SEA,37,14
2004-12-19,2004,0,,PHI,DAL,12,7
2004-12-19,2004,0,,TB,NO,17,21
2004-12-20,2004,0,,MIA,NE,29,28
2004-12-24,2004,0,,MIN,GB,31,34
2004-12-25,2004,0,,TEN,DEN,16,37
2004-12-25,2004,0,,KC,OAK,31,30
2004-12-26,2004,0,,MIA,CLE,10,7
2004-12-26,2004,0,,TB,CAR,20,37
2004-12-26,2004,0,,DAL,WSH,13,10
2004-12-26,2004,0,,NO,ATL,26,13
2004-12-26,2004,0,,PIT,BAL,20,7
2004-12-26,2004,0,,SF,BUF,7,41
2004-12-26,2004,0,,IND,LAC,34,31
2004-12-26,2004,0,,SEA,ARI,24,21
2004-12-26,2004,0,,NYJ,NE,7,23
2004-12-26,2004,0,,DET,CHI,19,13
2004-12-26,2004,0,,CIN,NYG,23,22
2004-12-26,2004,0,,JAX,HOU,0,21
2004-12-27,2004,0,,LAR,PHI,20,7
2005-01-02,2004,0,,BUF,PIT,24,29
2005-01-02,2004,0,,LAR,NYJ,32,29
2005-01-02,2004,0,,ARI,TB,12,7
2005-01-02,2004,0,,NE,SF,21,7
2005-01-02,2004,0,,TEN,DET,24,19
2005-01-02,2004,0,,SEA,ATL,28,26
2005-01-02,2004,0,,LAC,KC,24,17
2005-01-02,2004,0,,OAK,JAX,6,13
2005-01-02,2004,0,,DEN,IND,33,14
2005-01-02,2004,0,,HOU,CLE,14,22
2005-01-02,2004,0,,PHI,CIN,10,38
2005-01-02,2004,0,,NYG,DAL,28,24
2005-01-02,2004,0,,CHI,GB,14,31
2005-01-02,2004,0,,CAR,NO,18,21
2005-01-02,2004,0,,BAL,MIA,30,23
2005-01-02,2004,0,,WSH,MIN,21,18
2005-01-08,2004,0,w,SEA,LAR,20,27
2005-01-08,2004,0,w,LAC,NYJ,17,20
2005-01-09,2004,0,w,IND,DEN,49,24
2005-01-09,2004,0,w,GB,MIN,17,31
2005-01-15,2004,0,d,PIT,NYJ,20,17
2005-01-15,2004,0,d,ATL,LAR,47,17
2005-01-16,2004,0,d,NE,IND,20,3
2005-01-16,2004,0,d,PHI,MIN,27,14
2005-01-23,2004,0,c,PHI,ATL,27,10
2005-01-23,2004,0,c,PIT,NE,27,41
2005-02-06,2004,1,s,PHI,NE,21,24
2005-09-08,2005,0,,NE,OAK,30,20
2005-09-11,2005,0,,CAR,NO,20,23
2005-09-11,2005,0,,MIA,DEN,34,10
2005-09-11,2005,0,,LAC,DAL,24,28
2005-09-11,2005,0,,MIN,TB,13,24
2005-09-11,2005,0,,CLE,CIN,13,27
2005-09-11,2005,0,,BAL,IND,7,24
2005-09-11,2005,0,,SF,LAR,28,25
2005-09-11,2005,0,,DET,GB,17,3
2005-09-11,2005,0,,PIT,TEN,34,7
2005-09-11,2005,0,,BUF,HOU,22,7
2005-09-11,2005,0,,WSH,CHI,9,7
2005-09-11,2005,0,,JAX,SEA,26,14
2005-09-11,2005,0,,KC,NYJ,27,7
2005-09-11,2005,0,,NYG,ARI,42,19
2005-09-12,2005,0,,ATL,PHI,14,10
2005-09-18,2005,0,,PHI,SF,42,3
2005-09-18,2005,0,,CIN,MIN,37,8
2005-09-18,2005,0,,CAR,NE,27,17
2005-09-18,2005,0,,ARI,LAR,12,17
2005-09-18,2005,0,,HOU,PIT,7,27
2005-09-18,2005,0,,NYJ,MIA,17,7
2005-09-18,2005,0,,CHI,DET,38,6
2005-09-18,2005,0,,GB,CLE,24,26
2005-09-18,2005,0,,DEN,LAC,20,17
2005-09-18,2005,0,,OAK,KC,17,23
2005-09-18,2005,0,,TEN,BAL,25,10
2005-09-18,2005,0,,TB,BUF,19,3
2005-09-18,2005,0,,SEA,ATL,21,18
2005-09-18,2005,0,,IND,JAX,10,3
2005-09-19,2005,0,,DAL,WSH,13,14
2005-09-19,2005,0,,NYG,NO,27,10
2005-09-25,2005,0,,CHI,CIN,7,24
2005-09-25,2005,0,,MIA,CAR,27,24
2005-09-25,2005,0,,LAC,NYG,45,23
2005-09-25,2005,0,,IND,CLE,13,6
2005-09-25,2005,0,,PHI,OAK,23,20
2005-09-25,2005,0,,BUF,ATL,16,24
2005-09-25,2005,0,,MIN,NO,33,16
2005-09-25,2005,0,,GB,TB,16,17
2005-09-25,2005,0,,SEA,ARI,37,12
2005-09-25,2005,0,,LAR,TEN,31,27
2005-09-25,2005,0,,NYJ,JAX,20,26
2005-09-25,2005,0,,PIT,NE,20,23
2005-09-25,2005,0,,SF,DAL,31,34
2005-09-26,2005,0,,DEN,KC,30,10
2005-10-02,2005,0,,NE,LAC,17,41
2005-10-02,2005,0,,TEN,IND,10,31
2005-10-02,2005,0,,WSH,SEA,20,17
2005-10-02,2005,0,,BAL,NYJ,13,3
2005-10-02,2005,1,,SF,ARI,14,31
2005-10-02,2005,0,,JAX,DEN,7,20
2005-10-02,2005,0,,OAK,DAL,19,13
2005-10-02,2005,0,,NYG,LAR,44,24
2005-10-02,2005,0,,ATL,MIN,30,10
2005-10-02,2005,0,,CIN,HOU,16,10
2005-10-02,2005,0,,TB,DET,17,13
2005-10-02,2005,1,,BUF,NO,7,19
2005-10-02,2005,0,,KC,PHI,31,37
2005-10-03,2005,0,,CAR,GB,32,29
2005-10-09,2005,0,,NYJ,TB,14,12
2005-10-09,2005,0,,ATL,NE,28,31
2005-10-09,2005,0,,GB,NO,52,3
2005-10-09,2005,0,,SF,IND,3,28
2005-10-09,2005,0,,JAX,CIN,23,20
2005-10-09,2005,0,,DEN,WSH,21,19
2005-10-09,2005,0,,ARI,CAR,20,24
2005-10-09,2005,0,,BUF,MIA,20,14
2005-10-09,2005,0,,CLE,CHI,20,10
2005-10-09,2005,0,,DAL,PHI,33,10
2005-10-09,2005,0,,HOU,TEN,20,34
2005-10-09,2005,0,,DET,BAL,35,17
2005-10-09,2005,0,,LAR,SEA,31,37
2005-10-10,2005,0,,LAC,PIT,22,24
2005-10-16,2005,1,,ATL,NO,34,31
2005-10-16,2005,0,,DET,CAR,20,21
2005-10-16,2005,0,,TEN,CIN,23,31
2005-10-16,2005,0,,BAL,CLE,16,3
2005-10-16,2005,0,,BUF,NYJ,27,17
2005-10-16,2005,0,,PIT,JAX,17,23
2005-10-16,2005,0,,KC,WSH,28,21
2005-10-16,2005,0,,CHI,MIN,28,3
2005-10-16,2005,0,,OAK,LAC,14,27
2005-10-16,2005,0,,DEN,NE,28,20
2005-10-16,2005,0,,SEA,HOU,42,10
2005-10-16,2005,0,,TB,MIA,27,13
2005-10-16,2005,0,,DAL,NYG,16,13
2005-10-17,2005,0,,IND,LAR,45,28
2005-10-21,2005,0,,MIA,KC,20,30
2005-10-23,2005,0,,WSH,SF,52,17
2005-10-23,2005,0,,PHI,LAC,20,17
2005-10-23,2005,0,,CHI,BAL,10,6
2005-10-23,2005,0,,CLE,DET,10,13
2005-10-23,2005,0,,OAK,BUF,38,17
2005-10-23,2005,0,,LAR,NO,28,17
2005-10-23,2005,0,,SEA,DAL,13,10
2005-10-23,2005,0,,HOU,IND,20,38
2005-10-23,2005,0,,ARI,TEN,20,10
2005-10-23,2005,0,,CIN,PIT,13,27
2005-10-23,2005,0,,NYG,DEN,24,23
2005-10-23,2005,0,,MIN,GB,23,20
2005-10-24,2005,0,,ATL,NYJ,27,14
2005-10-30,2005,0,,LAC,KC,28,20
2005-10-30,2005,0,,NE,BUF,21,16
2005-10-30,2005,0,,DAL,ARI,34,13
2005-10-30,2005,0,,TEN,OAK,25,34
2005-10-30,2005,0,,DEN,PHI,49,21
2005-10-30,2005,0,,NO,MIA,6,21
2005-10-30,2005,0,,CAR,MIN,38,13
2005-10-30,2005,0,,LAR,JAX,24,21
2005-10-30,2005,0,,CIN,GB,21,14
2005-10-30,2005,0,,SF,TB,15,10
2005-10-30,2005,0,,NYG,WSH,36,0
2005-10-30,2005,0,,HOU,CLE,19,16
2005-10-30,2005,0,,DET,CHI,13,19
2005-10-31,2005,0,,PIT,BAL,20,19
2005-11-06,2005,0,,SF,NYG,6,24
2005-11-06,2005,0,,TB,CAR,14,34
2005-11-06,2005,0,,GB,PIT,10,20
2005-11-06,2005,0,,JAX,HOU,21,14
2005-11-06,2005,0,,MIA,ATL,10,17
2005-11-06,2005,0,,WSH,PHI,17,10
2005-11-06,2005,0,,MIN,DET,27,14
2005-11-06,2005,0,,BAL,CIN,9,21
2005-11-06,2005,0,,NYJ,LAC,26,31
2005-11-06,2005,0,,ARI,SEA,19,33
2005-11-06,2005,0,,KC,OAK,27,23
2005-11-06,2005,0,,NO,CHI,17,20
2005-11-06,2005,0,,CLE,TEN,20,14
2005-11-07,2005,0,,NE,IND,21,40
2005-11-13,2005,0,,SEA,LAR,31,16
2005-11-13,2005,0,,IND,HOU,31,17
2005-11-13,2005,0,,PIT,CLE,34,21
2005-11-13,2005,0,,TB,WSH,36,35
2005-11-13,2005,0,,MIA,NE,16,23
2005-11-13,2005,0,,ATL,GB,25,33
2005-11-13,2005,0,,DET,ARI,29,21
2005-11-13,2005,0,,CHI,SF,17,9
2005-11-13,2005,0,,JAX,BAL,30,3
2005-11-13,2005,0,,OAK,DEN,17,31
2005-11-13,2005,0,,NYG,MIN,21,24
2005-11-13,2005,0,,CAR,NYJ,30,3
2005-11-13,2005,0,,BUF,KC,14,3
2005-11-14,2005,0,,PHI,DAL,20,21
2005-11-20,2005,0,,CIN,IND,37,45
2005-11-20,2005,0,,BAL,PIT,16,13
2005-11-20,2005,0,,CLE,MIA,22,0
2005-11-20,2005,0,,NYG,PHI,27,17
2005-11-20,2005,0,,DEN,NYJ,27,0
2005-11-20,2005,0,,NE,NO,24,17
2005-11-20,2005,0,,LAC,BUF,48,10
2005-11-20,2005,0,,ATL,TB,27,30
2005-11-20,2005,0,,DAL,DET,20,7
2005-11-20,2005,0,,LAR,ARI,28,38
2005-11-20,2005,0,,SF,SEA,25,27
2005-11-20,2005,0,,TEN,JAX,28,31
2005-11-20,2005,0,,HOU,KC,17,45
2005-11-20,2005,0,,WSH,OAK,13,16
2005-11-20,2005,0,,CHI,CAR,13,3
2005-11-21,2005,0,,GB,MIN,17,20
2005-11-24,2005,0,,DAL,DEN,21,24
2005-11-24,2005,0,,DET,ATL,7,27
2005-11-27,2005,0,,SEA,NYG,24,21
2005-11-27,2005,0,,ARI,JAX,17,24
2005-11-27,2005,0,,BUF,CAR,9,13
2005-11-27,2005,0,,CIN,BAL,42,29
2005-11-27,2005,0,,HOU,LAR,27,33
2005-11-27,2005,0,,KC,NE,26,16
2005-11-27,2005,0,,TB,CHI,10,13
2005-11-27,2005,0,,OAK,MIA,21,33
2005-11-27,2005,0,,PHI,GB,19,14
2005-11-27,2005,0,,NYJ,NO,19,21
2005-11-27,2005,0,,WSH,LAC,17,23
2005-11-27,2005,0,,MIN,CLE,24,12
2005-11-27,2005,0,,TEN,SF,33,22
2005-11-28,2005,0,,IND,PIT,26,7
2005-12-04,2005,0,,CLE,JAX,14,20
2005-12-04,2005,0,,NYG,DAL,17,10
2005-12-04,2005,0,,PIT,CIN,31,38
2005-12-04,2005,0,,SF,ARI,10,17
2005-12-04,2005,0,,CAR,ATL,24,6
2005-12-04,2005,0,,KC,DEN,31,27
2005-12-04,2005,0,,NE,NYJ,16,3
2005-12-04,2005,0,,LAR,WSH,9,24
2005-12-04,2005,0,,DET,MIN,16,21
2005-12-04,2005,0,,NO,TB,3,10
2005-12-04,2005,0,,BAL,HOU,16,15
2005-12-04,2005,0,,CHI,GB,19,7
2005-12-04,2005,0,,IND,TEN,35,3
2005-12-04,2005,0,,MIA,BUF,24,23
2005-12-04,2005,0,,LAC,OAK,34,10
2005-12-05,2005,0,,PHI,SEA,0,42
2005-12-11,2005,0,,MIN,LAR,27,13
2005-12-11,2005,0,,PIT,CHI,21,9
2005-12-11,2005,0,,CIN,CLE,23,20
2005-12-11,2005,0,,LAC,MIA,21,23
2005-12-11,2005,0,,BUF,NE,7,35
2005-12-11,2005,0,,DAL,KC,31,28
2005-12-11,2005,0,,DEN,BAL,12,10
2005-12-11,2005,0,,JAX,IND,18,26
2005-12-11,2005,0,,PHI,NYG,23,26
2005-12-11,2005,0,,SEA,SF,41,3
2005-12-11,2005,0,,TEN,HOU,13,10
2005-12-11,2005,0,,NYJ,OAK,26,10
2005-12-11,2005,0,,CAR,TB,10,20
2005-12-11,2005,0,,GB,DET,16,13
2005-12-11,2005,0,,ARI,WSH,13,17
2005-12-12,2005,0,,ATL,NO,36,17
2005-12-17,2005,0,,NE,TB,28,0
2005-12-17,2005,0,,BUF,DEN,17,28
2005-12-17,2005,0,,NYG,KC,27,17
2005-12-18,2005,0,,DET,CIN,17,41
2005-12-18,2005,0,,HOU,ARI,30,19
2005-12-18,2005,0,,JAX,SF,10,9
2005-12-18,2005,0,,CHI,ATL,16,3
2005-12-18,2005,0,,OAK,CLE,7,9
2005-12-18,2005,0,,MIN,PIT,3,18
2005-12-18,2005,0,,NO,CAR,10,27
2005-12-18,2005,0,,WSH,DAL,35,7
2005-12-18,2005,0,,LAR,PHI,16,17
2005-12-18,2005,0,,MIA,NYJ,24,20
2005-12-18,2005,0,,TEN,SEA,24,28
2005-12-18,2005,0,,IND,LAC,17,26
2005-12-19,2005,0,,BAL,GB,48,3
2005-12-24,2005,0,,MIA,TEN,24,10
2005-12-24,2005,0,,KC,LAC,20,7
2005-12-24,2005,1,,DET,NO,13,12
2005-12-24,2005,0,,DEN,OAK,22,3
2005-12-24,2005,0,,SEA,IND,28,13
2005-12-24,2005,0,,CLE,PIT,0,41
2005-12-24,2005,0,,LAR,SF,20,24
2005-12-24,2005,0,,HOU,JAX,20,38
2005-12-24,2005,0,,ARI,PHI,27,21
2005-12-24,2005,0,,CIN,BUF,27,37
2005-12-24,2005,0,,TB,ATL,27,24
2005-12-24,2005,0,,CAR,DAL,20,24
2005-12-24,2005,0,,WSH,NYG,35,20
2005-12-25,2005,0,,BAL,MIN,30,23
2005-12-25,2005,0,,GB,CHI,17,24
2005-12-26,2005,0,,NYJ,NE,21,31
2005-12-31,2005,0,,OAK,NYG,21,30
2005-12-31,2005,0,,LAC,DEN,7,23
2006-01-01,2005,0,,KC,CIN,37,3
2006-01-01,2005,0,,PIT,DET,35,21
2006-01-01,2005,0,,TB,NO,27,13
2006-01-01,2005,0,,IND,ARI,17,13
2006-01-01,2005,0,,PHI,WSH,20,31
2006-01-01,2005,0,,JAX,TEN,40,13
2006-01-01,2005,0,,SF,HOU,20,17
2006-01-01,2005,0,,CLE,BAL,20,16
2006-01-01,2005,0,,MIN,CHI,34,10
2006-01-01,2005,0,,NE,MIA,26,28
2006-01-01,2005,0,,GB,SEA,23,17
2006-01-01,2005,0,,ATL,CAR,11,44
2006-01-01,2005,0,,NYJ,BUF,30,26
2006-01-01,2005,0,,DAL,LAR,10,20
2006-01-07,2005,0,w,NE,JAX,28,3
2006-01-07,2005,0,w,TB,WSH,10,17
2006-01-08,2005,0,w,CIN,PIT,17,31
2006-01-08,2005,0,w,NYG,CAR,0,23
2006-01-14,2005,0,d,DEN,NE,27,13
2006-01-14,2005,0,d,SEA,WSH,20,10
2006-01-15,2005,0,d,CHI,CAR,21,29
2006-01-15,2005,0,d,IND,PIT,18,21
2006-01-22,2005,0,c,SEA,CAR,34,14
2006-01-22,2005,0,c,DEN,PIT,17,34
2006-02-05,2005,1,s,SEA,PIT,10,21
2006-09-07,2006,0,,PIT,MIA,28,17
2006-09-10,2006,0,,HOU,PHI,10,24
2006-09-10,2006,0,,ARI,SF,34,27
2006-09-10,2006,0,,TB,BAL,0,27
2006-09-10,2006,0,,CLE,NO,14,19
2006-09-10,2006,0,,GB,CHI,0,26
2006-09-10,2006,0,,JAX,DAL,24,17
2006-09-10,2006,0,,NE,BUF,19,17
2006-09-10,2006,0,,DET,SEA,6,9
2006-09-10,2006,0,,TEN,NYJ,16,23
2006-09-10,2006,0,,KC,CIN,10,23
2006-09-10,2006,0,,CAR,ATL,6,20
2006-09-10,2006,0,,LAR,DEN,18,10
2006-09-10,2006,0,,NYG,IND,21,26
2006-09-11,2006,0,,WSH,MIN,16,19
2006-09-11,2006,0,,OAK,LAC,0,27
2006-09-17,2006,0,,DAL,WSH,27,10
2006-09-17,2006,0,,SF,LAR,20,13
2006-09-17,2006,0,,IND,HOU,43,24
2006-09-17,2006,0,,MIA,BUF,6,16
2006-09-17,2006,0,,PHI,NYG,24,30
2006-09-17,2006,0,,SEA,ARI,21,10
2006-09-17,2006,0,,ATL,TB,14,3
2006-09-17,2006,0,,DEN,KC,9,6
2006-09-17,2006,0,,BAL,OAK,28,6
2006-09-17,2006,0,,NYJ,NE,17,24
2006-09-17,2006,0,,MIN,CAR,16,13
2006-09-17,2006,0,,LAC,TEN,40,7
2006-09-17,2006,0,,GB,NO,27,34
2006-09-17,2006,0,,CHI,DET,34,7
2006-09-17,2006,0,,CIN,CLE,34,17
2006-09-18,2006,0,,JAX,PIT,9,0
2006-09-24,2006,0,,PIT,CIN,20,28
2006-09-24,2006,0,,BUF,NYJ,20,28
2006-09-24,2006,0,,CLE,BAL,14,15
2006-09-24,2006,0,,NE,DEN,7,17
2006-09-24,2006,0,,TB,CAR,24,26
2006-09-24,2006,0,,SEA,NYG,42,30
2006-09-24,2006,0,,MIN,CHI,16,19
2006-09-24,2006,0,,IND,JAX,21,14
2006-09-24,2006,0,,DET,GB,24,31
2006-09-24,2006,0,,SF,PHI,24,38
2006-09-24,2006,0,,MIA,TEN,13,10
2006-09-24,2006,0,,HOU,WSH,15,31
2006-09-24,2006,0,,ARI,LAR,14,16
2006-09-25,2006,0,,NO,ATL,23,3
2006-10-01,2006,0,,LAR,DET,41,34
2006-10-01,2006,0,,ATL,ARI,32,10
2006-10-01,2006,0,,CHI,SEA,37,6
2006-10-01,2006,0,,HOU,MIA,17,15
2006-10-01,2006,0,,TEN,DAL,14,45
2006-10-01,2006,0,,BAL,LAC,16,13
2006-10-01,2006,0,,CAR,NO,21,18
2006-10-01,2006,0,,NYJ,IND,28,31
2006-10-01,2006,0,,CIN,NE,13,38
2006-10-01,2006,0,,OAK,CLE,21,24
2006-10-01,2006,0,,BUF,MIN,17,12
2006-10-01,2006,0,,KC,SF,41,0
2006-10-01,2006,0,,WSH,JAX,36,30
2006-10-02,2006,0,,PHI,GB,31,9
2006-10-08,2006,0,,GB,LAR,20,23
2006-10-08,2006,0,,NO,TB,24,21
2006-10-08,2006,0,,NYG,WSH,19,3
2006-10-08,2006,0,,CAR,CLE,20,12
2006-10-08,2006,0,,CHI,BUF,40,7
2006-10-08,2006,0,,ARI,KC,20,23
2006-10-08,2006,0,,JAX,NYJ,41,0
2006-10-08,2006,0,,IND,TEN,14,13
2006-10-08,2006,0,,MIN,DET,26,17
2006-10-08,2006,0,,PHI,DAL,38,24
2006-10-08,2006,0,,NE,MIA,20,10
2006-10-08,2006,0,,SF,OAK,34,20
2006-10-08,2006,0,,LAC,PIT,23,13
2006-10-09,2006,0,,DEN,BAL,13,3
2006-10-15,2006,0,,DAL,HOU,34,6
2006-10-15,2006,0,,DEN,OAK,13,3
2006-10-15,2006,0,,WSH,TEN,22,25
2006-10-15,2006,0,,NYJ,MIA,20,17
2006-10-15,2006,0,,SF,LAC,19,48
2006-10-15,2006,0,,PIT,KC,45,7
2006-10-15,2006,0,,LAR,SEA,28,30
2006-10-15,2006,0,,TB,CIN,14,13
2006-10-15,2006,0,,DET,BUF,20,17
2006-10-15,2006,0,,NO,PHI,27,24
2006-10-15,2006,0,,ATL,NYG,14,27
2006-10-15,2006,0,,BAL,CAR,21,23
2006-10-16,2006,0,,ARI,CHI,23,24
2006-10-22,2006,0,,BUF,NE,6,28
2006-10-22,2006,0,,IND,WSH,36,22
2006-10-22,2006,0,,NYJ,DET,31,24
2006-10-22,2006,0,,OAK,ARI,22,9
2006-10-22,2006,0,,ATL,PIT,41,38
2006-10-22,2006,0,,MIA,GB,24,34
2006-10-22,2006,0,,KC,LAC,30,27
2006-10-22,2006,0,,HOU,JAX,27,7
2006-10-22,2006,0,,CIN,CAR,17,14
2006-10-22,2006,0,,TB,PHI,23,21
2006-10-22,2006,0,,SEA,MIN,13,31
2006-10-22,2006,0,,CLE,DEN,7,17
2006-10-23,2006,0,,DAL,NYG,22,36
2006-10-29,2006,0,,OAK,PIT,20,13
2006-10-29,2006,0,,NYG,TB,17,3
2006-10-29,2006,0,,NO,BAL,22,35
2006-10-29,2006,0,,CIN,ATL,27,29
2006-10-29,2006,0,,CAR,DAL,14,35
2006-10-29,2006,0,,GB,ARI,31,14
2006-10-29,2006,0,,DEN,IND,31,34
2006-10-29,2006,0,,TEN,HOU,28,22
2006-10-29,2006,0,,CHI,SF,41,10
2006-10-29,2006,0,,PHI,JAX,6,13
2006-10-29,2006,0,,LAC,LAR,38,24
2006-10-29,2006,0,,KC,SEA,35,28
2006-10-29,2006,0,,CLE,NYJ,20,13
2006-10-30,2006,0,,MIN,NE,7,31
2006-11-05,2006,0,,NE,IND,20,27
2006-11-05,2006,0,,JAX,TEN,37,7
2006-11-05,2006,0,,NYG,HOU,14,10
2006-11-05,2006,0,,LAC,CLE,32,25
2006-11-05,2006,0,,TB,NO,14,31
2006-11-05,2006,0,,BUF,GB,24,10
2006-11-05,2006,0,,CHI,MIA,13,31
2006-11-05,2006,0,,WSH,DAL,22,19
2006-11-05,2006,0,,LAR,KC,17,31
2006-11-05,2006,0,,DET,ATL,30,14
2006-11-05,2006,0,,SF,MIN,9,3
2006-11-05,2006,0,,PIT,DEN,20,31
2006-11-05,2006,0,,BAL,CIN,26,20
2006-11-06,2006,0,,SEA,OAK,16,0
2006-11-12,2006,0,,ATL,CLE,13,17
2006-11-12,2006,0,,NE,NYJ,14,17
2006-11-12,2006,0,,SEA,LAR,24,22
2006-11-12,2006,0,,NYG,CHI,20,38
2006-11-12,2006,0,,ARI,DAL,10,27
2006-11-12,2006,0,,CIN,LAC,41,49
2006-11-12,2006,0,,IND,BUF,17,16
2006-11-12,2006,0,,MIA,KC,13,10
2006-11-12,2006,0,,MIN,GB,17,23
2006-11-12,2006,0,,JAX,HOU,10,13
2006-11-12,2006,0,,OAK,DEN,13,17
2006-11-12,2006,0,,TEN,BAL,26,27
2006-11-12,2006,0,,PIT,NO,38,31
2006-11-12,2006,0,,DET,SF,13,19
2006-11-12,2006,0,,PHI,WSH,27,3
2006-11-13,2006,0,,CAR,TB,24,10
2006-11-19,2006,0,,ARI,DET,17,10
2006-11-19,2006,0,,TB,WSH,20,17
2006-11-19,2006,0,,CAR,LAR,15,0
2006-11-19,2006,0,,PHI,TEN,13,31
2006-11-19,2006,0,,NYJ,CHI,0,10
2006-11-19,2006,0,,CLE,PIT,20,24
2006-11-19,2006,0,,SF,SEA,20,14
2006-11-19,2006,0,,DAL,IND,21,14
2006-11-19,2006,0,,DEN,LAC,27,35
2006-11-19,2006,0,,BAL,ATL,24,10
2006-11-19,2006,0,,NO,CIN,16,31
2006-11-19,2006,0,,HOU,BUF,21,24
2006-11-19,2006,0,,GB,NE,0,35
2006-11-19,2006,0,,MIA,MIN,24,20
2006-11-19,2006,0,,KC,OAK,17,13
2006-11-20,2006,0,,JAX,NYG,26,10
2006-11-23,2006,0,,DAL,TB,38,10
2006-11-23,2006,0,,DET,MIA,10,27
2006-11-23,2006,0,,KC,DEN,19,10
2006-11-26,2006,0,,ATL,NO,13,31
2006-11-26,2006,0,,NYJ,HOU,26,11
2006-11-26,2006,0,,IND,PHI,45,21
2006-11-26,2006,0,,NE,CHI,17,13
2006-11-26,2006,0,,BAL,PIT,27,0
2006-11-26,2006,0,,WSH,CAR,17,13
2006-11-26,2006,0,,LAR,SF,20,17
2006-11-26,2006,0,,LAC,OAK,21,14
2006-11-26,2006,0,,TEN,NYG,24,21
2006-11-26,2006,0,,MIN,ARI,31,26
2006-11-26,2006,0,,CLE,CIN,0,30
2006-11-26,2006,0,,BUF,JAX,27,24
2006-11-27,2006,0,,SEA,GB,34,24
2006-11-30,2006,0,,CIN,BAL,13,7
2006-12-03,2006,0,,CHI,MIN,23,13
2006-12-03,2006,0,,NE,DET,28,21
2006-12-03,2006,0,,WSH,ATL,14,24
2006-12-03,2006,0,,BUF,LAC,21,24
2006-12-03,2006,0,,LAR,ARI,20,34
2006-12-03,2006,0,,TEN,IND,20,17
2006-12-03,2006,0,,CLE,KC,31,28
2006-12-03,2006,0,,GB,NYJ,10,38
2006-12-03,2006,0,,PIT,TB,20,3
2006-12-03,2006,0,,NO,SF,34,10
2006-12-03,2006,0,,DEN,SEA,20,23
2006-12-03,2006,0,,MIA,JAX,10,24
2006-12-03,2006,0,,NYG,DAL,20,23
2006-12-03,2006,0,,OAK,HOU,14,23
2006-12-04,2006,0,,PHI,CAR,27,24
2006-12-07,2006,0,,PIT,CLE,27,7
2006-12-10,2006,0,,KC,BAL,10,20
2006-12-10,2006,0,,HOU,TEN,20,26
2006-12-10,2006,0,,NYJ,BUF,13,31
2006-12-10,2006,0,,MIA,NE,21,0
2006-12-10,2006,0,,WSH,PHI,19,21
2006-12-10,2006,0,,ARI,SEA,27,21
2006-12-10,2006,0,,LAC,DEN,48,20
2006-12-10,2006,0,,JAX,IND,44,17
2006-12-10,2006,0,,DET,MIN,20,30
2006-12-10,2006,0,,SF,GB,19,30
2006-12-10,2006,0,,DAL,NO,17,42
2006-12-10,2006,0,,TB,ATL,6,17
2006-12-10,2006,0,,CAR,NYG,13,27
2006-12-10,2006,0,,CIN,OAK,27,10
2006-12-11,2006,0,,LAR,CHI,27,42
2006-12-14,2006,0,,SEA,SF,14,24
2006-12-16,2006,0,,ATL,DAL,28,38
2006-12-17,2006,0,,ARI,DEN,20,37
2006-12-17,2006,0,,MIN,NYJ,13,26
2006-12-17,2006,0,,CAR,PIT,3,37
2006-12-17,2006,0,,NE,HOU,40,7
2006-12-17,2006,0,,LAC,KC,20,9
2006-12-17,2006,0,,NYG,PHI,22,36
2006-12-17,2006,0,,BUF,MIA,21,0
2006-12-17,2006,0,,GB,DET,17,9
2006-12-17,2006,0,,TEN,JAX,24,17
2006-12-17,2006,0,,CHI,TB,34,31
2006-12-17,2006,0,,NO,WSH,10,16
2006-12-17,2006,0,,BAL,CLE,27,17
2006-12-17,2006,0,,OAK,LAR,0,20
2006-12-18,2006,0,,IND,CIN,34,16
2006-12-21,2006,0,,GB,MIN,9,7
2006-12-23,2006,0,,OAK,KC,9,20
2006-12-24,2006,0,,JAX,NE,21,24
2006-12-24,2006,0,,BUF,TEN,29,30
2006-12-24,2006,0,,PIT,BAL,7,31
2006-12-24,2006,0,,DET,CHI,21,26
2006-12-24,2006,0,,SF,ARI,20,26
2006-12-24,2006,0,,CLE,TB,7,22
2006-12-24,2006,0,,NYG,NO,7,30
2006-12-24,2006,0,,HOU,IND,27,24
2006-12-24,2006,0,,ATL,CAR,3,10
2006-12-24,2006,0,,SEA,LAC,17,20
2006-12-24,2006,0,,LAR,WSH,37,31
2006-12-24,2006,0,,DEN,CIN,24,23
2006-12-25,2006,0,,DAL,PHI,7,23
2006-12-25,2006,0,,MIA,NYJ,10,13
2006-12-30,2006,0,,WSH,NYG,28,34
2006-12-31,2006,0,,DEN,SF,23,26
2006-12-31,2006,0,,CIN,PIT,17,23
2006-12-31,2006,0,,BAL,BUF,19,7
2006-12-31,2006,0,,CHI,GB,7,26
2006-12-31,2006,0,,LAC,ARI,27,20
2006-12-31,2006,0,,TEN,NE,23,40
2006-12-31,2006,0,,NO,CAR,21,31
2006-12-31,2006,0,,HOU,CLE,14,6
2006-12-31,2006,0,,IND,MIA,27,22
2006-12-31,2006,0,,MIN,LAR,21,41
2006-12-31,2006,0,,TB,SEA,7,23
2006-12-31,2006,0,,KC,JAX,35,30
2006-12-31,2006,0,,DAL,DET,31,39
2006-12-31,2006,0,,PHI,ATL,24,17
2006-12-31,2006,0,,NYJ,OAK,23,3
2007-01-06,2006,0,w,SEA,DAL,21,20
2007-01-06,2006,0,w,IND,KC,23,8
2007-01-07,2006,0,w,NE,NYJ,37,16
2007-01-07,2006,0,w,PHI,NYG,23,20
2007-01-13,2006,0,d,NO,PHI,27,24
2007-01-13,2006,0,d,BAL,IND,6,15
2007-01-14,2006,0,d,LAC,NE,21,24
2007-01-14,2006,0,d,CHI,SEA,27,24
2007-01-21,2006,0,c,IND,NE,38,34
2007-01-21,2006,0,c,CHI,NO,39,14
2007-02-04,2006,1,s,IND,CHI,29,17
2007-09-06,2007,0,,IND,NO,41,10
2007-09-09,2007,0,,DAL,NYG,45,35
2007-09-09,2007,0,,BUF,DEN,14,15
2007-09-09,2007,0,,MIN,ATL,24,3
2007-09-09,2007,0,,SEA,TB,20,6
2007-09-09,2007,0,,GB,PHI,16,13
2007-09-09,2007,0,,LAR,CAR,13,27
2007-09-09,2007,0,,WSH,MIA,16,13
2007-09-09,2007,0,,HOU,KC,20,3
2007-09-09,2007,0,,NYJ,NE,14,38
2007-09-09,2007,0,,LAC,CHI,14,3
2007-09-09,2007,0,,JAX,TEN,10,13
2007-09-09,2007,0,,OAK,DET,21,36
2007-09-09,2007,0,,CLE,PIT,7,34
2007-09-10,2007,0,,CIN,BAL,27,20
2007-09-10,2007,0,,SF,ARI,20,17
2007-09-16,2007,0,,CAR,HOU,21,34
2007-09-16,2007,0,,DEN,OAK,23,20
2007-09-16,2007,0,,ARI,SEA,23,20
2007-09-16,2007,0,,CHI,KC,20,10
2007-09-16,2007,0,,PIT,BUF,26,3
2007-09-16,2007,0,,NYG,GB,13,35
2007-09-16,2007,0,,TEN,IND,20,22
2007-09-16,2007,0,,TB,NO,31,14
2007-09-16,2007,0,,MIA,DAL,20,37
2007-09-16,2007,0,,NE,LAC,38,14
2007-09-16,2007,0,,LAR,SF,16,17
2007-09-16,2007,0,,JAX,ATL,13,7
2007-09-16,2007,0,,BAL,NYJ,20,13
2007-09-16,2007,0,,DET,MIN,20,17
2007-09-16,2007,0,,CLE,CIN,51,45
2007-09-17,2007,0,,PHI,WSH,12,20
2007-09-23,2007,0,,SEA,CIN,24,21
2007-09-23,2007,0,,DEN,JAX,14,23
2007-09-23,2007,0,,CHI,DAL,10,34
2007-09-23,2007,0,,KC,MIN,13,10
2007-09-23,2007,0,,NYJ,MIA,31,28
2007-09-23,2007,0,,GB,LAC,31,24
2007-09-23,2007,0,,OAK,CLE,26,24
2007-09-23,2007,0,,NE,BUF,38,7
2007-09-23,2007,0,,PHI,DET,56,21
2007-09-23,2007,0,,ATL,CAR,20,27
2007-09-23,2007,0,,WSH,NYG,17,24
2007-09-23,2007,0,,BAL,ARI,26,23
2007-09-23,2007,0,,PIT,SF,37,16
2007-09-23,2007,0,,HOU,IND,24,30
2007-09-23,2007,0,,TB,LAR,24,3
2007-09-24,2007,0,,NO,TEN,14,31
2007-09-30,2007,0,,MIA,OAK,17,35
2007-09-30,2007,0,,BUF,NYJ,17,14
2007-09-30,2007,0,,CLE,BAL,27,13
2007-09-30,2007,0,,DET,CHI,37,27
2007-09-30,2007,0,,MIN,GB,16,23
2007-09-30,2007,0,,DAL,LAR,35,7
2007-09-30,2007,0,,LAC,KC,16,30
2007-09-30,2007,0,,SF,SEA,3,23
2007-09-30,2007,0,,NYG,PHI,16,3
2007-09-30,2007,0,,ATL,HOU,26,16
2007-09-30,2007,0,,IND,DEN,38,20
2007-09-30,2007,0,,ARI,PIT,21,14
2007-09-30,2007,0,,CAR,TB,7,20
2007-10-01,2007,0,,CIN,NE,13,34
2007-10-07,2007,0,,PIT,SEA,21,0
2007-10-07,2007,0,,WSH,DET,34,3
2007-10-07,2007,0,,HOU,MIA,22,19
2007-10-07,2007,0,,TEN,ATL,20,13
2007-10-07,2007,0,,NE,CLE,34,17
2007-10-07,2007,0,,SF,BAL,7,9
2007-10-07,2007,0,,DEN,LAC,3,41
2007-10-07,2007,0,,GB,CHI,20,27
2007-10-07,2007,0,,KC,JAX,7,17
2007-10-07,2007,0,,IND,TB,33,14
2007-10-07,2007,0,,LAR,ARI,31,34
2007-10-07,2007,0,,NO,CAR,13,16
2007-10-07,2007,0,,NYG,NYJ,35,24
2007-10-08,2007,0,,BUF,DAL,24,25
2007-10-14,2007,0,,GB,WSH,17,14
2007-10-14,2007,0,,CHI,MIN,31,34
2007-10-14,2007,0,,SEA,NO,17,28
2007-10-14,2007,0,,KC,CIN,27,20
2007-10-14,2007,0,,JAX,HOU,37,17
2007-10-14,2007,0,,NYJ,PHI,9,16
2007-10-14,2007,0,,ARI,CAR,10,25
2007-10-14,2007,0,,LAC,OAK,28,14
2007-10-14,2007,0,,BAL,LAR,22,3
2007-10-14,2007,0,,TB,TEN,13,10
2007-10-14,2007,0,,CLE,MIA,41,31
2007-10-14,2007,0,,DAL,NE,27,48
2007-10-15,2007,0,,ATL,NYG,10,31
2007-10-21,2007,0,,NO,ATL,22,16
2007-10-21,2007,0,,DEN,PIT,31,28
2007-10-21,2007,0,,HOU,TEN,36,38
2007-10-21,2007,0,,OAK,KC,10,12
2007-10-21,2007,0,,NYG,SF,33,15
2007-10-21,2007,0,,BUF,BAL,19,14
2007-10-21,2007,0,,DAL,MIN,24,14
2007-10-21,2007,0,,DET,TB,23,16
2007-10-21,2007,0,,SEA,LAR,33,6
2007-10-21,2007,0,,WSH,ARI,21,19
2007-10-21,2007,0,,PHI,CHI,16,19
2007-10-21,2007,0,,CIN,NYJ,38,31
2007-10-21,2007,0,,MIA,NE,28,49
2007-10-22,2007,0,,JAX,IND,7,29
2007-10-28,2007,0,,NYJ,BUF,3,13
2007-10-28,2007,0,,CAR,IND,7,31
2007-10-28,2007,0,,CHI,DET,7,16
2007-10-28,2007,1,,NYG,MIA,13,10
2007-10-28,2007,0,,TB,JAX,23,24
2007-10-28,2007,0,,NE,WSH,52,7
2007-10-28,2007,0,,CIN,PIT,13,24
2007-10-28,2007,0,,MIN,PHI,16,23
2007-10-28,2007,0,,TEN,OAK,13,9
2007-10-28,2007,0,,SF,NO,10,31
2007-10-28,2007,0,,LAC,HOU,35,10
2007-10-28,2007,0,,LAR,CLE,20,27
2007-10-29,2007,0,,DEN,GB,13,19
2007-11-04,2007,0,,NO,JAX,41,24
2007-11-04,2007,0,,OAK,HOU,17,24
2007-11-04,2007,0,,TEN,CAR,20,7
2007-11-04,2007,0,,IND,NE,20,24
2007-11-04,2007,0,,BUF,CIN,33,21
2007-11-04,2007,0,,DET,DEN,44,7
2007-11-04,2007,0,,CLE,SEA,33,30
2007-11-04,2007,0,,ATL,SF,20,16
2007-11-04,2007,0,,TB,ARI,17,10
2007-11-04,2007,0,,NYJ,WSH,20,23
2007-11-04,2007,0,,PHI,DAL,17,38
2007-11-04,2007,0,,KC,GB,22,33
2007-11-04,2007,0,,MIN,LAC,35,17
2007-11-05,2007,0,,PIT,BAL,38,7
2007-11-11,2007,0,,OAK,CHI,6,17
2007-11-11,2007,0,,CAR,ATL,13,20
2007-11-11,2007,0,,TEN,JAX,13,28
2007-11-11,2007,0,,PIT,CLE,31,28
2007-11-11,2007,0,,KC,DEN,11,27
2007-11-11,2007,0,,NYG,DAL,20,31
2007-11-11,2007,0,,WSH,PHI,25,33
2007-11-11,2007,0,,BAL,CIN,7,21
2007-11-11,2007,0,,GB,MIN,34,0
2007-11-11,2007,0,,ARI,DET,31,21
2007-11-11,2007,0,,MIA,BUF,10,13
2007-11-11,2007,0,,LAC,IND,23,21
2007-11-11,2007,0,,NO,LAR,29,37
2007-11-12,2007,0,,SEA,SF,24,0
2007-11-18,2007,0,,JAX,LAC,24,17
2007-11-18,2007,0,,DET,NYG,10,16
2007-11-18,2007,0,,SEA,CHI,30,23
2007-11-18,2007,0,,NYJ,PIT,19,16
2007-11-18,2007,0,,BUF,NE,10,56
2007-11-18,2007,0,,DAL,WSH,28,23
2007-11-18,2007,0,,ATL,TB,7,31
2007-11-18,2007,0,,SF,LAR,9,13
2007-11-18,2007,0,,HOU,NO,23,10
2007-11-18,2007,0,,BAL,CLE,30,33
2007-11-18,2007,0,,MIN,OAK,29,22
2007-11-18,2007,0,,GB,CAR,31,17
2007-11-18,2007,0,,IND,KC,13,10
2007-11-18,2007,0,,PHI,MIA,17,7
2007-11-18,2007,0,,CIN,ARI,27,35
2007-11-19,2007,0,,DEN,TEN,34,20
2007-11-22,2007,0,,DAL,NYJ,34,3
2007-11-22,2007,0,,DET,GB,26,37
2007-11-22,2007,0,,ATL,IND,13,31
2007-11-25,2007,0,,KC,OAK,17,20
2007-11-25,2007,0,,TB,WSH,19,13
2007-11-25,2007,0,,LAC,BAL,32,14
2007-11-25,2007,0,,NYG,MIN,17,41
2007-11-25,2007,0,,CHI,DEN,37,34
2007-11-25,2007,0,,ARI,SF,31,37
2007-11-25,2007,0,,CLE,HOU,27,17
2007-11-25,2007,0,,CAR,NO,6,31
2007-11-25,2007,0,,CIN,TEN,35,6
2007-11-25,2007,0,,NE,PHI,31,28
2007-11-25,2007,0,,LAR,SEA,19,24
2007-11-25,2007,0,,JAX,BUF,36,14
2007-11-26,2007,0,,PIT,MIA,3,0
2007-11-29,2007,0,,DAL,GB,37,27
2007-12-02,2007,0,,PIT,CIN,24,10
2007-12-02,2007,0,,WSH,BUF,16,17
2007-12-02,2007,0,,KC,LAC,10,24
2007-12-02,2007,0,,PHI,SEA,24,28
2007-12-02,2007,0,,NO,TB,23,27
2007-12-02,2007,0,,ARI,CLE,27,21
2007-12-02,2007,0,,CHI,NYG,16,21
2007-12-02,2007,0,,CAR,SF,31,14
2007-12-02,2007,0,,IND,JAX,28,25
2007-12-02,2007,0,,TEN,HOU,28,20
2007-12-02,2007,0,,MIN,DET,42,10
2007-12-02,2007,0,,MIA,NYJ,13,40
2007-12-02,2007,0,,OAK,DEN,34,20
2007-12-02,2007,0,,LAR,ATL,28,16
2007-12-03,2007,0,,BAL,NE,24,27
2007-12-06,2007,0,,WSH,CHI,24,16
2007-12-09,2007,0,,CIN,LAR,19,10
2007-12-09,2007,0,,DEN,KC,41,7
2007-12-09,2007,0,,GB,OAK,38,7
2007-12-09,2007,0,,JAX,CAR,37,6
2007-12-09,2007,0,,NE,PIT,34,13
2007-12-09,2007,0,,PHI,NYG,13,16
2007-12-09,2007,0,,SEA,ARI,42,21
2007-12-09,2007,0,,SF,MIN,7,27
2007-12-09,2007,0,,BUF,MIA,38,17
2007-12-09,2007,0,,HOU,TB,28,14
2007-12-09,2007,0,,NYJ,CLE,18,24
2007-12-09,2007,0,,BAL,IND,20,44
2007-12-09,2007,0,,DET,DAL,27,28
2007-12-09,2007,0,,TEN,LAC,17,23
2007-12-10,2007,0,,ATL,NO,14,34
2007-12-13,2007,0,,HOU,DEN,31,13
2007-12-15,2007,0,,SF,CIN,20,13
2007-12-16,2007,0,,NE,NYJ,20,10
2007-12-16,2007,0,,NO,ARI,31,24
2007-12-16,2007,0,,NYG,WSH,10,22
2007-12-16,2007,0,,TB,ATL,37,3
2007-12-16,2007,0,,DAL,PHI,6,10
2007-12-16,2007,0,,LAR,GB,14,33
2007-12-16,2007,0,,OAK,IND,14,21
2007-12-16,2007,0,,LAC,DET,51,14
2007-12-16,2007,0,,CAR,SEA,13,10
2007-12-16,2007,0,,CLE,BUF,8,0
2007-12-16,2007,0,,MIA,BAL,22,16
2007-12-16,2007,0,,KC,TEN,17,26
2007-12-16,2007,0,,PIT,JAX,22,29
2007-12-17,2007,0,,MIN,CHI,20,13
2007-12-20,2007,0,,LAR,PIT,24,41
2007-12-22,2007,0,,CAR,DAL,13,20
2007-12-23,2007,0,,CHI,GB,35,7
2007-12-23,2007,0,,SEA,BAL,27,6
2007-12-23,2007,0,,NE,MIA,28,7
2007-12-23,2007,0,,JAX,OAK,49,11
2007-12-23,2007,0,,ARI,ATL,30,27
2007-12-23,2007,0,,DET,KC,25,20
2007-12-23,2007,0,,NO,PHI,23,38
2007-12-23,2007,0,,BUF,NYG,21,38
2007-12-23,2007,0,,SF,TB,21,19
2007-12-23,2007,0,,MIN,WSH,21,32
2007-12-23,2007,0,,IND,HOU,38,15
2007-12-23,2007,0,,TEN,NYJ,10,6
2007-12-23,2007,0,,CIN,CLE,19,14
2007-12-24,2007,0,,LAC,DEN,23,3
2007-12-29,2007,0,,NYG,NE,35,38
2007-12-30,2007,0,,CHI,NO,33,25
2007-12-30,2007,0,,PHI,BUF,17,9
2007-12-30,2007,0,,CLE,SF,20,7
2007-12-30,2007,0,,MIA,CIN,25,38
2007-12-30,2007,0,,HOU,JAX,42,28
2007-12-30,2007,0,,BAL,PIT,27,21
2007-12-30,2007,0,,DEN,MIN,22,19
2007-12-30,2007,0,,ARI,LAR,48,19
2007-12-30,2007,0,,TB,CAR,23,31
2007-12-30,2007,0,,NYJ,KC,13,10
2007-12-30,2007,0,,GB,DET,34,13
2007-12-30,2007,0,,IND,TEN,10,16
2007-12-30,2007,0,,ATL,SEA,44,41
2007-12-30,2007,0,,WSH,DAL,27,6
2007-12-30,2007,0,,OAK,LAC,17,30
2008-01-05,2007,0,w,PIT,JAX,29,31
2008-01-05,2007,0,w,SEA,WSH,35,14
2008-01-06,2007,0,w,LAC,TEN,17,6
2008-01-06,2007,0,w,TB,NYG,14,24
2008-01-12,2007,0,d,NE,JAX,31,20
2008-01-12,2007,0,d,GB,SEA,42,20
2008-01-13,2007,0,d,IND,LAC,24,28
2008-01-13,2007,0,d,DAL,NYG,17,21
2008-01-20,2007,0,c,GB,NYG,20,23
2008-01-20,2007,0,c,NE,LAC,21,12
2008-02-03,2007,1,s,NYG,NE,17,14
2008-09-04,2008,0,,NYG,WSH,16,7
2008-09-07,2008,0,,NE,KC,17,10
2008-09-07,2008,0,,CLE,DAL,10,28
2008-09-07,2008,0,,NO,TB,24,20
2008-09-07,2008,0,,TEN,JAX,17,10
2008-09-07,2008,0,,BAL,CIN,17,10
2008-09-07,2008,0,,LAC,CAR,24,26
2008-09-07,2008,0,,PHI,LAR,38,3
2008-09-07,2008,0,,SF,ARI,13,23
2008-09-07,2008,0,,PIT,HOU,38,17
2008-09-07,2008,0,,IND,CHI,13,29
2008-09-07,2008,0,,MIA,NYJ,14,20
2008-09-07,2008,0,,ATL,DET,34,21
2008-09-07,2008,0,,BUF,SEA,34,10
2008-09-08,2008,0,,OAK,DEN,14,41
2008-09-08,2008,0,,GB,MIN,24,19
2008-09-14,2008,0,,CIN,TEN,7,24
2008-09-14,2008,0,,DET,GB,25,48
2008-09-14,2008,0,,ARI,MIA,31,10
2008-09-14,2008,0,,LAR,NYG,13,41
2008-09-14,2008,0,,JAX,BUF,16,20
2008-09-14,2008,0,,DEN,LAC,39,38
2008-09-14,2008,0,,WSH,NO,29,24
2008-09-14,2008,0,,SEA,SF,30,33
2008-09-14,2008,0,,NYJ,NE,10,19
2008-09-14,2008,0,,CAR,CHI,20,17
2008-09-14,2008,0,,MIN,IND,15,18
2008-09-14,2008,0,,KC,OAK,8,23
2008-09-14,2008,0,,TB,ATL,24,9
2008-09-14,2008,0,,CLE,PIT,6,10
2008-09-15,2008,0,,DAL,PHI,41,37
2008-09-21,2008,0,,CHI,TB,24,27
2008-09-21,2008,0,,WSH,ARI,24,17
2008-09-21,2008,0,,BAL,CLE,28,10
2008-09-21,2008,0,,BUF,OAK,24,23
2008-09-21,2008,0,,IND,JAX,21,23
2008-09-21,2008,0,,NE,MIA,13,38
2008-09-21,2008,0,,MIN,CAR,20,10
2008-09-21,2008,0,,TEN,HOU,31,12
2008-09-21,2008,0,,SF,DET,31,13
2008-09-21,2008,0,,DEN,NO,34,32
2008-09-21,2008,0,,GB,DAL,16,27
2008-09-21,2008,0,,SEA,LAR,37,13
2008-09-21,2008,0,,ATL,KC,38,14
2008-09-21,2008,0,,NYG,CIN,26,23
2008-09-21,2008,0,,PHI,PIT,15,6
2008-09-22,2008,0,,LAC,NYJ,48,29
2008-09-28,2008,0,,LAR,BUF,14,31
2008-09-28,2008,0,,JAX,HOU,30,27
2008-09-28,2008,0,,CHI,PHI,24,20
2008-09-28,2008,0,,DAL,WSH,24,26
2008-09-28,2008,0,,TB,GB,30,21
2008-09-28,2008,0,,NO,SF,31,17
2008-09-28,2008,0,,KC,DEN,33,19
2008-09-28,2008,0,,TEN,MIN,30,17
2008-09-28,2008,0,,CAR,ATL,24,9
2008-09-28,2008,0,,OAK,LAC,18,28
2008-09-28,2008,0,,NYJ,ARI,56,35
2008-09-28,2008,0,,CIN,CLE,12,20
2008-09-29,2008,0,,PIT,BAL,23,20
2008-10-05,2008,0,,GB,ATL,24,27
2008-10-05,2008,0,,DAL,CIN,31,22
2008-10-05,2008,0,,CAR,KC,34,0
2008-10-05,2008,0,,DET,CHI,7,34
2008-10-05,2008,0,,DEN,TB,16,13
2008-10-05,2008,0,,ARI,BUF,41,17
2008-10-05,2008,0,,BAL,TEN,10,13
2008-10-05,2008,0,,PHI,WSH,17,23
2008-10-05,2008,0,,HOU,IND,27,31
2008-10-05,2008,0,,JAX,PIT,21,26
2008-10-05,2008,0,,SF,NE,21,30
2008-10-05,2008,0,,MIA,LAC,17,10
2008-10-05,2008,0,,NYG,SEA,44,6
2008-10-06,2008,0,,NO,MIN,27,30
2008-10-12,2008,0,,NYJ,CIN,26,14
2008-10-12,2008,0,,IND,BAL,31,3
2008-10-12,2008,0,,ARI,DAL,30,24
2008-10-12,2008,0,,MIN,DET,12,10
2008-10-12,2008,0,,WSH,LAR,17,19
2008-10-12,2008,0,,LAC,NE,30,10
2008-10-12,2008,0,,ATL,CHI,22,20
2008-10-12,2008,0,,SF,PHI,26,40
2008-10-12,2008,0,,SEA,GB,17,27
2008-10-12,2008,0,,HOU,MIA,29,28
2008-10-12,2008,0,,DEN,JAX,17,24
2008-10-12,2008,0,,TB,CAR,27,3
2008-10-12,2008,0,,NO,OAK,34,3
2008-10-13,2008,0,,CLE,NYG,35,14
2008-10-19,2008,0,,NYG,SF,29,17
2008-10-19,2008,0,,CHI,MIN,48,41
2008-10-19,2008,0,,GB,IND,34,14
2008-10-19,2008,0,,KC,TEN,10,34
2008-10-19,2008,0,,BUF,LAC,23,14
2008-10-19,2008,0,,CAR,NO,30,7
2008-10-19,2008,0,,MIA,BAL,13,27
2008-10-19,2008,0,,LAR,DAL,34,14
2008-10-19,2008,0,,TB,SEA,20,10
2008-10-19,2008,0,,HOU,DET,28,21
2008-10-19,2008,0,,CIN,PIT,10,38
2008-10-19,2008,0,,WSH,CLE,14,11
2008-10-19,2008,0,,OAK,NYJ,16,13
2008-10-20,2008,0,,NE,DEN,41,7
2008-10-26,2008,0,,NE,LAR,23,16
2008-10-26,2008,0,,PHI,ATL,27,14
2008-10-26,2008,0,,JAX,CLE,17,23
2008-10-26,2008,0,,MIA,BUF,25,16
2008-10-26,2008,0,,CAR,ARI,27,23
2008-10-26,2008,0,,HOU,CIN,35,6
2008-10-26,2008,0,,NYJ,KC,28,24
2008-10-26,2008,0,,BAL,OAK,29,10
2008-10-26,2008,1,,LAC,NO,32,37
2008-10-26,2008,0,,SF,SEA,13,34
2008-10-26,2008,0,,DET,WSH,17,25
2008-10-26,2008,0,,DAL,TB,13,9
2008-10-26,2008,0,,PIT,NYG,14,21
2008-10-27,2008,0,,TEN,IND,31,21
2008-11-02,2008,0,,LAR,ARI,13,34
2008-11-02,2008,0,,DEN,MIA,17,26
2008-11-02,2008,0,,IND,NE,18,15
2008-11-02,2008,0,,MIN,HOU,28,21
2008-11-02,2008,0,,CLE,BAL,27,37
2008-11-02,2008,0,,OAK,ATL,0,24
2008-11-02,2008,0,,TEN,GB,19,16
2008-11-02,2008,0,,CHI,DET,27,23
2008-11-02,2008,0,,NYG,DAL,35,14
2008-11-02,2008,0,,CIN,JAX,21,19
2008-11-02,2008,0,,SEA,PHI,7,26
2008-11-02,2008,0,,BUF,NYJ,17,26
2008-11-02,2008,0,,KC,TB,27,30
2008-11-03,2008,0,,WSH,PIT,6,23
2008-11-06,2008,0,,CLE,DEN,30,34
2008-11-09,2008,0,,HOU,BAL,13,41
2008-11-09,2008,0,,MIN,GB,28,27
2008-11-09,2008,0,,PIT,IND,20,24
2008-11-09,2008,0,,DET,JAX,14,38
2008-11-09,2008,0,,ATL,NO,34,20
2008-11-09,2008,0,,NE,BUF,20,10
2008-11-09,2008,0,,CHI,TEN,14,21
2008-11-09,2008,0,,LAC,KC,20,19
2008-11-09,2008,0,,PHI,NYG,31,36
2008-11-09,2008,0,,OAK,CAR,6,17
2008-11-09,2008,0,,MIA,SEA,21,19
2008-11-09,2008,0,,NYJ,LAR,47,3
2008-11-10,2008,0,,ARI,SF,29,24
2008-11-13,2008,0,,NE,NYJ,31,34
2008-11-16,2008,0,,PIT,LAC,11,10
2008-11-16,2008,0,,JAX,TEN,14,24
2008-11-16,2008,0,,SEA,ARI,20,26
2008-11-16,2008,0,,WSH,DAL,10,14
2008-11-16,2008,0,,TB,MIN,19,13
2008-11-16,2008,0,,NYG,BAL,30,10
2008-11-16,2008,0,,CIN,PHI,13,13
2008-11-16,2008,0,,GB,CHI,37,3
2008-11-16,2008,0,,CAR,DET,31,22
2008-11-16,2008,0,,ATL,DEN,20,24
2008-11-16,2008,0,,KC,NO,20,30
2008-11-16,2008,0,,IND,HOU,33,27
2008-11-16,2008,0,,MIA,OAK,17,15
2008-11-16,2008,0,,SF,LAR,35,16
2008-11-17,2008,0,,BUF,CLE,27,29
2008-11-20,2008,0,,PIT,CIN,27,10
2008-11-23,2008,0,,TEN,NYJ,13,34
2008-11-23,2008,0,,DEN,OAK,10,31
2008-11-23,2008,0,,DET,TB,20,38
2008-11-23,2008,0,,DAL,SF,35,22
2008-11-23,2008,0,,LAR,CHI,3,27
2008-11-23,2008,0,,LAC,IND,20,23
2008-11-23,2008,0,,BAL,PHI,36,7
2008-11-23,2008,0,,CLE,HOU,6,16
2008-11-23,2008,0,,ARI,NYG,29,37
2008-11-23,2008,0,,JAX,MIN,12,30
2008-11-23,2008,0,,SEA,WSH,17,20
2008-11-23,2008,0,,MIA,NE,28,48
2008-11-23,2008,0,,KC,BUF,31,54
2008-11-23,2008,0,,ATL,CAR,45,28
2008-11-24,2008,0,,NO,GB,51,29
2008-11-27,2008,0,,DAL,SEA,34,9
2008-11-27,2008,0,,DET,TEN,10,47
2008-11-27,2008,0,,PHI,ARI,48,20
2008-11-30,2008,0,,LAR,MIA,12,16
2008-11-30,2008,0,,CIN,BAL,3,34
2008-11-30,2008,0,,GB,CAR,31,35
2008-11-30,2008,0,,TB,NO,23,20
2008-11-30,2008,0,,NE,PIT,10,33
2008-11-30,2008,0,,OAK,KC,13,20
2008-11-30,2008,0,,WSH,NYG,7,23
2008-11-30,2008,0,,LAC,ATL,16,22
2008-11-30,2008,0,,BUF,SF,3,10
2008-11-30,2008,0,,NYJ,DEN,17,34
2008-11-30,2008,0,,MIN,CHI,34,14
2008-11-30,2008,0,,CLE,IND,6,10
2008-12-01,2008,0,,HOU,JAX,30,17
2008-12-04,2008,0,,LAC,OAK,34,7
2008-12-07,2008,0,,ARI,LAR,34,10
2008-12-07,2008,0,,SEA,NE,21,24
2008-12-07,2008,0,,NO,ATL,29,25
2008-12-07,2008,0,,DET,MIN,16,20
2008-12-07,2008,0,,CHI,JAX,23,10
2008-12-07,2008,0,,NYG,PHI,14,20
2008-12-07,2008,0,,PIT,DAL,20,13
2008-12-07,2008,0,,BAL,WSH,24,10
2008-12-07,2008,0,,SF,NYJ,24,14
2008-12-07,2008,0,,IND,CIN,35,3
2008-12-07,2008,0,,DEN,KC,24,17
2008-12-07,2008,0,,GB,HOU,21,24
2008-12-07,2008,0,,BUF,MIA,3,16
2008-12-07,2008,0,,TEN,CLE,28,9
2008-12-08,2008,0,,CAR,TB,38,23
2008-12-11,2008,0,,CHI,NO,27,24
2008-12-14,2008,0,,DAL,NYG,20,8
2008-12-14,2008,0,,IND,DET,31,21
2008-12-14,2008,0,,NYJ,BUF,31,27
2008-12-14,2008,0,,OAK,NE,26,49
2008-12-14,2008,0,,ARI,MIN,14,35
2008-12-14,2008,0,,MIA,SF,14,9
2008-12-14,2008,0,,JAX,GB,20,16
2008-12-14,2008,0,,ATL,TB,13,10
2008-12-14,2008,0,,CAR,DEN,30,10
2008-12-14,2008,0,,CIN,WSH,20,13
2008-12-14,2008,0,,LAR,SEA,20,23
2008-12-14,2008,0,,KC,LAC,21,22
2008-12-14,2008,0,,BAL,PIT,9,13
2008-12-14,2008,0,,HOU,TEN,13,12
2008-12-15,2008,0,,PHI,CLE,30,10
2008-12-18,2008,0,,JAX,IND,24,31
2008-12-20,2008,0,,DAL,BAL,24,33
2008-12-21,2008,0,,CLE,CIN,0,14
2008-12-21,2008,0,,MIN,ATL,17,24
2008-12-21,2008,0,,OAK,HOU,27,16
2008-12-21,2008,0,,DET,NO,7,42
2008-12-21,2008,0,,NYG,CAR,34,28
2008-12-21,2008,0,,WSH,PHI,10,3
2008-12-21,2008,0,,KC,MIA,31,38
2008-12-21,2008,0,,SEA,NYJ,13,3
2008-12-21,2008,0,,NE,ARI,47,7
2008-12-21,2008,0,,DEN,BUF,23,30
2008-12-21,2008,0,,LAR,SF,16,17
2008-12-21,2008,0,,TEN,PIT,31,14
2008-12-21,2008,0,,TB,LAC,24,41
2008-12-22,2008,0,,CHI,GB,20,17
2008-12-28,2008,0,,BUF,NE,0,13
2008-12-28,2008,0,,LAC,DEN,52,21
2008-12-28,2008,0,,MIN,NYG,20,19
2008-12-28,2008,0,,GB,DET,31,21
2008-12-28,2008,0,,ARI,SEA,34,21
2008-12-28,2008,0,,HOU,CHI,31,24
2008-12-28,2008,0,,NO,CAR,31,33
2008-12-28,2008,0,,CIN,KC,16,6
2008-12-28,2008,0,,BAL,JAX,27,7
2008-12-28,2008,0,,IND,TEN,23,0
2008-12-28,2008,0,,PIT,CLE,31,0
2008-12-28,2008,0,,TB,OAK,24,31
2008-12-28,2008,0,,SF,WSH,27,24
2008-12-28,2008,0,,PHI,DAL,44,6
2008-12-28,2008,0,,NYJ,MIA,17,24
2008-12-28,2008,0,,ATL,LAR,31,27
2009-01-03,2008,0,w,LAC,IND,23,17
2009-01-03,2008,0,w,ARI,ATL,30,24
2009-01-04,2008,0,w,MIN,PHI,14,26
2009-01-04,2008,0,w,MIA,BAL,9,27
2009-01-10,2008,0,d,TEN,BAL,10,13
2009-01-10,2008,0,d,CAR,ARI,13,33
2009-01-11,2008,0,d,NYG,PHI,11,23
2009-01-11,2008,0,d,PIT,LAC,35,24
2009-01-18,2008,0,c,PIT,BAL,23,14
2009-01-18,2008,0,c,ARI,PHI,32,25
2009-02-01,2008,1,s,PIT,ARI,27,23
2009-09-10,2009,0,,PIT,TEN,13,10
2009-09-13,2009,0,,CAR,PHI,10,38
2009-09-13,2009,0,,ARI,SF,16,20
2009-09-13,2009,0,,CLE,MIN,20,34
2009-09-13,2009,0,,NYG,WSH,23,17
2009-09-13,2009,0,,GB,CHI,21,15
2009-09-13,2009,0,,IND,JAX,14,12
2009-09-13,2009,0,,ATL,MIA,19,7
2009-09-13,2009,0,,SEA,LAR,28,0
2009-09-13,2009,0,,HOU,NYJ,7,24
2009-09-13,2009,0,,TB,DAL,21,34
2009-09-13,2009,0,,BAL,KC,38,24
2009-09-13,2009,0,,NO,DET,45,27
2009-09-13,2009,0,,CIN,DEN,7,12
2009-09-14,2009,0,,OAK,LAC,20,24
2009-09-14,2009,0,,NE,BUF,25,24
2009-09-20,2009,0,,BUF,TB,33,20
2009-09-20,2009,0,,CHI,PIT,17,14
2009-09-20,2009,0,,DAL,NYG,31,33
2009-09-20,2009,0,,ATL,CAR,28,20
2009-09-20,2009,0,,GB,CIN,24,31
2009-09-20,2009,0,,KC,OAK,10,13
2009-09-20,2009,0,,PHI,NO,22,48
2009-09-20,2009,0,,DET,MIN,13,27
2009-09-20,2009,0,,SF,SEA,23,10
2009-09-20,2009,0,,LAC,BAL,26,31
2009-09-20,2009,0,,DEN,CLE,27,6
2009-09-20,2009,0,,TEN,HOU,31,34
2009-09-20,2009,0,,NYJ,NE,16,9
2009-09-20,2009,0,,JAX,ARI,17,31
2009-09-20,2009,0,,WSH,LAR,9,7
2009-09-21,2009,0,,MIA,IND,23,27
2009-09-27,2009,0,,BAL,CLE,34,3
2009-09-27,2009,0,,LAC,MIA,23,13
2009-09-27,2009,0,,NYJ,TEN,24,17
2009-09-27,2009,0,,MIN,SF,27,24
2009-09-27,2009,0,,SEA,CHI,19,25
2009-09-27,2009,0,,OAK,DEN,3,23
2009-09-27,2009,0,,DET,WSH,19,14
2009-09-27,2009,0,,PHI,KC,34,14
2009-09-27,2009,0,,TB,NYG,0,24
2009-09-27,2009,0,,NE,ATL,26,10
2009-09-27,2009,0,,HOU,JAX,24,31
2009-09-27,2009,0,,BUF,NO,7,27
2009-09-27,2009,0,,CIN,PIT,23,20
2009-09-27,2009,0,,ARI,IND,10,31
2009-09-27,2009,0,,LAR,GB,17,36
2009-09-28,2009,0,,DAL,CAR,21,7
2009-10-04,2009,0,,WSH,TB,16,13
2009-10-04,2009,0,,PIT,LAC,38,28
2009-10-04,2009,0,,SF,LAR,35,0
2009-10-04,2009,0,,NE,BAL,27,21
2009-10-04,2009,0,,KC,NYG,16,27
2009-10-04,2009,0,,HOU,OAK,29,6
2009-10-04,2009,0,,CLE,CIN,20,23
2009-10-04,2009,0,,MIA,BUF,38,10
2009-10-04,2009,0,,CHI,DET,48,24
2009-10-04,2009,0,,IND,SEA,34,17
2009-10-04,2009,0,,DEN,DAL,17,10
2009-10-04,2009,0,,JAX,TEN,37,17
2009-10-04,2009,0,,NO,NYJ,24,10
2009-10-05,2009,0,,MIN,GB,30,23
2009-10-11,2009,0,,KC,DAL,20,26
2009-10-11,2009,0,,BAL,CIN,14,17
2009-10-11,2009,0,,CAR,WSH,20,17
2009-10-11,2009,0,,SEA,JAX,41,0
2009-10-11,2009,0,,TEN,IND,9,31
2009-10-11,2009,0,,DET,PIT,20,28
2009-10-11,2009,0,,DEN,NE,20,17
2009-10-11,2009,0,,BUF,CLE,3,6
2009-10-11,2009,0,,ARI,HOU,28,21
2009-10-11,2009,0,,SF,ATL,10,45
2009-10-11,2009,0,,PHI,TB,33,14
2009-10-11,2009,0,,NYG,OAK,44,7
2009-10-11,2009,0,,LAR,MIN,10,38
2009-10-12,2009,0,,MIA,NYJ,31,27
2009-10-18,2009,0,,NYJ,BUF,13,16
2009-10-18,2009,0,,PIT,CLE,27,14
2009-10-18,2009,0,,NE,TEN,59,0
2009-10-18,2009,0,,SEA,ARI,3,27
2009-10-18,2009,0,,GB,DET,26,0
2009-10-18,2009,0,,MIN,BAL,33,31
2009-10-18,2009,0,,CIN,HOU,17,28
2009-10-18,2009,0,,ATL,CHI,21,14
2009-10-18,2009,0,,NO,NYG,48,27
2009-10-18,2009,0,,WSH,KC,6,14
2009-10-18,2009,0,,OAK,PHI,13,9
2009-10-18,2009,0,,TB,CAR,21,28
2009-10-18,2009,0,,JAX,LAR,23,20
2009-10-19,2009,0,,LAC,DEN,23,34
2009-10-25,2009,0,,CIN,CHI,45,10
2009-10-25,2009,0,,CLE,GB,3,31
2009-10-25,2009,0,,OAK,NYJ,0,38
2009-10-25,2009,0,,NYG,ARI,17,24
2009-10-25,2009,0,,LAR,IND,6,42
2009-10-25,2009,0,,KC,LAC,7,37
2009-10-25,2009,0,,PIT,MIN,27,17
2009-10-25,2009,0,,MIA,NO,34,46
2009-10-25,2009,1,,NE,TB,35,7
2009-10-25,2009,0,,DAL,ATL,37,21
2009-10-25,2009,0,,CAR,BUF,9,20
2009-10-25,2009,0,,HOU,SF,24,21
2009-10-26,2009,0,,WSH,PHI,17,27
2009-11-01,2009,0,,TEN,JAX,30,13
2009-11-01,2009,0,,IND,SF,18,14
2009-11-01,2009,0,,PHI,NYG,40,17
2009-11-01,2009,0,,CHI,CLE,30,6
2009-11-01,2009,0,,DET,LAR,10,17
2009-11-01,2009,0,,BUF,HOU,10,31
2009-11-01,2009,0,,DAL,SEA,38,17
2009-11-01,2009,0,,LAC,OAK,24,16
2009-11-01,2009,0,,BAL,DEN,30,7
2009-11-01,2009,0,,GB,MIN,26,38
2009-11-01,2009,0,,NYJ,MIA,25,30
2009-11-01,2009,0,,ARI,CAR,21,34
2009-11-02,2009,0,,NO,ATL,35,27
2009-11-08,2009,0,,NYG,LAC,20,21
2009-11-08,2009,0,,CIN,BAL,17,7
2009-11-08,2009,0,,ATL,WSH,31,17
2009-11-08,2009,0,,IND,HOU,20,17
2009-11-08,2009,0,,PHI,DAL,16,20
2009-11-08,2009,0,,NO,CAR,30,20
2009-11-08,2009,0,,SEA,DET,32,20
2009-11-08,2009,0,,SF,TEN,27,34
2009-11-08,2009,0,,NE,MIA,27,17
2009-11-08,2009,0,,CHI,ARI,21,41
2009-11-08,2009,0,,TB,GB,38,28
2009-11-08,2009,0,,JAX,KC,24,21
2009-11-09,2009,0,,DEN,PIT,10,28
2009-11-12,2009,0,,SF,CHI,10,6
2009-11-15,2009,0,,WSH,DEN,27,17
2009-11-15,2009,0,,PIT,CIN,12,18
2009-11-15,2009,0,,MIA,TB,25,23
2009-11-15,2009,0,,ARI,SEA,31,20
2009-11-15,2009,0,,LAC,PHI,31,23
2009-11-15,2009,0,,OAK,KC,10,16
2009-11-15,2009,0,,CAR,ATL,28,19
2009-11-15,2009,0,,TEN,BUF,41,17
2009-11-15,2009,0,,NYJ,JAX,22,24
2009-11-15,2009,0,,IND,NE,35,34
2009-11-15,2009,0,,GB,DAL,17,7
2009-11-15,2009,0,,MIN,DET,27,10
2009-11-15,2009,0,,LAR,NO,23,28
2009-11-16,2009,0,,CLE,BAL,0,16
2009-11-19,2009,0,,CAR,MIA,17,24
2009-11-22,2009,0,,KC,PIT,27,24
2009-11-22,2009,0,,NYG,ATL,34,31
2009-11-22,2009,0,,DET,CLE,38,37
2009-11-22,2009,0,,DAL,WSH,7,6
2009-11-22,2009,0,,TB,NO,7,38
2009-11-22,2009,0,,MIN,SEA,35,9
2009-11-22,2009,0,,NE,NYJ,31,14
2009-11-22,2009,0,,OAK,CIN,20,17
2009-11-22,2009,0,,CHI,PHI,20,24
2009-11-22,2009,0,,JAX,BUF,18,15
2009-11-22,2009,0,,GB,SF,30,24
2009-11-22,2009,0,,DEN,LAC,3,32
2009-11-22,2009,0,,LAR,ARI,13,21
2009-11-22,2009,0,,BAL,IND,15,17
2009-11-23,2009,0,,HOU,TEN,17,20
2009-11-26,2009,0,,DAL,OAK,24,7
2009-11-26,2009,0,,DEN,NYG,26,6
2009-11-26,2009,0,,DET,GB,12,34
2009-11-29,2009,0,,BAL,PIT,20,17
2009-11-29,2009,0,,NYJ,CAR,17,6
2009-11-29,2009,0,,HOU,IND,27,35
2009-11-29,2009,0,,BUF,MIA,31,14
2009-11-29,2009,0,,TEN,ARI,20,17
2009-11-29,2009,0,,LAR,SEA,17,27
2009-11-29,2009,0,,SF,JAX,20,3
2009-11-29,2009,0,,ATL,TB,20,17
2009-11-29,2009,0,,CIN,CLE,16,7
2009-11-29,2009,0,,MIN,CHI,36,10
2009-11-29,2009,0,,PHI,WSH,27,24
2009-11-29,2009,0,,LAC,KC,43,14
2009-11-30,2009,0,,NO,NE,38,17
2009-12-03,2009,0,,BUF,NYJ,13,19
2009-12-06,2009,0,,WSH,NO,30,33
2009-12-06,2009,0,,CIN,DET,23,13
2009-12-06,2009,0,,JAX,HOU,23,18
2009-12-06,2009,0,,MIA,NE,22,21
2009-12-06,2009,0,,CLE,LAC,23,30
2009-12-06,2009,0,,KC,DEN,13,44
2009-12-06,2009,0,,PIT,OAK,24,27
2009-12-06,2009,0,,NYG,DAL,31,24
2009-12-06,2009,0,,SEA,SF,20,17
2009-12-06,2009,0,,ATL,PHI,7,34
2009-12-06,2009,0,,CAR,TB,16,6
2009-12-06,2009,0,,IND,TEN,27,17
2009-12-06,2009,0,,CHI,LAR,17,9
2009-12-06,2009,0,,ARI,MIN,30,17
2009-12-07,2009,0,,GB,BAL,27,14
2009-12-10,2009,0,,CLE,PIT,13,6
2009-12-13,2009,0,,ATL,NO,23,26
2009-12-13,2009,0,,DAL,LAC,17,20
2009-12-13,2009,0,,OAK,WSH,13,34
2009-12-13,2009,0,,HOU,SEA,34,7
2009-12-13,2009,0,,TB,NYJ,3,26
2009-12-13,2009,0,,NE,CAR,20,10
2009-12-13,2009,0,,CHI,GB,14,21
2009-12-13,2009,0,,MIN,CIN,30,10
2009-12-13,2009,0,,JAX,MIA,10,14
2009-12-13,2009,0,,TEN,LAR,47,7
2009-12-13,2009,0,,NYG,PHI,38,45
2009-12-13,2009,0,,KC,BUF,10,16
2009-12-13,2009,0,,BAL,DET,48,3
2009-12-13,2009,0,,IND,DEN,28,16
2009-12-14,2009,0,,SF,ARI,24,9
2009-12-17,2009,0,,JAX,IND,31,35
2009-12-19,2009,0,,NO,DAL,17,24
2009-12-20,2009,0,,LAR,HOU,13,16
2009-12-20,2009,0,,SEA,TB,7,24
2009-12-20,2009,0,,LAC,CIN,27,24
2009-12-20,2009,0,,KC,CLE,34,41
2009-12-20,2009,0,,BAL,CHI,31,7
2009-12-20,2009,0,,PHI,SF,27,13
2009-12-20,2009,0,,CAR,MIN,26,7
2009-12-20,2009,0,,TEN,MIA,27,24
2009-12-20,2009,0,,NYJ,ATL,7,10
2009-12-20,2009,0,,DET,ARI,24,31
2009-12-20,2009,0,,PIT,GB,37,36
2009-12-20,2009,0,,BUF,NE,10,17
2009-12-20,2009,0,,DEN,OAK,19,20
2009-12-21,2009,0,,WSH,NYG,12,45
2009-12-25,2009,0,,TEN,LAC,17,42
2009-12-27,2009,0,,NO,TB,17,20
2009-12-27,2009,0,,PIT,BAL,23,20
2009-12-27,2009,0,,CIN,KC,17,10
2009-12-27,2009,0,,ATL,BUF,31,3
2009-12-27,2009,0,,SF,DET,20,6
2009-12-27,2009,0,,NE,JAX,35,7
2009-12-27,2009,0,,MIA,HOU,20,27
2009-12-27,2009,0,,IND,NYJ,15,29
2009-12-27,2009,0,,PHI,DEN,30,27
2009-12-27,2009,0,,NYG,CAR,9,41
2009-12-27,2009,0,,GB,SEA,48,10
2009-12-27,2009,0,,WSH,DAL,0,17
2009-12-27,2009,0,,ARI,LAR,31,10
2009-12-27,2009,0,,CLE,OAK,23,9
2009-12-28,2009,0,,CHI,MIN,36,30
2010-01-03,2009,0,,NYJ,CIN,37,0
2010-01-03,2009,0,,BUF,IND,30,7
2010-01-03,2009,0,,CLE,JAX,23,17
2010-01-03,2009,0,,DEN,KC,24,44
2010-01-03,2009,0,,HOU,NE,34,27
2010-01-03,2009,0,,MIA,PIT,24,30
2010-01-03,2009,0,,OAK,BAL,13,21
2010-01-03,2009,0,,TB,ATL,10,20
2010-01-03,2009,0,,LAR,SF,6,28
2010-01-03,2009,0,,LAC,WSH,23,20
2010-01-03,2009,0,,MIN,NYG,44,7
2010-01-03,2009,0,,CAR,NO,23,10
2010-01-03,2009,0,,ARI,GB,7,33
2010-01-03,2009,0,,DAL,PHI,24,0
2010-01-03,2009,0,,DET,CHI,23,37
2010-01-03,2009,0,,SEA,TEN,13,17
2010-01-09,2009,0,w,DAL,PHI,34,14
2010-01-09,2009,0,w,CIN,NYJ,14,24
2010-01-10,2009,0,w,ARI,GB,51,45
2010-01-10,2009,0,w,NE,BAL,14,33
2010-01-16,2009,0,d,NO,ARI,45,14
2010-01-16,2009,0,d,IND,BAL,20,3
2010-01-17,2009,0,d,MIN,DAL,34,3
2010-01-17,2009,0,d,LAC,NYJ,14,17
2010-01-24,2009,0,c,NO,MIN,31,28
2010-01-24,2009,0,c,IND,NYJ,30,17
2010-02-07,2009,1,s,NO,IND,31,17
2010-09-09,2010,0,,NO,MIN,14,9
2010-09-12,2010,0,,TB,CLE,17,14
2010-09-12,2010,0,,PHI,GB,20,27
2010-09-12,2010,0,,JAX,DEN,24,17
2010-09-12,2010,0,,WSH,DAL,13,7
2010-09-12,2010,0,,BUF,MIA,10,15
2010-09-12,2010,0,,NYG,CAR,31,18
2010-09-12,2010,0,,NE,CIN,38,24
2010-09-12,2010,0,,TEN,OAK,38,13
2010-09-12,2010,0,,PIT,ATL,15,9
2010-09-12,2010,0,,HOU,IND,34,24
2010-09-12,2010,0,,SEA,SF,31,6
2010-09-12,2010,0,,CHI,DET,19,14
2010-09-12,2010,0,,LAR,ARI,13,17
2010-09-13,2010,0,,KC,LAC,21,14
2010-09-13,2010,0,,NYJ,BAL,9,10
2010-09-19,2010,0,,TEN,PIT,11,19
2010-09-19,2010,0,,CLE,KC,14,16
2010-09-19,2010,0,,OAK,LAR,16,14
2010-09-19,2010,0,,GB,BUF,34,7
2010-09-19,2010,0,,CAR,TB,7,20
2010-09-19,2010,0,,IND,NYG,38,14
2010-09-19,2010,0,,ATL,ARI,41,7
2010-09-19,2010,0,,CIN,BAL,15,10
2010-09-19,2010,0,,DEN,SEA,31,14
2010-09-19,2010,0,,DET,PHI,32,35
2010-09-19,2010,0,,NYJ,NE,28,14
2010-09-19,2010,0,,WSH,HOU,27,30
2010-09-19,2010,0,,DAL,CHI,20,27
2010-09-19,2010,0,,LAC,JAX,38,13
2010-09-19,2010,0,,MIN,MIA,10,14
2010-09-20,2010,0,,SF,NO,22,25
2010-09-26,2010,0,,MIA,NYJ,23,31
2010-09-26,2010,0,,BAL,CLE,24,17
2010-09-26,2010,0,,SEA,LAC,27,20
2010-09-26,2010,0,,LAR,WSH,30,16
2010-09-26,2010,0,,DEN,IND,13,27
2010-09-26,2010,0,,MIN,DET,24,10
2010-09-26,2010,0,,ARI,OAK,24,23
2010-09-26,2010,0,,KC,SF,31,10
2010-09-26,2010,0,,NE,BUF,38,30
2010-09-26,2010,0,,NYG,TEN,10,29
2010-09-26,2010,0,,TB,PIT,13,38
2010-09-26,2010,0,,HOU,DAL,13,27
2010-09-26,2010,0,,CAR,CIN,7,20
2010-09-26,2010,0,,JAX,PHI,3,28
2010-09-26,2010,0,,NO,ATL,24,27
2010-09-27,2010,0,,CHI,GB,20,17
2010-10-03,2010,0,,LAC,ARI,41,10
2010-10-03,2010,0,,ATL,SF,16,14
2010-10-03,2010,0,,LAR,SEA,20,3
2010-10-03,2010,0,,PIT,BAL,14,17
2010-10-03,2010,0,,BUF,NYJ,14,38
2010-10-03,2010,0,,GB,DET,28,26
2010-10-03,2010,0,,TEN,DEN,20,26
2010-10-03,2010,0,,PHI,WSH,12,17
2010-10-03,2010,0,,JAX,IND,31,28
2010-10-03,2010,0,,CLE,CIN,23,20
2010-10-03,2010,0,,NO,CAR,16,14
2010-10-03,2010,0,,OAK,HOU,24,31
2010-10-03,2010,0,,NYG,CHI,17,3
2010-10-04,2010,0,,MIA,NE,14,41
2010-10-10,2010,0,,DAL,TEN,27,34
2010-10-10,2010,0,,OAK,LAC,35,27
2010-10-10,2010,0,,IND,KC,19,9
2010-10-10,2010,0,,BUF,JAX,26,36
2010-10-10,2010,0,,CIN,TB,21,24
2010-10-10,2010,0,,ARI,NO,30,20
2010-10-10,2010,0,,DET,LAR,44,6
2010-10-10,2010,0,,WSH,GB,16,13
2010-10-10,2010,0,,SF,PHI,24,27
2010-10-10,2010,0,,CLE,ATL,10,20
2010-10-10,2010,0,,CAR,CHI,6,23
2010-10-10,2010,0,,BAL,DEN,31,17
2010-10-10,2010,0,,HOU,NYG,10,34
2010-10-11,2010,0,,NYJ,MIN,29,20
2010-10-17,2010,0,,WSH,IND,24,27
2010-10-17,2010,0,,NE,BAL,23,20
2010-10-17,2010,0,,PHI,ATL,31,17
2010-10-17,2010,0,,MIN,DAL,24,21
2010-10-17,2010,0,,GB,MIA,20,23
2010-10-17,2010,0,,TB,NO,6,31
2010-10-17,2010,0,,LAR,LAC,20,17
2010-10-17,2010,0,,PIT,CLE,28,10
2010-10-17,2010,0,,SF,OAK,17,9
2010-10-17,2010,0,,DEN,NYJ,20,24
2010-10-17,2010,0,,HOU,KC,35,31
2010-10-17,2010,0,,CHI,SEA,20,23
2010-10-17,2010,0,,NYG,DET,28,20
2010-10-18,2010,0,,JAX,TEN,3,30
2010-10-24,2010,0,,NO,CLE,17,30
2010-10-24,2010,0,,ATL,CIN,39,32
2010-10-24,2010,0,,LAC,NE,20,23
2010-10-24,2010,0,,BAL,BUF,37,34
2010-10-24,2010,0,,GB,MIN,28,24
2010-10-24,2010,0,,MIA,PIT,22,23
2010-10-24,2010,0,,TEN,PHI,37,19
2010-10-24,2010,0,,DEN,OAK,14,59
2010-10-24,2010,0,,TB,LAR,18,17
2010-10-24,2010,0,,CHI,WSH,14,17
2010-10-24,2010,0,,SEA,ARI,22,10
2010-10-24,2010,0,,CAR,SF,23,20
2010-10-24,2010,0,,KC,JAX,42,20
2010-10-25,2010,0,,DAL,NYG,35,41
2010-10-31,2010,0,,NE,MIN,28,18
2010-10-31,2010,0,,DET,WSH,37,25
2010-10-31,2010,0,,ARI,TB,35,38
2010-10-31,2010,0,,OAK,SEA,33,3
2010-10-31,2010,0,,KC,BUF,13,10
2010-10-31,2010,0,,LAR,CAR,20,10
2010-10-31,2010,0,,LAC,TEN,33,25
2010-10-31,2010,1,,DEN,SF,16,24
2010-10-31,2010,0,,CIN,MIA,14,22
2010-10-31,2010,0,,DAL,JAX,17,35
2010-10-31,2010,0,,NYJ,GB,0,9
2010-10-31,2010,0,,NO,PIT,20,10
2010-11-01,2010,0,,IND,HOU,30,17
2010-11-07,2010,0,,PHI,IND,26,24
2010-11-07,2010,0,,BAL,MIA,26,10
2010-11-07,2010,0,,BUF,CHI,19,22
2010-11-07,2010,0,,SEA,NYG,7,41
2010-11-07,2010,0,,GB,DAL,45,7
2010-11-07,2010,0,,ATL,TB,27,21
2010-11-07,2010,0,,MIN,ARI,27,24
2010-11-07,2010,0,,CLE,NE,34,14
2010-11-07,2010,0,,OAK,KC,23,20
2010-11-07,2010,0,,DET,NYJ,20,23
2010-11-07,2010,0,,CAR,NO,3,34
2010-11-07,2010,0,,HOU,LAC,23,29
2010-11-08,2010,0,,CIN,PIT,21,27
2010-11-11,2010,0,,ATL,BAL,26,21
2010-11-14,2010,0,,CLE,NYJ,20,26
2010-11-14,2010,0,,BUF,DET,14,12
2010-11-14,2010,0,,ARI,SEA,18,36
2010-11-14,2010,0,,MIA,TEN,29,17
2010-11-14,2010,0,,SF,LAR,23,20
2010-11-14,2010,0,,PIT,NE,26,39
2010-11-14,2010,0,,DEN,KC,49,29
2010-11-14,2010,0,,CHI,MIN,27,13
2010-11-14,2010,0,,NYG,DAL,20,33
2010-11-14,2010,0,,TB,CAR,31,16
2010-11-14,2010,0,,IND,CIN,23,17
2010-11-14,2010,0,,JAX,HOU,31,24
2010-11-15,2010,0,,WSH,PHI,28,59
2010-11-18,2010,0,,MIA,CHI,0,16
2010-11-21,2010,0,,NYJ,HOU,30,27
2010-11-21,2010,0,,CIN,BUF,31,49
2010-11-21,2010,0,,NE,IND,31,28
2010-11-21,2010,0,,JAX,CLE,24,20
2010-11-21,2010,0,,CAR,BAL,13,37
2010-11-21,2010,0,,SF,TB,0,21
2010-11-21,2010,0,,LAR,ATL,17,34
2010-11-21,2010,0,,MIN,GB,3,31
2010-11-21,2010,0,,PHI,NYG,27,17
2010-11-21,2010,0,,DAL,DET,35,19
2010-11-21,2010,0,,KC,ARI,31,13
2010-11-21,2010,0,,NO,SEA,34,19
2010-11-21,2010,0,,TEN,WSH,16,19
2010-11-21,2010,0,,PIT,OAK,35,3
2010-11-22,2010,0,,LAC,DEN,35,14
2010-11-25,2010,0,,DAL,NO,27,30
2010-11-25,2010,0,,DET,NE,24,45
2010-11-25,2010,0,,NYJ,CIN,26,10
2010-11-28,2010,0,,SEA,KC,24,42
2010-11-28,2010,0,,OAK,MIA,17,33
2010-11-28,2010,0,,CHI,PHI,31,26
2010-11-28,2010,0,,BUF,PIT,16,19
2010-11-28,2010,0,,NYG,JAX,24,20
2010-11-28,2010,0,,DEN,LAR,33,36
2010-11-28,2010,0,,HOU,TEN,20,0
2010-11-28,2010,0,,ATL,GB,20,17
2010-11-28,2010,0,,BAL,TB,17,10
2010-11-28,2010,0,,CLE,CAR,24,23
2010-11-28,2010,0,,WSH,MIN,13,17
2010-11-28,2010,0,,IND,LAC,14,36
2010-11-29,2010,0,,ARI,SF,6,27
2010-12-02,2010,0,,PHI,HOU,34,24
2010-12-05,2010,0,,CIN,NO,30,34
2010-12-05,2010,0,,BAL,PIT,10,13
2010-12-05,2010,0,,TEN,JAX,6,17
2010-12-05,2010,0,,NYG,WSH,31,7
2010-12-05,2010,0,,DET,CHI,20,24
2010-12-05,2010,0,,ARI,LAR,6,19
2010-12-05,2010,0,,IND,DAL,35,38
2010-12-05,2010,0,,SEA,CAR,31,14
2010-12-05,2010,0,,LAC,OAK,13,28
2010-12-05,2010,0,,TB,ATL,24,28
2010-12-05,2010,0,,MIN,BUF,38,14
2010-12-05,2010,0,,KC,DEN,10,6
2010-12-05,2010,0,,GB,SF,34,16
2010-12-05,2010,0,,MIA,CLE,10,13
2010-12-06,2010,0,,NE,NYJ,45,3
2010-12-09,2010,0,,TEN,IND,28,30
2010-12-12,2010,0,,BUF,CLE,13,6
2010-12-12,2010,0,,NO,LAR,31,13
2010-12-12,2010,0,,WSH,TB,16,17
2010-12-12,2010,0,,CHI,NE,7,36
2010-12-12,2010,0,,JAX,OAK,38,31
2010-12-12,2010,0,,NYJ,MIA,6,10
2010-12-12,2010,0,,DET,GB,7,3
2010-12-12,2010,0,,ARI,DEN,43,13
2010-12-12,2010,0,,LAC,KC,31,0
2010-12-12,2010,0,,SF,SEA,40,21
2010-12-12,2010,0,,DAL,PHI,27,30
2010-12-12,2010,0,,PIT,CIN,23,7
2010-12-12,2010,0,,CAR,ATL,10,31
2010-12-13,2010,1,,NYG,MIN,21,3
2010-12-13,2010,0,,HOU,BAL,28,34
2010-12-16,2010,0,,LAC,SF,34,7
2010-12-19,2010,0,,TEN,HOU,31,17
2010-12-19,2010,0,,NE,GB,31,27
2010-12-19,2010,0,,DAL,WSH,33,30
2010-12-19,2010,0,,CAR,ARI,19,12
2010-12-19,2010,0,,TB,DET,20,23
2010-12-19,2010,0,,SEA,ATL,18,34
2010-12-19,2010,0,,IND,JAX,34,24
2010-12-19,2010,0,,BAL,NO,30,24
2010-12-19,2010,0,,CIN,CLE,19,17
2010-12-19,2010,0,,LAR,KC,13,27
2010-12-19,2010,0,,MIA,BUF,14,17
2010-12-19,2010,0,,NYG,PHI,31,38
2010-12-19,2010,0,,PIT,NYJ,17,22
2010-12-19,2010,0,,OAK,DEN,39,23
2010-12-20,2010,0,,MIN,CHI,14,40
2010-12-23,2010,0,,PIT,CAR,27,3
2010-12-25,2010,0,,ARI,DAL,27,26
2010-12-26,2010,0,,OAK,IND,26,31
2010-12-26,2010,0,,KC,TEN,34,14
2010-12-26,2010,0,,GB,NYG,45,17
2010-12-26,2010,0,,CLE,BAL,10,20
2010-12-26,2010,0,,TB,SEA,38,15
2010-12-26,2010,0,,LAR,SF,25,17
2010-12-26,2010,0,,DEN,HOU,24,23
2010-12-26,2010,0,,CHI,NYJ,38,34
2010-12-26,2010,0,,BUF,NE,3,34
2010-12-26,2010,0,,CIN,LAC,34,20
2010-12-26,2010,0,,JAX,WSH,17,20
2010-12-26,2010,0,,MIA,DET,27,34
2010-12-27,2010,0,,ATL,NO,14,17
2010-12-28,2010,0,,PHI,MIN,14,24
2011-01-02,2010,0,,SEA,LAR,16,6
2011-01-02,2010,0,,KC,OAK,10,31
2011-01-02,2010,0,,NE,MIA,38,7
2011-01-02,2010,0,,PHI,DAL,13,14
2011-01-02,2010,0,,BAL,CIN,13,7
2011-01-02,2010,0,,WSH,NYG,14,17
2011-01-02,2010,0,,HOU,JAX,34,17
2011-01-02,2010,0,,DET,MIN,20,13
2011-01-02,2010,0,,NO,TB,13,23
2011-01-02,2010,0,,NYJ,BUF,38,7
2011-01-02,2010,0,,SF,ARI,38,7
2011-01-02,2010,0,,IND,TEN,23,20
2011-01-02,2010,0,,DEN,LAC,28,33
2011-01-02,2010,0,,ATL,CAR,31,10
2011-01-02,2010,0,,CLE,PIT,9,41
2011-01-02,2010,0,,GB,CHI,10,3
2011-01-08,2010,0,w,IND,NYJ,16,17
2011-01-08,2010,0,w,SEA,NO,41,36
2011-01-09,2010,0,w,KC,BAL,7,30
2011-01-09,2010,0,w,PHI,GB,16,21
2011-01-15,2010,0,d,PIT,BAL,31,24
2011-01-15,2010,0,d,ATL,GB,21,48
2011-01-16,2010,0,d,CHI,SEA,35,24
2011-01-16,2010,0,d,NE,NYJ,21,28
2011-01-23,2010,0,c,CHI,GB,14,21
2011-01-23,2010,0,c,PIT,NYJ,24,19
2011-02-06,2010,1,s,PIT,GB,25,31
2011-09-08,2011,0,,GB,NO,42,34
2011-09-11,2011,0,,JAX,TEN,16,14
2011-09-11,2011,0,,CHI,ATL,30,12
2011-09-11,2011,0,,WSH,NYG,28,14
2011-09-11,2011,0,,ARI,CAR,28,21
2011-09-11,2011,0,,HOU,IND,34,7
2011-09-11,2011,0,,LAR,PHI,13,31
2011-09-11,2011,0,,TB,DET,20,27
2011-09-11,2011,0,,NYJ,DAL,27,24
2011-09-11,2011,0,,BAL,PIT,35,7
2011-09-11,2011,0,,LAC,MIN,24,17
2011-09-11,2011,0,,SF,SEA,33,17
2011-09-11,2011,0,,KC,BUF,7,41
2011-09-11,2011,0,,CLE,CIN,17,27
2011-09-12,2011,0,,MIA,NE,24,38
2011-09-12,2011,0,,DEN,OAK,20,23
2011-09-18,2011,0,,CAR,GB,23,30
2011-09-18,2011,0,,WSH,ARI,22,21
2011-09-18,2011,0,,TEN,BAL,26,13
2011-09-18,2011,0,,MIA,HOU,13,23
2011-09-18,2011,0,,DET,KC,48,3
2011-09-18,2011,0,,IND,CLE,19,27
2011-09-18,2011,0,,NE,LAC,35,21
2011-09-18,2011,0,,NYJ,JAX,32,3
2011-09-18,2011,0,,SF,DAL,24,27
2011-09-18,2011,0,,MIN,TB,20,24
2011-09-18,2011,0,,NO,CHI,30,13
2011-09-18,2011,0,,PIT,SEA,24,0
2011-09-18,2011,0,,BUF,OAK,38,35
2011-09-18,2011,0,,DEN,CIN,24,22
2011-09-18,2011,0,,ATL,PHI,35,31
2011-09-19,2011,0,,NYG,LAR,28,16
2011-09-25,2011,0,,CHI,GB,17,27
2011-09-25,2011,0,,SEA,ARI,13,10
2011-09-25,2011,0,,CAR,JAX,16,10
2011-09-25,2011,0,,TB,ATL,16,13
2011-09-25,2011,0,,TEN,DEN,17,14
2011-09-25,2011,0,,BUF,NE,34,31
2011-09-25,2011,0,,LAC,KC,20,17
2011-09-25,2011,0,,LAR,BAL,7,37
2011-09-25,2011,0,,CLE,MIA,17,16
2011-09-25,2011,0,,MIN,DET,23,26
2011-09-25,2011,0,,PHI,NYG,16,29
2011-09-25,2011,0,,CIN,SF,8,13
2011-09-25,2011,0,,NO,HOU,40,33
2011-09-25,2011,0,,OAK,NYJ,34,24
2011-09-25,2011,0,,IND,PIT,20,23
2011-09-26,2011,0,,DAL,WSH,18,16
2011-10-02,2011,0,,JAX,NO,10,23
2011-10-02,2011,0,,KC,MIN,22,17
2011-10-02,2011,0,,OAK,NE,19,31
2011-10-02,2011,0,,PHI,SF,23,24
2011-10-02,2011,0,,BAL,NYJ,34,17
2011-10-02,2011,0,,CIN,BUF,23,20
2011-10-02,2011,0,,DAL,DET,30,34
2011-10-02,2011,0,,LAR,WSH,10,17
2011-10-02,2011,0,,SEA,ATL,28,30
2011-10-02,2011,0,,CLE,TEN,13,31
2011-10-02,2011,0,,CHI,CAR,34,29
2011-10-02,2011,0,,ARI,NYG,27,31
2011-10-02,2011,0,,LAC,MIA,26,16
2011-10-02,2011,0,,GB,DEN,49,23
2011-10-02,2011,0,,HOU,PIT,17,10
2011-10-03,2011,0,,TB,IND,24,17
2011-10-09,2011,0,,ATL,GB,14,25
2011-10-09,2011,0,,BUF,PHI,31,24
2011-10-09,2011,0,,CAR,NO,27,30
2011-10-09,2011,0,,HOU,OAK,20,25
2011-10-09,2011,0,,PIT,TEN,38,17
2011-10-09,2011,0,,SF,TB,48,3
2011-10-09,2011,0,,NYG,SEA,25,36
2011-10-09,2011,0,,MIN,ARI,34,10
2011-10-09,2011,0,,IND,KC,24,28
2011-10-09,2011,0,,NE,NYJ,30,21
2011-10-09,2011,0,,JAX,CIN,20,30
2011-10-09,2011,0,,DEN,LAC,24,29
2011-10-10,2011,0,,DET,CHI,24,13
2011-10-16,2011,0,,PIT,JAX,17,13
2011-10-16,2011,0,,NE,DAL,20,16
2011-10-16,2011,0,,CIN,IND,27,17
2011-10-16,2011,0,,ATL,CAR,31,17
2011-10-16,2011,0,,DET,SF,19,25
2011-10-16,2011,0,,WSH,PHI,13,20
2011-10-16,2011,0,,BAL,HOU,29,14
2011-10-16,2011,0,,CHI,MIN,39,10
2011-10-16,2011,0,,NYG,BUF,27,24
2011-10-16,2011,0,,TB,NO,26,20
2011-10-16,2011,0,,GB,LAR,24,3
2011-10-16,2011,0,,OAK,CLE,24,17
2011-10-17,2011,0,,NYJ,MIA,24,6
2011-10-23,2011,0,,ARI,PIT,20,32
2011-10-23,2011,0,,DAL,LAR,34,7
2011-10-23,2011,0,,NYJ,LAC,27,21
2011-10-23,2011,0,,DET,ATL,16,23
2011-10-23,2011,1,,CHI,TB,24,18
2011-10-23,2011,0,,OAK,KC,0,28
2011-10-23,2011,0,,CLE,SEA,6,3
2011-10-23,2011,0,,NO,IND,62,7
2011-10-23,2011,0,,MIN,GB,27,33
2011-10-23,2011,0,,MIA,DEN,15,18
2011-10-23,2011,0,,TEN,HOU,7,41
2011-10-23,2011,0,,CAR,WSH,33,20
2011-10-24,2011,0,,JAX,BAL,12,7
2011-10-30,2011,0,,NYG,MIA,20,17
2011-10-30,2011,0,,LAR,NO,31,21
2011-10-30,2011,0,,PIT,NE,25,17
2011-10-30,2011,0,,TEN,IND,27,10
2011-10-30,2011,0,,BAL,ARI,30,27
2011-10-30,2011,0,,SEA,CIN,12,34
2011-10-30,2011,0,,CAR,MIN,21,24
2011-10-30,2011,0,,BUF,WSH,23,0
2011-10-30,2011,0,,HOU,JAX,24,14
2011-10-30,2011,0,,DEN,DET,10,45
2011-10-30,2011,0,,SF,CLE,20,10
2011-10-30,2011,0,,PHI,DAL,34,7
2011-10-31,2011,0,,KC,LAC,23,20
2011-11-06,2011,0,,OAK,DEN,24,38
2011-11-06,2011,0,,KC,MIA,3,31
2011-11-06,2011,0,,TEN,CIN,17,24
2011-11-06,2011,0,,LAC,GB,38,45
2011-11-06,2011,0,,WSH,SF,11,19
2011-11-06,2011,0,,IND,ATL,7,31
2011-11-06,2011,0,,HOU,CLE,30,12
2011-11-06,2011,0,,NO,TB,27,16
2011-11-06,2011,0,,NE,NYG,20,24
2011-11-06,2011,0,,PIT,BAL,20,23
2011-11-06,2011,0,,BUF,NYJ,11,27
2011-11-06,2011,0,,DAL,SEA,23,13
2011-11-06,2011,0,,ARI,LAR,19,13
2011-11-07,2011,0,,PHI,CHI,24,30
2011-11-10,2011,0,,LAC,OAK,17,24
2011-11-13,2011,0,,KC,DEN,10,17
2011-11-13,2011,0,,NYJ,NE,16,37
2011-11-13,2011,0,,SF,NYG,27,20
2011-11-13,2011,0,,ATL,NO,23,26
2011-11-13,2011,0,,CHI,DET,37,13
2011-11-13,2011,0,,CAR,TEN,3,30
2011-11-13,2011,0,,CIN,PIT,17,24
2011-11-13,2011,0,,PHI,ARI,17,21
2011-11-13,2011,0,,CLE,LAR,12,13
2011-11-13,2011,0,,MIA,WSH,20,9
2011-11-13,2011,0,,IND,JAX,3,17
2011-11-13,2011,0,,SEA,BAL,22,17
2011-11-13,2011,0,,TB,HOU,9,37
2011-11-13,2011,0,,DAL,BUF,44,7
2011-11-14,2011,0,,GB,MIN,45,7
2011-11-17,2011,0,,DEN,NYJ,17,13
2011-11-20,2011,0,,MIN,OAK,21,27
2011-11-20,2011,0,,NYG,PHI,10,17
2011-11-20,2011,0,,SF,ARI,23,7
2011-11-20,2011,0,,ATL,TEN,23,17
2011-11-20,2011,0,,MIA,BUF,35,8
2011-11-20,2011,0,,CHI,LAC,31,20
2011-11-20,2011,0,,WSH,DAL,24,27
2011-11-20,2011,0,,GB,TB,35,26
2011-11-20,2011,0,,LAR,SEA,7,24
2011-11-20,2011,0,,DET,CAR,49,35
2011-11-20,2011,0,,CLE,JAX,14,10
2011-11-20,2011,0,,BAL,CIN,31,24
2011-11-21,2011,0,,NE,KC,34,3
2011-11-24,2011,0,,BAL,SF,16,6
2011-11-24,2011,0,,DET,GB,15,27
2011-11-24,2011,0,,DAL,MIA,20,19
2011-11-27,2011,0,,IND,CAR,19,27
2011-11-27,2011,0,,LAC,DEN,13,16
2011-11-27,2011,0,,NYJ,BUF,28,24
2011-11-27,2011,0,,ATL,MIN,24,14
2011-11-27,2011,0,,TEN,TB,23,17
2011-11-27,2011,0,,PHI,NE,20,38
2011-11-27,2011,0,,KC,PIT,9,13
2011-11-27,2011,0,,OAK,CHI,25,20
2011-11-27,2011,0,,SEA,WSH,17,23
2011-11-27,2011,0,,LAR,ARI,20,23
2011-11-27,2011,0,,JAX,HOU,13,20
2011-11-27,2011,0,,CIN,CLE,23,20
2011-11-28,2011,0,,NO,NYG,49,24
2011-12-01,2011,0,,SEA,PHI,31,14
2011-12-04,2011,0,,BUF,TEN,17,23
2011-12-04,2011,0,,NYG,GB,35,38
2011-12-04,2011,0,,TB,CAR,19,38
2011-12-04,2011,0,,MIN,DEN,32,35
2011-12-04,2011,0,,NO,DET,31,17
2011-12-04,2011,0,,HOU,ATL,17,10
2011-12-04,2011,0,,CHI,KC,3,10
2011-12-04,2011,0,,SF,LAR,26,0
2011-12-04,2011,0,,PIT,CIN,35,7
2011-12-04,2011,0,,NE,IND,31,24
2011-12-04,2011,0,,ARI,DAL,19,13
2011-12-04,2011,0,,WSH,NYJ,19,34
2011-12-04,2011,0,,MIA,OAK,34,14
2011-12-04,2011,0,,CLE,BAL,10,24
2011-12-05,2011,0,,JAX,LAC,14,38
2011-12-08,2011,0,,PIT,CLE,14,3
2011-12-11,2011,0,,DAL,NYG,34,37
2011-12-11,2011,0,,NYJ,KC,37,10
2011-12-11,2011,0,,CAR,ATL,23,31
2011-12-11,2011,0,,GB,OAK,46,16
2011-12-11,2011,0,,JAX,TB,41,14
2011-12-11,2011,0,,BAL,IND,24,10
2011-12-11,2011,0,,ARI,SF,21,19
2011-12-11,2011,0,,LAC,BUF,37,10
2011-12-11,2011,0,,CIN,HOU,19,20
2011-12-11,2011,0,,WSH,NE,27,34
2011-12-11,2011,0,,TEN,NO,17,22
2011-12-11,2011,0,,MIA,PHI,10,26
2011-12-11,2011,0,,DET,MIN,34,28
2011-12-11,2011,0,,DEN,CHI,13,10
2011-12-12,2011,0,,SEA,LAR,30,13
2011-12-15,2011,0,,ATL,JAX,41,14
2011-12-17,2011,0,,TB,DAL,15,31
2011-12-18,2011,0,,IND,TEN,27,13
2011-12-18,2011,0,,ARI,CLE,20,17
2011-12-18,2011,0,,LAR,CIN,13,20
2011-12-18,2011,0,,KC,GB,19,14
2011-12-18,2011,0,,BUF,MIA,23,30
2011-12-18,2011,0,,NYG,WSH,10,23
2011-12-18,2011,0,,CHI,SEA,14,38
2011-12-18,2011,0,,PHI,NYJ,45,19
2011-12-18,2011,0,,OAK,DET,27,28
2011-12-18,2011,0,,DEN,NE,23,41
2011-12-18,2011,0,,HOU,CAR,13,28
2011-12-18,2011,0,,MIN,NO,20,42
2011-12-18,2011,0,,LAC,BAL,34,14
2011-12-19,2011,0,,SF,PIT,20,3
2011-12-22,2011,0,,IND,HOU,19,16
2011-12-24,2011,0,,KC,OAK,13,16
2011-12-24,2011,0,,NE,MIA,27,24
2011-12-24,2011,0,,DET,LAC,38,10
2011-12-24,2011,0,,TEN,JAX,23,17
2011-12-24,2011,0,,SEA,SF,17,19
2011-12-24,2011,0,,CAR,TB,48,16
2011-12-24,2011,0,,BAL,CLE,20,14
2011-12-24,2011,0,,DAL,PHI,7,20
2011-12-24,2011,0,,WSH,MIN,26,33
2011-12-24,2011,0,,BUF,DEN,40,14
2011-12-24,2011,0,,PIT,LAR,27,0
2011-12-24,2011,0,,NYJ,NYG,14,29
2011-12-24,2011,0,,CIN,ARI,23,16
2011-12-25,2011,0,,GB,CHI,35,21
2011-12-26,2011,0,,NO,ATL,45,16
2012-01-01,2011,0,,MIN,CHI,13,17
2012-01-01,2011,0,,OAK,LAC,26,38
2012-01-01,2011,0,,PHI,WSH,34,10
2012-01-01,2011,0,,ARI,SEA,23,20
2012-01-01,2011,0,,NO,CAR,45,17
2012-01-01,2011,0,,JAX,IND,19,13
2012-01-01,2011,0,,MIA,NYJ,19,17
2012-01-01,2011,0,,ATL,TB,45,24
2012-01-01,2011,0,,LAR,SF,27,34
2012-01-01,2011,0,,CIN,BAL,16,24
2012-01-01,2011,0,,DEN,KC,3,7
2012-01-01,2011,0,,GB,DET,45,41
2012-01-01,2011,0,,HOU,TEN,22,23
2012-01-01,2011,0,,CLE,PIT,9,13
2012-01-01,2011,0,,NYG,DAL,31,14
2012-01-01,2011,0,,NE,BUF,49,21
2012-01-07,2011,0,w,NO,DET,45,28
2012-01-07,2011,0,w,HOU,CIN,31,10
2012-01-08,2011,0,w,DEN,PIT,29,23
2012-01-08,2011,0,w,NYG,ATL,24,2
2012-01-14,2011,0,d,SF,NO,36,32
2012-01-14,2011,0,d,NE,DEN,45,10
2012-01-15,2011,0,d,GB,NYG,20,37
2012-01-15,2011,0,d,BAL,HOU,20,13
2012-01-22,2011,0,c,NE,BAL,23,20
2012-01-22,2011,0,c,SF,NYG,17,20
2012-02-05,2011,1,s,NYG,NE,21,17
2012-09-05,2012,0,,NYG,DAL,17,24
2012-09-09,2012,0,,NO,WSH,32,40
2012-09-09,2012,0,,GB,SF,22,30
2012-09-09,2012,0,,TB,CAR,16,10
2012-09-09,2012,0,,DET,LAR,27,23
2012-09-09,2012,0,,TEN,NE,13,34
2012-09-09,2012,0,,CHI,IND,41,21
2012-09-09,2012,0,,CLE,PHI,16,17
2012-09-09,2012,0,,ARI,SEA,20,16
2012-09-09,2012,0,,HOU,MIA,30,10
2012-09-09,2012,0,,DEN,PIT,31,19
2012-09-09,2012,0,,MIN,JAX,26,23
2012-09-09,2012,0,,KC,ATL,24,40
2012-09-09,2012,0,,NYJ,BUF,48,28
2012-09-10,2012,0,,OAK,LAC,14,22
2012-09-10,2012,0,,BAL,CIN,44,13
2012-09-13,2012,0,,GB,CHI,23,10
2012-09-16,2012,0,,IND,MIN,23,20
2012-09-16,2012,0,,CIN,CLE,34,27
2012-09-16,2012,0,,PHI,BAL,24,23
2012-09-16,2012,0,,SEA,DAL,27,7
2012-09-16,2012,0,,BUF,KC,35,17
2012-09-16,2012,0,,LAC,TEN,38,10
2012-09-16,2012,0,,JAX,HOU,7,27
2012-09-16,2012,0,,CAR,NO,35,27
2012-09-16,2012,0,,SF,DET,27,19
2012-09-16,2012,0,,NYG,TB,41,34
2012-09-16,2012,0,,LAR,WSH,31,28
2012-09-16,2012,0,,NE,ARI,18,20
2012-09-16,2012,0,,MIA,OAK,35,13
2012-09-16,2012,0,,PIT,NYJ,27,10
2012-09-17,2012,0,,ATL,DEN,27,21
2012-09-20,2012,0,,CAR,NYG,7,36
2012-09-23,2012,0,,DAL,TB,16,10
2012-09-23,2012,0,,NO,KC,24,27
2012-09-23,2012,0,,DEN,HOU,25,31
2012-09-23,2012,0,,OAK,PIT,34,31
2012-09-23,2012,0,,MIN,SF,24,13
2012-09-23,2012,0,,IND,JAX,17,22
2012-09-23,2012,0,,CLE,BUF,14,24
2012-09-23,2012,0,,LAC,ATL,3,27
2012-09-23,2012,0,,CHI,LAR,23,6
2012-09-23,2012,0,,BAL,NE,31,30
2012-09-23,2012,0,,WSH,CIN,31,38
2012-09-23,2012,0,,TEN,DET,44,41
2012-09-23,2012,0,,ARI,PHI,27,6
2012-09-23,2012,0,,MIA,NYJ,20,23
2012-09-24,2012,0,,SEA,GB,14,12
2012-09-27,2012,0,,BAL,CLE,23,16
2012-09-30,2012,0,,ATL,CAR,30,28
2012-09-30,2012,0,,GB,NO,28,27
2012-09-30,2012,0,,ARI,MIA,24,21
2012-09-30,2012,0,,LAR,SEA,19,13
2012-09-30,2012,0,,HOU,TEN,38,14
2012-09-30,2012,0,,BUF,NE,28,52
2012-09-30,2012,0,,JAX,CIN,10,27
2012-09-30,2012,0,,KC,LAC,20,37
2012-09-30,2012,0,,NYJ,SF,0,34
2012-09-30,2012,0,,TB,WSH,22,24
2012-09-30,2012,0,,DEN,OAK,37,6
2012-09-30,2012,0,,DET,MIN,13,20
2012-09-30,2012,0,,PHI,NYG,19,17
2012-10-01,2012,0,,DAL,CHI,18,34
2012-10-04,2012,0,,LAR,ARI,17,3
2012-10-07,2012,0,,NE,DEN,31,21
2012-10-07,2012,0,,SF,BUF,45,3
2012-10-07,2012,0,,KC,BAL,6,9
2012-10-07,2012,0,,NO,LAC,31,24
2012-10-07,2012,0,,WSH,ATL,17,24
2012-10-07,2012,0,,NYG,CLE,41,27
2012-10-07,2012,0,,PIT,PHI,16,14
2012-10-07,2012,0,,JAX,CHI,3,41
2012-10-07,2012,0,,CAR,SEA,12,16
2012-10-07,2012,0,,MIN,TEN,30,7
2012-10-07,2012,0,,IND,GB,30,27
2012-10-07,2012,0,,CIN,MIA,13,17
2012-10-08,2012,0,,NYJ,HOU,17,23
2012-10-11,2012,0,,TEN,PIT,26,23
2012-10-14,2012,0,,SF,NYG,3,26
2012-10-14,2012,0,,NYJ,IND,35,9
2012-10-14,2012,0,,HOU,GB,24,42
2012-10-14,2012,0,,TB,KC,38,10
2012-10-14,2012,0,,BAL,DAL,31,29
2012-10-14,2012,0,,MIA,LAR,17,14
2012-10-14,2012,0,,ARI,BUF,16,19
2012-10-14,2012,0,,PHI,DET,23,26
2012-10-14,2012,0,,ATL,OAK,23,20
2012-10-14,2012,0,,CLE,CIN,34,24
2012-10-14,2012,0,,WSH,MIN,38,26
2012-10-14,2012,0,,SEA,NE,24,23
2012-10-15,2012,0,,LAC,DEN,24,35
2012-10-18,2012,0,,SF,SEA,13,6
2012-10-21,2012,0,,LAR,GB,20,30
2012-10-21,2012,0,,NYG,WSH,27,23
2012-10-21,2012,0,,TB,NO,28,35
2012-10-21,2012,0,,CIN,PIT,17,24
2012-10-21,2012,0,,CAR,DAL,14,19
2012-10-21,2012,0,,HOU,BAL,43,13
2012-10-21,2012,0,,NE,NYJ,29,26
2012-10-21,2012,0,,BUF,TEN,34,35
2012-10-21,2012,0,,IND,CLE,17,13
2012-10-21,2012,0,,MIN,ARI,21,14
2012-10-21,2012,0,,OAK,JAX,26,23
2012-10-22,2012,0,,CHI,DET,13,7
2012-10-25,2012,0,,MIN,TB,17,36
2012-10-28,2012,0,,NYJ,MIA,9,30
2012-10-28,2012,0,,TEN,IND,13,19
2012-10-28,2012,0,,PIT,WSH,27,12
2012-10-28,2012,0,,CLE,LAC,7,6
2012-10-28,2012,0,,GB,JAX,24,15
2012-10-28,2012,0,,CHI,CAR,23,22
2012-10-28,2012,0,,DEN,NO,34,14
2012-10-28,2012,1,,NE,LAR,45,7
2012-10-28,2012,0,,PHI,ATL,17,30
2012-10-28,2012,0,,DET,SEA,28,24
2012-10-28,2012,0,,KC,OAK,16,26
2012-10-28,2012,0,,DAL,NYG,24,29
2012-10-29,2012,0,,ARI,SF,3,24
2012-11-01,2012,0,,LAC,KC,31,13
2012-11-04,2012,0,,CIN,DEN,23,31
2012-11-04,2012,0,,IND,MIA,23,20
2012-11-04,2012,0,,GB,ARI,31,17
2012-11-04,2012,0,,HOU,BUF,21,9
2012-11-04,2012,0,,WSH,CAR,13,21
2012-11-04,2012,0,,OAK,TB,32,42
2012-11-04,2012,0,,JAX,DET,14,31
2012-11-04,2012,0,,CLE,BAL,15,25
2012-11-04,2012,0,,TEN,CHI,20,51
2012-11-04,2012,0,,SEA,MIN,30,20
2012-11-04,2012,0,,ATL,DAL,19,13
2012-11-04,2012,0,,NYG,PIT,20,24
2012-11-05,2012,0,,NO,PHI,28,13
2012-11-08,2012,0,,JAX,IND,10,27
2012-11-11,2012,0,,NO,ATL,31,27
2012-11-11,2012,0,,SF,LAR,24,24
2012-11-11,2012,0,,NE,BUF,37,31
2012-11-11,2012,0,,MIN,DET,34,24
2012-11-11,2012,0,,BAL,OAK,55,20
2012-11-11,2012,0,,TB,LAC,34,24
2012-11-11,2012,0,,MIA,TEN,3,37
2012-11-11,2012,0,,SEA,NYJ,28,7
2012-11-11,2012,0,,CAR,DEN,14,36
2012-11-11,2012,0,,PHI,DAL,23,38
2012-11-11,2012,0,,CIN,NYG,31,13
2012-11-11,2012,0,,CHI,HOU,6,13
2012-11-12,2012,0,,PIT,KC,16,13
2012-11-15,2012,0,,BUF,MIA,19,14
2012-11-18,2012,0,,KC,CIN,6,28
2012-11-18,2012,0,,LAR,NYJ,13,27
2012-11-18,2012,0,,DAL,CLE,23,20
2012-11-18,2012,0,,WSH,PHI,31,6
2012-11-18,2012,0,,PIT,BAL,10,13
2012-11-18,2012,0,,ATL,ARI,23,19
2012-11-18,2012,0,,DET,GB,20,24
2012-11-18,2012,0,,OAK,NO,17,38
2012-11-18,2012,0,,HOU,JAX,43,37
2012-11-18,2012,0,,DEN,LAC,30,23
2012-11-18,2012,0,,CAR,TB,21,27
2012-11-18,2012,0,,NE,IND,59,24
2012-11-19,2012,0,,SF,CHI,32,7
2012-11-22,2012,0,,NYJ,NE,19,49
2012-11-22,2012,0,,DAL,WSH,31,38
2012-11-22,2012,0,,DET,HOU,31,34
2012-11-25,2012,0,,NYG,GB,38,10
2012-11-25,2012,0,,JAX,TEN,24,19
2012-11-25,2012,0,,LAC,BAL,13,16
2012-11-25,2012,0,,KC,DEN,9,17
2012-11-25,2012,0,,CIN,OAK,34,10
2012-11-25,2012,0,,MIA,SEA,24,21
2012-11-25,2012,0,,CLE,PIT,20,14
2012-11-25,2012,0,,CHI,MIN,28,10
2012-11-25,2012,0,,NO,SF,21,31
2012-11-25,2012,0,,IND,BUF,20,13
2012-11-25,2012,0,,TB,ATL,23,24
2012-11-25,2012,0,,ARI,LAR,17,31
2012-11-26,2012,0,,PHI,CAR,22,30
2012-11-29,2012,0,,ATL,NO,23,13
2012-12-02,2012,0,,BAL,PIT,20,23
2012-12-02,2012,0,,BUF,JAX,34,18
2012-12-02,2012,0,,LAR,SF,16,13
2012-12-02,2012,0,,LAC,CIN,13,20
2012-12-02,2012,0,,DAL,PHI,38,33
2012-12-02,2012,0,,DET,IND,33,35
2012-12-02,2012,0,,OAK,CLE,17,20
2012-12-02,2012,0,,MIA,NE,16,23
2012-12-02,2012,0,,DEN,TB,31,23
2012-12-02,2012,0,,TEN,HOU,10,24
2012-12-02,2012,0,,KC,CAR,27,21
2012-12-02,2012,0,,GB,MIN,23,14
2012-12-02,2012,0,,NYJ,ARI,7,6
2012-12-02,2012,0,,CHI,SEA,17,23
2012-12-03,2012,0,,WSH,NYG,17,16
2012-12-06,2012,0,,OAK,DEN,13,26
2012-12-09,2012,0,,MIN,CHI,21,14
2012-12-09,2012,0,,TB,PHI,21,23
2012-12-09,2012,0,,CAR,ATL,30,20
2012-12-09,2012,0,,CLE,KC,30,7
2012-12-09,2012,0,,WSH,BAL,31,28
2012-12-09,2012,0,,PIT,LAC,24,34
2012-12-09,2012,0,,SEA,ARI,58,0
2012-12-09,2012,0,,GB,DET,27,20
2012-12-09,2012,0,,SF,MIA,27,13
2012-12-09,2012,0,,BUF,LAR,12,15
2012-12-09,2012,0,,JAX,NYJ,10,17
2012-12-09,2012,0,,CIN,DAL,19,20
2012-12-09,2012,0,,NYG,NO,52,27
2012-12-09,2012,0,,IND,TEN,27,23
2012-12-10,2012,0,,NE,HOU,42,14
2012-12-13,2012,0,,PHI,CIN,13,34
2012-12-16,2012,0,,NE,SF,34,41
2012-12-16,2012,0,,ARI,DET,38,10
2012-12-16,2012,0,,BUF,SEA,17,50
2012-12-16,2012,0,,LAR,MIN,22,36
2012-12-16,2012,0,,HOU,IND,29,17
2012-12-16,2012,0,,OAK,KC,15,0
2012-12-16,2012,0,,CLE,WSH,21,38
2012-12-16,2012,0,,NO,TB,41,0
2012-12-16,2012,0,,CHI,GB,13,21
2012-12-16,2012,0,,MIA,JAX,24,3
2012-12-16,2012,0,,DAL,PIT,27,24
2012-12-16,2012,0,,BAL,DEN,17,34
2012-12-16,2012,0,,ATL,NYG,34,0
2012-12-16,2012,0,,LAC,CAR,7,31
2012-12-17,2012,0,,TEN,NYJ,14,10
2012-12-22,2012,0,,DET,ATL,18,31
2012-12-23,2012,0,,GB,TEN,55,7
2012-12-23,2012,0,,KC,IND,13,20
2012-12-23,2012,0,,HOU,MIN,6,23
2012-12-23,2012,0,,DEN,CLE,34,12
2012-12-23,2012,0,,JAX,NE,16,23
2012-12-23,2012,0,,NYJ,LAC,17,27
2012-12-23,2012,0,,MIA,BUF,24,10
2012-12-23,2012,0,,SEA,SF,42,13
2012-12-23,2012,0,,CAR,OAK,17,6
2012-12-23,2012,0,,BAL,NYG,33,14
2012-12-23,2012,0,,DAL,NO,31,34
2012-12-23,2012,0,,ARI,CHI,13,28
2012-12-23,2012,0,,PIT,CIN,10,13
2012-12-23,2012,0,,PHI,WSH,20,27
2012-12-23,2012,0,,TB,LAR,13,28
2012-12-30,2012,0,,DET,CHI,24,26
2012-12-30,2012,0,,PIT,CLE,24,10
2012-12-30,2012,0,,CIN,BAL,23,17
2012-12-30,2012,0,,NE,MIA,28,0
2012-12-30,2012,0,,LAC,OAK,24,21
2012-12-30,2012,0,,TEN,JAX,38,20
2012-12-30,2012,0,,MIN,GB,37,34
2012-12-30,2012,0,,SEA,LAR,20,13
2012-12-30,2012,0,,DEN,KC,38,3
2012-12-30,2012,0,,NO,CAR,38,44
2012-12-30,2012,0,,WSH,DAL,28,18
2012-12-30,2012,0,,SF,ARI,27,13
2012-12-30,2012,0,,BUF,NYJ,28,9
2012-12-30,2012,0,,ATL,TB,17,22
2012-12-30,2012,0,,IND,HOU,28,16
2012-12-30,2012,0,,NYG,PHI,42,7
2013-01-05,2012,0,w,GB,MIN,24,10
2013-01-05,2012,0,w,HOU,CIN,19,13
2013-01-06,2012,0,w,BAL,IND,24,9
2013-01-06,2012,0,w,WSH,SEA,14,24
2013-01-12,2012,0,d,SF,GB,45,31
2013-01-12,2012,0,d,DEN,BAL,35,38
2013-01-13,2012,0,d,ATL,SEA,30,28
2013-01-13,2012,0,d,NE,HOU,41,28
2013-01-20,2012,0,c,NE,BAL,13,28
2013-01-20,2012,0,c,ATL,SF,24,28
2013-02-03,2012,1,s,BAL,SF,34,31
2013-09-05,2013,0,,DEN,BAL,49,27
2013-09-08,2013,0,,IND,OAK,21,17
2013-09-08,2013,0,,LAR,ARI,27,24
2013-09-08,2013,0,,CLE,MIA,10,23
2013-09-08,2013,0,,JAX,KC,2,28
2013-09-08,2013,0,,PIT,TEN,9,16
2013-09-08,2013,0,,NO,ATL,23,17
2013-09-08,2013,0,,CAR,SEA,7,12
2013-09-08,2013,0,,DAL,NYG,36,31
2013-09-08,2013,0,,BUF,NE,21,23
2013-09-08,2013,0,,DET,MIN,34,24
2013-09-08,2013,0,,CHI,CIN,24,21
2013-09-08,2013,0,,SF,GB,34,28
2013-09-08,2013,0,,NYJ,TB,18,17
2013-09-09,2013,0,,LAC,HOU,28,31
2013-09-09,2013,0,,WSH,PHI,27,33
2013-09-12,2013,0,,NE,NYJ,13,10
2013-09-15,2013,0,,ATL,LAR,31,24
2013-09-15,2013,0,,GB,WSH,38,20
2013-09-15,2013,0,,OAK,JAX,19,9
2013-09-15,2013,0,,HOU,TEN,30,24
2013-09-15,2013,0,,PHI,LAC,30,33
2013-09-15,2013,0,,ARI,DET,25,21
2013-09-15,2013,0,,CHI,MIN,31,30
2013-09-15,2013,0,,NYG,DEN,23,41
2013-09-15,2013,0,,TB,NO,14,16
2013-09-15,2013,0,,IND,MIA,20,24
2013-09-15,2013,0,,SEA,SF,29,3
2013-09-15,2013,0,,BUF,CAR,24,23
2013-09-15,2013,0,,BAL,CLE,14,6
2013-09-15,2013,0,,KC,DAL,17,16
2013-09-16,2013,0,,CIN,PIT,20,10
2013-09-19,2013,0,,PHI,KC,16,26
2013-09-22,2013,0,,SF,IND,7,27
2013-09-22,2013,0,,WSH,DET,20,27
2013-09-22,2013,0,,SEA,JAX,45,17
2013-09-22,2013,0,,BAL,HOU,30,9
2013-09-22,2013,0,,NO,ARI,31,7
2013-09-22,2013,0,,MIN,CLE,27,31
2013-09-22,2013,0,,NYJ,BUF,27,20
2013-09-22,2013,0,,MIA,ATL,27,23
2013-09-22,2013,0,,NE,TB,23,3
2013-09-22,2013,0,,PIT,CHI,23,40
2013-09-22,2013,0,,DAL,LAR,31,7
2013-09-22,2013,0,,CIN,GB,34,30
2013-09-22,2013,0,,TEN,LAC,20,17
2013-09-22,2013,0,,CAR,NYG,38,0
2013-09-23,2013,0,,DEN,OAK,37,21
2013-09-26,2013,0,,LAR,SF,11,35
2013-09-29,2013,0,,LAC,DAL,30,21
2013-09-29,2013,0,,BUF,BAL,23,20
2013-09-29,2013,0,,ATL,NE,23,30
2013-09-29,2013,0,,KC,NYG,31,7
2013-09-29,2013,0,,CLE,CIN,17,6
2013-09-29,2013,0,,TB,ARI,10,13
2013-09-29,2013,0,,DET,CHI,40,32
2013-09-29,2013,0,,OAK,WSH,14,24
2013-09-29,2013,0,,HOU,SEA,20,23
2013-09-29,2013,0,,DEN,PHI,52,20
2013-09-29,2013,0,,TEN,NYJ,38,13
2013-09-29,2013,1,,PIT,MIN,27,34
2013-09-29,2013,0,,JAX,IND,3,37
2013-09-30,2013,0,,NO,MIA,38,17
2013-10-03,2013,0,,CLE,BUF,37,24
2013-10-06,2013,0,,LAR,JAX,34,20
2013-10-06,2013,0,,GB,DET,22,9
2013-10-06,2013,0,,NYG,PHI,21,36
2013-10-06,2013,0,,ARI,CAR,22,6
2013-10-06,2013,0,,DAL,DEN,48,51
2013-10-06,2013,0,,MIA,BAL,23,26
2013-10-06,2013,0,,CIN,NE,13,6
2013-10-06,2013,0,,SF,HOU,34,3
2013-10-06,2013,0,,OAK,LAC,27,17
2013-10-06,2013,0,,IND,SEA,34,28
2013-10-06,2013,0,,TEN,KC,17,26
2013-10-06,2013,0,,CHI,NO,18,26
2013-10-07,2013,0,,ATL,NYJ,28,30
2013-10-10,2013,0,,CHI,NYG,27,21
2013-10-13,2013,0,,DEN,JAX,35,19
2013-10-13,2013,0,,MIN,CAR,10,35
2013-10-13,2013,0,,KC,OAK,24,7
2013-10-13,2013,0,,HOU,LAR,13,38
2013-10-13,2013,0,,TB,PHI,20,31
2013-10-13,2013,0,,BAL,GB,17,19
2013-10-13,2013,0,,SF,ARI,32,20
2013-10-13,2013,0,,CLE,DET,17,31
2013-10-13,2013,0,,DAL,WSH,31,16
2013-10-13,2013,0,,NYJ,PIT,6,19
2013-10-13,2013,0,,SEA,TEN,20,13
2013-10-13,2013,0,,NE,NO,30,27
2013-10-13,2013,0,,BUF,CIN,24,27
2013-10-14,2013,0,,LAC,IND,19,9
2013-10-17,2013,0,,ARI,SEA,22,34
2013-10-20,2013,0,,GB,CLE,31,13
2013-10-20,2013,0,,JAX,LAC,6,24
2013-10-20,2013,0,,PIT,BAL,19,16
2013-10-20,2013,0,,MIA,BUF,21,23
2013-10-20,2013,0,,IND,DEN,39,33
2013-10-20,2013,0,,CAR,LAR,30,15
2013-10-20,2013,0,,TEN,SF,17,31
2013-10-20,2013,0,,PHI,DAL,3,17
2013-10-20,2013,0,,WSH,CHI,45,41
2013-10-20,2013,0,,DET,CIN,24,27
2013-10-20,2013,0,,NYJ,NE,30,27
2013-10-20,2013,0,,ATL,TB,31,23
2013-10-20,2013,0,,KC,HOU,17,16
2013-10-21,2013,0,,NYG,MIN,23,7
2013-10-24,2013,0,,TB,CAR,13,31
2013-10-27,2013,0,,NO,BUF,35,17
2013-10-27,2013,0,,NE,MIA,27,17
2013-10-27,2013,0,,ARI,ATL,27,13
2013-10-27,2013,0,,DET,DAL,31,30
2013-10-27,2013,0,,CIN,NYJ,49,9
2013-10-27,2013,0,,KC,CLE,23,17
2013-10-27,2013,0,,PHI,NYG,7,15
2013-10-27,2013,1,,SF,JAX,42,10
2013-10-27,2013,0,,DEN,WSH,45,21
2013-10-27,2013,0,,OAK,PIT,21,18
2013-10-27,2013,0,,MIN,GB,31,44
2013-10-28,2013,0,,LAR,SEA,9,14
2013-10-31,2013,0,,MIA,CIN,22,20
2013-11-03,2013,0,,SEA,TB,27,24
2013-11-03,2013,0,,BUF,KC,13,23
2013-11-03,2013,0,,WSH,LAC,30,24
2013-11-03,2013,0,,CAR,ATL,34,10
2013-11-03,2013,0,,NYJ,NO,26,20
2013-11-03,2013,0,,OAK,PHI,20,49
2013-11-03,2013,0,,HOU,IND,24,27
2013-11-03,2013,0,,DAL,MIN,27,23
2013-11-03,2013,0,,CLE,BAL,24,18
2013-11-03,2013,0,,NE,PIT,55,31
2013-11-03,2013,0,,LAR,TEN,21,28
2013-11-04,2013,0,,GB,CHI,20,27
2013-11-07,2013,0,,MIN,WSH,34,27
2013-11-10,2013,0,,PIT,BUF,23,10
2013-11-10,2013,0,,NO,DAL,49,17
2013-11-10,2013,0,,BAL,CIN,20,17
2013-11-10,2013,0,,ATL,SEA,10,33
2013-11-10,2013,0,,SF,CAR,9,10
2013-11-10,2013,0,,ARI,HOU,27,24
2013-11-10,2013,0,,NYG,OAK,24,20
2013-11-10,2013,0,,TEN,JAX,27,29
2013-11-10,2013,0,,GB,PHI,13,27
2013-11-10,2013,0,,CHI,DET,19,21
2013-11-10,2013,0,,LAC,DEN,20,28
2013-11-10,2013,0,,IND,LAR,8,38
2013-11-11,2013,0,,TB,MIA,22,19
2013-11-14,2013,0,,TEN,IND,27,30
2013-11-17,2013,0,,PIT,DET,37,27
2013-11-17,2013,0,,PHI,WSH,24,16
2013-11-17,2013,0,,NO,SF,23,20
2013-11-17,2013,0,,DEN,KC,27,17
2013-11-17,2013,0,,TB,ATL,41,28
2013-11-17,2013,0,,MIA,LAC,20,16
2013-11-17,2013,0,,NYG,GB,27,13
2013-11-17,2013,0,,HOU,OAK,23,28
2013-11-17,2013,0,,BUF,NYJ,37,14
2013-11-17,2013,0,,SEA,MIN,41,20
2013-11-17,2013,0,,JAX,ARI,14,27
2013-11-17,2013,0,,CIN,CLE,41,20
2013-11-17,2013,0,,CHI,BAL,23,20
2013-11-18,2013,0,,CAR,NE,24,20
2013-11-21,2013,0,,ATL,NO,13,17
2013-11-24,2013,0,,OAK,TEN,19,23
2013-11-24,2013,0,,NYG,DAL,21,24
2013-11-24,2013,0,,KC,LAC,38,41
2013-11-24,2013,0,,CLE,PIT,11,27
2013-11-24,2013,0,,ARI,IND,40,11
2013-11-24,2013,0,,DET,TB,21,24
2013-11-24,2013,0,,MIA,CAR,16,20
2013-11-24,2013,0,,GB,MIN,26,26
2013-11-24,2013,0,,HOU,JAX,6,13
2013-11-24,2013,0,,LAR,CHI,42,21
2013-11-24,2013,0,,NE,DEN,34,31
2013-11-24,2013,0,,BAL,NYJ,19,3
2013-11-25,2013,0,,WSH,SF,6,27
2013-11-28,2013,0,,DET,GB,40,10
2013-11-28,2013,0,,DAL,OAK,31,24
2013-11-28,2013,0,,BAL,PIT,22,20
2013-12-01,2013,0,,MIN,CHI,23,20
2013-12-01,2013,0,,SF,LAR,23,13
2013-12-01,2013,0,,WSH,NYG,17,24
2013-12-01,2013,0,,NYJ,MIA,3,23
2013-12-01,2013,0,,IND,TEN,22,14
2013-12-01,2013,0,,LAC,CIN,10,17
2013-12-01,2013,0,,HOU,NE,31,34
2013-12-01,2013,0,,CLE,JAX,28,32
2013-12-01,2013,0,,KC,DEN,28,35
2013-12-01,2013,0,,BUF,ATL,31,34
2013-12-01,2013,0,,PHI,ARI,24,21
2013-12-01,2013,0,,CAR,TB,27,6
2013-12-02,2013,0,,SEA,NO,34,7
2013-12-05,2013,0,,JAX,HOU,27,20
2013-12-08,2013,0,,PHI,DET,34,20
2013-12-08,2013,0,,NE,CLE,27,26
2013-12-08,2013,0,,GB,ATL,22,21
2013-12-08,2013,0,,DEN,TEN,51,28
2013-12-08,2013,0,,NYJ,OAK,37,27
2013-12-08,2013,0,,BAL,MIN,29,26
2013-12-08,2013,0,,CIN,IND,42,28
2013-12-08,2013,0,,SF,SEA,19,17
2013-12-08,2013,0,,LAC,NYG,37,14
2013-12-08,2013,0,,NO,CAR,31,13
2013-12-08,2013,0,,TB,BUF,27,6
2013-12-08,2013,0,,WSH,KC,10,45
2013-12-08,2013,0,,ARI,LAR,30,10
2013-12-08,2013,0,,PIT,MIA,28,34
2013-12-09,2013,0,,CHI,DAL,45,28
2013-12-12,2013,0,,DEN,LAC,20,27
2013-12-15,2013,0,,MIA,NE,24,20
2013-12-15,2013,0,,CLE,CHI,31,38
2013-12-15,2013,0,,LAR,NO,27,16
2013-12-15,2013,0,,JAX,BUF,20,27
2013-12-15,2013,0,,TB,SF,14,33
2013-12-15,2013,0,,CAR,NYJ,30,20
2013-12-15,2013,0,,TEN,ARI,34,37
2013-12-15,2013,0,,PIT,CIN,30,20
2013-12-15,2013,0,,OAK,KC,31,56
2013-12-15,2013,0,,NYG,SEA,0,23
2013-12-15,2013,0,,IND,HOU,25,3
2013-12-15,2013,0,,ATL,WSH,27,26
2013-12-15,2013,0,,MIN,PHI,48,30
2013-12-15,2013,0,,DAL,GB,36,37
2013-12-16,2013,0,,DET,BAL,16,18
2013-12-22,2013,0,,GB,PIT,31,38
2013-12-22,2013,0,,BUF,MIA,19,0
2013-12-22,2013,0,,SEA,ARI,10,17
2013-12-22,2013,0,,CAR,NO,17,13
2013-12-22,2013,0,,LAC,OAK,26,13
2013-12-22,2013,0,,LAR,TB,23,13
2013-12-22,2013,0,,JAX,TEN,16,20
2013-12-22,2013,0,,KC,IND,7,23
2013-12-22,2013,0,,CIN,MIN,42,14
2013-12-22,2013,0,,WSH,DAL,23,24
2013-12-22,2013,0,,NYJ,CLE,24,13
2013-12-22,2013,0,,BAL,NE,7,41
2013-12-22,2013,0,,PHI,CHI,54,11
2013-12-22,2013,0,,DET,NYG,20,23
2013-12-22,2013,0,,HOU,DEN,13,37
2013-12-23,2013,0,,SF,ATL,34,24
2013-12-29,2013,0,,LAC,KC,27,24
2013-12-29,2013,0,,MIA,NYJ,7,20
2013-12-29,2013,0,,NE,BUF,34,20
2013-12-29,2013,0,,TEN,HOU,16,10
2013-12-29,2013,0,,OAK,DEN,14,34
2013-12-29,2013,0,,ARI,SF,20,23
2013-12-29,2013,0,,IND,JAX,30,10
2013-12-29,2013,0,,SEA,LAR,27,9
2013-12-29,2013,0,,MIN,DET,14,13
2013-12-29,2013,0,,CHI,GB,28,33
2013-12-29,2013,0,,DAL,PHI,22,24
2013-12-29,2013,0,,PIT,CLE,20,7
2013-12-29,2013,0,,NO,TB,42,17
2013-12-29,2013,0,,NYG,WSH,20,6
2013-12-29,2013,0,,ATL,CAR,20,21
2013-12-29,2013,0,,CIN,BAL,34,17
2014-01-04,2013,0,w,IND,KC,45,44
2014-01-04,2013,0,w,PHI,NO,24,26
2014-01-05,2013,0,w,CIN,LAC,10,27
2014-01-05,2013,0,w,GB,SF,20,23
2014-01-11,2013,0,d,SEA,NO,23,15
2014-01-11,2013,0,d,NE,IND,43,22
2014-01-12,2013,0,d,CAR,SF,10,23
2014-01-12,2013,0,d,DEN,LAC,24,17
2014-01-19,2013,0,c,DEN,NE,26,16
2014-01-19,2013,0,c,SEA,SF,23,17
2014-02-02,2013,1,s,DEN,SEA,8,43
2014-09-04,2014,0,,SEA,GB,36,16
2014-09-07,2014,0,,BAL,CIN,16,23
2014-09-07,2014,0,,HOU,WSH,17,6
2014-09-07,2014,0,,CHI,BUF,20,23
2014-09-07,2014,0,,PIT,CLE,30,27
2014-09-07,2014,0,,TB,CAR,14,20
2014-09-07,2014,0,,KC,TEN,10,26
2014-09-07,2014,0,,LAR,MIN,6,34
2014-09-07,2014,0,,DEN,IND,31,24
2014-09-07,2014,0,,PHI,JAX,34,17
2014-09-07,2014,0,,MIA,NE,33,20
2014-09-07,2014,0,,DAL,SF,17,28
2014-09-07,2014,0,,ATL,NO,37,34
2014-09-07,2014,0,,NYJ,OAK,19,14
2014-09-08,2014,0,,ARI,LAC,18,17
2014-09-08,2014,0,,DET,NYG,35,14
2014-09-11,2014,0,,BAL,PIT,26,6
2014-09-14,2014,0,,OAK,HOU,14,30
2014-09-14,2014,0,,MIN,NE,7,30
2014-09-14,2014,0,,NYG,ARI,14,25
2014-09-14,2014,0,,CAR,DET,24,7
2014-09-14,2014,0,,CLE,NO,26,24
2014-09-14,2014,0,,GB,NYJ,31,24
2014-09-14,2014,0,,CIN,ATL,24,10
2014-09-14,2014,0,,LAC,SEA,30,21
2014-09-14,2014,0,,TB,LAR,17,19
2014-09-14,2014,0,,SF,CHI,20,28
2014-09-14,2014,0,,DEN,KC,24,17
2014-09-14,2014,0,,WSH,JAX,41,10
2014-09-14,2014,0,,BUF,MIA,29,10
2014-09-14,2014,0,,TEN,DAL,10,26
2014-09-15,2014,0,,IND,PHI,27,30
2014-09-18,2014,0,,ATL,TB,56,14
2014-09-21,2014,0,,NE,OAK,16,9
2014-09-21,2014,0,,NO,MIN,20,9
2014-09-21,2014,0,,DET,GB,19,7
2014-09-21,2014,0,,CLE,BAL,21,23
2014-09-21,2014,0,,CAR,PIT,19,37
2014-09-21,2014,0,,ARI,SF,23,14
2014-09-21,2014,0,,BUF,LAC,10,22
2014-09-21,2014,0,,CIN,TEN,33,7
2014-09-21,2014,0,,PHI,WSH,37,34
2014-09-21,2014,0,,MIA,KC,15,34
2014-09-21,2014,0,,LAR,DAL,31,34
2014-09-21,2014,0,,JAX,IND,17,44
2014-09-21,2014,0,,NYG,HOU,30,17
2014-09-21,2014,0,,SEA,DEN,26,20
2014-09-22,2014,0,,NYJ,CHI,19,27
2014-09-25,2014,0,,WSH,NYG,14,45
2014-09-28,2014,0,,HOU,BUF,23,17
2014-09-28,2014,0,,IND,TEN,41,17
2014-09-28,2014,0,,NYJ,DET,17,24
2014-09-28,2014,0,,BAL,CAR,38,10
2014-09-28,2014,1,,MIA,OAK,38,14
2014-09-28,2014,0,,LAC,JAX,33,14
2014-09-28,2014,0,,CHI,GB,17,38
2014-09-28,2014,0,,PIT,TB,24,27
2014-09-28,2014,0,,SF,PHI,26,21
2014-09-28,2014,0,,DAL,NO,38,17
2014-09-28,2014,0,,MIN,ATL,41,28
2014-09-29,2014,0,,KC,NE,41,14
2014-10-02,2014,0,,GB,MIN,42,10
2014-10-05,2014,0,,NE,CIN,43,17
2014-10-05,2014,0,,IND,BAL,20,13
2014-10-05,2014,0,,DEN,ARI,41,20
2014-10-05,2014,0,,DAL,HOU,20,17
2014-10-05,2014,0,,NO,TB,37,31
2014-10-05,2014,0,,NYG,ATL,30,20
2014-10-05,2014,0,,SF,KC,22,17
2014-10-05,2014,0,,JAX,PIT,9,17
2014-10-05,2014,0,,LAC,NYJ,31,0
2014-10-05,2014,0,,PHI,LAR,34,28
2014-10-05,2014,0,,CAR,CHI,31,24
2014-10-05,2014,0,,TEN,CLE,28,29
2014-10-05,2014,0,,DET,BUF,14,17
2014-10-06,2014,0,,WSH,SEA,17,27
2014-10-09,2014,0,,HOU,IND,28,33
2014-10-12,2014,0,,MIN,DET,3,17
2014-10-12,2014,0,,TEN,JAX,16,14
2014-10-12,2014,0,,BUF,NE,22,37
2014-10-12,2014,0,,SEA,DAL,23,30
2014-10-12,2014,0,,NYJ,DEN,17,31
2014-10-12,2014,0,,ATL,CHI,13,27
2014-10-12,2014,0,,CLE,PIT,31,10
2014-10-12,2014,0,,TB,BAL,17,48
2014-10-12,2014,0,,PHI,NYG,27,0
2014-10-12,2014,0,,CIN,CAR,37,37
2014-10-12,2014,0,,OAK,LAC,28,31
2014-10-12,2014,0,,ARI,WSH,30,20
2014-10-12,2014,0,,MIA,GB,24,27
2014-10-13,2014,0,,LAR,SF,17,31
2014-10-16,2014,0,,NE,NYJ,27,25
2014-10-19,2014,0,,CHI,MIA,14,27
2014-10-19,2014,0,,LAR,SEA,28,26
2014-10-19,2014,0,,JAX,CLE,24,6
2014-10-19,2014,0,,DEN,SF,42,17
2014-10-19,2014,0,,OAK,ARI,13,24
2014-10-19,2014,0,,BUF,MIN,17,16
2014-10-19,2014,0,,LAC,KC,20,23
2014-10-19,2014,0,,DAL,NYG,31,21
2014-10-19,2014,0,,DET,NO,24,23
2014-10-19,2014,0,,IND,CIN,27,0
2014-10-19,2014,0,,BAL,ATL,29,7
2014-10-19,2014,0,,WSH,TEN,19,17
2014-10-19,2014,0,,GB,CAR,38,17
2014-10-20,2014,0,,PIT,HOU,30,23
2014-10-23,2014,0,,DEN,LAC,35,21
2014-10-26,2014,0,,KC,LAR,34,7
2014-10-26,2014,0,,NYJ,BUF,23,43
2014-10-26,2014,0,,CLE,OAK,23,13
2014-10-26,2014,0,,CAR,SEA,9,13
2014-10-26,2014,0,,TB,MIN,13,19
2014-10-26,2014,0,,NE,CHI,51,23
2014-10-26,2014,1,,DET,ATL,22,21
2014-10-26,2014,0,,CIN,BAL,27,24
2014-10-26,2014,0,,ARI,PHI,24,20
2014-10-26,2014,0,,JAX,MIA,13,27
2014-10-26,2014,0,,NO,GB,44,23
2014-10-26,2014,0,,TEN,HOU,16,30
2014-10-26,2014,0,,PIT,IND,51,34
2014-10-27,2014,0,,DAL,WSH,17,20
2014-10-30,2014,0,,CAR,NO,10,28
2014-11-02,2014,0,,MIA,LAC,37,0
2014-11-02,2014,0,,PIT,BAL,43,23
2014-11-02,2014,0,,KC,NYJ,24,10
2014-11-02,2014,0,,CLE,TB,22,17
2014-11-02,2014,0,,NE,DEN,43,21
2014-11-02,2014,0,,SF,LAR,10,13
2014-11-02,2014,0,,SEA,OAK,30,24
2014-11-02,2014,0,,MIN,WSH,29,26
2014-11-02,2014,0,,DAL,ARI,17,28
2014-11-02,2014,0,,CIN,JAX,33,23
2014-11-02,2014,0,,HOU,PHI,21,31
2014-11-03,2014,0,,NYG,IND,24,40
2014-11-06,2014,0,,CIN,CLE,3,24
2014-11-09,2014,0,,NO,SF,24,27
2014-11-09,2014,0,,SEA,NYG,38,17
2014-11-09,2014,0,,TB,ATL,17,27
2014-11-09,2014,0,,DET,MIA,20,16
2014-11-09,2014,0,,BUF,KC,13,17
2014-11-09,2014,0,,BAL,TEN,21,7
2014-11-09,2014,0,,OAK,DEN,17,41
2014-11-09,2014,0,,ARI,LAR,31,14
2014-11-09,2014,0,,GB,CHI,55,14
2014-11-09,2014,1,,DAL,JAX,31,17
2014-11-09,2014,0,,NYJ,PIT,20,13
2014-11-10,2014,0,,PHI,CAR,45,21
2014-11-13,2014,0,,MIA,BUF,22,9
2014-11-16,2014,0,,IND,NE,20,42
2014-11-16,2014,0,,LAR,DEN,22,7
2014-11-16,2014,0,,NYG,SF,10,16
2014-11-16,2014,0,,LAC,OAK,13,6
2014-11-16,2014,0,,ARI,DET,14,6
2014-11-16,2014,0,,CHI,MIN,21,13
2014-11-16,2014,0,,CAR,ATL,17,19
2014-11-16,2014,0,,NO,CIN,10,27
2014-11-16,2014,0,,KC,SEA,24,20
2014-11-16,2014,0,,CLE,HOU,7,23
2014-11-16,2014,0,,WSH,TB,7,27
2014-11-16,2014,0,,GB,PHI,53,20
2014-11-17,2014,0,,TEN,PIT,24,27
2014-11-20,2014,0,,OAK,KC,24,20
2014-11-23,2014,0,,LAC,LAR,27,24
2014-11-23,2014,0,,SF,WSH,17,13
2014-11-23,2014,0,,ATL,CLE,24,26
2014-11-23,2014,0,,SEA,ARI,19,3
2014-11-23,2014,0,,NYG,DAL,28,31
2014-11-23,2014,0,,MIN,GB,21,24
2014-11-23,2014,0,,NE,DET,34,9
2014-11-23,2014,0,,IND,JAX,23,3
2014-11-23,2014,0,,PHI,TEN,43,24
2014-11-23,2014,0,,DEN,MIA,39,36
2014-11-23,2014,0,,CHI,TB,21,13
2014-11-23,2014,0,,HOU,CIN,13,22
2014-11-24,2014,0,,NO,BAL,27,34
2014-11-24,2014,0,,BUF,NYJ,38,3
2014-11-27,2014,0,,SF,SEA,3,19
2014-11-27,2014,0,,DET,CHI,34,17
2014-11-27,2014,0,,DAL,PHI,10,33
2014-11-30,2014,0,,BAL,LAC,33,34
2014-11-30,2014,0,,TB,CIN,13,14
2014-11-30,2014,0,,KC,DEN,16,29
2014-11-30,2014,0,,GB,NE,26,21
2014-11-30,2014,0,,BUF,CLE,26,10
2014-11-30,2014,0,,MIN,CAR,31,13
2014-11-30,2014,0,,PIT,NO,32,35
2014-11-30,2014,0,,JAX,NYG,25,24
2014-11-30,2014,0,,HOU,TEN,45,21
2014-11-30,2014,0,,IND,WSH,49,27
2014-11-30,2014,0,,ATL,ARI,29,18
2014-11-30,2014,0,,LAR,OAK,52,0
2014-12-01,2014,0,,NYJ,MIA,13,16
2014-12-04,2014,0,,CHI,DAL,28,41
2014-12-07,2014,0,,LAC,NE,14,23
2014-12-07,2014,0,,WSH,LAR,0,24
2014-12-07,2014,0,,MIA,BAL,13,28
2014-12-07,2014,0,,CLE,IND,24,25
2014-12-07,2014,0,,DEN,BUF,24,17
2014-12-07,2014,0,,PHI,SEA,14,24
2014-12-07,2014,0,,TEN,NYG,7,36
2014-12-07,2014,0,,DET,TB,34,17
2014-12-07,2014,0,,MIN,NYJ,30,24
2014-12-07,2014,0,,NO,CAR,10,41
2014-12-07,2014,0,,CIN,PIT,21,42
2014-12-07,2014,0,,OAK,SF,24,13
2014-12-07,2014,0,,ARI,KC,17,14
2014-12-07,2014,0,,JAX,HOU,13,27
2014-12-08,2014,0,,GB,ATL,43,37
2014-12-11,2014,0,,LAR,ARI,6,12
2014-12-14,2014,0,,BUF,GB,21,13
2014-12-14,2014,0,,NYG,WSH,24,13
2014-12-14,2014,0,,LAC,DEN,10,22
2014-12-14,2014,0,,BAL,JAX,20,12
2014-12-14,2014,0,,DET,MIN,16,14
2014-12-14,2014,0,,CLE,CIN,0,30
2014-12-14,2014,0,,TEN,NYJ,11,16
2014-12-14,2014,0,,SEA,SF,17,7
2014-12-14,2014,0,,PHI,DAL,27,38
2014-12-14,2014,0,,NE,MIA,41,13
2014-12-14,2014,0,,CAR,TB,19,17
2014-12-14,2014,0,,ATL,PIT,20,27
2014-12-14,2014,0,,KC,OAK,31,13
2014-12-14,2014,0,,IND,HOU,17,10
2014-12-15,2014,0,,CHI,NO,15,31
2014-12-18,2014,0,,JAX,TEN,21,13
2014-12-20,2014,0,,SF,LAC,35,38
2014-12-20,2014,0,,WSH,PHI,27,24
2014-12-21,2014,0,,LAR,NYG,27,37
2014-12-21,2014,0,,NYJ,NE,16,17
2014-12-21,2014,0,,CAR,CLE,17,13
2014-12-21,2014,0,,MIA,MIN,37,35
2014-12-21,2014,0,,ARI,SEA,6,35
2014-12-21,2014,0,,NO,ATL,14,30
2014-12-21,2014,0,,PIT,KC,20,12
2014-12-21,2014,0,,TB,GB,3,20
2014-12-21,2014,0,,HOU,BAL,25,13
2014-12-21,2014,0,,DAL,IND,42,7
2014-12-21,2014,0,,OAK,BUF,26,24
2014-12-21,2014,0,,CHI,DET,14,20
2014-12-22,2014,0,,CIN,DEN,37,28
2014-12-28,2014,0,,BAL,CLE,20,10
2014-12-28,2014,0,,KC,LAC,19,7
2014-12-28,2014,0,,GB,DET,30,20
2014-12-28,2014,0,,NE,BUF,9,17
2014-12-28,2014,0,,PIT,CIN,27,17
2014-12-28,2014,0,,TEN,IND,10,27
2014-12-28,2014,0,,TB,NO,20,23
2014-12-28,2014,0,,DEN,OAK,47,14
2014-12-28,2014,0,,SEA,LAR,20,6
2014-12-28,2014,0,,MIN,CHI,13,9
2014-12-28,2014,0,,HOU,JAX,23,17
2014-12-28,2014,0,,ATL,CAR,3,34
2014-12-28,2014,0,,MIA,NYJ,24,37
2014-12-28,2014,0,,WSH,DAL,17,44
2014-12-28,2014,0,,SF,ARI,20,17
2014-12-28,2014,0,,NYG,PHI,26,34
2015-01-03,2014,0,w,CAR,ARI,27,16
2015-01-03,2014,0,w,PIT,BAL,17,30
2015-01-04,2014,0,w,IND,CIN,26,10
2015-01-04,2014,0,w,DAL,DET,24,20
2015-01-10,2014,0,d,NE,BAL,35,31
2015-01-10,2014,0,d,SEA,CAR,31,17
2015-01-11,2014,0,d,GB,DAL,26,21
2015-01-11,2014,0,d,DEN,IND,13,24
2015-01-18,2014,0,c,SEA,GB,28,22
2015-01-18,2014,0,c,NE,IND,45,7
2015-02-01,2014,1,s,NE,SEA,28,24
2015-09-10,2015,0,,NE,PIT,28,21
2015-09-13,2015,0,,NYJ,CLE,31,10
2015-09-13,2015,0,,WSH,MIA,10,17
2015-09-13,2015,0,,LAR,SEA,34,31
2015-09-13,2015,0,,JAX,CAR,9,20
2015-09-13,2015,0,,CHI,GB,23,31
2015-09-13,2015,0,,BUF,IND,27,14
2015-09-13,2015,0,,HOU,KC,20,27
2015-09-13,2015,0,,LAC,DET,33,28
2015-09-13,2015,0,,ARI,NO,31,19
2015-09-13,2015,0,,TB,TEN,14,42
2015-09-13,2015,0,,OAK,CIN,13,33
2015-09-13,2015,0,,DEN,BAL,19,13
2015-09-13,2015,0,,DAL,NYG,27,26
2015-09-14,2015,0,,ATL,PHI,26,24
2015-09-14,2015,0,,SF,MIN,20,3
2015-09-17,2015,0,,KC,DEN,24,31
2015-09-20,2015,0,,MIN,DET,26,16
2015-09-20,2015,0,,CAR,HOU,24,17
2015-09-20,2015,0,,CHI,ARI,23,48
2015-09-20,2015,0,,NO,TB,19,26
2015-09-20,2015,0,,NYG,ATL,20,24
2015-09-20,2015,0,,CIN,LAC,24,19
2015-09-20,2015,0,,PIT,SF,43,18
2015-09-20,2015,0,,WSH,LAR,24,10
2015-09-20,2015,0,,CLE,TEN,28,14
2015-09-20,2015,0,,BUF,NE,32,40
2015-09-20,2015,0,,JAX,MIA,23,20
2015-09-20,2015,0,,OAK,BAL,37,33
2015-09-20,2015,0,,PHI,DAL,10,20
2015-09-20,2015,0,,GB,SEA,27,17
2015-09-21,2015,0,,IND,NYJ,7,20
2015-09-24,2015,0,,NYG,WSH,32,21
2015-09-27,2015,0,,CAR,NO,27,22
2015-09-27,2015,0,,NE,JAX,51,17
2015-09-27,2015,0,,CLE,OAK,20,27
2015-09-27,2015,0,,LAR,PIT,6,12
2015-09-27,2015,0,,NYJ,PHI,17,24
2015-09-27,2015,0,,HOU,TB,19,9
2015-09-27,2015,0,,TEN,IND,33,35
2015-09-27,2015,0,,BAL,CIN,24,28
2015-09-27,2015,0,,MIN,LAC,31,14
2015-09-27,2015,0,,DAL,ATL,28,39
2015-09-27,2015,0,,ARI,SF,47,7
2015-09-27,2015,0,,MIA,BUF,14,41
2015-09-27,2015,0,,SEA,CHI,26,0
2015-09-27,2015,0,,DET,DEN,12,24
2015-09-28,2015,0,,GB,KC,38,28
2015-10-01,2015,0,,PIT,BAL,20,23
2015-10-04,2015,1,,MIA,NYJ,14,27
2015-10-04,2015,0,,IND,JAX,16,13
2015-10-04,2015,0,,BUF,NYG,10,24
2015-10-04,2015,0,,CIN,KC,36,21
2015-10-04,2015,0,,CHI,OAK,22,20
2015-10-04,2015,0,,WSH,PHI,23,20
2015-10-04,2015,0,,ATL,HOU,48,21
2015-10-04,2015,0,,TB,CAR,23,37
2015-10-04,2015,0,,LAC,CLE,30,27
2015-10-04,2015,0,,ARI,LAR,22,24
2015-10-04,2015,0,,DEN,MIN,23,20
2015-10-04,2015,0,,SF,GB,3,17
2015-10-04,2015,0,,NO,DAL,26,20
2015-10-05,2015,0,,SEA,DET,13,10
2015-10-08,2015,0,,HOU,IND,20,27
2015-10-11,2015,0,,KC,CHI,17,18
2015-10-11,2015,0,,GB,LAR,24,10
2015-10-11,2015,0,,TB,JAX,38,31
2015-10-11,2015,0,,CIN,SEA,27,24
2015-10-11,2015,0,,BAL,CLE,30,33
2015-10-11,2015,0,,PHI,NO,39,17
2015-10-11,2015,0,,TEN,BUF,13,14
2015-10-11,2015,0,,ATL,WSH,25,19
2015-10-11,2015,0,,DET,ARI,17,42
2015-10-11,2015,0,,DAL,NE,6,30
2015-10-11,2015,0,,OAK,DEN,10,16
2015-10-11,2015,0,,NYG,SF,30,27
2015-10-12,2015,0,,LAC,PIT,20,24
2015-10-15,2015,0,,NO,ATL,31,21
2015-10-18,2015,0,,CLE,DEN,23,26
2015-10-18,2015,0,,MIN,KC,16,10
2015-10-18,2015,0,,DET,CHI,37,34
2015-10-18,2015,0,,NYJ,WSH,34,20
2015-10-18,2015,0,,JAX,HOU,20,31
2015-10-18,2015,0,,PIT,ARI,25,13
2015-10-18,2015,0,,TEN,MIA,10,38
2015-10-18,2015,0,,BUF,CIN,21,34
2015-10-18,2015,0,,SEA,CAR,23,27
2015-10-18,2015,0,,GB,LAC,27,20
2015-10-18,2015,0,,SF,BAL,25,20
2015-10-18,2015,0,,IND,NE,27,34
2015-10-19,2015,0,,PHI,NYG,27,7
2015-10-22,2015,0,,SF,SEA,3,20
2015-10-25,2015,1,,JAX,BUF,34,31
2015-10-25,2015,0,,DET,MIN,19,28
2015-10-25,2015,0,,KC,PIT,23,13
2015-10-25,2015,0,,LAR,CLE,24,6
2015-10-25,2015,0,,WSH,TB,31,30
2015-10-25,2015,0,,TEN,ATL,7,10
2015-10-25,2015,0,,NE,NYJ,30,23
2015-10-25,2015,0,,MIA,HOU,44,26
2015-10-25,2015,0,,IND,NO,21,27
2015-10-25,2015,0,,LAC,OAK,29,37
2015-10-25,2015,0,,NYG,DAL,27,20
2015-10-25,2015,0,,CAR,PHI,27,16
2015-10-26,2015,0,,ARI,BAL,26,18
2015-10-29,2015,0,,NE,MIA,36,7
2015-11-01,2015,1,,KC,DET,45,10
2015-11-01,2015,0,,LAR,SF,27,6
2015-11-01,2015,0,,CLE,ARI,20,34
2015-11-01,2015,0,,HOU,TEN,20,6
2015-11-01,2015,0,,PIT,CIN,10,16
2015-11-01,2015,0,,CHI,MIN,20,23
2015-11-01,2015,0,,NO,NYG,52,49
2015-11-01,2015,0,,ATL,TB,20,23
2015-11-01,2015,0,,BAL,LAC,29,26
2015-11-01,2015,0,,OAK,NYJ,34,20
2015-11-01,2015,0,,DAL,SEA,12,13
2015-11-01,2015,0,,DEN,GB,29,10
2015-11-02,2015,0,,CAR,IND,29,26
2015-11-05,2015,0,,CIN,CLE,31,10
2015-11-08,2015,0,,NE,WSH,27,10
2015-11-08,2015,0,,CAR,GB,37,29
2015-11-08,2015,0,,MIN,LAR,21,18
2015-11-08,2015,0,,NO,TEN,28,34
2015-11-08,2015,0,,PIT,OAK,38,35
2015-11-08,2015,0,,BUF,MIA,33,17
2015-11-08,2015,0,,NYJ,JAX,28,23
2015-11-08,2015,0,,TB,NYG,18,32
2015-11-08,2015,0,,SF,ATL,17,16
2015-11-08,2015,0,,IND,DEN,27,24
2015-11-08,2015,0,,DAL,PHI,27,33
2015-11-09,2015,0,,LAC,CHI,19,22
2015-11-12,2015,0,,NYJ,BUF,17,22
2015-11-15,2015,0,,GB,DET,16,18
2015-11-15,2015,0,,TB,DAL,10,6
2015-11-15,2015,0,,BAL,JAX,20,22
2015-11-15,2015,0,,WSH,NO,47,14
2015-11-15,2015,0,,PHI,MIA,19,20
2015-11-15,2015,0,,PIT,CLE,30,9
2015-11-15,2015,0,,TEN,CAR,10,27
2015-11-15,2015,0,,LAR,CHI,13,37
2015-11-15,2015,0,,OAK,MIN,14,30
2015-11-15,2015,0,,DEN,KC,13,29
2015-11-15,2015,0,,NYG,NE,26,27
2015-11-15,2015,0,,SEA,ARI,32,39
2015-11-16,2015,0,,CIN,HOU,6,10
2015-11-19,2015,0,,JAX,TEN,19,13
2015-11-22,2015,0,,BAL,LAR,16,13
2015-11-22,2015,0,,MIA,DAL,14,24
2015-11-22,2015,0,,ATL,IND,21,24
2015-11-22,2015,0,,CAR,WSH,44,16
2015-11-22,2015,0,,DET,OAK,18,13
2015-11-22,2015,0,,CHI,DEN,15,17
2015-11-22,2015,0,,PHI,TB,17,45
2015-11-22,2015,0,,HOU,NYJ,24,17
2015-11-22,2015,0,,LAC,KC,3,33
2015-11-22,2015,0,,SEA,SF,29,13
2015-11-22,2015,0,,MIN,GB,13,30
2015-11-22,2015,0,,ARI,CIN,34,31
2015-11-23,2015,0,,NE,BUF,20,13
2015-11-26,2015,0,,DET,PHI,45,14
2015-11-26,2015,0,,DAL,CAR,14,33
2015-11-26,2015,0,,GB,CHI,13,17
2015-11-29,2015,0,,JAX,LAC,25,31
2015-11-29,2015,0,,KC,BUF,30,22
2015-11-29,2015,0,,CIN,LAR,31,7
2015-11-29,2015,0,,HOU,NO,24,6
2015-11-29,2015,0,,ATL,MIN,10,20
2015-11-29,2015,0,,NYJ,MIA,38,20
2015-11-29,2015,0,,TEN,OAK,21,24
2015-11-29,2015,0,,WSH,NYG,20,14
2015-11-29,2015,0,,IND,TB,25,12
2015-11-29,2015,0,,SF,ARI,13,19
2015-11-29,2015,0,,SEA,PIT,39,30
2015-11-29,2015,0,,DEN,NE,30,24
2015-11-30,2015,0,,CLE,BAL,27,33
2015-12-03,2015,0,,DET,GB,23,27
2015-12-06,2015,0,,CHI,SF,20,26
2015-12-06,2015,0,,TEN,JAX,42,39
2015-12-06,2015,0,,LAR,ARI,3,27
2015-12-06,2015,0,,MIA,BAL,15,13
2015-12-06,2015,0,,TB,ATL,23,19
2015-12-06,2015,0,,CLE,CIN,3,37
2015-12-06,2015,0,,MIN,SEA,7,38
2015-12-06,2015,0,,NYG,NYJ,20,23
2015-12-06,2015,0,,BUF,HOU,30,21
2015-12-06,2015,0,,LAC,DEN,3,17
2015-12-06,2015,0,,OAK,KC,20,34
2015-12-06,2015,0,,NE,PHI,28,35
2015-12-06,2015,0,,NO,CAR,38,41
2015-12-06,2015,0,,PIT,IND,45,10
2015-12-07,2015,0,,WSH,DAL,16,19
2015-12-10,2015,0,,ARI,MIN,23,20
2015-12-13,2015,0,,PHI,BUF,23,20
2015-12-13,2015,0,,TB,NO,17,24
2015-12-13,2015,0,,CIN,PIT,20,33
2015-12-13,2015,0,,KC,LAC,10,3
2015-12-13,2015,0,,BAL,SEA,6,35
2015-12-13,2015,0,,LAR,DET,21,14
2015-12-13,2015,0,,CAR,ATL,38,0
2015-12-13,2015,0,,JAX,IND,51,16
2015-12-13,2015,0,,CLE,SF,24,10
2015-12-13,2015,0,,NYJ,TEN,30,8
2015-12-13,2015,0,,CHI,WSH,21,24
2015-12-13,2015,0,,DEN,OAK,12,15
2015-12-13,2015,0,,GB,DAL,28,7
2015-12-13,2015,0,,HOU,NE,6,27
2015-12-14,2015,0,,MIA,NYG,24,31
2015-12-17,2015,0,,LAR,TB,31,23
2015-12-19,2015,0,,DAL,NYJ,16,19
2015-12-20,2015,0,,IND,HOU,10,16
2015-12-20,2015,0,,NE,TEN,33,16
2015-12-20,2015,0,,NYG,CAR,35,38
2015-12-20,2015,0,,JAX,ATL,17,23
2015-12-20,2015,0,,MIN,CHI,38,17
2015-12-20,2015,0,,BAL,KC,14,34
2015-12-20,2015,0,,WSH,BUF,35,25
2015-12-20,2015,0,,OAK,GB,20,30
2015-12-20,2015,0,,SEA,CLE,30,13
2015-12-20,2015,0,,LAC,MIA,30,14
2015-12-20,2015,0,,SF,CIN,14,24
2015-12-20,2015,0,,PIT,DEN,34,27
2015-12-20,2015,0,,PHI,ARI,17,40
2015-12-21,2015,0,,NO,DET,27,35
2015-12-24,2015,0,,OAK,LAC,23,20
2015-12-26,2015,0,,PHI,WSH,24,38
2015-12-27,2015,0,,MIA,IND,12,18
2015-12-27,2015,0,,KC,CLE,17,13
2015-12-27,2015,0,,NYJ,NE,26,20
2015-12-27,2015,0,,ATL,CAR,20,13
2015-12-27,2015,0,,DET,SF,32,17
2015-12-27,2015,0,,BAL,PIT,20,17
2015-12-27,2015,0,,BUF,DAL,16,6
2015-12-27,2015,0,,TB,CHI,21,26
2015-12-27,2015,0,,TEN,HOU,6,34
2015-12-27,2015,0,,NO,JAX,38,27
2015-12-27,2015,0,,SEA,LAR,17,23
2015-12-27,2015,0,,ARI,GB,38,8
2015-12-27,2015,0,,MIN,NYG,49,17
2015-12-28,2015,0,,DEN,CIN,20,17
2016-01-03,2015,0,,CIN,BAL,24,16
2016-01-03,2015,0,,CLE,PIT,12,28
2016-01-03,2015,0,,CHI,DET,20,24
2016-01-03,2015,0,,ATL,NO,17,20
2016-01-03,2015,0,,MIA,NE,20,10
2016-01-03,2015,0,,DAL,WSH,23,34
2016-01-03,2015,0,,IND,TEN,30,24
2016-01-03,2015,0,,HOU,JAX,30,6
2016-01-03,2015,0,,NYG,PHI,30,35
2016-01-03,2015,0,,BUF,NYJ,22,17
2016-01-03,2015,0,,SF,LAR,19,16
2016-01-03,2015,0,,CAR,TB,38,10
2016-01-03,2015,0,,ARI,SEA,6,36
2016-01-03,2015,0,,DEN,LAC,27,20
2016-01-03,2015,0,,KC,OAK,23,17
2016-01-03,2015,0,,GB,MIN,13,20
2016-01-09,2015,0,w,HOU,KC,0,30
2016-01-09,2015,0,w,CIN,PIT,16,18
2016-01-10,2015,0,w,MIN,SEA,9,10
2016-01-10,2015,0,w,WSH,GB,18,35
2016-01-16,2015,0,d,NE,KC,27,20
2016-01-16,2015,0,d,ARI,GB,26,20
2016-01-17,2015,0,d,CAR,SEA,31,24
2016-01-17,2015,0,d,DEN,PIT,23,16
2016-01-24,2015,0,c,CAR,ARI,49,15
2016-01-24,2015,0,c,DEN,NE,20,18
2016-02-07,2015,1,s,DEN,CAR,24,10
2016-09-08,2016,0,,DEN,CAR,21,20
2016-09-11,2016,0,,NYJ,CIN,22,23
2016-09-11,2016,0,,TEN,MIN,16,25
2016-09-11,2016,0,,BAL,BUF,13,7
2016-09-11,2016,0,,KC,LAC,33,27
2016-09-11,2016,0,,PHI,CLE,29,10
2016-09-11,2016,0,,NO,OAK,34,35
2016-09-11,2016,0,,HOU,CHI,23,14
2016-09-11,2016,0,,ATL,TB,24,31
2016-09-11,2016,0,,JAX,GB,23,27
2016-09-11,2016,0,,SEA,MIA,12,10
2016-09-11,2016,0,,IND,DET,35,39
2016-09-11,2016,0,,DAL,NYG,19,20
2016-09-11,2016,0,,ARI,NE,21,23
2016-09-12,2016,0,,WSH,PIT,16,38
2016-09-12,2016,0,,SF,LAR,28,0
2016-09-15,2016,0,,BUF,NYJ,31,37
2016-09-18,2016,0,,CLE,BAL,20,25
2016-09-18,2016,0,,CAR,SF,46,27
2016-09-18,2016,0,,NYG,NO,16,13
2016-09-18,2016,0,,HOU,KC,19,12
2016-09-18,2016,0,,DET,TEN,15,16
2016-09-18,2016,0,,PIT,CIN,24,16
2016-09-18,2016,0,,NE,MIA,31,24
2016-09-18,2016,0,,WSH,DAL,23,27
2016-09-18,2016,0,,ARI,TB,40,7
2016-09-18,2016,0,,LAR,SEA,9,3
2016-09-18,2016,0,,OAK,ATL,28,35
2016-09-18,2016,0,,LAC,JAX,38,14
2016-09-18,2016,0,,DEN,IND,34,20
2016-09-18,2016,0,,MIN,GB,17,14
2016-09-19,2016,0,,CHI,PHI,14,29
2016-09-22,2016,0,,NE,HOU,27,0
2016-09-25,2016,0,,TEN,OAK,10,17
2016-09-25,2016,0,,GB,DET,34,27
2016-09-25,2016,0,,NYG,WSH,27,29
2016-09-25,2016,0,,CIN,DEN,17,29
2016-09-25,2016,0,,BUF,ARI,33,18
2016-09-25,2016,0,,MIA,CLE,30,24
2016-09-25,2016,0,,JAX,BAL,17,19
2016-09-25,2016,0,,CAR,MIN,10,22
2016-09-25,2016,0,,SEA,SF,37,18
2016-09-25,2016,0,,TB,LAR,32,37
2016-09-25,2016,0,,PHI,PIT,34,3
2016-09-25,2016,0,,IND,LAC,26,22
2016-09-25,2016,0,,KC,NYJ,24,3
2016-09-25,2016,0,,DAL,CHI,31,17
2016-09-26,2016,0,,NO,ATL,32,45
2016-09-29,2016,0,,CIN,MIA,22,7
2016-10-02,2016,1,,JAX,IND,30,27
2016-10-02,2016,0,,BAL,OAK,27,28
2016-10-02,2016,0,,NE,BUF,0,16
2016-10-02,2016,0,,NYJ,SEA,17,27
2016-10-02,2016,0,,CHI,DET,17,14
2016-10-02,2016,0,,WSH,CLE,31,20
2016-10-02,2016,0,,ATL,CAR,48,33
2016-10-02,2016,0,,HOU,TEN,27,20
2016-10-02,2016,0,,TB,DEN,7,27
2016-10-02,2016,0,,ARI,LAR,13,17
2016-10-02,2016,0,,LAC,NO,34,35
2016-10-02,2016,0,,SF,DAL,17,24
2016-10-02,2016,0,,PIT,KC,43,14
2016-10-03,2016,0,,MIN,NYG,24,10
2016-10-06,2016,0,,SF,ARI,21,33
2016-10-09,2016,0,,MIN,HOU,31,13
2016-10-09,2016,0,,IND,CHI,29,23
2016-10-09,2016,0,,BAL,WSH,10,16
2016-10-09,2016,0,,PIT,NYJ,31,13
2016-10-09,2016,0,,DET,PHI,24,23
2016-10-09,2016,0,,CLE,NE,13,33
2016-10-09,2016,0,,MIA,TEN,17,30
2016-10-09,2016,0,,DEN,ATL,16,23
2016-10-09,2016,0,,LAR,BUF,19,30
2016-10-09,2016,0,,OAK,LAC,34,31
2016-10-09,2016,0,,DAL,CIN,28,14
2016-10-09,2016,0,,GB,NYG,23,16
2016-10-10,2016,0,,CAR,TB,14,17
2016-10-13,2016,0,,LAC,DEN,21,13
2016-10-16,2016,0,,NE,CIN,35,17
2016-10-16,2016,0,,BUF,SF,45,16
2016-10-16,2016,0,,NYG,BAL,27,23
2016-10-16,2016,0,,CHI,JAX,16,17
2016-10-16,2016,0,,NO,CAR,41,38
2016-10-16,2016,0,,WSH,PHI,27,20
2016-10-16,2016,0,,DET,LAR,31,28
2016-10-16,2016,0,,TEN,CLE,28,26
2016-10-16,2016,0,,MIA,PIT,30,15
2016-10-16,2016,0,,OAK,KC,10,26
2016-10-16,2016,0,,SEA,ATL,26,24
2016-10-16,2016,0,,GB,DAL,16,30
2016-10-16,2016,0,,HOU,IND,26,23
2016-10-17,2016,0,,ARI,NYJ,28,3
2016-10-20,2016,0,,GB,CHI,26,10
2016-10-23,2016,1,,LAR,NYG,10,17
2016-10-23,2016,0,,DET,WSH,20,17
2016-10-23,2016,0,,PHI,MIN,21,10
2016-10-23,2016,0,,NYJ,BAL,24,16
2016-10-23,2016,0,,TEN,IND,26,34
2016-10-23,2016,0,,JAX,OAK,16,33
2016-10-23,2016,0,,CIN,CLE,31,17
2016-10-23,2016,0,,MIA,BUF,28,25
2016-10-23,2016,0,,KC,NO,27,21
2016-10-23,2016,0,,SF,TB,17,34
2016-10-23,2016,0,,ATL,LAC,30,33
2016-10-23,2016,0,,PIT,NE,16,27
2016-10-23,2016,0,,ARI,SEA,6,6
2016-10-24,2016,0,,DEN,HOU,27,9
2016-10-27,2016,0,,TEN,JAX,36,22
2016-10-30,2016,1,,CIN,WSH,27,27
2016-10-30,2016,0,,CAR,ARI,30,20
2016-10-30,2016,0,,CLE,NYJ,28,31
2016-10-30,2016,0,,IND,KC,14,30
2016-10-30,2016,0,,NO,SEA,25,20
2016-10-30,2016,0,,TB,OAK,24,30
2016-10-30,2016,0,,HOU,DET,20,13
2016-10-30,2016,0,,BUF,NE,25,41
2016-10-30,2016,0,,DEN,LAC,27,19
2016-10-30,2016,0,,ATL,GB,33,32
2016-10-30,2016,0,,DAL,PHI,29,23
2016-10-31,2016,0,,CHI,MIN,20,10
2016-11-03,2016,0,,TB,ATL,28,43
2016-11-06,2016,0,,CLE,DAL,10,35
2016-11-06,2016,0,,KC,JAX,19,14
2016-11-06,2016,0,,NYG,PHI,28,23
2016-11-06,2016,0,,MIN,DET,16,22
2016-11-06,2016,0,,MIA,NYJ,27,23
2016-11-06,2016,0,,BAL,PIT,21,14
2016-11-06,2016,0,,SF,NO,23,41
2016-11-06,2016,0,,LAR,CAR,10,13
2016-11-06,2016,0,,LAC,TEN,43,35
2016-11-06,2016,0,,GB,IND,26,31
2016-11-06,2016,0,,OAK,DEN,30,20
2016-11-07,2016,0,,SEA,BUF,31,25
2016-11-10,2016,0,,BAL,CLE,28,7
2016-11-13,2016,0,,JAX,HOU,21,24
2016-11-13,2016,0,,PHI,ATL,24,15
2016-11-13,2016,0,,NO,DEN,23,25
2016-11-13,2016,0,,WSH,MIN,26,20
2016-11-13,2016,0,,TEN,GB,47,25
2016-11-13,2016,0,,TB,CHI,36,10
2016-11-13,2016,0,,CAR,KC,17,20
2016-11-13,2016,0,,NYJ,LAR,6,9
2016-11-13,2016,0,,LAC,MIA,24,31
2016-11-13,2016,0,,PIT,DAL,30,35
2016-11-13,2016,0,,ARI,SF,23,20
2016-11-13,2016,0,,NE,SEA,24,31
2016-11-14,2016,0,,NYG,CIN,21,20
2016-11-17,2016,0,,CAR,NO,23,20
2016-11-20,2016,0,,IND,TEN,24,17
2016-11-20,2016,0,,NYG,CHI,22,16
2016-11-20,2016,0,,MIN,ARI,30,24
2016-11-20,2016,0,,CLE,PIT,9,24
2016-11-20,2016,0,,DET,JAX,26,19
2016-11-20,2016,0,,DAL,BAL,27,17
2016-11-20,2016,0,,KC,TB,17,19
2016-11-20,2016,0,,CIN,BUF,12,16
2016-11-20,2016,0,,LAR,MIA,10,14
2016-11-20,2016,0,,SF,NE,17,30
2016-11-20,2016,0,,SEA,PHI,26,15
2016-11-20,2016,0,,WSH,GB,42,24
2016-11-21,2016,1,,OAK,HOU,27,20
2016-11-24,2016,0,,DET,MIN,16,13
2016-11-24,2016,0,,DAL,WSH,31,26
2016-11-24,2016,0,,IND,PIT,7,28
2016-11-27,2016,0,,CLE,NYG,13,27
2016-11-27,2016,0,,ATL,ARI,38,19
2016-11-27,2016,0,,CHI,TEN,21,27
2016-11-27,2016,0,,BUF,JAX,28,21
2016-11-27,2016,0,,MIA,SF,31,24
2016-11-27,2016,0,,HOU,LAC,13,21
2016-11-27,2016,0,,BAL,CIN,19,14
2016-11-27,2016,0,,NO,LAR,49,21
2016-11-27,2016,0,,TB,SEA,14,5
2016-11-27,2016,0,,NYJ,NE,17,22
2016-11-27,2016,0,,OAK,CAR,35,32
2016-11-27,2016,0,,DEN,KC,27,30
2016-11-28,2016,0,,PHI,GB,13,27
2016-12-01,2016,0,,MIN,DAL,15,17
2016-12-04,2016,0,,GB,HOU,21,13
2016-12-04,2016,0,,CHI,SF,26,6
2016-12-04,2016,0,,ATL,KC,28,29
2016-12-04,2016,0,,JAX,DEN,10,20
2016-12-04,2016,0,,BAL,MIA,38,6
2016-12-04,2016,0,,NO,DET,13,28
2016-12-04,2016,0,,CIN,PHI,32,14
2016-12-04,2016,0,,NE,LAR,26,10
2016-12-04,2016,0,,OAK,BUF,38,24
2016-12-04,2016,0,,ARI,WSH,31,23
2016-12-04,2016,0,,LAC,TB,21,28
2016-12-04,2016,0,,PIT,NYG,24,14
2016-12-04,2016,0,,SEA,CAR,40,7
2016-12-05,2016,0,,NYJ,IND,10,41
2016-12-08,2016,0,,KC,OAK,21,13
2016-12-11,2016,0,,DET,CHI,20,17
2016-12-11,2016,0,,TEN,DEN,13,10
2016-12-11,2016,0,,PHI,WSH,22,27
2016-12-11,2016,0,,BUF,PIT,20,27
2016-12-11,2016,0,,CLE,CIN,10,23
2016-12-11,2016,0,,MIA,ARI,26,23
2016-12-11,2016,0,,IND,HOU,17,22
2016-12-11,2016,0,,CAR,LAC,28,16
2016-12-11,2016,0,,JAX,MIN,16,25
2016-12-11,2016,0,,SF,NYJ,17,23
2016-12-11,2016,0,,TB,NO,16,11
2016-12-11,2016,0,,LAR,ATL,14,42
2016-12-11,2016,0,,GB,SEA,38,10
2016-12-11,2016,0,,NYG,DAL,10,7
2016-12-12,2016,0,,NE,BAL,30,23
2016-12-15,2016,0,,SEA,LAR,24,3
2016-12-17,2016,0,,NYJ,MIA,13,34
2016-12-18,2016,0,,MIN,IND,6,34
2016-12-18,2016,0,,BUF,CLE,33,13
2016-12-18,2016,0,,HOU,JAX,21,20
2016-12-18,2016,0,,CIN,PIT,20,24
2016-12-18,2016,0,,BAL,PHI,27,26
2016-12-18,2016,0,,NYG,DET,17,6
2016-12-18,2016,0,,KC,TEN,17,19
2016-12-18,2016,0,,CHI,GB,27,30
2016-12-18,2016,0,,ARI,NO,41,48
2016-12-18,2016,0,,ATL,SF,41,13
2016-12-18,2016,0,,LAC,OAK,16,19
2016-12-18,2016,0,,DEN,NE,3,16
2016-12-18,2016,0,,DAL,TB,26,20
2016-12-19,2016,0,,WSH,CAR,15,26
2016-12-22,2016,0,,PHI,NYG,24,19
2016-12-24,2016,0,,NE,NYJ,41,3
2016-12-24,2016,0,,CAR,ATL,16,33
2016-12-24,2016,0,,BUF,MIA,31,34
2016-12-24,2016,0,,CLE,LAC,20,17
2016-12-24,2016,0,,GB,MIN,38,25
2016-12-24,2016,0,,CHI,WSH,21,41
2016-12-24,2016,0,,JAX,TEN,38,17
2016-12-24,2016,0,,OAK,IND,33,25
2016-12-24,2016,0,,SEA,ARI,31,34
2016-12-24,2016,0,,LAR,SF,21,22
2016-12-24,2016,0,,NO,TB,31,24
2016-12-24,2016,0,,HOU,CIN,12,10
2016-12-25,2016,0,,PIT,BAL,31,27
2016-12-25,2016,0,,KC,DEN,33,10
2016-12-26,2016,0,,DAL,DET,42,21
2017-01-01,2016,0,,CIN,BAL,27,10
2017-01-01,2016,0,,TB,CAR,17,16
2017-01-01,2016,0,,IND,JAX,24,20
2017-01-01,2016,0,,MIN,CHI,38,10
2017-01-01,2016,0,,PHI,DAL,27,13
2017-01-01,2016,0,,MIA,NE,14,35
2017-01-01,2016,0,,NYJ,BUF,30,10
2017-01-01,2016,0,,TEN,HOU,24,17
2017-01-01,2016,0,,PIT,CLE,27,24
2017-01-01,2016,0,,SF,SEA,23,25
2017-01-01,2016,0,,LAR,ARI,6,44
2017-01-01,2016,0,,DEN,OAK,24,6
2017-01-01,2016,0,,ATL,NO,38,32
2017-01-01,2016,0,,WSH,NYG,10,19
2017-01-01,2016,0,,LAC,KC,27,37
2017-01-01,2016,0,,DET,GB,24,31
2017-01-07,2016,0,w,HOU,OAK,27,14
2017-01-07,2016,0,w,SEA,DET,26,6
2017-01-08,2016,0,w,PIT,MIA,30,12
2017-01-08,2016,0,w,GB,NYG,38,13
2017-01-14,2016,0,d,ATL,SEA,36,20
2017-01-14,2016,0,d,NE,HOU,34,16
2017-01-15,2016,0,d,DAL,GB,31,34
2017-01-15,2016,0,d,KC,PIT,16,18
2017-01-22,2016,0,c,ATL,GB,44,21
2017-01-22,2016,0,c,NE,PIT,36,17
2017-02-05,2016,1,s,ATL,NE,28,34
2017-09-07,2017,0,,NE,KC,27,42
2017-09-10,2017,0,,CLE,PIT,18,21
2017-09-10,2017,0,,CIN,BAL,0,20
2017-09-10,2017,0,,BUF,NYJ,21,12
2017-09-10,2017,0,,HOU,JAX,7,29
2017-09-10,2017,0,,WSH,PHI,17,30
2017-09-10,2017,0,,CHI,ATL,17,23
2017-09-10,2017,0,,DET,ARI,35,23
2017-09-10,2017,0,,TEN,OAK,16,26
2017-09-10,2017,0,,LAR,IND,46,9
2017-09-10,2017,0,,SF,CAR,3,23
2017-09-10,2017,0,,GB,SEA,17,9
2017-09-10,2017,0,,DAL,NYG,19,3
2017-09-11,2017,0,,MIN,NO,29,19
2017-09-11,2017,0,,DEN,LAC,24,21
2017-09-14,2017,0,,CIN,HOU,9,13
2017-09-17,2017,0,,NO,NE,20,36
2017-09-17,2017,0,,TB,CHI,29,7
2017-09-17,2017,0,,PIT,MIN,26,9
2017-09-17,2017,0,,IND,ARI,13,16
2017-09-17,2017,0,,KC,PHI,27,20
2017-09-17,2017,0,,CAR,BUF,9,3
2017-09-17,2017,0,,BAL,CLE,24,10
2017-09-17,2017,0,,JAX,TEN,16,37
2017-09-17,2017,0,,LAC,MIA,17,19
2017-09-17,2017,0,,OAK,NYJ,45,20
2017-09-17,2017,0,,LAR,WSH,20,27
2017-09-17,2017,0,,SEA,SF,12,9
2017-09-17,2017,0,,DEN,DAL,42,17
2017-09-17,2017,0,,ATL,GB,34,23
2017-09-18,2017,0,,NYG,DET,10,24
2017-09-21,2017,0,,SF,LAR,39,41
2017-09-24,2017,1,,JAX,BAL,44,7
2017-09-24,2017,0,,BUF,DEN,26,16
2017-09-24,2017,0,,PHI,NYG,27,24
2017-09-24,2017,0,,CAR,NO,13,34
2017-09-24,2017,0,,NYJ,MIA,20,6
2017-09-24,2017,0,,MIN,TB,34,17
2017-09-24,2017,0,,CHI,PIT,23,17
2017-09-24,2017,0,,DET,ATL,26,30
2017-09-24,2017,0,,NE,HOU,36,33
2017-09-24,2017,0,,IND,CLE,31,28
2017-09-24,2017,0,,TEN,SEA,33,27
2017-09-24,2017,0,,LAC,KC,10,24
2017-09-24,2017,0,,GB,CIN,27,24
2017-09-24,2017,0,,WSH,OAK,27,10
2017-09-25,2017,0,,ARI,DAL,17,28
2017-09-28,2017,0,,GB,CHI,35,14
2017-10-01,2017,1,,MIA,NO,0,20
2017-10-01,2017,0,,NYJ,JAX,23,20
2017-10-01,2017,0,,HOU,TEN,57,14
2017-10-01,2017,0,,NE,CAR,30,33
2017-10-01,2017,0,,DAL,LAR,30,35
2017-10-01,2017,0,,MIN,DET,7,14
2017-10-01,2017,0,,BAL,PIT,9,26
2017-10-01,2017,0,,ATL,BUF,17,23
2017-10-01,2017,0,,CLE,CIN,7,31
2017-10-01,2017,0,,TB,NYG,25,23
2017-10-01,2017,0,,LAC,PHI,24,26
2017-10-01,2017,0,,ARI,SF,18,15
2017-10-01,2017,0,,DEN,OAK,16,10
2017-10-01,2017,0,,SEA,IND,46,18
2017-10-02,2017,0,,KC,WSH,29,20
2017-10-05,2017,0,,TB,NE,14,19
2017-10-08,2017,0,,MIA,TEN,16,10
2017-10-08,2017,0,,CIN,BUF,20,16
2017-10-08,2017,0,,PIT,JAX,9,30
2017-10-08,2017,0,,NYG,LAC,22,27
2017-10-08,2017,0,,PHI,ARI,34,7
2017-10-08,2017,0,,IND,SF,26,23
2017-10-08,2017,0,,CLE,NYJ,14,17
2017-10-08,2017,0,,DET,CAR,24,27
2017-10-08,2017,0,,LAR,SEA,10,16
2017-10-08,2017,0,,OAK,BAL,17,30
2017-10-08,2017,0,,DAL,GB,31,35
2017-10-08,2017,0,,HOU,KC,34,42
2017-10-09,2017,0,,CHI,MIN,17,20
2017-10-12,2017,0,,CAR,PHI,23,28
2017-10-15,2017,0,,NO,DET,52,38
2017-10-15,2017,0,,MIN,GB,23,10
2017-10-15,2017,0,,WSH,SF,26,24
2017-10-15,2017,0,,HOU,CLE,33,17
2017-10-15,2017,0,,NYJ,NE,17,24
2017-10-15,2017,0,,BAL,CHI,24,27
2017-10-15,2017,0,,ATL,MIA,17,20
2017-10-15,2017,0,,ARI,TB,38,33
2017-10-15,2017,0,,JAX,LAR,17,27
2017-10-15,2017,0,,KC,PIT,13,19
2017-10-15,2017,0,,OAK,LAC,16,17
2017-10-15,2017,0,,DEN,NYG,10,23
2017-10-16,2017,0,,TEN,IND,36,22
2017-10-19,2017,0,,OAK,KC,31,30
2017-10-22,2017,0,,BUF,TB,30,27
2017-10-22,2017,0,,GB,NO,17,26
2017-10-22,2017,0,,CHI,CAR,17,3
2017-10-22,2017,0,,MIN,BAL,24,16
2017-10-22,2017,0,,MIA,NYJ,31,28
2017-10-22,2017,0,,IND,JAX,0,27
2017-10-22,2017,1,,LAR,ARI,33,0
2017-10-22,2017,0,,CLE,TEN,9,12
2017-10-22,2017,0,,SF,DAL,10,40
2017-10-22,2017,0,,PIT,CIN,29,14
2017-10-22,2017,0,,NYG,SEA,7,24
2017-10-22,2017,0,,LAC,DEN,21,0
2017-10-22,2017,0,,NE,ATL,23,7
2017-10-23,2017,0,,PHI,WSH,34,24
2017-10-26,2017,0,,BAL,MIA,40,0
2017-10-29,2017,1,,CLE,MIN,16,33
2017-10-29,2017,0,,CIN,IND,24,23
2017-10-29,2017,0,,TB,CAR,3,17
2017-10-29,2017,0,,NYJ,ATL,20,25
2017-10-29,2017,0,,NO,CHI,20,12
2017-10-29,2017,0,,BUF,OAK,34,14
2017-10-29,2017,0,,NE,LAC,21,13
2017-10-29,2017,0,,PHI,SF,33,10
2017-10-29,2017,0,,SEA,HOU,41,38
2017-10-29,2017,0,,WSH,DAL,19,33
2017-10-29,2017,0,,DET,PIT,15,20
2017-10-30,2017,0,,KC,DEN,29,19
2017-11-02,2017,0,,NYJ,BUF,34,21
2017-11-05,2017,0,,JAX,CIN,23,7
2017-11-05,2017,0,,HOU,IND,14,20
2017-11-05,2017,0,,CAR,ATL,20,17
2017-11-05,2017,0,,TEN,BAL,23,20
2017-11-05,2017,0,,PHI,DEN,51,23
2017-11-05,2017,0,,NO,TB,30,10
2017-11-05,2017,0,,NYG,LAR,17,51
2017-11-05,2017,0,,SF,ARI,10,20
2017-11-05,2017,0,,SEA,WSH,14,17
2017-11-05,2017,0,,DAL,KC,28,17
2017-11-05,2017,0,,MIA,OAK,24,27
2017-11-06,2017,0,,GB,DET,17,30
2017-11-09,2017,0,,ARI,SEA,16,22
2017-11-12,2017,0,,DET,CLE,38,24
2017-11-12,2017,0,,IND,PIT,17,20
2017-11-12,2017,0,,TEN,CIN,24,20
2017-11-12,2017,0,,CHI,GB,16,23
2017-11-12,2017,0,,WSH,MIN,30,38
2017-11-12,2017,0,,JAX,LAC,20,17
2017-11-12,2017,0,,TB,NYJ,15,10
2017-11-12,2017,0,,BUF,NO,10,47
2017-11-12,2017,0,,LAR,HOU,33,7
2017-11-12,2017,0,,ATL,DAL,27,7
2017-11-12,2017,0,,SF,NYG,31,21
2017-11-12,2017,0,,DEN,NE,16,41
2017-11-13,2017,0,,CAR,MIA,45,21
2017-11-16,2017,0,,PIT,TEN,40,17
2017-11-19,2017,0,,MIA,TB,20,30
2017-11-19,2017,0,,NYG,KC,12,9
2017-11-19,2017,0,,NO,WSH,34,31
2017-11-19,2017,0,,CLE,JAX,7,19
2017-11-19,2017,0,,CHI,DET,24,27
2017-11-19,2017,0,,GB,BAL,0,23
2017-11-19,2017,0,,HOU,ARI,31,21
2017-11-19,2017,0,,MIN,LAR,24,7
2017-11-19,2017,0,,LAC,BUF,54,24
2017-11-19,2017,0,,DEN,CIN,17,20
2017-11-19,2017,1,,OAK,NE,8,33
2017-11-19,2017,0,,DAL,PHI,9,37
2017-11-20,2017,0,,SEA,ATL,31,34
2017-11-23,2017,0,,DET,MIN,23,30
2017-11-23,2017,0,,DAL,LAC,6,28
2017-11-23,2017,0,,WSH,NYG,20,10
2017-11-26,2017,0,,KC,BUF,10,16
2017-11-26,2017,0,,IND,TEN,16,20
2017-11-26,2017,0,,NYJ,CAR,27,35
2017-11-26,2017,0,,CIN,CLE,30,16
2017-11-26,2017,0,,PHI,CHI,31,3
2017-11-26,2017,0,,NE,MIA,35,17
2017-11-26,2017,0,,ATL,TB,34,20
2017-11-26,2017,0,,SF,SEA,13,24
2017-11-26,2017,0,,ARI,JAX,27,24
2017-11-26,2017,0,,LAR,NO,26,20
2017-11-26,2017,0,,OAK,DEN,21,14
2017-11-26,2017,0,,PIT,GB,31,28
2017-11-27,2017,0,,BAL,HOU,23,16
2017-11-30,2017,0,,DAL,WSH,38,14
2017-12-03,2017,0,,MIA,DEN,35,9
2017-12-03,2017,0,,GB,TB,26,20
2017-12-03,2017,0,,JAX,IND,30,10
2017-12-03,2017,0,,ATL,MIN,9,14
2017-12-03,2017,0,,BAL,DET,44,20
2017-12-03,2017,0,,CHI,SF,14,15
2017-12-03,2017,0,,BUF,NE,3,23
2017-12-03,2017,0,,NYJ,KC,38,31
2017-12-03,2017,0,,TEN,HOU,24,13
2017-12-03,2017,0,,LAC,CLE,19,10
2017-12-03,2017,0,,OAK,NYG,24,17
2017-12-03,2017,0,,ARI,LAR,16,32
2017-12-03,2017,0,,NO,CAR,31,21
2017-12-03,2017,0,,SEA,PHI,24,10
2017-12-04,2017,0,,CIN,PIT,20,23
2017-12-07,2017,0,,ATL,NO,20,17
2017-12-10,2017,0,,BUF,IND,13,7
2017-12-10,2017,0,,NYG,DAL,10,30
2017-12-10,2017,0,,HOU,SF,16,26
2017-12-10,2017,0,,CLE,GB,21,27
2017-12-10,2017,0,,CAR,MIN,31,24
2017-12-10,2017,0,,TB,DET,21,24
2017-12-10,2017,0,,KC,OAK,26,15
2017-12-10,2017,0,,CIN,CHI,7,33
2017-12-10,2017,0,,DEN,NYJ,23,0
2017-12-10,2017,0,,ARI,TEN,12,7
2017-12-10,2017,0,,LAC,WSH,30,13
2017-12-10,2017,0,,LAR,PHI,35,43
2017-12-10,2017,0,,JAX,SEA,30,24
2017-12-10,2017,0,,PIT,BAL,39,38
2017-12-11,2017,0,,MIA,NE,27,20
2017-12-14,2017,0,,IND,DEN,13,25
2017-12-16,2017,0,,DET,CHI,20,10
2017-12-16,2017,0,,KC,LAC,30,13
2017-12-17,2017,0,,NO,NYJ,31,19
2017-12-17,2017,0,,CAR,GB,31,24
2017-12-17,2017,0,,WSH,ARI,20,15
2017-12-17,2017,0,,MIN,CIN,34,7
2017-12-17,2017,0,,NYG,PHI,29,34
2017-12-17,2017,0,,CLE,BAL,10,27
2017-12-17,2017,0,,BUF,MIA,24,16
2017-12-17,2017,0,,JAX,HOU,45,7
2017-12-17,2017,0,,SEA,LAR,7,42
2017-12-17,2017,0,,SF,TEN,25,23
2017-12-17,2017,0,,PIT,NE,24,27
2017-12-17,2017,0,,OAK,DAL,17,20
2017-12-18,2017,0,,TB,ATL,21,24
2017-12-23,2017,0,,BAL,IND,23,16
2017-12-23,2017,0,,GB,MIN,0,16
2017-12-24,2017,0,,CIN,DET,26,17
2017-12-24,2017,0,,TEN,LAR,23,27
2017-12-24,2017,0,,KC,MIA,29,13
2017-12-24,2017,0,,WSH,DEN,27,11
2017-12-24,2017,0,,CAR,TB,22,19
2017-12-24,2017,0,,CHI,CLE,20,3
2017-12-24,2017,0,,NYJ,LAC,7,14
2017-12-24,2017,0,,NE,BUF,37,16
2017-12-24,2017,0,,NO,ATL,23,13
2017-12-24,2017,0,,SF,JAX,44,33
2017-12-24,2017,0,,ARI,NYG,23,0
2017-12-24,2017,0,,DAL,SEA,12,21
2017-12-25,2017,0,,HOU,PIT,6,34
2017-12-25,2017,0,,PHI,OAK,19,10
2017-12-31,2017,0,,MIN,CHI,23,10
2017-12-31,2017,0,,PHI,DAL,0,6
2017-12-31,2017,0,,PIT,CLE,28,24
2017-12-31,2017,0,,NE,NYJ,26,6
2017-12-31,2017,0,,NYG,WSH,18,10
2017-12-31,2017,0,,DET,GB,35,11
2017-12-31,2017,0,,IND,HOU,22,13
2017-12-31,2017,0,,MIA,BUF,16,22
2017-12-31,2017,0,,SEA,ARI,24,26
2017-12-31,2017,0,,ATL,CAR,22,10
2017-12-31,2017,0,,LAR,SF,13,34
2017-12-31,2017,0,,DEN,KC,24,27
2017-12-31,2017,0,,TEN,JAX,15,10
2017-12-31,2017,0,,BAL,CIN,27,31
2017-12-31,2017,0,,TB,NO,31,24
2017-12-31,2017,0,,LAC,OAK,30,10
2018-01-06,2017,0,w,KC,TEN,21,22
2018-01-06,2017,0,w,LAR,ATL,13,26
2018-01-07,2017,0,w,JAX,BUF,10,3
2018-01-07,2017,0,w,NO,CAR,31,26
2018-01-13,2017,0,d,PHI,ATL,15,10
2018-01-13,2017,0,d,NE,TEN,35,14
2018-01-14,2017,0,d,PIT,JAX,42,45
2018-01-14,2017,0,d,MIN,NO,29,24
2018-01-21,2017,0,c,NE,JAX,24,20
2018-01-21,2017,0,c,PHI,MIN,38,7
2018-02-04,2017,1,s,NE,PHI,33,41
2018-09-06,2018,0,,PHI,ATL,18,12
2018-09-09,2018,0,,NYG,JAX,15,20
2018-09-09,2018,0,,MIA,TEN,27,20
2018-09-09,2018,0,,NO,TB,40,48
2018-09-09,2018,0,,IND,CIN,23,34
2018-09-09,2018,0,,MIN,SF,24,16
2018-09-09,2018,0,,CLE,PIT,21,21
2018-09-09,2018,0,,NE,HOU,27,20
2018-09-09,2018,0,,BAL,BUF,47,3
2018-09-09,2018,0,,LAC,KC,28,38
2018-09-09,2018,0,,CAR,DAL,16,8
2018-09-09,2018,0,,DEN,SEA,27,24
2018-09-09,2018,0,,ARI,WSH,6,24
2018-09-09,2018,0,,GB,CHI,24,23
2018-09-10,2018,0,,DET,NYJ,17,48
2018-09-10,2018,0,,OAK,LAR,13,33
2018-09-13,2018,0,,CIN,BAL,34,23
2018-09-16,2018,0,,ATL,CAR,31,24
2018-09-16,2018,0,,GB,MIN,29,29
2018-09-16,2018,0,,TEN,HOU,20,17
2018-09-16,2018,0,,TB,PHI,27,21
2018-09-16,2018,0,,PIT,KC,37,42
2018-09-16,2018,0,,BUF,LAC,20,31
2018-09-16,2018,0,,WSH,IND,9,21
2018-09-16,2018,0,,NO,CLE,21,18
2018-09-16,2018,0,,NYJ,MIA,12,20
2018-09-16,2018,0,,SF,DET,30,27
2018-09-16,2018,0,,LAR,ARI,34,0
2018-09-16,2018,0,,JAX,NE,31,20
2018-09-16,2018,0,,DEN,OAK,20,19
2018-09-16,2018,0,,DAL,NYG,20,13
2018-09-17,2018,0,,CHI,SEA,24,17
2018-09-20,2018,0,,CLE,NYJ,21,17
2018-09-23,2018,0,,JAX,TEN,6,9
2018-09-23,2018,0,,BAL,DEN,27,14
2018-09-23,2018,0,,MIA,OAK,28,20
2018-09-23,2018,0,,MIN,BUF,6,27
2018-09-23,2018,0,,HOU,NYG,22,27
2018-09-23,2018,0,,ATL,NO,37,43
2018-09-23,2018,0,,PHI,IND,20,16
2018-09-23,2018,0,,KC,SF,38,27
2018-09-23,2018,0,,CAR,CIN,31,21
2018-09-23,2018,0,,WSH,GB,31,17
2018-09-23,2018,0,,LAR,LAC,35,23
2018-09-23,2018,0,,ARI,CHI,14,16
2018-09-23,2018,0,,SEA,DAL,24,13
2018-09-23,2018,0,,DET,NE,26,10
2018-09-24,2018,0,,TB,PIT,27,30
2018-09-27,2018,0,,LAR,MIN,38,31
2018-09-30,2018,0,,DAL,DET,26,24
2018-09-30,2018,0,,TEN,PHI,26,23
2018-09-30,2018,0,,JAX,NYJ,31,12
2018-09-30,2018,0,,ATL,CIN,36,37
2018-09-30,2018,0,,GB,BUF,22,0
2018-09-30,2018,0,,IND,HOU,34,37
2018-09-30,2018,0,,CHI,TB,48,10
2018-09-30,2018,0,,NE,MIA,38,7
2018-09-30,2018,0,,OAK,CLE,45,42
2018-09-30,2018,0,,ARI,SEA,17,20
2018-09-30,2018,0,,LAC,SF,29,27
2018-09-30,2018,0,,NYG,NO,18,33
2018-09-30,2018,0,,PIT,BAL,14,26
2018-10-01,2018,0,,DEN,KC,23,27
2018-10-04,2018,0,,NE,IND,38,24
2018-10-07,2018,0,,CLE,BAL,12,9
2018-10-07,2018,0,,BUF,TEN,13,12
2018-10-07,2018,0,,PIT,ATL,41,17
2018-10-07,2018,0,,DET,GB,31,23
2018-10-07,2018,0,,CAR,NYG,33,31
2018-10-07,2018,0,,NYJ,DEN,34,16
2018-10-07,2018,0,,CIN,MIA,27,17
2018-10-07,2018,0,,KC,JAX,30,14
2018-10-07,2018,0,,LAC,OAK,26,10
2018-10-07,2018,0,,SF,ARI,18,28
2018-10-07,2018,0,,SEA,LAR,31,33
2018-10-07,2018,0,,PHI,MIN,21,23
2018-10-07,2018,0,,HOU,DAL,19,16
2018-10-08,2018,0,,NO,WSH,43,19
2018-10-11,2018,0,,NYG,PHI,13,34
2018-10-14,2018,0,,HOU,BUF,20,13
2018-10-14,2018,0,,NYJ,IND,42,34
2018-10-14,2018,1,,OAK,SEA,3,27
2018-10-14,2018,0,,CLE,LAC,14,38
2018-10-14,2018,0,,ATL,TB,34,29
2018-10-14,2018,0,,WSH,CAR,23,17
2018-10-14,2018,0,,MIN,ARI,27,17
2018-10-14,2018,0,,CIN,PIT,21,28
2018-10-14,2018,0,,MIA,CHI,31,28
2018-10-14,2018,0,,DEN,LAR,20,23
2018-10-14,2018,0,,TEN,BAL,0,21
2018-10-14,2018,0,,DAL,JAX,40,7
2018-10-14,2018,0,,NE,KC,43,40
2018-10-15,2018,0,,GB,SF,33,30
2018-10-18,2018,0,,ARI,DEN,10,45
2018-10-21,2018,1,,LAC,TEN,20,19
2018-10-21,2018,0,,CHI,NE,31,38
2018-10-21,2018,0,,TB,CLE,26,23
2018-10-21,2018,0,,MIA,DET,21,32
2018-10-21,2018,0,,PHI,CAR,17,21
2018-10-21,2018,0,,NYJ,MIN,17,37
2018-10-21,2018,0,,JAX,HOU,7,20
2018-10-21,2018,0,,IND,BUF,37,5
2018-10-21,2018,0,,BAL,NO,23,24
2018-10-21,2018,0,,SF,LAR,10,39
2018-10-21,2018,0,,WSH,DAL,20,17
2018-10-21,2018,0,,KC,CIN,45,10
2018-10-22,2018,0,,ATL,NYG,23,20
2018-10-25,2018,0,,HOU,MIA,42,23
2018-10-28,2018,1,,JAX,PHI,18,24
2018-10-28,2018,0,,PIT,CLE,33,18
2018-10-28,2018,0,,DET,SEA,14,28
2018-10-28,2018,0,,KC,DEN,30,23
2018-10-28,2018,0,,NYG,WSH,13,20
2018-10-28,2018,0,,CIN,TB,37,34
2018-10-28,2018,0,,CAR,BAL,36,21
2018-10-28,2018,0,,CHI,NYJ,24,10
2018-10-28,2018,0,,OAK,IND,28,42
2018-10-28,2018,0,,LAR,GB,29,27
2018-10-28,2018,0,,ARI,SF,18,15
2018-10-28,2018,0,,MIN,NO,20,30
2018-10-29,2018,0,,BUF,NE,6,25
2018-11-01,2018,0,,SF,OAK,34,3
2018-11-04,2018,0,,BUF,CHI,9,41
2018-11-04,2018,0,,CAR,TB,42,28
2018-11-04,2018,0,,WSH,ATL,14,38
2018-11-04,2018,0,,BAL,PIT,16,23
2018-11-04,2018,0,,CLE,KC,21,37
2018-11-04,2018,0,,MIA,NYJ,13,6
2018-11-04,2018,0,,MIN,DET,24,9
2018-11-04,2018,0,,SEA,LAC,17,25
2018-11-04,2018,0,,DEN,HOU,17,19
2018-11-04,2018,0,,NO,LAR,45,35
2018-11-04,2018,0,,NE,GB,31,17
2018-11-05,2018,0,,DAL,TEN,14,28
2018-11-08,2018,0,,PIT,CAR,52,21
2018-11-11,2018,0,,CIN,NO,14,51
2018-11-11,2018,0,,CLE,ATL,28,16
2018-11-11,2018,0,,TB,WSH,3,16
2018-11-11,2018,0,,CHI,DET,34,22
2018-11-11,2018,0,,KC,ARI,26,14
2018-11-11,2018,0,,NYJ,BUF,10,41
2018-11-11,2018,0,,TEN,NE,34,10
2018-11-11,2018,0,,IND,JAX,29,26
2018-11-11,2018,0,,OAK,LAC,6,20
2018-11-11,2018,0,,GB,MIA,31,12
2018-11-11,2018,0,,LAR,SEA,36,31
2018-11-11,2018,0,,PHI,DAL,20,27
2018-11-12,2018,0,,SF,NYG,23,27
2018-11-15,2018,0,,SEA,GB,27,24
2018-11-18,2018,0,,WSH,HOU,21,23
2018-11-18,2018,0,,ATL,DAL,19,22
2018-11-18,2018,0,,NYG,TB,38,35
2018-11-18,2018,0,,BAL,CIN,24,21
2018-11-18,2018,0,,IND,TEN,38,10
2018-11-18,2018,0,,JAX,PIT,16,20
2018-11-18,2018,0,,DET,CAR,20,19
2018-11-18,2018,0,,LAC,DEN,22,23
2018-11-18,2018,0,,ARI,OAK,21,23
2018-11-18,2018,0,,NO,PHI,48,7
2018-11-18,2018,0,,CHI,MIN,25,20
2018-11-19,2018,0,,LAR,KC,54,51
2018-11-22,2018,0,,DET,CHI,16,23
2018-11-22,2018,0,,DAL,WSH,31,23
2018-11-22,2018,0,,NO,ATL,31,17
2018-11-25,2018,0,,BAL,OAK,34,17
2018-11-25,2018,0,,CIN,CLE,20,35
2018-11-25,2018,0,,PHI,NYG,25,22
2018-11-25,2018,0,,BUF,JAX,24,21
2018-11-25,2018,0,,CAR,SEA,27,30
2018-11-25,2018,0,,TB,SF,27,9
2018-11-25,2018,0,,NYJ,NE,13,27
2018-11-25,2018,0,,LAC,ARI,45,10
2018-11-25,2018,0,,DEN,PIT,24,17
2018-11-25,2018,0,,IND,MIA,27,24
2018-11-25,2018,0,,MIN,GB,24,17
2018-11-26,2018,0,,HOU,TEN,34,17
2018-11-29,2018,0,,DAL,NO,13,10
2018-12-02,2018,0,,GB,ARI,17,20
2018-12-02,2018,0,,TB,CAR,24,17
2018-12-02,2018,0,,MIA,BUF,21,17
2018-12-02,2018,0,,HOU,CLE,29,13
2018-12-02,2018,0,,ATL,BAL,16,26
2018-12-02,2018,0,,NYG,CHI,30,27
2018-12-02,2018,0,,CIN,DEN,10,24
2018-12-02,2018,0,,JAX,IND,6,0
2018-12-02,2018,0,,DET,LAR,16,30
2018-12-02,2018,0,,OAK,KC,33,40
2018-12-02,2018,0,,TEN,NYJ,26,22
2018-12-02,2018,0,,SEA,SF,43,16
2018-12-02,2018,0,,NE,MIN,24,10
2018-12-02,2018,0,,PIT,LAC,30,33
2018-12-03,2018,0,,PHI,WSH,28,13
2018-12-06,2018,0,,TEN,JAX,30,9
2018-12-09,2018,0,,CLE,CAR,26,20
2018-12-09,2018,0,,TB,NO,14,28
2018-12-09,2018,0,,HOU,IND,21,24
2018-12-09,2018,0,,BUF,NYJ,23,27
2018-12-09,2018,0,,KC,BAL,27,24
2018-12-09,2018,0,,WSH,NYG,16,40
2018-12-09,2018,0,,GB,ATL,34,20
2018-12-09,2018,0,,MIA,NE,34,33
2018-12-09,2018,0,,LAC,CIN,26,21
2018-12-09,2018,0,,SF,DEN,20,14
2018-12-09,2018,0,,OAK,PIT,24,21
2018-12-09,2018,0,,ARI,DET,3,17
2018-12-09,2018,0,,DAL,PHI,29,23
2018-12-09,2018,0,,CHI,LAR,15,6
2018-12-10,2018,0,,SEA,MIN,21,7
2018-12-13,2018,0,,KC,LAC,28,29
2018-12-15,2018,0,,NYJ,HOU,22,29
2018-12-15,2018,0,,DEN,CLE,16,17
2018-12-16,2018,0,,CHI,GB,24,17
2018-12-16,2018,0,,ATL,ARI,40,14
2018-12-16,2018,0,,BAL,TB,20,12
2018-12-16,2018,0,,MIN,MIA,41,17
2018-12-16,2018,0,,IND,DAL,23,0
2018-12-16,2018,0,,JAX,WSH,13,16
2018-12-16,2018,0,,CIN,OAK,30,16
2018-12-16,2018,0,,BUF,DET,14,13
2018-12-16,2018,0,,NYG,TEN,0,17
2018-12-16,2018,0,,SF,SEA,26,23
2018-12-16,2018,0,,PIT,NE,17,10
2018-12-16,2018,0,,LAR,PHI,23,30
2018-12-17,2018,0,,CAR,NO,9,12
2018-12-22,2018,0,,TEN,WSH,25,16
2018-12-22,2018,0,,LAC,BAL,10,22
2018-12-23,2018,0,,CAR,ATL,10,24
2018-12-23,2018,0,,CLE,CIN,26,18
2018-12-23,2018,0,,DET,MIN,9,27
2018-12-23,2018,0,,NE,BUF,24,12
2018-12-23,2018,0,,DAL,TB,27,20
2018-12-23,2018,0,,IND,NYG,28,27
2018-12-23,2018,0,,PHI,HOU,32,30
2018-12-23,2018,0,,NYJ,GB,38,44
2018-12-23,2018,0,,MIA,JAX,7,17
2018-12-23,2018,0,,SF,CHI,9,14
2018-12-23,2018,0,,ARI,LAR,9,31
2018-12-23,2018,0,,NO,PIT,31,28
2018-12-23,2018,0,,SEA,KC,38,31
2018-12-24,2018,0,,OAK,DEN,27,14
2018-12-30,2018,0,,GB,DET,0,31
2018-12-30,2018,0,,NE,NYJ,38,3
2018-12-30,2018,0,,HOU,JAX,20,3
2018-12-30,2018,0,,BUF,MIA,42,17
2018-12-30,2018,0,,TB,ATL,32,34
2018-12-30,2018,0,,NO,CAR,14,33
2018-12-30,2018,0,,NYG,DAL,35,36
2018-12-30,2018,0,,PIT,CIN,16,13
2018-12-30,2018,0,,WSH,PHI,0,24
2018-12-30,2018,0,,DEN,LAC,9,23
2018-12-30,2018,0,,KC,OAK,35,3
2018-12-30,2018,0,,SEA,ARI,27,24
2018-12-30,2018,0,,BAL,CLE,26,24
2018-12-30,2018,0,,LAR,SF,48,32
2018-12-30,2018,0,,MIN,CHI,10,24
2018-12-30,2018,0,,TEN,IND,17,33
2019-01-05,2018,0,w,HOU,IND,7,21
2019-01-05,2018,0,w,DAL,SEA,24,22
2019-01-06,2018,0,w,BAL,LAC,17,23
2019-01-06,2018,0,w,CHI,PHI,15,16
2019-01-12,2018,0,d,KC,IND,31,13
2019-01-12,2018,0,d,LAR,DAL,30,22
2019-01-13,2018,0,d,NE,LAC,41,28
2019-01-13,2018,0,d,NO,PHI,20,14
2019-01-20,2018,0,c,NO,LAR,23,26
2019-01-20,2018,0,c,KC,NE,31,37
2019-02-03,2018,1,s,LAR,NE,3,13
2019-09-05,2019,0,,CHI,GB,3,10
2019-09-08,2019,0,,MIN,ATL,28,12
2019-09-08,2019,0,,CAR,LAR,27,30
2019-09-08,2019,0,,CLE,TEN,13,43
2019-09-08,2019,0,,PHI,WSH,32,27
2019-09-08,2019,0,,NYJ,BUF,16,17
2019-09-08,2019,0,,MIA,BAL,10,59
2019-09-08,2019,0,,JAX,KC,26,40
2019-09-08,2019,0,,SEA,CIN,21,20
2019-09-08,2019,0,,LAC,IND,30,24
2019-09-08,2019,0,,DAL,NYG,35,17
2019-09-08,2019,0,,ARI,DET,27,27
2019-09-08,2019,0,,TB,SF,17,31
2019-09-08,2019,0,,NE,PIT,33,3
2019-09-09,2019,0,,NO,HOU,30,28
2019-09-09,2019,0,,OAK,DEN,24,16
2019-09-12,2019,0,,CAR,TB,14,20
2019-09-15,2019,0,,WSH,DAL,21,31
2019-09-15,2019,0,,GB,MIN,21,16
2019-09-15,2019,0,,MIA,NE,0,43
2019-09-15,2019,0,,PIT,SEA,26,28
2019-09-15,2019,0,,BAL,ARI,23,17
2019-09-15,2019,0,,CIN,SF,17,41
2019-09-15,2019,0,,DET,LAC,13,10
2019-09-15,2019,0,,TEN,IND,17,19
2019-09-15,2019,0,,HOU,JAX,13,12
2019-09-15,2019,0,,NYG,BUF,14,28
2019-09-15,2019,0,,OAK,KC,10,28
2019-09-15,2019,0,,LAR,NO,27,9
2019-09-15,2019,0,,DEN,CHI,14,16
2019-09-15,2019,0,,ATL,PHI,24,20
2019-09-16,2019,0,,NYJ,CLE,3,23
2019-09-19,2019,0,,JAX,TEN,20,7
2019-09-22,2019,0,,BUF,CIN,21,17
2019-09-22,2019,0,,DAL,MIA,31,6
2019-09-22,2019,0,,IND,ATL,27,24
2019-09-22,2019,0,,PHI,DET,24,27
2019-09-22,2019,0,,GB,DEN,27,16
2019-09-22,2019,0,,KC,BAL,33,28
2019-09-22,2019,0,,NE,NYJ,30,14
2019-09-22,2019,0,,MIN,OAK,34,14
2019-09-22,2019,0,,ARI,CAR,20,38
2019-09-22,2019,0,,TB,NYG,31,32
2019-09-22,2019,0,,SF,PIT,24,20
2019-09-22,2019,0,,LAC,HOU,20,27
2019-09-22,2019,0,,SEA,NO,27,33
2019-09-22,2019,0,,CLE,LAR,13,20
2019-09-23,2019,0,,WSH,CHI,15,31
2019-09-26,2019,0,,GB,PHI,27,34
2019-09-29,2019,0,,DET,KC,30,34
2019-09-29,2019,0,,IND,OAK,24,31
2019-09-29,2019,0,,BAL,CLE,25,40
2019-09-29,2019,0,,BUF,NE,10,16
2019-09-29,2019,0,,MIA,LAC,10,30
2019-09-29,2019,0,,ATL,TEN,10,24
2019-09-29,2019,0,,HOU,CAR,10,16
2019-09-29,2019,0,,NYG,WSH,24,3
2019-09-29,2019,0,,LAR,TB,40,55
2019-09-29,2019,0,,ARI,SEA,10,27
2019-09-29,2019,0,,CHI,MIN,16,6
2019-09-29,2019,0,,DEN,JAX,24,26
2019-09-29,2019,0,,NO,DAL,12,10
2019-09-30,2019,0,,PIT,CIN,27,3
2019-10-03,2019,0,,SEA,LAR,30,29
2019-10-06,2019,0,,NYG,MIN,10,28
2019-10-06,2019,0,,CAR,JAX,34,27
2019-10-06,2019,1,,OAK,CHI,24,21
2019-10-06,2019,0,,PHI,NYJ,31,6
2019-10-06,2019,0,,NO,TB,31,24
2019-10-06,2019,0,,CIN,ARI,23,26
2019-10-06,2019,0,,TEN,BUF,7,14
2019-10-06,2019,0,,HOU,ATL,53,32
2019-10-06,2019,0,,WSH,NE,7,33
2019-10-06,2019,0,,PIT,BAL,23,26
2019-10-06,2019,0,,LAC,DEN,13,20
2019-10-06,2019,0,,DAL,GB,24,34
2019-10-06,2019,0,,KC,IND,13,19
2019-10-07,2019,0,,SF,CLE,31,3
2019-10-10,2019,0,,NE,NYG,35,14
2019-10-13,2019,1,,TB,CAR,26,37
2019-10-13,2019,0,,CLE,SEA,28,32
2019-10-13,2019,0,,BAL,CIN,23,17
2019-10-13,2019,0,,KC,HOU,24,31
2019-10-13,2019,0,,MIA,WSH,16,17
2019-10-13,2019,0,,MIN,PHI,38,20
2019-10-13,2019,0,,JAX,NO,6,13
2019-10-13,2019,0,,ARI,ATL,34,33
2019-10-13,2019,0,,LAR,SF,7,20
2019-10-13,2019,0,,NYJ,DAL,24,22
2019-10-13,2019,0,,DEN,TEN,16,0
2019-10-13,2019,0,,LAC,PIT,17,24
2019-10-14,2019,0,,GB,DET,23,22
2019-10-17,2019,0,,DEN,KC,6,30
2019-10-20,2019,0,,DET,MIN,30,42
2019-10-20,2019,0,,ATL,LAR,10,37
2019-10-20,2019,0,,BUF,MIA,31,21
2019-10-20,2019,0,,GB,OAK,42,24
2019-10-20,2019,0,,WSH,SF,0,9
2019-10-20,2019,0,,NYG,ARI,21,27
2019-10-20,2019,0,,CIN,JAX,17,27
2019-10-20,2019,0,,IND,HOU,30,23
2019-10-20,2019,0,,TEN,LAC,23,20
2019-10-20,2019,0,,SEA,BAL,16,30
2019-10-20,2019,0,,CHI,NO,25,36
2019-10-20,2019,0,,DAL,PHI,37,10
2019-10-21,2019,0,,NYJ,NE,0,33
2019-10-24,2019,0,,MIN,WSH,19,9
2019-10-27,2019,1,,LAR,CIN,24,10
2019-10-27,2019,0,,IND,DEN,15,13
2019-10-27,2019,0,,NO,ARI,31,9
2019-10-27,2019,0,,DET,NYG,31,26
2019-10-27,2019,0,,CHI,LAC,16,17
2019-10-27,2019,0,,BUF,PHI,13,31
2019-10-27,2019,0,,TEN,TB,27,23
2019-10-27,2019,0,,ATL,SEA,20,27
2019-10-27,2019,0,,JAX,NYJ,29,15
2019-10-27,2019,0,,SF,CAR,51,13
2019-10-27,2019,0,,HOU,OAK,27,24
2019-10-27,2019,0,,NE,CLE,27,13
2019-10-27,2019,0,,KC,GB,24,31
2019-10-28,2019,0,,PIT,MIA,27,14
2019-10-31,2019,0,,ARI,SF,25,28
2019-11-03,2019,1,,JAX,HOU,3,26
2019-11-03,2019,0,,MIA,NYJ,26,18
2019-11-03,2019,0,,PIT,IND,26,24
2019-11-03,2019,0,,PHI,CHI,22,14
2019-11-03,2019,0,,KC,MIN,26,23
2019-11-03,2019,0,,BUF,WSH,24,9
2019-11-03,2019,0,,CAR,TEN,30,20
2019-11-03,2019,0,,OAK,DET,31,24
2019-11-03,2019,0,,SEA,TB,40,34
2019-11-03,2019,0,,DEN,CLE,24,19
2019-11-03,2019,0,,LAC,GB,26,11
2019-11-03,2019,0,,BAL,NE,37,20
2019-11-04,2019,0,,NYG,DAL,18,37
2019-11-07,2019,0,,OAK,LAC,26,24
2019-11-10,2019,0,,CIN,BAL,13,49
2019-11-10,2019,0,,CLE,BUF,19,16
2019-11-10,2019,0,,NO,ATL,9,26
2019-11-10,2019,0,,NYJ,NYG,34,27
2019-11-10,2019,0,,TB,ARI,30,27
2019-11-10,2019,0,,TEN,KC,35,32
2019-11-10,2019,0,,CHI,DET,20,13
2019-11-10,2019,0,,IND,MIA,12,16
2019-11-10,2019,0,,GB,CAR,24,16
2019-11-10,2019,0,,PIT,LAR,17,12
2019-11-10,2019,0,,DAL,MIN,24,28
2019-11-11,2019,0,,SF,SEA,24,27
2019-11-14,2019,0,,CLE,PIT,21,7
2019-11-17,2019,0,,MIN,DEN,27,23
2019-11-17,2019,0,,BAL,HOU,41,7
2019-11-17,2019,0,,MIA,BUF,20,37
2019-11-17,2019,0,,TB,NO,17,34
2019-11-17,2019,0,,WSH,NYJ,17,34
2019-11-17,2019,0,,DET,DAL,27,35
2019-11-17,2019,0,,IND,JAX,33,13
2019-11-17,2019,0,,CAR,ATL,3,29
2019-11-17,2019,0,,SF,ARI,36,26
2019-11-17,2019,0,,OAK,CIN,17,10
2019-11-17,2019,0,,PHI,NE,10,17
2019-11-17,2019,0,,LAR,CHI,17,7
2019-11-18,2019,1,,LAC,KC,17,24
2019-11-21,2019,0,,HOU,IND,20,17
2019-11-24,2019,0,,CLE,MIA,41,24
2019-11-24,2019,0,,BUF,DEN,20,3
2019-11-24,2019,0,,NYJ,OAK,34,3
2019-11-24,2019,0,,NO,CAR,34,31
2019-11-24,2019,0,,ATL,TB,22,35
2019-11-24,2019,0,,PHI,SEA,9,17
2019-11-24,2019,0,,WSH,DET,19,16
2019-11-24,2019,0,,CIN,PIT,10,16
2019-11-24,2019,0,,CHI,NYG,19,14
2019-11-24,2019,0,,TEN,JAX,42,20
2019-11-24,2019,0,,NE,DAL,13,9
2019-11-24,2019,0,,SF,GB,37,8
2019-11-25,2019,0,,LAR,BAL,6,45
2019-11-28,2019,0,,DET,CHI,20,24
2019-11-28,2019,0,,DAL,BUF,15,26
2019-11-28,2019,0,,ATL,NO,18,26
2019-12-01,2019,0,,NYG,GB,13,31
2019-12-01,2019,0,,MIA,PHI,37,31
2019-12-01,2019,0,,IND,TEN,17,31
2019-12-01,2019,0,,CIN,NYJ,22,6
2019-12-01,2019,0,,BAL,SF,20,17
2019-12-01,2019,0,,PIT,CLE,20,13
2019-12-01,2019,0,,CAR,WSH,21,29
2019-12-01,2019,0,,JAX,TB,11,28
2019-12-01,2019,0,,ARI,LAR,7,34
2019-12-01,2019,0,,KC,OAK,40,9
2019-12-01,2019,0,,DEN,LAC,23,20
2019-12-01,2019,0,,HOU,NE,28,22
2019-12-02,2019,0,,SEA,MIN,37,30
2019-12-05,2019,0,,CHI,DAL,31,24
2019-12-08,2019,0,,CLE,CIN,27,19
2019-12-08,2019,0,,NO,SF,46,48
2019-12-08,2019,0,,GB,WSH,20,15
2019-12-08,2019,0,,BUF,BAL,17,24
2019-12-08,2019,0,,MIN,DET,20,7
2019-12-08,2019,0,,HOU,DEN,24,38
2019-12-08,2019,0,,ATL,CAR,40,20
2019-12-08,2019,0,,TB,IND,38,35
2019-12-08,2019,0,,NYJ,MIA,22,21
2019-12-08,2019,0,,JAX,LAC,10,45
2019-12-08,2019,0,,OAK,TEN,21,42
2019-12-08,2019,0,,NE,KC,16,23
2019-12-08,2019,0,,ARI,PIT,17,23
2019-12-08,2019,0,,LAR,SEA,28,12
2019-12-09,2019,0,,PHI,NYG,23,17
2019-12-12,2019,0,,BAL,NYJ,42,21
2019-12-15,2019,0,,DET,TB,17,38
2019-12-15,2019,0,,KC,DEN,23,3
2019-12-15,2019,0,,CAR,SEA,24,30
2019-12-15,2019,0,,GB,CHI,21,13
2019-12-15,2019,0,,NYG,MIA,36,20
2019-12-15,2019,0,,WSH,PHI,27,37
2019-12-15,2019,0,,TEN,HOU,21,24
2019-12-15,2019,0,,CIN,NE,13,34
2019-12-15,2019,0,,ARI,CLE,38,24
2019-12-15,2019,0,,OAK,JAX,16,20
2019-12-15,2019,0,,LAC,MIN,10,39
2019-12-15,2019,0,,DAL,LAR,44,21
2019-12-15,2019,0,,SF,ATL,22,29
2019-12-15,2019,0,,PIT,BUF,10,17
2019-12-16,2019,0,,NO,IND,34,7
2019-12-21,2019,0,,TB,HOU,20,23
2019-12-21,2019,0,,NE,BUF,24,17
2019-12-21,2019,0,,SF,LAR,34,31
2019-12-22,2019,0,,WSH,NYG,35,41
2019-12-22,2019,0,,MIA,CIN,38,35
2019-12-22,2019,0,,CLE,BAL,15,31
2019-12-22,2019,0,,TEN,NO,28,38
2019-12-22,2019,0,,IND,CAR,38,6
2019-12-22,2019,0,,ATL,JAX,24,12
2019-12-22,2019,0,,NYJ,PIT,16,10
2019-12-22,2019,0,,DEN,DET,27,17
2019-12-22,2019,0,,LAC,OAK,17,24
2019-12-22,2019,0,,SEA,ARI,13,27
2019-12-22,2019,0,,PHI,DAL,17,9
2019-12-22,2019,0,,CHI,KC,3,26
2019-12-23,2019,0,,MIN,GB,10,23
2019-12-29,2019,0,,NE,MIA,24,27
2019-12-29,2019,0,,CAR,NO,10,42
2019-12-29,2019,0,,KC,LAC,31,21
2019-12-29,2019,0,,MIN,CHI,19,21
2019-12-29,2019,0,,CIN,CLE,33,23
2019-12-29,2019,0,,BUF,NYJ,6,13
2019-12-29,2019,0,,TB,ATL,22,28
2019-12-29,2019,0,,DET,GB,20,23
2019-12-29,2019,0,,JAX,IND,38,20
2019-12-29,2019,0,,LAR,ARI,31,24
2019-12-29,2019,0,,BAL,PIT,28,10
2019-12-29,2019,0,,HOU,TEN,14,35
2019-12-29,2019,0,,DEN,OAK,16,15
2019-12-29,2019,0,,DAL,WSH,47,16
2019-12-29,2019,0,,NYG,PHI,17,34
2019-12-29,2019,0,,SEA,SF,21,26
2020-01-04,2019,0,w,HOU,BUF,22,19
2020-01-04,2019,0,w,NE,TEN,13,20
2020-01-05,2019,0,w,NO,MIN,20,26
2020-01-05,2019,0,w,PHI,SEA,9,17
2020-01-11,2019,0,d,SF,MIN,27,10
2020-01-11,2019,0,d,BAL,TEN,12,28
2020-01-12,2019,0,d,KC,HOU,51,31
2020-01-12,2019,0,d,GB,SEA,28,23
2020-01-19,2019,0,c,KC,TEN,35,24
2020-01-19,2019,0,c,SF,GB,37,20
2020-02-02,2019,1,s,KC,SF,31,20
2020-09-10,2020,0,,KC,HOU,34,20
2020-09-13,2020,0,,DET,CHI,23,27
2020-09-13,2020,0,,JAX,IND,27,20
2020-09-13,2020,0,,ATL,SEA,25,38
2020-09-13,2020,0,,MIN,GB,34,43
2020-09-13,2020,0,,WSH,PHI,27,17
2020-09-13,2020,0,,BUF,NYJ,27,17
2020-09-13,2020,0,,NE,MIA,21,11
2020-09-13,2020,0,,BAL,CLE,38,6
2020-09-13,2020,0,,CAR,OAK,30,34
2020-09-13,2020,0,,CIN,LAC,13,16
2020-09-13,2020,0,,SF,ARI,20,24
2020-09-13,2020,0,,NO,TB,34,23
2020-09-13,2020,0,,LAR,DAL,20,17
2020-09-14,2020,0,,NYG,PIT,16,26
2020-09-14,2020,0,,DEN,TEN,14,16
2020-09-17,2020,0,,CLE,CIN,35,30
2020-09-20,2020,0,,IND,MIN,28,11
2020-09-20,2020,0,,PIT,DEN,26,21
2020-09-20,2020,0,,MIA,BUF,28,31
2020-09-20,2020,0,,TB,CAR,31,17
2020-09-20,2020,0,,TEN,JAX,33,30
2020-09-20,2020,0,,CHI,NYG,17,13
2020-09-20,2020,0,,NYJ,SF,13,31
2020-09-20,2020,0,,PHI,LAR,19,37
2020-09-20,2020,0,,GB,DET,42,21
2020-09-20,2020,0,,DAL,ATL,40,39
2020-09-20,2020,0,,ARI,WSH,30,15
2020-09-20,2020,0,,LAC,KC,20,23
2020-09-20,2020,0,,HOU,BAL,16,33
2020-09-20,2020,0,,SEA,NE,35,30
2020-09-21,2020,0,,OAK,NO,34,24
2020-09-24,2020,0,,JAX,MIA,13,31
2020-09-27,2020,0,,MIN,TEN,30,31
2020-09-27,2020,0,,CLE,WSH,34,20
2020-09-27,2020,0,,NYG,SF,9,36
2020-09-27,2020,0,,PHI,CIN,23,23
2020-09-27,2020,0,,ATL,CHI,26,30
2020-09-27,2020,0,,BUF,LAR,35,32
2020-09-27,2020,0,,PIT,HOU,28,21
2020-09-27,2020,0,,NE,OAK,36,20
2020-09-27,2020,0,,LAC,CAR,16,21
2020-09-27,2020,0,,IND,NYJ,36,7
2020-09-27,2020,0,,DEN,TB,10,28
2020-09-27,2020,0,,SEA,DAL,38,31
2020-09-27,2020,0,,ARI,DET,23,26
2020-09-27,2020,0,,NO,GB,30,37
2020-09-28,2020,0,,BAL,KC,20,34
2020-10-01,2020,0,,NYJ,DEN,28,37
2020-10-04,2020,0,,TB,LAC,38,31
2020-10-04,2020,0,,DET,NO,29,35
2020-10-04,2020,0,,CAR,ARI,31,21
2020-10-04,2020,0,,WSH,BAL,17,31
2020-10-04,2020,0,,HOU,MIN,23,31
2020-10-04,2020,0,,CIN,JAX,33,25
2020-10-04,2020,0,,MIA,SEA,23,31
2020-10-04,2020,0,,DAL,CLE,38,49
2020-10-04,2020,0,,LAR,NYG,17,9
2020-10-04,2020,0,,OAK,BUF,23,30
2020-10-04,2020,0,,CHI,IND,11,19
2020-10-04,2020,0,,SF,PHI,20,25
2020-10-05,2020,0,,KC,NE,26,10
2020-10-05,2020,0,,GB,ATL,30,16
2020-10-08,2020,0,,CHI,TB,20,19
2020-10-11,2020,0,,KC,OAK,32,40
2020-10-11,2020,0,,PIT,PHI,38,29
2020-10-11,2020,0,,BAL,CIN,27,3
2020-10-11,2020,0,,ATL,CAR,16,23
2020-10-11,2020,0,,NYJ,ARI,10,30
2020-10-11,2020,0,,WSH,LAR,10,30
2020-10-11,2020,0,,HOU,JAX,30,14
2020-10-11,2020,0,,SF,MIA,17,43
2020-10-11,2020,0,,DAL,NYG,37,34
2020-10-11,2020,0,,CLE,IND,32,23
2020-10-11,2020,0,,SEA,MIN,27,26
2020-10-12,2020,0,,NO,LAC,30,27
2020-10-13,2020,0,,TEN,BUF,42,16
2020-10-18,2020,0,,NYG,WSH,20,19
2020-10-18,2020,0,,CAR,CHI,16,23
2020-10-18,2020,0,,MIN,ATL,23,40
2020-10-18,2020,0,,TEN,HOU,42,36
2020-10-18,2020,0,,PHI,BAL,28,30
2020-10-18,2020,0,,NE,DEN,12,18
2020-10-18,2020,0,,IND,CIN,31,27
2020-10-18,2020,0,,JAX,DET,16,34
2020-10-18,2020,0,,PIT,CLE,38,7
2020-10-18,2020,0,,MIA,NYJ,24,0
2020-10-18,2020,0,,TB,GB,38,10
2020-10-18,2020,0,,SF,LAR,24,16
2020-10-19,2020,0,,BUF,KC,17,26
2020-10-19,2020,0,,DAL,ARI,10,38
2020-10-22,2020,0,,PHI,NYG,22,21
2020-10-25,2020,0,,TEN,PIT,24,27
2020-10-25,2020,0,,NYJ,BUF,10,18
2020-10-25,2020,0,,CIN,CLE,34,37
2020-10-25,2020,0,,HOU,GB,20,35
2020-10-25,2020,0,,WSH,DAL,25,3
2020-10-25,2020,0,,ATL,DET,22,23
2020-10-25,2020,0,,NO,CAR,27,24
2020-10-25,2020,0,,OAK,TB,20,45
2020-10-25,2020,0,,NE,SF,6,33
2020-10-25,2020,0,,LAC,JAX,39,29
2020-10-25,2020,0,,DEN,KC,16,43
2020-10-25,2020,0,,ARI,SEA,37,34
2020-10-26,2020,0,,LAR,CHI,24,10
2020-10-29,2020,0,,CAR,ATL,17,25
2020-11-01,2020,0,,CIN,TEN,31,20
2020-11-01,2020,0,,CLE,OAK,6,16
2020-11-01,2020,0,,DET,IND,21,41
2020-11-01,2020,0,,BAL,PIT,24,28
2020-11-01,2020,0,,BUF,NE,24,21
2020-11-01,2020,0,,GB,MIN,22,28
2020-11-01,2020,0,,KC,NYJ,35,9
2020-11-01,2020,0,,MIA,LAR,28,17
2020-11-01,2020,0,,DEN,LAC,31,30
2020-11-01,2020,0,,SEA,SF,37,27
2020-11-01,2020,0,,CHI,NO,23,26
2020-11-01,2020,0,,PHI,DAL,23,9
2020-11-02,2020,0,,NYG,TB,23,25
2020-11-05,2020,0,,SF,GB,17,34
2020-11-08,2020,0,,JAX,HOU,25,27
2020-11-08,2020,0,,KC,CAR,33,31
2020-11-08,2020,0,,MIN,DET,34,20
2020-11-08,2020,0,,IND,BAL,10,24
2020-11-08,2020,0,,ATL,DEN,34,27
2020-11-08,2020,0,,BUF,SEA,44,34
2020-11-08,2020,0,,WSH,NYG,20,23
2020-11-08,2020,0,,TEN,CHI,24,17
2020-11-08,2020,0,,LAC,OAK,26,31
2020-11-08,2020,0,,DAL,PIT,19,24
2020-11-08,2020,0,,ARI,MIA,31,34
2020-11-08,2020,0,,TB,NO,3,38
2020-11-09,2020,0,,NYJ,NE,27,30
2020-11-12,2020,0,,TEN,IND,17,34
2020-11-15,2020,0,,CLE,HOU,10,7
2020-11-15,2020,0,,GB,JAX,24,20
2020-11-15,2020,0,,NYG,PHI,27,17
2020-11-15,2020,0,,DET,WSH,30,27
2020-11-15,2020,0,,CAR,TB,23,46
2020-11-15,2020,0,,OAK,DEN,37,12
2020-11-15,2020,0,,MIA,LAC,29,21
2020-11-15,2020,0,,ARI,BUF,32,30
2020-11-15,2020,0,,NO,SF,27,13
2020-11-15,2020,0,,PIT,CIN,36,10
2020-11-15,2020,0,,LAR,SEA,23,16
2020-11-15,2020,0,,NE,BAL,23,17
2020-11-16,2020,0,,CHI,MIN,13,19
2020-11-19,2020,0,,SEA,ARI,28,21
2020-11-22,2020,0,,NO,ATL,24,9
2020-11-22,2020,0,,WSH,CIN,20,9
2020-11-22,2020,0,,HOU,NE,27,20
2020-11-22,2020,0,,CLE,PHI,22,17
2020-11-22,2020,0,,CAR,DET,20,0
2020-11-22,2020,0,,JAX,PIT,3,27
2020-11-22,2020,0,,BAL,TEN,24,30
2020-11-22,2020,0,,LAC,NYJ,34,28
2020-11-22,2020,0,,DEN,MIA,20,13
2020-11-22,2020,0,,IND,GB,34,31
2020-11-22,2020,0,,MIN,DAL,28,31
2020-11-22,2020,0,,OAK,KC,31,35
2020-11-23,2020,0,,TB,LAR,24,27
2020-11-26,2020,0,,DET,HOU,25,41
2020-11-26,2020,0,,DAL,WSH,16,41
2020-11-29,2020,0,,BUF,LAC,27,17
2020-11-29,2020,0,,NYJ,MIA,3,20
2020-11-29,2020,0,,NE,ARI,20,17
2020-11-29,2020,0,,MIN,CAR,28,27
2020-11-29,2020,0,,IND,TEN,26,45
2020-11-29,2020,0,,JAX,CLE,25,27
2020-11-29,2020,0,,CIN,NYG,17,19
2020-11-29,2020,0,,ATL,OAK,43,6
2020-11-29,2020,0,,LAR,SF,20,23
2020-11-29,2020,0,,DEN,NO,3,31
2020-11-29,2020,0,,TB,KC,24,27
2020-11-29,2020,0,,GB,CHI,41,25
2020-11-30,2020,0,,PHI,SEA,17,23
2020-12-02,2020,0,,PIT,BAL,19,14
2020-12-06,2020,0,,MIN,JAX,27,24
2020-12-06,2020,0,,ATL,NO,16,21
2020-12-06,2020,0,,CHI,DET,30,34
2020-12-06,2020,0,,MIA,CIN,19,7
2020-12-06,2020,0,,TEN,CLE,35,41
2020-12-06,2020,0,,NYJ,OAK,28,31
2020-12-06,2020,0,,HOU,IND,20,26
2020-12-06,2020,0,,SEA,NYG,12,17
2020-12-06,2020,0,,ARI,LAR,28,38
2020-12-06,2020,0,,GB,PHI,30,16
2020-12-06,2020,0,,LAC,NE,0,45
2020-12-06,2020,0,,KC,DEN,22,16
2020-12-07,2020,0,,PIT,WSH,17,23
2020-12-07,2020,0,,SF,BUF,24,34
2020-12-08,2020,0,,BAL,DAL,34,17
2020-12-10,2020,0,,LAR,NE,24,3
2020-12-13,2020,0,,CAR,DEN,27,32
2020-12-13,2020,0,,TB,MIN,26,14
2020-12-13,2020,0,,JAX,TEN,10,31
2020-12-13,2020,0,,CHI,HOU,36,7
2020-12-13,2020,0,,MIA,KC,27,33
2020-12-13,2020,0,,CIN,DAL,7,30
2020-12-13,2020,0,,NYG,ARI,7,26
2020-12-13,2020,0,,OAK,IND,27,44
2020-12-13,2020,0,,SEA,NYJ,40,3
2020-12-13,2020,0,,LAC,ATL,20,17
2020-12-13,2020,0,,PHI,NO,24,21
2020-12-13,2020,0,,DET,GB,24,31
2020-12-13,2020,0,,SF,WSH,15,23
2020-12-13,2020,0,,BUF,PIT,26,15
2020-12-14,2020,0,,CLE,BAL,42,47
2020-12-17,2020,0,,OAK,LAC,27,30
2020-12-19,2020,0,,DEN,BUF,19,48
2020-12-19,2020,0,,GB,CAR,24,16
2020-12-20,2020,0,,BAL,JAX,40,14
2020-12-20,2020,0,,ATL,TB,27,31
2020-12-20,2020,0,,DAL,SF,41,33
2020-12-20,2020,0,,MIN,CHI,27,33
2020-12-20,2020,0,,IND,HOU,27,20
2020-12-20,2020,0,,TEN,DET,46,25
2020-12-20,2020,0,,MIA,NE,22,12
2020-12-20,2020,0,,WSH,SEA,15,20
2020-12-20,2020,0,,ARI,PHI,33,26
2020-12-20,2020,0,,LAR,NYJ,20,23
2020-12-20,2020,0,,NO,KC,29,32
2020-12-20,2020,0,,NYG,CLE,6,20
2020-12-21,2020,0,,CIN,PIT,27,17
2020-12-25,2020,0,,NO,MIN,52,33
2020-12-26,2020,0,,DET,TB,7,47
2020-12-26,2020,0,,ARI,SF,12,20
2020-12-26,2020,0,,OAK,MIA,25,26
2020-12-27,2020,0,,NYJ,CLE,23,16
2020-12-27,2020,0,,BAL,NYG,27,13
2020-12-27,2020,0,,HOU,CIN,31,37
2020-12-27,2020,0,,KC,ATL,17,14
2020-12-27,2020,0,,JAX,CHI,17,41
2020-12-27,2020,0,,PIT,IND,28,24
2020-12-27,2020,0,,LAC,DEN,19,16
2020-12-27,2020,0,,WSH,CAR,13,20
2020-12-27,2020,0,,DAL,PHI,37,17
2020-12-27,2020,0,,SEA,LAR,20,9
2020-12-27,2020,0,,GB,TEN,40,14
2020-12-28,2020,0,,NE,BUF,9,38
2021-01-03,2020,0,,CLE,PIT,24,22
2021-01-03,2020,0,,CIN,BAL,3,38
2021-01-03,2020,0,,BUF,MIA,56,26
2021-01-03,2020,0,,NE,NYJ,28,14
2021-01-03,2020,0,,NYG,DAL,23,19
2021-01-03,2020,0,,DET,MIN,35,37
2021-01-03,2020,0,,TB,ATL,44,27
2021-01-03,2020,0,,DEN,OAK,31,32
2021-01-03,2020,0,,CHI,GB,16,35
2021-01-03,2020,0,,HOU,TEN,38,41
2021-01-03,2020,0,,CAR,NO,7,33
2021-01-03,2020,0,,SF,SEA,23,26
2021-01-03,2020,0,,LAR,ARI,18,7
2021-01-03,2020,0,,IND,JAX,28,14
2021-01-03,2020,0,,KC,LAC,21,38
2021-01-03,2020,0,,PHI,WSH,14,20
2021-01-09,2020,0,w,BUF,IND,27,24
2021-01-09,2020,0,w,SEA,LAR,20,30
2021-01-09,2020,0,w,WSH,TB,23,31
2021-01-10,2020,0,w,TEN,BAL,13,20
2021-01-10,2020,0,w,NO,CHI,21,9
2021-01-10,2020,0,w,PIT,CLE,37,48
2021-01-16,2020,0,d,GB,LAR,32,18
2021-01-16,2020,0,d,BUF,BAL,17,3
2021-01-17,2020,0,d,KC,CLE,22,17
2021-01-17,2020,0,d,NO,TB,20,30
2021-01-24,2020,0,c,GB,TB,26,31
2021-01-24,2020,0,c,KC,BUF,38,24
2021-02-07,2020,1,s,TB,KC,31,9
2021-09-09,2021,0,,TB,DAL,31,29
2021-09-12,2021,0,,CAR,NYJ,19,14
2021-09-12,2021,0,,TEN,ARI,13,38
2021-09-12,2021,0,,IND,SEA,16,28
2021-09-12,2021,0,,WSH,LAC,16,20
2021-09-12,2021,0,,HOU,JAX,37,21
2021-09-12,2021,0,,CIN,MIN,27,24
2021-09-12,2021,0,,DET,SF,33,41
2021-09-12,2021,0,,ATL,PHI,6,32
2021-09-12,2021,0,,BUF,PIT,16,23
2021-09-12,2021,0,,NE,MIA,16,17
2021-09-12,2021,0,,NYG,DEN,13,27
2021-09-12,2021,0,,KC,CLE,33,29
2021-09-12,2021,1,,NO,GB,38,3
2021-09-12,2021,0,,LAR,CHI,34,14
2021-09-13,2021,0,,OAK,BAL,33,27
2021-09-16,2021,0,,WSH,NYG,30,29
2021-09-19,2021,0,,PHI,SF,11,17
2021-09-19,2021,0,,IND,LAR,24,27
2021-09-19,2021,0,,PIT,OAK,17,26
2021-09-19,2021,0,,CAR,NO,26,7
2021-09-19,2021,0,,MIA,BUF,0,35
2021-09-19,2021,0,,CHI,CIN,20,17
2021-09-19,2021,0,,CLE,HOU,31,21
2021-09-19,2021,0,,JAX,DEN,13,23
2021-09-19,2021,0,,NYJ,NE,6,25
2021-09-19,2021,0,,TB,ATL,48,25
2021-09-19,2021,0,,ARI,MIN,34,33
2021-09-19,2021,0,,SEA,TEN,30,33
2021-09-19,2021,0,,LAC,DAL,17,20
2021-09-19,2021,0,,BAL,KC,36,35
2021-09-20,2021,0,,GB,DET,35,17
2021-09-23,2021,0,,HOU,CAR,9,24
2021-09-26,2021,0,,JAX,ARI,19,31
2021-09-26,2021,0,,CLE,CHI,26,6
2021-09-26,2021,0,,NYG,ATL,14,17
2021-09-26,2021,0,,PIT,CIN,10,24
2021-09-26,2021,0,,BUF,WSH,43,21
2021-09-26,2021,0,,NE,NO,13,28
2021-09-26,2021,0,,TEN,IND,25,16
2021-09-26,2021,0,,DET,BAL,17,19
2021-09-26,2021,0,,KC,LAC,24,30
2021-09-26,2021,0,,OAK,MIA,31,28
2021-09-26,2021,0,,DEN,NYJ,26,0
2021-09-26,2021,0,,MIN,SEA,30,17
2021-09-26,2021,0,,LAR,TB,34,24
2021-09-26,2021,0,,SF,GB,28,30
2021-09-27,2021,0,,DAL,PHI,41,21
2021-09-30,2021,0,,CIN,JAX,24,21
2021-10-03,2021,0,,BUF,HOU,40,0
2021-10-03,2021,0,,MIA,IND,17,27
2021-10-03,2021,0,,DAL,CAR,36,28
2021-10-03,2021,0,,ATL,WSH,30,34
2021-10-03,2021,0,,NYJ,TEN,27,24
2021-10-03,2021,0,,NO,NYG,21,27
2021-10-03,2021,0,,MIN,CLE,7,14
2021-10-03,2021,0,,PHI,KC,30,42
2021-10-03,2021,0,,CHI,DET,24,14
2021-10-03,2021,0,,LAR,ARI,20,37
2021-10-03,2021,0,,SF,SEA,21,28
2021-10-03,2021,0,,GB,PIT,27,17
2021-10-03,2021,0,,DEN,BAL,7,23
2021-10-03,2021,0,,NE,TB,17,19
2021-10-04,2021,0,,LAC,OAK,28,14
2021-10-07,2021,0,,SEA,LAR,17,26
2021-10-10,2021,1,,ATL,NYJ,27,20
2021-10-10,2021,0,,HOU,NE,22,25
2021-10-10,2021,0,,TB,MIA,45,17
2021-10-10,2021,0,,WSH,NO,22,33
2021-10-10,2021,0,,JAX,TEN,19,37
2021-10-10,2021,0,,CAR,PHI,18,21
2021-10-10,2021,0,,PIT,DEN,27,19
2021-10-10,2021,0,,CIN,GB,22,25
2021-10-10,2021,0,,MIN,DET,19,17
2021-10-10,2021,0,,OAK,CHI,9,20
2021-10-10,2021,0,,LAC,CLE,47,42
2021-10-10,2021,0,,ARI,SF,17,10
2021-10-10,2021,0,,DAL,NYG,44,20
2021-10-10,2021,0,,KC,BUF,20,38
2021-10-11,2021,0,,BAL,IND,31,25
2021-10-14,2021,0,,PHI,TB,22,28
2021-10-17,2021,1,,JAX,MIA,23,20
2021-10-17,2021,0,,BAL,LAC,34,6
2021-10-17,2021,0,,IND,HOU,31,3
2021-10-17,2021,0,,CAR,MIN,28,34
2021-10-17,2021,0,,CHI,GB,14,24
2021-10-17,2021,0,,WSH,KC,13,31
2021-10-17,2021,0,,DET,CIN,11,34
2021-10-17,2021,0,,NYG,LAR,11,38
2021-10-17,2021,0,,CLE,ARI,14,37
2021-10-17,2021,0,,NE,DAL,29,35
2021-10-17,2021,0,,DEN,OAK,24,34
2021-10-17,2021,0,,PIT,SEA,23,20
2021-10-18,2021,0,,TEN,BUF,34,31
2021-10-21,2021,0,,CLE,DEN,17,14
2021-10-24,2021,0,,NYG,CAR,25,3
2021-10-24,2021,0,,GB,WSH,24,10
2021-10-24,2021,0,,MIA,ATL,28,30
2021-10-24,2021,0,,TEN,KC,27,3
2021-10-24,2021,0,,NE,NYJ,54,13
2021-10-24,2021,0,,BAL,CIN,17,41
2021-10-24,2021,0,,LAR,DET,28,19
2021-10-24,2021,0,,OAK,PHI,33,22
2021-10-24,2021,0,,ARI,HOU,31,5
2021-10-24,2021,0,,TB,CHI,38,3
2021-10-24,2021,0,,SF,IND,18,30
2021-10-25,2021,0,,SEA,NO,10,13
2021-10-28,2021,0,,ARI,GB,21,24
2021-10-31,2021,0,,IND,TEN,31,34
2021-10-31,2021,0,,BUF,MIA,26,11
2021-10-31,2021,0,,CHI,SF,22,33
2021-10-31,2021,0,,CLE,PIT,10,15
2021-10-31,2021,0,,DET,PHI,6,44
2021-10-31,2021,0,,ATL,CAR,13,19
2021-10-31,2021,0,,HOU,LAR,22,38
2021-10-31,2021,0,,NYJ,CIN,34,31
2021-10-31,2021,0,,LAC,NE,24,27
2021-10-31,2021,0,,SEA,JAX,31,7
2021-10-31,2021,0,,NO,TB,36,27
2021-10-31,2021,0,,DEN,WSH,17,10
2021-10-31,2021,0,,MIN,DAL,16,20
2021-11-01,2021,0,,KC,NYG,20,17
2021-11-04,2021,0,,IND,NYJ,45,30
2021-11-07,2021,0,,DAL,DEN,16,30
2021-11-07,2021,0,,BAL,MIN,34,31
2021-11-07,2021,0,,CAR,NE,6,24
2021-11-07,2021,0,,CIN,CLE,16,41
2021-11-07,2021,0,,NO,ATL,25,27
2021-11-07,2021,0,,MIA,HOU,17,9
2021-11-07,2021,0,,JAX,BUF,9,6
2021-11-07,2021,0,,NYG,OAK,23,16
2021-11-07,2021,0,,PHI,LAC,24,27
2021-11-07,2021,0,,SF,ARI,17,31
2021-11-07,2021,0,,KC,GB,13,7
2021-11-07,2021,0,,LAR,TEN,16,28
2021-11-08,2021,0,,PIT,CHI,29,27
2021-11-11,2021,0,,MIA,BAL,22,10
2021-11-14,2021,0,,TEN,NO,23,21
2021-11-14,2021,0,,PIT,DET,16,16
2021-11-14,2021,0,,DAL,ATL,43,3
2021-11-14,2021,0,,NYJ,BUF,17,45
2021-11-14,2021,0,,WSH,TB,29,19
2021-11-14,2021,0,,NE,CLE,45,7
2021-11-14,2021,0,,IND,JAX,23,17
2021-11-14,2021,0,,ARI,CAR,10,34
2021-11-14,2021,0,,LAC,MIN,20,27
2021-11-14,2021,0,,DEN,PHI,13,30
2021-11-14,2021,0,,GB,SEA,17,0
2021-11-14,2021,0,,OAK,KC,14,41
2021-11-15,2021,0,,SF,LAR,31,10
2021-11-18,2021,0,,ATL,NE,0,25
2021-11-21,2021,0,,NYJ,MIA,17,24
2021-11-21,2021,0,,CHI,BAL,13,16
2021-11-21,2021,0,,MIN,GB,34,31
2021-11-21,2021,0,,BUF,IND,15,41
2021-11-21,2021,0,,CAR,WSH,21,27
2021-11-21,2021,0,,CLE,DET,13,10
2021-11-21,2021,0,,PHI,NO,40,29
2021-11-21,2021,0,,TEN,HOU,13,22
2021-11-21,2021,0,,JAX,SF,10,30
2021-11-21,2021,0,,OAK,CIN,13,32
2021-11-21,2021,0,,SEA,ARI,13,23
2021-11-21,2021,0,,KC,DAL,19,9
2021-11-21,2021,0,,LAC,PIT,41,37
2021-11-22,2021,0,,TB,NYG,30,10
2021-11-25,2021,0,,DET,CHI,14,16
2021-11-25,2021,0,,DAL,OAK,33,36
2021-11-25,2021,0,,NO,BUF,6,31
2021-11-28,2021,0,,NYG,PHI,13,7
2021-11-28,2021,0,,JAX,ATL,14,21
2021-11-28,2021,0,,CIN,PIT,41,10
2021-11-28,2021,0,,NE,TEN,36,13
2021-11-28,2021,0,,HOU,NYJ,14,21
2021-11-28,2021,0,,IND,TB,31,38
2021-11-28,2021,0,,MIA,CAR,33,10
2021-11-28,2021,0,,DEN,LAC,28,13
2021-11-28,2021,0,,GB,LAR,36,28
2021-11-28,2021,0,,SF,MIN,34,26
2021-11-28,2021,0,,BAL,CLE,16,10
2021-11-29,2021,0,,WSH,SEA,17,15
2021-12-02,2021,0,,NO,DAL,17,27
2021-12-05,2021,0,,MIA,NYG,20,9
2021-12-05,2021,0,,HOU,IND,0,31
2021-12-05,2021,0,,CIN,LAC,22,41
2021-12-05,2021,0,,NYJ,PHI,18,33
2021-12-05,2021,0,,ATL,TB,17,30
2021-12-05,2021,0,,CHI,ARI,22,33
2021-12-05,2021,0,,DET,MIN,29,27
2021-12-05,2021,0,,LAR,JAX,37,7
2021-12-05,2021,0,,OAK,WSH,15,17
2021-12-05,2021,0,,SEA,SF,30,23
2021-12-05,2021,0,,PIT,BAL,20,19
2021-12-05,2021,0,,KC,DEN,22,9
2021-12-06,2021,0,,BUF,NE,10,14
2021-12-09,2021,0,,MIN,PIT,36,28
2021-12-12,2021,0,,HOU,SEA,13,33
2021-12-12,2021,0,,KC,OAK,48,9
2021-12-12,2021,0,,CAR,ATL,21,29
2021-12-12,2021,0,,WSH,DAL,20,27
2021-12-12,2021,0,,NYJ,NO,9,30
2021-12-12,2021,0,,CLE,BAL,24,22
2021-12-12,2021,0,,TEN,JAX,20,0
2021-12-12,2021,0,,DEN,DET,38,10
2021-12-12,2021,0,,LAC,NYG,37,21
2021-12-12,2021,0,,CIN,SF,23,26
2021-12-12,2021,0,,TB,BUF,33,27
2021-12-12,2021,0,,GB,CHI,45,30
2021-12-13,2021,0,,ARI,LAR,23,30
2021-12-16,2021,0,,LAC,KC,28,34
2021-12-18,2021,0,,IND,NE,27,17
2021-12-19,2021,0,,JAX,HOU,16,30
2021-12-19,2021,0,,DET,ARI,30,12
2021-12-19,2021,0,,PIT,TEN,19,13
2021-12-19,2021,0,,NYG,DAL,6,21
2021-12-19,2021,0,,BUF,CAR,31,14
2021-12-19,2021,0,,MIA,NYJ,31,24
2021-12-19,2021,0,,SF,ATL,31,13
2021-12-19,2021,0,,DEN,CIN,10,15
2021-12-19,2021,0,,BAL,GB,30,31
2021-12-19,2021,0,,TB,NO,0,9
2021-12-20,2021,0,,CLE,OAK,14,16
2021-12-20,2021,0,,CHI,MIN,9,17
2021-12-21,2021,0,,LAR,SEA,20,10
2021-12-21,2021,0,,PHI,WSH,27,17
2021-12-23,2021,0,,TEN,SF,20,17
2021-12-25,2021,0,,GB,CLE,24,22
2021-12-25,2021,0,,ARI,IND,16,22
2021-12-26,2021,0,,NE,BUF,21,33
2021-12-26,2021,0,,CIN,BAL,41,21
2021-12-26,2021,0,,ATL,DET,20,16
2021-12-26,2021,0,,HOU,LAC,41,29
2021-12-26,2021,0,,NYJ,JAX,26,21
2021-12-26,2021,0,,PHI,NYG,34,10
2021-12-26,2021,0,,MIN,LAR,23,30
2021-12-26,2021,0,,CAR,TB,6,32
2021-12-26,2021,0,,SEA,CHI,24,25
2021-12-26,2021,0,,KC,PIT,36,10
2021-12-26,2021,0,,OAK,DEN,17,13
2021-12-26,2021,0,,DAL,WSH,56,14
2021-12-27,2021,0,,NO,MIA,3,20
2022-01-02,2021,0,,BUF,ATL,29,15
2022-01-02,2021,0,,TEN,MIA,34,3
2022-01-02,2021,0,,BAL,LAR,19,20
2022-01-02,2021,0,,NE,JAX,50,10
2022-01-02,2021,0,,IND,OAK,20,23
2022-01-02,2021,0,,CIN,KC,34,31
2022-01-02,2021,0,,NYJ,TB,24,28
2022-01-02,2021,0,,CHI,NYG,29,3
2022-01-02,2021,0,,WSH,PHI,16,20
2022-01-02,2021,0,,SF,HOU,23,7
2022-01-02,2021,0,,LAC,DEN,34,13
2022-01-02,2021,0,,NO,CAR,18,10
2022-01-02,2021,0,,DAL,ARI,22,25
2022-01-02,2021,0,,SEA,DET,51,29
2022-01-02,2021,0,,GB,MIN,37,10
2022-01-03,2021,0,,PIT,CLE,26,14
2022-01-08,2021,0,,DEN,KC,24,28
2022-01-08,2021,0,,PHI,DAL,26,51
2022-01-09,2021,0,,BAL,PIT,13,16
2022-01-09,2021,0,,JAX,IND,26,11
2022-01-09,2021,0,,MIN,CHI,31,17
2022-01-09,2021,0,,NYG,WSH,7,22
2022-01-09,2021,0,,DET,GB,37,30
2022-01-09,2021,0,,CLE,CIN,21,16
2022-01-09,2021,0,,HOU,TEN,25,28
2022-01-09,2021,0,,ATL,NO,20,30
2022-01-09,2021,0,,ARI,SEA,30,38
2022-01-09,2021,0,,TB,CAR,41,17
2022-01-09,2021,0,,LAR,SF,24,27
2022-01-09,2021,0,,BUF,NYJ,27,10
2022-01-09,2021,0,,MIA,NE,33,24
2022-01-09,2021,0,,OAK,LAC,35,32
2022-01-15,2021,0,w,CIN,OAK,26,19
2022-01-15,2021,0,w,BUF,NE,47,17
2022-01-16,2021,0,w,TB,PHI,31,15
2022-01-16,2021,0,w,DAL,SF,17,23
2022-01-16,2021,0,w,KC,PIT,42,21
2022-01-17,2021,0,w,LAR,ARI,34,11
2022-01-22,2021,0,d,TEN,CIN,16,19
2022-01-22,2021,0,d,GB,SF,10,13
2022-01-23,2021,0,d,TB,LAR,27,30
2022-01-23,2021,0,d,KC,BUF,42,36
2022-01-30,2021,0,c,KC,CIN,24,27
2022-01-30,2021,0,c,LAR,SF,20,17
2022-02-13,2021,1,s,CIN,LAR,20,23
2022-09-08,2022,0,,LAR,BUF,10,31
2022-09-11,2022,0,,MIA,NE,20,7
2022-09-11,2022,0,,CIN,PIT,20,23
2022-09-11,2022,0,,ATL,NO,26,27
2022-09-11,2022,0,,NYJ,BAL,9,24
2022-09-11,2022,0,,CAR,CLE,24,26
2022-09-11,2022,0,,WSH,JAX,28,22
2022-09-11,2022,0,,DET,PHI,35,38
2022-09-11,2022,0,,CHI,SF,19,10
2022-09-11,2022,0,,HOU,IND,20,20
2022-09-11,2022,0,,MIN,GB,23,7
2022-09-11,2022,0,,ARI,KC,21,44
2022-09-11,2022,0,,TEN,NYG,20,21
2022-09-11,2022,0,,LAC,OAK,24,19
2022-09-11,2022,0,,DAL,TB,3,19
2022-09-12,2022,0,,SEA,DEN,17,16
2022-09-15,2022,0,,KC,LAC,27,24
2022-09-18,2022,0,,BAL,MIA,38,42
2022-09-18,2022,0,,PIT,NE,14,17
2022-09-18,2022,0,,JAX,IND,24,0
2022-09-18,2022,0,,NYG,CAR,19,16
2022-09-18,2022,0,,CLE,NYJ,30,31
2022-09-18,2022,0,,NO,TB,10,20
2022-09-18,2022,0,,DET,WSH,36,27
2022-09-18,2022,0,,LAR,ATL,31,27
2022-09-18,2022,0,,SF,SEA,27,7
2022-09-18,2022,0,,DAL,CIN,20,17
2022-09-18,2022,0,,DEN,HOU,16,9
2022-09-18,2022,0,,OAK,ARI,23,29
2022-09-18,2022,0,,GB,CHI,27,10
2022-09-19,2022,0,,BUF,TEN,41,7
2022-09-19,2022,0,,PHI,MIN,24,7
2022-09-22,2022,0,,CLE,PIT,29,17
2022-09-25,2022,0,,NE,BAL,26,37
2022-09-25,2022,0,,IND,KC,20,17
2022-09-25,2022,0,,CHI,HOU,23,20
2022-09-25,2022,0,,TEN,OAK,24,22
2022-09-25,2022,0,,CAR,NO,22,14
2022-09-25,2022,0,,WSH,PHI,8,24
2022-09-25,2022,0,,NYJ,CIN,12,27
2022-09-25,2022,0,,MIA,BUF,21,19
2022-09-25,2022,0,,MIN,DET,28,24
2022-09-25,2022,0,,LAC,JAX,10,38
2022-09-25,2022,0,,ARI,LAR,12,20
2022-09-25,2022,0,,TB,GB,12,14
2022-09-25,2022,0,,SEA,ATL,23,27
2022-09-25,2022,0,,DEN,SF,11,10
2022-09-26,2022,0,,NYG,DAL,16,23
2022-09-29,2022,0,,CIN,MIA,27,15
2022-10-02,2022,1,,NO,MIN,25,28
2022-10-02,2022,0,,IND,TEN,17,24
2022-10-02,2022,0,,PIT,NYJ,20,24
2022-10-02,2022,0,,DET,SEA,45,48
2022-10-02,2022,0,,NYG,CHI,20,12
2022-10-02,2022,0,,DAL,WSH,25,10
2022-10-02,2022,0,,BAL,BUF,20,23
2022-10-02,2022,0,,ATL,CLE,23,20
2022-10-02,2022,0,,PHI,JAX,29,21
2022-10-02,2022,0,,HOU,LAC,24,34
2022-10-02,2022,0,,CAR,ARI,16,26
2022-10-02,2022,0,,GB,NE,27,24
2022-10-02,2022,0,,OAK,DEN,32,23
2022-10-02,2022,0,,TB,KC,31,41
2022-10-03,2022,0,,SF,LAR,24,9
2022-10-06,2022,0,,DEN,IND,9,12
2022-10-09,2022,1,,GB,NYG,22,27
2022-10-09,2022,0,,MIN,CHI,29,22
2022-10-09,2022,0,,JAX,HOU,6,13
2022-10-09,2022,0,,TB,ATL,21,15
2022-10-09,2022,0,,NO,SEA,39,32
2022-10-09,2022,0,,CLE,LAC,28,30
2022-10-09,2022,0,,WSH,TEN,17,21
2022-10-09,2022,0,,BUF,PIT,38,3
2022-10-09,2022,0,,NYJ,MIA,40,17
2022-10-09,2022,0,,NE,DET,29,0
2022-10-09,2022,0,,CAR,SF,15,37
2022-10-09,2022,0,,ARI,PHI,17,20
2022-10-09,2022,0,,LAR,DAL,10,22
2022-10-09,2022,0,,BAL,CIN,19,17
2022-10-10,2022,0,,KC,OAK,30,29
2022-10-13,2022,0,,CHI,WSH,7,12
2022-10-16,2022,0,,NYG,BAL,24,20
2022-10-16,2022,0,,IND,JAX,34,27
2022-10-16,2022,0,,MIA,MIN,16,24
2022-10-16,2022,0,,NO,CIN,26,30
2022-10-16,2022,0,,PIT,TB,20,18
2022-10-16,2022,0,,CLE,NE,15,38
2022-10-16,2022,0,,GB,NYJ,10,27
2022-10-16,2022,0,,ATL,SF,28,14
2022-10-16,2022,0,,SEA,ARI,19,9
2022-10-16,2022,0,,LAR,CAR,24,10
2022-10-16,2022,0,,KC,BUF,20,24
2022-10-16,2022,0,,PHI,DAL,26,17
2022-10-17,2022,0,,LAC,DEN,19,16
2022-10-20,2022,0,,ARI,NO,42,34
2022-10-23,2022,0,,TEN,IND,19,10
2022-10-23,2022,0,,CAR,TB,21,3
2022-10-23,2022,0,,DAL,DET,24,6
2022-10-23,2022,0,,BAL,CLE,23,20
2022-10-23,2022,0,,WSH,GB,23,21
2022-10-23,2022,0,,JAX,NYG,17,23
2022-10-23,2022,0,,CIN,ATL,35,17
2022-10-23,2022,0,,OAK,HOU,38,20
2022-10-23,2022,0,,DEN,NYJ,9,16
2022-10-23,2022,0,,LAC,SEA,23,37
2022-10-23,2022,0,,SF,KC,23,44
2022-10-23,2022,0,,MIA,PIT,16,10
2022-10-24,2022,0,,NE,CHI,14,33
2022-10-27,2022,0,,TB,BAL,22,27
2022-10-30,2022,1,,JAX,DEN,17,21
2022-10-30,2022,0,,DAL,CHI,49,29
2022-10-30,2022,0,,NYJ,NE,17,22
2022-10-30,2022,0,,PHI,PIT,35,13
2022-10-30,2022,0,,MIN,ARI,34,26
2022-10-30,2022,0,,ATL,CAR,37,34
2022-10-30,2022,0,,NO,OAK,24,0
2022-10-30,2022,0,,DET,MIA,27,31
2022-10-30,2022,0,,HOU,TEN,10,17
2022-10-30,2022,0,,IND,WSH,16,17
2022-10-30,2022,0,,LAR,SF,14,31
2022-10-30,2022,0,,SEA,NYG,27,13
2022-10-30,2022,0,,BUF,GB,27,17
2022-10-31,2022,0,,CLE,CIN,32,13
2022-11-03,2022,0,,HOU,PHI,17,29
2022-11-06,2022,0,,CHI,MIA,32,35
2022-11-06,2022,0,,WSH,MIN,17,20
2022-11-06,2022,0,,NYJ,BUF,20,17
2022-11-06,2022,0,,NE,IND,26,3
2022-11-06,2022,0,,DET,GB,15,9
2022-11-06,2022,0,,ATL,LAC,17,20
2022-11-06,2022,0,,JAX,OAK,27,20
2022-11-06,2022,0,,CIN,CAR,42,21
2022-11-06,2022,0,,ARI,SEA,21,31
2022-11-06,2022,0,,TB,LAR,16,13
2022-11-06,2022,0,,KC,TEN,20,17
2022-11-07,2022,0,,NO,BAL,13,27
2022-11-10,2022,0,,CAR,ATL,25,15
2022-11-13,2022,1,,TB,SEA,21,16
2022-11-13,2022,0,,BUF,MIN,30,33
2022-11-13,2022,0,,TEN,DEN,17,10
2022-11-13,2022,0,,NYG,HOU,24,16
2022-11-13,2022,0,,MIA,CLE,39,17
2022-11-13,2022,0,,PIT,NO,20,10
2022-11-13,2022,0,,KC,JAX,27,17
2022-11-13,2022,0,,CHI,DET,30,31
2022-11-13,2022,0,,OAK,IND,20,25
2022-11-13,2022,0,,GB,DAL,31,28
2022-11-13,2022,0,,LAR,ARI,17,27
2022-11-13,2022,0,,SF,LAC,22,16
2022-11-14,2022,0,,PHI,WSH,21,32
2022-11-17,2022,0,,GB,TEN,17,27
2022-11-20,2022,0,,NYG,DET,18,31
2022-11-20,2022,0,,BUF,CLE,31,23
2022-11-20,2022,0,,BAL,CAR,13,3
2022-11-20,2022,0,,NE,NYJ,10,3
2022-11-20,2022,0,,ATL,CHI,27,24
2022-11-20,2022,0,,IND,PHI,16,17
2022-11-20,2022,0,,HOU,WSH,10,23
2022-11-20,2022,0,,NO,LAR,27,20
2022-11-20,2022,0,,DEN,OAK,16,22
2022-11-20,2022,0,,PIT,CIN,30,37
2022-11-20,2022,0,,MIN,DAL,3,40
2022-11-20,2022,0,,LAC,KC,27,30
2022-11-21,2022,1,,ARI,SF,10,38
2022-11-24,2022,0,,DET,BUF,25,28
2022-11-24,2022,0,,DAL,NYG,28,20
2022-11-24,2022,0,,MIN,NE,33,26
2022-11-27,2022,0,,TEN,CIN,16,20
2022-11-27,2022,0,,NYJ,CHI,31,10
2022-11-27,2022,0,,CLE,TB,23,17
2022-11-27,2022,0,,CAR,DEN,23,10
2022-11-27,2022,0,,MIA,HOU,30,15
2022-11-27,2022,0,,WSH,ATL,19,13
2022-11-27,2022,0,,JAX,BAL,28,27
2022-11-27,2022,0,,ARI,LAC,24,25
2022-11-27,2022,0,,SEA,OAK,34,40
2022-11-27,2022,0,,SF,NO,13,0
2022-11-27,2022,0,,KC,LAR,26,10
2022-11-27,2022,0,,PHI,GB,40,33
2022-11-28,2022,0,,IND,PIT,17,24
2022-12-01,2022,0,,NE,BUF,10,24
2022-12-04,2022,0,,NYG,WSH,20,20
2022-12-04,2022,0,,MIN,NYJ,27,22
2022-12-04,2022,0,,ATL,PIT,16,19
2022-12-04,2022,0,,PHI,TEN,35,10
2022-12-04,2022,0,,BAL,DEN,10,9
2022-12-04,2022,0,,CHI,GB,19,28
2022-12-04,2022,0,,HOU,CLE,14,27
2022-12-04,2022,0,,DET,JAX,40,14
2022-12-04,2022,0,,SF,MIA,33,17
2022-12-04,2022,0,,LAR,SEA,23,27
2022-12-04,2022,0,,CIN,KC,27,24
2022-12-04,2022,0,,OAK,LAC,27,20
2022-12-04,2022,0,,DAL,IND,54,19
2022-12-05,2022,0,,TB,NO,17,16
2022-12-08,2022,0,,LAR,OAK,17,16
2022-12-11,2022,0,,TEN,JAX,22,36
2022-12-11,2022,0,,NYG,PHI,22,48
2022-12-11,2022,0,,DET,MIN,34,23
2022-12-11,2022,0,,CIN,CLE,23,10
2022-12-11,2022,0,,DAL,HOU,27,23
2022-12-11,2022,0,,BUF,NYJ,20,12
2022-12-11,2022,0,,PIT,BAL,14,16
2022-12-11,2022,0,,DEN,KC,28,34
2022-12-11,2022,0,,SF,TB,35,7
2022-12-11,2022,0,,SEA,CAR,24,30
2022-12-11,2022,0,,LAC,MIA,23,17
2022-12-12,2022,0,,ARI,NE,13,27
2022-12-15,2022,0,,SEA,SF,13,21
2022-12-17,2022,0,,MIN,IND,39,36
2022-12-17,2022,0,,CLE,BAL,13,3
2022-12-17,2022,0,,BUF,MIA,32,29
2022-12-18,2022,0,,HOU,KC,24,30
2022-12-18,2022,0,,JAX,DAL,40,34
2022-12-18,2022,0,,CAR,PIT,16,24
2022-12-18,2022,0,,NO,ATL,21,18
2022-12-18,2022,0,,NYJ,DET,17,20
2022-12-18,2022,0,,CHI,PHI,20,25
2022-12-18,2022,0,,DEN,ARI,24,15
2022-12-18,2022,0,,OAK,NE,30,24
2022-12-18,2022,0,,LAC,TEN,17,14
2022-12-18,2022,0,,TB,CIN,23,34
2022-12-18,2022,0,,WSH,NYG,12,20
2022-12-19,2022,0,,GB,LAR,24,12
2022-12-22,2022,0,,NYJ,JAX,3,19
2022-12-24,2022,0,,NE,CIN,18,22
2022-12-24,2022,0,,KC,SEA,24,10
2022-12-24,2022,0,,CAR,DET,37,23
2022-12-24,2022,0,,CHI,BUF,13,35
2022-12-24,2022,0,,BAL,ATL,17,9
2022-12-24,2022,0,,CLE,NO,10,17
2022-12-24,2022,0,,MIN,NYG,27,24
2022-12-24,2022,0,,TEN,HOU,14,19
2022-12-24,2022,0,,SF,WSH,37,20
2022-12-24,2022,0,,DAL,PHI,40,34
2022-12-24,2022,0,,PIT,OAK,13,10
2022-12-25,2022,0,,MIA,GB,20,26
2022-12-25,2022,0,,LAR,DEN,51,14
2022-12-25,2022,0,,ARI,TB,16,19
2022-12-26,2022,0,,IND,LAC,3,20
2022-12-29,2022,0,,TEN,DAL,13,27
2023-01-01,2022,0,,NE,MIA,23,21
2023-01-01,2022,0,,KC,DEN,27,24
2023-01-01,2022,0,,ATL,ARI,20,19
2023-01-01,2022,0,,WSH,CLE,10,24
2023-01-01,2022,0,,PHI,NO,10,20
2023-01-01,2022,0,,NYG,IND,38,10
2023-01-01,2022,0,,HOU,JAX,3,31
2023-01-01,2022,0,,TB,CAR,30,24
2023-01-01,2022,0,,DET,CHI,41,10
2023-01-01,2022,0,,SEA,NYJ,23,6
2023-01-01,2022,0,,OAK,SF,34,37
2023-01-01,2022,0,,GB,MIN,41,17
2023-01-01,2022,0,,LAC,LAR,31,10
2023-01-01,2022,0,,BAL,PIT,13,16
2023-01-07,2022,0,,OAK,KC,13,31
2023-01-07,2022,0,,JAX,TEN,20,16
2023-01-08,2022,0,,MIA,NYJ,11,6
2023-01-08,2022,0,,PIT,CLE,28,14
2023-01-08,2022,0,,BUF,NE,35,23
2023-01-08,2022,0,,CHI,MIN,13,29
2023-01-08,2022,0,,NO,CAR,7,10
2023-01-08,2022,0,,IND,HOU,31,32
2023-01-08,2022,0,,CIN,BAL,27,16
2023-01-08,2022,0,,ATL,TB,30,17
2023-01-08,2022,0,,SF,ARI,38,13
2023-01-08,2022,0,,DEN,LAC,31,28
2023-01-08,2022,0,,SEA,LAR,19,16
2023-01-08,2022,0,,WSH,DAL,26,6
2023-01-08,2022,0,,PHI,NYG,22,16
2023-01-08,2022,0,,GB,DET,16,20
2023-01-14,2022,0,w,SF,SEA,41,23
2023-01-14,2022,0,w,JAX,LAC,31,30
2023-01-15,2022,0,w,BUF,MIA,34,31
2023-01-15,2022,0,w,MIN,NYG,24,31
2023-01-15,2022,0,w,CIN,BAL,24,17
2023-01-16,2022,0,w,TB,DAL,14,31
2023-01-21,2022,0,d,KC,JAX,27,20
2023-01-21,2022,0,d,PHI,NYG,38,7
2023-01-22,2022,0,d,BUF,CIN,10,27
2023-01-22,2022,0,d,SF,DAL,19,12
2023-01-29,2022,0,c,PHI,SF,31,7
2023-01-29,2022,0,c,KC,CIN,23,20
2023-02-12,2022,1,s,PHI,KC,35,38
