Season,Team,Games,ActualWins,ExpWins,Luck_Index,Luck_per_Game,Close_ActualWins,Close_ExpWins,Close_Games,Close_Luck_Index,Close_Luck_per_Game,Points_For,Points_Against,Pyth_ExpWins,Pyth_Luck
1970,MIN,14,12,8.511649013910045,3.488350986089955,0.24916792757785394,4,3.1910879894290565,5,0.8089120105709435,0.1617824021141887,335,143,12.35678060611723,-0.35678060611722984
1970,DET,14,10,7.363304285317419,2.636695714682581,0.18833540819161293,3,2.891543641421634,6,0.108456358578366,0.018076059763061,347,202,10.959787041321338,-0.9597870413213379
1970,IND,14,11,8.390092766248191,2.6099072337518088,0.18642194526798633,6,4.5112200811690375,8,1.4887799188309625,0.1860974898538703,321,234,9.506074497163487,1.4939255028365128
1970,DAL,14,10,7.80157746702498,2.1984225329750204,0.15703018092678717,2,2.2027416402171083,4,-0.20274164021710828,-0.05068541005427707,299,221,9.405410417041391,0.5945895829586085
1970,MIA,14,10,7.995905338401621,2.004094661598379,0.1431496186855985,5,3.38541190625179,6,1.61458809374821,0.26909801562470165,297,228,9.124041105937419,0.8759588940625811
1970,SFO,14,10,8.082252312808286,1.9177476871917136,0.13698197765655099,3,3.560544171468799,6,-0.5605441714687989,-0.09342402857813314,352,267,9.213992089822787,0.7860079101772133
1970,NYG,14,9,7.436445578751771,1.563554421248229,0.11168245866058779,6,4.297366386636579,8,1.702633613363421,0.21282920167042763,301,270,7.89661718016538,1.1033828198346196
1970,LAR,14,9,7.7183001857903895,1.2816998142096105,0.09154998672925789,3,2.7395365571102372,5,0.26046344288976275,0.05209268857795255,325,202,10.57417202486039,-1.57417202486039
1970,CIN,14,8,6.970091024269196,1.0299089757308044,0.0735649268379146,3,2.911865100150985,6,0.08813489984901501,0.014689149974835836,312,255,8.642263554657227,-0.6422635546572266
1970,LVR,14,8,7.085379964373059,0.9146200356269407,0.06533000254478148,5,3.9424809146975095,8,1.0575190853024905,0.1321898856628113,300,293,7.195792752472798,0.8042072475272022
1970,ARI,14,8,7.898602829338854,0.10139717066114606,0.007242655047224719,2,2.6748092088215416,5,-0.6748092088215416,-0.1349618417643083,325,228,9.778856645902238,-1.7788566459022377
1970,CLE,14,7,7.234224660463773,-0.23422466046377277,-0.016730332890269484,3,3.8286795638829756,8,-0.8286795638829756,-0.10358494548537195,286,265,7.630876680056346,-0.6308766800563461
1970,KAN,14,7,7.279730396965734,-0.2797303969657339,-0.01998074264040956,2,2.521319795560959,5,-0.521319795560959,-0.1042639591121918,272,244,7.896172803657775,-0.896172803657775
1970,GNB,14,6,6.419708627863041,-0.41970862786304064,-0.0299791877045029,4,3.258453784485473,7,0.7415462155145272,0.10593517364493245,196,293,3.8962914729142626,2.1037085270857374
1970,CHI,14,6,6.573392678919555,-0.5733926789195554,-0.040956619922825385,2,2.5802936106276833,6,-0.5802936106276833,-0.09671560177128054,256,261,6.83957821695689,-0.8395782169568902
1970,WAS,14,6,6.5818612418428595,-0.5818612418428595,-0.041561517274489965,2,2.3249467799951176,5,-0.32494677999511756,-0.06498935599902352,297,314,6.5389616574813845,-0.5389616574813845
1970,LAC,14,5,6.8728629460921535,-1.8728629460921535,-0.1337759247208681,3,5.402478731106857,10,-2.402478731106857,-0.2402478731106857,282,278,7.118490696314844,-2.1184906963148444
1970,NYJ,14,4,5.981761151109957,-1.981761151109957,-0.1415543679364255,0,3.711711116924371,8,-3.711711116924371,-0.46396388961554635,255,286,6.054149322657613,-2.0541493226576133
1970,PIT,14,5,6.9972358418145015,-1.9972358418145015,-0.1426597029867501,3,3.4184059654628545,7,-0.41840596546285447,-0.059772280780407784,210,272,4.918913889068536,0.081086110931464
1970,DEN,14,5,7.187498606023973,-2.187498606023973,-0.15624990043028378,2,4.617271348372546,9,-2.6172713483725456,-0.2908079275969495,253,264,6.647267006713298,-1.6472670067132977
1970,ATL,14,4,6.473798708372772,-2.4737987083727724,-0.17669990774091232,2,3.6725983768697117,8,-1.6725983768697117,-0.20907479710871396,206,261,5.086921541832206,-1.086921541832206
1970,PHI,14,3,5.536638704289322,-2.536638704289322,-0.1811884788778087,3,2.802154398816521,7,0.19784560118347905,0.028263657311925577,241,332,4.4634762427542825,-1.4634762427542825
1970,BUF,14,3,6.154086047033518,-3.154086047033518,-0.22529186050239414,3,3.1467329613870736,7,-0.1467329613870736,-0.020961851626724797,204,337,3.266496135503072,-0.26649613550307194
1970,TEN,14,3,6.284903864335289,-3.2849038643352886,-0.23463599030966348,2,3.528645692264111,7,-1.528645692264111,-0.21837795603773014,217,352,3.375935588378627,-0.37593558837862684
1970,NWE,14,2,5.551334951688174,-3.5513349516881743,-0.253666782263441,1,1.250860340675609,3,-0.2508603406756089,-0.08362011355853631,149,361,1.531049677325597,0.46895032267440295
1970,NOR,14,2,5.617360806951565,-3.617360806951565,-0.2583829147822546,2,2.6268399361938597,6,-0.6268399361938597,-0.10447332269897662,172,347,2.230402205035756,-0.23040220503575615
1971,DAL,14,11,9.195379523238007,1.8046204767619933,0.12890146262585667,4,3.3154959261968817,6,0.6845040738031183,0.11408401230051972,406,222,11.29817032426705,-0.2981703242670495
1971,KAN,14,10,8.387424978421555,1.6125750215784453,0.1151839301127461,5,4.553677713005188,8,0.44632228699481225,0.05579028587435153,302,208,9.906372620628376,0.09362737937162358
1971,CLE,14,9,7.461226652502867,1.5387733474971332,0.10991238196408094,5,2.9466932698669908,7,2.0533067301330092,0.29332953287614416,285,273,7.356520455199902,1.6434795448000976
1971,PHI,14,6,4.626502219227731,1.3734977807722686,0.09810698434087632,3,1.8515671960797984,5,1.1484328039202016,0.22968656078404032,221,302,4.521854649627192,1.4781453503728077
1971,MIN,14,11,9.753901512565282,1.2460984874347183,0.0890070348167656,4,3.924505811253095,6,0.07549418874690517,0.01258236479115086,245,139,11.10240056172841,-0.10240056172841072
1971,WAS,14,9,7.762404956580693,1.237595043419307,0.08839964595852193,3,4.167831590562338,8,-1.1678315905623382,-0.14597894882029228,276,190,9.909720968300528,-0.9097209683005278
1971,ATL,14,7,5.832075125739366,1.1679248742606338,0.08342320530433099,4,3.5696962809215504,8,0.43030371907844955,0.053787964884806194,274,277,6.909677441861715,0.09032255813828538
1971,NWE,14,6,4.969408976759637,1.0305910232403628,0.07361364451716877,3,2.2235144350690104,5,0.7764855649309896,0.15529711298619792,238,325,4.527006104637836,1.4729938953621637
1971,IND,14,10,9.17836600313885,0.8216339968611504,0.05868814263293931,4,4.717334941553796,8,-0.717334941553796,-0.0896668676942245,313,140,12.189243265492552,-2.1892432654925518
1971,MIA,14,10,9.266078048952483,0.7339219510475168,0.052422996503394055,4,3.613357899164355,6,0.3866421008356449,0.06444035013927414,315,174,11.24528755380753,-1.2452875538075308
1971,SFO,14,9,8.705329213066163,0.2946707869338372,0.02104791335241694,4,4.163062701639074,7,-0.163062701639074,-0.023294671662724857,300,216,9.595159306908554,-0.5951593069085543
1971,NYJ,14,6,5.827409355394215,0.17259064460578522,0.012327903186127516,3,2.7520314765945324,7,0.2479685234054676,0.03542407477220966,212,299,4.295738012230519,1.7042619877694811
1971,PIT,14,6,6.04351886043332,-0.04351886043331987,-0.0031084900309514196,4,2.749807643093762,6,1.250192356906238,0.20836539281770636,246,292,5.597293190181338,0.40270680981866214
1971,LAR,14,8,8.085464507812672,-0.0854645078126719,-0.006104607700905136,1,3.136432319519509,6,-2.136432319519509,-0.35607205325325153,313,260,8.514579236564083,-0.5145792365640833
1971,NOR,14,4,4.451121254758726,-0.4511212547587258,-0.032222946768480414,2,2.1248200476077237,6,-0.1248200476077237,-0.02080334126795395,266,347,4.865104748300615,-0.8651047483006149
1971,CHI,14,6,6.524723074793272,-0.5247230747932718,-0.037480219628090845,5,4.484822836177677,9,0.5151771638223233,0.057241907091369254,185,276,3.9097202190452993,2.0902797809547007
1971,LVR,14,8,8.732907013294552,-0.7329070132945521,-0.05235050094961086,2,3.655096586798283,6,-1.6550965867982832,-0.2758494311330472,344,278,8.730406437695729,-0.7304064376957289
1971,LAC,14,6,7.069139941094671,-1.0691399410946714,-0.07636713864961939,2,2.380640103594022,5,-0.3806401035940219,-0.07612802071880438,311,341,6.239134919691389,-0.23913491969138878
1971,TEN,14,4,5.079688271536224,-1.0796882715362237,-0.07712059082401598,2,2.2336737710777195,5,-0.23367377107771947,-0.04673475421554389,251,330,4.806504478065987,-0.8065044780659871
1971,DEN,14,4,5.452937759012676,-1.4529377590126762,-0.10378126850090544,2,2.6533570378357187,6,-0.6533570378357187,-0.10889283963928646,203,275,4.585199576903823,-0.5851995769038227
1971,GNB,14,4,5.456933986619112,-1.456933986619112,-0.10406671332993657,3,3.3919246599767807,9,-0.3919246599767807,-0.04354718444186453,274,298,6.305796543439035,-2.305796543439035
1971,DET,14,7,8.735355159216093,-1.735355159216093,-0.12395393994400664,4,5.752133877145963,9,-1.7521338771459627,-0.19468154190510698,341,286,8.438245794013588,-1.4382457940135875
1971,NYG,14,4,6.690763231460718,-2.6907632314607177,-0.19219737367576556,3,3.0498835371674895,7,-0.0498835371674895,-0.007126219595355643,228,362,3.5077879655040567,0.4922120344959433
1971,BUF,14,1,4.047999338081223,-3.0479993380812234,-0.2177142384343731,1,1.6325811537861337,4,-0.6325811537861337,-0.15814528844653342,184,394,1.9781667374993301,-0.9781667374993301
1971,ARI,14,4,7.260929902282921,-3.2609299022829212,-0.2329235644487801,3,5.614481244176757,10,-2.6144812441767566,-0.2614481244176757,231,279,5.459567924309989,-1.4595679243099893
1971,CIN,14,4,7.403011134016973,-3.403011134016973,-0.2430722238583552,0,3.3415759401358542,7,-3.3415759401358542,-0.4773679914479792,284,265,7.573096763038242,-3.573096763038242
1972,PIT,14,11,7.283330845654221,3.7166691543457793,0.26547636816755565,4,3.100638669077627,7,0.8993613309223729,0.12848019013176756,343,175,11.638218947582198,-0.6382189475821978
1972,GNB,14,10,6.30391346980916,3.69608653019084,0.26400618072791715,6,3.8991881257182266,9,2.1008118742817734,0.2334235415868637,304,226,9.362967616117347,0.6370323838826533
1972,MIA,14,14,10.444073478457964,3.5559265215420357,0.2539947515387168,3,2.0892456195044686,3,0.9107543804955314,0.3035847934985105,385,171,12.215308008382188,1.7846919916178123
1972,NYG,14,8,5.895807942951782,2.104192057048218,0.15029943264630127,3,2.24824688855817,5,0.7517531114418299,0.150350622288366,331,247,9.335271389333396,-1.3352713893333963
1972,WAS,14,11,9.165797938766614,1.8342020612333858,0.13101443294524184,4,4.1905353821819995,7,-0.1905353821819995,-0.027219340311714215,336,218,10.304052051102087,0.6959479488979134
1972,CLE,14,10,8.321867521299176,1.6781324787008245,0.11986660562148746,7,4.230423382976758,8,2.769576617023242,0.34619707712790526,268,249,7.608426077317257,2.391573922682743
1972,LVR,14,10,8.63559927254152,1.3644007274584808,0.09745719481846292,5,4.877128354481693,8,0.1228716455183072,0.0153589556897884,365,248,9.998970971186418,0.0010290288135816894
1972,CIN,14,8,6.937601806090958,1.0623981939090417,0.07588558527921727,4,3.654469839213899,8,0.345530160786101,0.043191270098262624,299,229,9.141612249450324,-1.1416122494503238
1972,BUF,14,4,3.311538339815992,0.6884616601840081,0.0491758328702863,3,1.0026427650341088,5,1.9973572349658912,0.39947144699317827,257,377,4.023412218447739,-0.02341221844773944
1972,DAL,14,10,9.79789724820469,0.20210275179531045,0.014435910842522175,5,4.37854448907672,7,0.6214555109232798,0.08877935870332568,319,240,9.274792200514497,0.7252077994855028
1972,NYJ,14,7,6.886723638330438,0.11327636166956179,0.008091168690682984,3,3.0516678155726744,6,-0.051667815572674414,-0.008611302595445736,367,324,8.026259925828949,-1.026259925828949
1972,DEN,14,5,5.22427663168512,-0.2242766316851199,-0.016019759406079994,3,2.122531415684667,7,0.8774685843153329,0.1253526549021904,325,350,6.386849764401447,-1.3868497644014468
1972,SFO,14,8,8.318646373450846,-0.31864637345084645,-0.022760455246489033,2,3.9820270516795153,6,-1.9820270516795153,-0.3303378419465859,353,249,9.740574864082149,-1.7405748640821486
1972,DET,14,8,8.373050128941646,-0.3730501289416459,-0.026646437781546135,2,4.156920181313168,8,-2.1569201813131684,-0.26961502266414605,339,290,8.280434043749649,-0.28043404374964886
1972,ATL,14,7,7.468144707816589,-0.468144707816589,-0.033438907701184926,5,4.386491978309593,8,0.6135080216904072,0.0766885027113009,269,274,6.847257499895524,0.152742500104476
1972,KAN,14,8,8.638784389259982,-0.6387843892599818,-0.045627456375712985,4,4.513726851320608,7,-0.5137268513206079,-0.07338955018865827,287,254,8.006199995309972,-0.00619999530997184
1972,ARI,14,4,5.106826046065361,-1.1068260460653612,-0.07905900329038294,3,3.5679098763330215,8,-0.5679098763330215,-0.07098873454162768,193,303,3.578383487136656,0.421616512863344
1972,CHI,14,4,5.44334227113091,-1.44334227113091,-0.10309587650935072,3,3.8023197673336178,9,-0.8023197673336178,-0.08914664081484641,225,275,5.366117800862819,-1.3661178008628188
1972,LAC,14,4,5.659862761287785,-1.6598627612877852,-0.11856162580627037,1,2.377748478248603,6,-1.377748478248603,-0.22962474637476715,264,344,4.873654248315559,-0.8736542483155594
1972,NWE,14,3,4.91261806273428,-1.9126180627342801,-0.13661557590959145,3,2.5349605868070535,6,0.4650394131929465,0.07750656886549108,192,446,1.6725311352734864,1.3274688647265136
1972,MIN,14,7,9.243410941140922,-2.2434109411409224,-0.16024363865292304,4,5.656653504745286,9,-1.656653504745286,-0.1840726116383651,301,252,8.452464866701316,-1.452464866701316
1972,NOR,14,2,4.361840887363869,-2.3618408873638694,-0.16870292052599067,2,2.6303500526964045,7,-0.6303500526964045,-0.0900500075280578,215,361,3.1708824906363158,-1.1708824906363158
1972,LAR,14,6,8.607081014486722,-2.607081014486722,-0.1862200724633373,1,4.902181145901699,8,-3.9021811459016993,-0.4877726432377124,291,286,7.143744220556533,-1.143744220556533
1972,IND,14,5,8.005386700415126,-3.0053867004151265,-0.21467047860108046,2,3.9532698386553804,7,-1.9532698386553804,-0.27903854837934006,235,252,6.42196679612302,-1.4219667961230202
1972,PHI,14,2,5.260601158251362,-3.2606011582513617,-0.2329000827322401,2,3.1244732951281042,7,-1.1244732951281042,-0.16063904216115774,145,352,1.524708292424493,0.475291707575507
1972,TEN,14,1,4.39197642404697,-3.3919764240469696,-0.24228403028906925,1,1.565704644446932,4,-0.565704644446932,-0.141426161111733,164,380,1.6813424505370393,-0.6813424505370393
1973,LAR,14,12,8.669873644370655,3.3301263556293446,0.2378661682592389,2,2.2096878475786457,4,-0.20968784757864567,-0.05242196189466142,388,178,12.092440189859827,-0.09244018985982727
1973,BUF,14,9,5.773436576486807,3.226563423513193,0.23046881596522809,6,3.858939363437173,8,2.141060636562827,0.26763257957035336,259,230,7.978570409429443,1.0214295905705573
1973,CIN,14,10,7.377828655664137,2.6221713443358627,0.18729795316684733,6,4.748829734405743,9,1.251170265594257,0.13901891839936187,286,231,8.734716896096867,1.2652831039031334
1973,MIN,14,12,9.396890363148403,2.603109636851597,0.18593640263225694,4,3.1975489252075358,5,0.8024510747924642,0.16049021495849286,296,168,11.100282581783642,0.8997174182163583
1973,ATL,14,9,7.692878902207376,1.3071210977926242,0.09336579269947316,4,2.5687717483785852,5,1.4312282516214148,0.28624565032428295,318,224,9.750332475972824,-0.750332475972824
1973,MIA,14,12,10.89819996354441,1.1018000364555895,0.07870000260397068,2,1.9392120585394796,3,0.060787941460520356,0.020262647153506785,343,150,12.271787835543773,-0.2717878355437726
1973,PIT,14,10,8.941547878594266,1.0584521214057343,0.07560372295755245,2,2.015745702409691,4,-0.015745702409691198,-0.0039364256024227995,347,210,10.735013048690895,-0.7350130486908952
1973,DAL,14,10,9.18049583207704,0.8195041679229593,0.058536011994497095,3,3.1354177440144584,6,-0.13541774401445839,-0.022569624002409732,382,203,11.442592802488003,-1.4425928024880026
1973,NOR,14,5,4.320404133467649,0.6795958665323507,0.04854256189516791,4,2.607902767012127,7,1.3920972329878731,0.19887103328398187,163,312,2.4740804546670905,2.5259195453329095
1973,DEN,14,7,6.323783735992203,0.6762162640077971,0.04830116171484265,2,3.1902878668701495,8,-1.1902878668701495,-0.1487859833587687,354,296,8.462433974296241,-1.462433974296241
1973,PHI,14,5,4.471493653696785,0.5285063463032147,0.03775045330737248,4,3.0566779371350536,8,0.9433220628649464,0.1179152578581183,310,393,5.082370300707537,-0.08237030070753715
1973,WAS,14,10,9.504978428036992,0.495021571963008,0.03535868371164343,3,3.3920100918433675,6,-0.39201009184336755,-0.06533501530722792,325,198,10.69533565861013,-0.69533565861013
1973,LVR,14,9,8.986474549587939,0.01352545041206099,0.0009661036008614994,3,3.5339604437314103,6,-0.5339604437314103,-0.08899340728856837,292,175,10.792510192792566,-1.792510192792566
1973,NWE,14,5,4.996308094077338,0.0036919059226621087,0.00026370756590443634,1,2.3297009700276377,6,-1.3297009700276377,-0.2216168283379396,258,300,5.762077001294673,-0.7620770012946734
1973,CLE,14,7,7.708023303295401,-0.7080233032954011,-0.05057309309252865,4,3.9528342737959,7,0.04716572620410009,0.006737960886300013,234,255,6.289562009438946,0.7104379905610543
1973,ARI,14,4,5.28962797441384,-1.2896279744138397,-0.09211628388670283,3,3.717192204131243,8,-0.7171922041312428,-0.08964902551640536,286,365,5.031319988952618,-1.0313199889526183
1973,DET,14,6,7.4674948515959425,-1.4674948515959425,-0.1048210608282816,2,3.9420920921352582,7,-1.9420920921352582,-0.277441727447894,271,247,7.766118258506403,-1.7661182585064026
1973,KAN,14,7,8.50013453151291,-1.5001345315129093,-0.10715246653663638,3,3.87134194995775,7,-0.8713419499577499,-0.1244774214225357,231,192,8.509840668192037,-1.5098406681920373
1973,TEN,14,1,2.986057360266062,-1.986057360266062,-0.14186124001900444,1,0.5766187378503211,3,0.42338126214967886,0.1411270873832263,199,447,1.7932938218125976,-0.7932938218125976
1973,NYJ,14,4,6.109060350530932,-2.1090603505309318,-0.15064716789506655,2,3.118309281910703,6,-1.1183092819107028,-0.18638488031845046,240,306,5.038650815701388,-1.0386508157013878
1973,IND,14,4,6.256353305777151,-2.256353305777151,-0.1611680932697965,3,3.8850632686693967,7,-0.8850632686693967,-0.1264376098099138,226,341,3.834686723940071,0.16531327605992896
1973,SFO,14,5,7.275636937249739,-2.2756369372497387,-0.16254549551783848,2,2.1912353959078437,4,-0.19123539590784366,-0.047808848976960916,262,319,5.396142045905761,-0.3961420459057612
1973,CHI,14,3,5.296233150119105,-2.2962331501191047,-0.16401665357993606,0,1.5573438395897101,3,-1.5573438395897101,-0.51911461319657,195,334,3.056691146698974,-0.056691146698974126
1973,GNB,14,5,7.751579964281844,-2.751579964281844,-0.19654142602013172,2,2.836284065891869,5,-0.8362840658918689,-0.16725681317837376,202,259,4.995817711577829,0.004182288422170721
1973,LAC,14,2,4.9522225096762575,-2.9522225096762575,-0.21087303640544697,1,1.7214424823980807,4,-0.7214424823980807,-0.18036062059952018,188,386,2.153447020689364,-0.1534470206893639
1973,NYG,14,2,5.872981350328818,-3.8729813503288177,-0.276641525023487,0,2.8455492071708646,6,-2.8455492071708646,-0.4742582011951441,226,362,3.4531800345981227,-1.4531800345981227
1974,TEN,14,7,3.319543992888993,3.680456007111007,0.26288971479364337,4,1.8128435640348464,6,2.1871564359651536,0.36452607266085896,236,282,5.544407213648747,1.4555927863512528
1974,ARI,14,10,7.468617666631722,2.5313823333682777,0.18081302381201983,7,5.096292186298296,10,1.903707813701704,0.1903707813701704,285,218,9.151175569360703,0.8488244306392971
1974,LVR,14,12,9.76929773350871,2.2307022664912903,0.1593358761779493,5,5.1590613011098405,7,-0.1590613011098405,-0.022723043015691502,355,228,10.36915470451798,1.63084529548202
1974,PHI,14,7,5.427696181674734,1.572303818325266,0.11230741559466186,3,2.700698338991604,7,0.29930166100839584,0.04275738014405655,242,217,7.8994895074723175,-0.8994895074723175
1974,NYJ,14,7,5.46035772435822,1.5396422756417802,0.10997444826012716,5,3.5183916110641675,10,1.4816083889358325,0.14816083889358325,279,300,6.399505663953115,0.6004943360468848
1974,BUF,14,9,7.4959662904493145,1.5040337095506855,0.1074309792536204,6,3.926299557187027,8,2.073700442812973,0.25921255535162163,264,244,7.651595547947484,1.3484044520525158
1974,NWE,14,7,5.755401228985213,1.244598771014787,0.08889991221534192,4,4.281929853557049,10,-0.2819298535570489,-0.028192985355704893,348,289,8.516589234332027,-1.5165892343320273
1974,WAS,14,10,8.915805592495477,1.0841944075045227,0.07744245767889447,5,4.632547858035431,8,0.3674521419645691,0.04593151774557114,320,196,10.663206913498316,-0.6632069134983158
1974,LAC,14,5,4.043097931139759,0.9569020688602414,0.06835014777573153,4,2.659297207334534,9,1.340702792665466,0.14896697696282957,212,285,4.6413682771474365,0.3586317228525635
1974,NOR,14,5,4.452851153789805,0.5471488462101952,0.03908206044358537,2,1.672616597199934,4,0.32738340280006595,0.08184585070001649,166,263,3.5210901771787335,1.4789098228212665
1974,PIT,14,10,9.628427375058026,0.3715726249419742,0.026540901781569586,5,5.454547605102039,8,-0.4545476051020394,-0.056818450637754925,305,189,10.592580349473108,-0.5925803494731081
1974,LAR,14,10,9.908717416283443,0.0912825837165574,0.006520184551182672,6,5.371132437421362,8,0.6288675625786384,0.0786084453223298,263,181,9.911643414739787,0.08835658526021284
1974,DEN,14,7,7.009394185211903,-0.00939418521190305,-0.0006710132294216464,3,2.1400762397430593,6,0.8599237602569407,0.1433206267094901,302,294,7.2226228363640415,-0.22262283636404145
1974,MIN,14,10,10.057401437946213,-0.05740143794621311,-0.004100102710443794,4,4.642973071825328,7,-0.6429730718253284,-0.0918532959750469,310,195,10.50014464223135,-0.5001446422313496
1974,MIA,14,11,11.094114300228183,-0.09411430022818301,-0.006722450016298787,6,6.392140283794893,8,-0.39214028379489285,-0.049017535474361607,327,216,10.187276506395197,0.8127234936048033
1974,SFO,14,6,6.124491864492923,-0.12449186449292338,-0.008892276035208813,4,3.780087349422203,9,0.21991265057779685,0.02443473895308854,226,236,6.64116780181376,-0.6411678018137597
1974,DET,14,7,7.298158662984908,-0.2981586629849078,-0.02129704735606484,6,5.0118650113652325,10,0.9881349886347675,0.09881349886347675,256,270,6.558921899699437,0.4410781003005626
1974,DAL,14,8,8.707545626355941,-0.707545626355941,-0.050538973311138644,4,5.163244694958541,9,-1.163244694958541,-0.12924941055094902,297,235,8.893892718908992,-0.893892718908992
1974,CHI,14,4,4.9796609982992734,-0.9796609982992734,-0.06997578559280525,2,2.9565838981024495,7,-0.9565838981024495,-0.13665484258606422,152,279,2.6829899367429912,1.3170100632570088
1974,GNB,14,6,7.149000378047286,-1.149000378047286,-0.08207145557480613,2,3.0869053771528288,6,-1.0869053771528288,-0.18115089619213812,210,206,7.159496536852126,-1.1594965368521262
1974,CIN,14,7,8.33797484354717,-1.3379748435471708,-0.09556963168194077,2,2.8963041383910353,5,-0.8963041383910353,-0.17926082767820706,283,259,7.7324029575572215,-0.7324029575572215
1974,KAN,14,5,6.96352986597911,-1.96352986597911,-0.14025213328422215,1,3.4837857647134824,7,-2.4837857647134824,-0.35482653781621176,233,293,5.144703719010574,-0.14470371901057444
1974,IND,14,2,4.544816548434019,-2.544816548434019,-0.18177261060242994,0,1.7794944591484207,5,-1.7794944591484207,-0.35589889182968415,190,329,2.9954606770259127,-0.9954606770259127
1974,CLE,14,4,6.910985617168967,-2.9109856171689668,-0.20792754408349762,3,4.120207954230354,8,-1.120207954230354,-0.14002599427879425,251,344,4.500663076979384,-0.5006630769793841
1974,NYG,14,2,5.008138542683533,-3.0081385426835334,-0.21486703876310953,1,3.2136163830509203,8,-2.2136163830509203,-0.27670204788136504,195,299,3.7293884184342656,-1.7293884184342656
1974,ATL,14,3,6.169006841357155,-3.169006841357155,-0.22635763152551108,3,3.047057256765121,6,-0.04705725676512085,-0.00784287612752014,111,271,1.5064790291236667,1.4935209708763333
1975,IND,14,10,5.40407430156099,4.59592569843901,0.32828040703135786,3,1.385007412301208,4,1.614992587698792,0.403748146924698,395,269,9.983415332567462,0.016584667432537614
1975,TEN,14,10,5.851460709375903,4.148539290624097,0.29632423504457833,7,3.6547567812061876,10,3.3452432187938124,0.33452432187938125,293,226,9.088215112728202,0.9117848872717982
1975,ARI,14,11,8.097403469168833,2.9025965308311665,0.20732832363079762,7,4.350473752199589,8,2.649526247800411,0.3311907809750514,356,276,9.049547533445498,1.950452466554502
1975,CIN,14,11,8.827616715077882,2.172383284922118,0.15517023463729412,6,4.175080782507352,7,1.8249192174926483,0.2607027453560926,340,246,9.560097089378283,1.4399029106217167
1975,PIT,14,12,10.015995236526033,1.9840047634739673,0.14171462596242623,3,2.4020575406530154,4,0.5979424593469846,0.14948561483674616,373,162,12.296362087246866,-0.29636208724686597
1975,LAR,14,12,10.227127769839422,1.7728722301605782,0.1266337307257556,3,2.9222415736890675,4,0.07775842631093255,0.019439606577733137,312,135,12.30960307925875,-0.30960307925874986
1975,MIN,14,12,10.744354350668004,1.2556456493319956,0.08968897495228541,2,2.8080998272491975,4,-0.8080998272491975,-0.20202495681229937,377,180,11.931068238788864,0.06893176121113598
1975,BUF,14,8,7.405736297961894,0.5942637020381056,0.042447407288436115,2,3.2735470563529496,5,-1.2735470563529496,-0.25470941127058994,420,355,8.376528883504506,-0.37652888350450553
1975,NYG,14,5,4.478568121943199,0.5214318780568012,0.037245134146914376,3,2.1378063035973067,6,0.8621936964026933,0.1436989494004489,216,306,4.264402709535909,0.7355972904640913
1975,DAL,14,10,9.489463887072928,0.5105361129270722,0.03646686520907659,6,6.488780128179779,10,-0.488780128179779,-0.0488780128179779,350,268,9.143300813957929,0.8566991860420714
1975,LVR,14,11,10.660867361356056,0.33913263864394416,0.02422375990313887,4,4.411451585866077,6,-0.411451585866077,-0.06857526431101284,375,255,9.993509266461054,1.0064907335389464
1975,CHI,14,4,3.87296962408759,0.12703037591241007,0.009073598279457862,2,0.9057483929987189,3,1.094251607001281,0.3647505356670937,191,379,2.305015292371988,1.694984707628012
1975,DET,14,7,7.588455411398721,-0.588455411398721,-0.04203252938562293,5,5.6001838164854565,11,-0.6001838164854565,-0.0545621651350415,245,262,6.444688526926541,0.5553114730734592
1975,MIA,14,10,10.614644599480267,-0.6146445994802665,-0.04390318567716189,2,2.8142566966831355,4,-0.8142566966831355,-0.20356417417078387,357,222,10.571110499340016,-0.5711104993400156
1975,DEN,14,6,6.869895644110443,-0.8698956441104428,-0.062135403150745915,3,3.3584355555169574,7,-0.3584355555169574,-0.05120507935956534,254,307,5.453890479990545,0.5461095200094546
1975,ATL,14,4,4.956031207848884,-0.9560312078488842,-0.06828794341777744,1,2.549457458723004,7,-1.5494574587230039,-0.2213510655318577,240,289,5.483316110927016,-1.4833161109270163
1975,PHI,14,4,5.055190116477656,-1.0551901164776556,-0.07537072260554682,2,2.2150355185146124,5,-0.21503551851461244,-0.04300710370292249,225,302,4.65296640399968,-0.6529664039996801
1975,KAN,14,5,6.099890251776878,-1.0998902517768778,-0.07856358941263412,4,3.769046501567747,8,0.2309534984322532,0.02886918730403165,282,341,5.450246174061681,-0.45024617406168144
1975,GNB,14,4,5.301788139967119,-1.301788139967119,-0.09298486714050849,1,1.7123145279233771,5,-0.7123145279233771,-0.14246290558467542,226,285,5.122974169709664,-1.1229741697096642
1975,WAS,14,8,9.41193883304049,-1.4119388330404892,-0.10085277378860637,3,3.9491269962820605,7,-0.9491269962820605,-0.13558957089743723,325,276,8.338908553991022,-0.33890855399102193
1975,CLE,14,3,4.653230901072456,-1.6532309010724564,-0.11808792150517546,2,2.1991224951608017,5,-0.19912249516080172,-0.03982449903216034,218,372,3.0779374050886927,-0.07793740508869273
1975,LAC,14,2,3.7775122731211614,-1.7775122731211614,-0.12696516236579725,1,1.510823868231281,5,-0.5108238682312809,-0.10216477364625617,189,345,2.711549583102401,-0.7115495831024008
1975,SFO,14,5,6.818962367244476,-1.8189623672444757,-0.1299258833746054,2,3.3143010013694525,7,-1.3143010013694525,-0.18775728590992177,255,286,6.054149322657613,-1.0541493226576133
1975,NYJ,14,3,5.322387509329084,-2.3223875093290838,-0.16588482209493455,2,1.7405076767271241,4,0.25949232327287586,0.06487308081821896,258,433,3.1735676206612085,-0.17356762066120845
1975,NWE,14,3,5.52105233656696,-2.52105233656696,-0.18007516689764,1,2.389054980721642,5,-1.389054980721642,-0.27781099614432836,258,358,4.411502219361093,-1.4115022193610933
1975,NOR,14,2,4.933382563926672,-2.9333825639266724,-0.20952732599476231,2,2.9632817692929025,7,-0.9632817692929025,-0.1376116813275575,165,360,1.903904756021201,0.09609524397879898
1976,NWE,14,11,6.301503830728932,4.698496169271068,0.3356068692336477,3,1.030258348259065,4,1.969741651740935,0.49243541293523374,376,236,10.513717607546392,0.4862823924536084
1976,CLE,14,9,6.084261513358429,2.9157384866415708,0.20826703476011219,5,2.3093752296878014,5,2.6906247703121986,0.5381249540624398,267,287,6.40228171784556,2.59771828215444
1976,IND,14,11,8.531417899959546,2.4685821000404538,0.1763272928600324,4,3.430018707493017,7,0.5699812925069829,0.08142589892956899,417,246,10.884084573795283,0.11591542620471706
1976,LVR,14,13,10.790657686471137,2.209342313528863,0.15781016525206162,6,4.2706275957262045,6,1.7293724042737955,0.2882287340456326,350,237,10.021987315083335,2.9780126849166653
1976,CHI,14,7,4.9299716752828235,2.0700283247171765,0.1478591660512269,6,3.7002768866046956,10,2.2997231133953044,0.22997231133953044,253,216,8.29639706189416,-1.2963970618941598
1976,DEN,14,9,7.384275617783038,1.6157243822169622,0.11540888444406873,4,2.8621040309735113,5,1.1378959690264887,0.22757919380529773,315,206,10.252768960958328,-1.2527689609583277
1976,SFO,14,8,6.62133705266588,1.3786629473341199,0.09847592480957999,1,2.7486834331115957,6,-1.7486834331115957,-0.29144723885193263,270,190,9.757291507715884,-1.757291507715884
1976,ARI,14,10,8.689563445926423,1.3104365540735774,0.09360261100525553,8,6.424034005287317,11,1.575965994712683,0.14326963588297117,309,267,8.199875219564715,1.8001247804352847
1976,LAC,14,6,4.741490565781543,1.2585094342184568,0.08989353101560406,2,1.8458704292776469,4,0.15412957072235312,0.03853239268058828,248,285,5.856822534930852,0.1431774650691482
1976,WAS,14,10,8.829879204256176,1.1701207957438235,0.08358005683884454,5,4.874032010741608,8,0.1259679892583918,0.015745998657298976,291,217,9.340399828934236,0.6596001710657635
1976,CIN,14,10,8.93553660038291,1.0644633996170896,0.07603309997264926,4,3.5754503757460956,6,0.4245496242539044,0.07075827070898406,335,210,10.52156508394888,-0.5215650839488806
1976,DAL,14,11,10.271877782865833,0.7281222171341675,0.05200872979529768,5,4.915199922295697,7,0.08480007770430298,0.012114296814900425,296,194,10.238474579966217,0.7615254200337827
1976,KAN,14,5,4.6654540829621265,0.3345459170378735,0.02389613693127668,3,1.9108987190214242,7,1.0891012809785758,0.15558589728265368,290,376,4.911251309530143,0.08874869046985712
1976,MIN,14,11,10.69559645446759,0.3044035455324092,0.02174311039517209,4,5.309143554271324,7,-1.3091435542713237,-0.18702050775304624,305,176,11.008968252374062,-0.008968252374062402
1976,PIT,14,10,9.703744469736918,0.2962555302630818,0.021161109304505845,1,2.460280654265846,4,-1.460280654265846,-0.3650701635664615,342,138,12.540553231061402,-2.540553231061402
1976,NOR,14,4,3.9798209869049157,0.020179013095084297,0.001441358078220307,2,1.949823523887547,6,0.05017647611245302,0.00836274601874217,253,346,4.516161265630258,-0.5161612656302577
1976,LAR,14,10,10.212402848858154,-0.2124028488581544,-0.015171632061296745,3,3.562270599858949,6,-0.562270599858949,-0.09371176664315817,351,190,11.34991018454911,-1.3499101845491097
1976,NYG,14,3,3.3369772233200203,-0.33697722332002034,-0.024069801665715738,2,2.066878990779896,8,-0.0668789907798959,-0.008359873847486987,170,250,4.006490733538947,-1.0064907335389472
1976,GNB,14,5,5.629403615809711,-0.6294036158097107,-0.04495740112926505,4,3.546417148453206,8,0.4535828515467939,0.05669785644334924,218,299,4.495165829114786,0.5048341708852142
1976,NYJ,14,3,4.057827802168134,-1.0578278021681342,-0.0755591287262953,2,0.583253189178479,2,1.4167468108215209,0.7083734054107604,169,383,1.7606348264214857,1.2393651735785143
1976,PHI,14,4,5.081659910088365,-1.0816599100883648,-0.07726142214916891,2,1.7009254017256972,4,0.2990745982743028,0.0747686495685757,165,286,2.9898136419333423,1.0101863580666577
1976,DET,14,6,7.374993615049828,-1.3749936150498279,-0.09821382964641627,2,3.5940981220288624,7,-1.5940981220288624,-0.22772830314698034,262,220,8.428918222786056,-2.4289182227860557
1976,ATL,14,4,5.507140433062462,-1.507140433062462,-0.10765288807589014,3,3.7481934117746225,8,-0.7481934117746225,-0.09352417647182781,172,312,2.7442845303951513,1.2557154696048487
1976,TEN,14,5,6.980269910341116,-1.980269910341116,-0.14144785073865115,3,4.121907639674639,8,-1.1219076396746388,-0.14023845495932985,222,273,5.318171046041006,-0.3181710460410061
1976,MIA,14,6,8.991690118734022,-2.991690118734022,-0.21369215133814443,2,4.415488375386469,7,-2.4154883753864693,-0.3450697679123528,263,264,6.968520098536705,-0.9685200985367048
1976,SEA,14,2,6.029663389386636,-4.029663389386636,-0.2878330992419026,1,2.936691971709133,7,-1.9366919717091329,-0.2766702816727333,229,429,2.579673929365122,-0.5796739293651219
1976,BUF,14,2,6.509897928187233,-4.509897928187233,-0.32213556629908807,1,3.667390255552041,7,-2.667390255552041,-0.38105575079314874,245,363,3.9559695448140415,-1.9559695448140415
1976,TAM,14,0,5.131684335460095,-5.131684335460095,-0.3665488811042925,0,1.4404074672276128,3,-1.4404074672276128,-0.48013582240920427,125,412,0.782560052692423,-0.782560052692423
1977,DEN,14,12,8.213485381929347,3.786514618070653,0.27046532986218946,5,3.329285718824069,6,1.6707142811759308,0.27845238019598845,274,148,11.360858961687256,0.6391410383127436
1977,DAL,14,12,9.62945080042394,2.3705491995760593,0.16932494282686136,5,4.11599258804582,7,0.8840074119541796,0.12628677313631137,345,212,10.643602541145231,1.3563974588547687
1977,CHI,14,9,6.706904752971945,2.293095247028055,0.16379251764486108,5,3.2898889280521684,8,1.7101110719478316,0.21376388399347895,255,253,7.065313402644591,1.9346865973554088
1977,LAC,14,7,5.40960704819771,1.59039295180229,0.11359949655730642,4,3.3328090858643167,8,0.6671909141356833,0.08339886426696042,222,205,7.658884837560011,-0.6588848375600111
1977,TEN,14,8,6.5696355770393176,1.4303644229606824,0.10216888735433446,3,2.52326090829349,6,0.4767390917065102,0.07945651528441837,299,230,9.108799999133465,-1.1087999991334652
1977,MIA,14,10,8.808348034908198,1.1916519650918023,0.08511799750655731,4,4.38443953638414,7,-0.3844395363841402,-0.05491993376916288,313,197,10.496577028952018,-0.49657702895201794
1977,IND,14,10,9.372408099014923,0.6275919009850774,0.044827992927505535,4,4.408103951400664,7,-0.4081039514006637,-0.0583005644858091,295,221,9.306348628566894,0.6936513714331056
1977,SEA,14,5,4.412983956384852,0.5870160436151481,0.04192971740108201,3,1.820232718875894,4,1.179767281124106,0.2949418202810265,282,373,4.761486469360747,0.23851353063925274
1977,ATL,14,7,6.557216591825922,0.442783408174078,0.03162738629814843,3,4.110899234533839,9,-1.1108992345338393,-0.1234332482815377,179,129,9.588497780638907,-2.5884977806389067
1977,LVR,14,11,10.578102060540141,0.42189793945985876,0.030135567104275625,4,4.43482032445678,6,-0.43482032445677987,-0.07247005407612998,351,230,10.239814980042196,0.7601850199578042
1977,NWE,14,9,8.599936164453068,0.40006383554693237,0.02857598825335231,5,4.320417764228772,8,0.6795822357712282,0.08494777947140353,278,217,8.997809722564403,0.0021902774355968546
1977,WAS,14,9,8.695629528212615,0.30437047178738474,0.021740747984813198,6,5.380910905584746,9,0.6190890944152541,0.06878767715725045,196,189,7.301482989838437,1.698517010161563
1977,NYG,14,5,4.8285816601169795,0.17141833988302047,0.012244167134501462,2,2.21950536700346,5,-0.2195053670034599,-0.04390107340069198,181,265,4.036582481624032,0.9634175183759677
1977,CIN,14,8,8.217341709821557,-0.21734170982155732,-0.01552440784439695,4,3.496478563362173,7,0.5035214366378269,0.07193163380540384,238,235,7.1052154736237085,0.8947845263762915
1977,LAR,14,10,10.240381142277409,-0.2403811422774087,-0.017170081591243478,3,4.019271600853484,6,-1.0192716008534841,-0.16987860014224734,302,146,11.878423822254211,-1.8784238222542111
1977,PIT,14,9,9.261013342331406,-0.26101334233140605,-0.018643810166529003,5,4.94445628341281,8,0.055543716587189707,0.006942964573398713,283,243,8.25047498289565,0.7495250171043502
1977,PHI,14,5,5.290729746923738,-0.29072974692373776,-0.020766410494552696,2,2.721405141843243,8,-0.7214051418432428,-0.09017564273040535,220,207,7.504362585097998,-2.504362585097998
1977,CLE,14,6,6.751640881055104,-0.7516408810551036,-0.05368863436107883,2,3.4267148952893214,7,-1.4267148952893214,-0.2038164136127602,269,267,7.061901658715103,-1.0619016587151027
1977,MIN,14,9,9.861818490530418,-0.8618184905304176,-0.06155846360931554,6,6.615763926536909,9,-0.6157639265369088,-0.06841821405965653,231,227,7.144873823599685,1.855126176400315
1977,DET,14,6,6.932624211080142,-0.9326242110801424,-0.06661601507715302,4,4.464922044796328,9,-0.46492204479632804,-0.05165800497736978,183,252,4.466323752034895,1.5336762479651052
1977,BUF,14,3,4.072050626503261,-1.0720506265032608,-0.07657504475023291,2,1.5645942932657633,4,0.43540570673423673,0.10885142668355918,160,313,2.370705683061382,0.6292943169386178
1977,GNB,14,4,5.139344518524187,-1.1393445185241866,-0.08138175132315618,3,2.6123434277321054,7,0.38765657226789463,0.05537951032398495,134,219,3.330619518122119,0.669380481877881
1977,NYJ,14,3,4.167618401195831,-1.1676184011958313,-0.08340131437113081,3,2.4892532226275215,8,0.5107467773724785,0.06384334717155982,191,300,3.5754396661425885,-0.5754396661425885
1977,SFO,14,5,6.2608132400011085,-1.2608132400011085,-0.09005808857150775,4,4.787455800891284,10,-0.7874558008912844,-0.07874558008912844,220,260,5.632108085739468,-0.6321080857394676
1977,ARI,14,7,8.530516362248957,-1.5305163622489566,-0.1093225973034969,4,4.013126583709488,7,-0.013126583709487605,-0.001875226244212515,272,287,6.555322772651231,0.4446772273487687
1977,TAM,14,2,3.556409570171286,-1.5564095701712861,-0.11117211215509186,0,0.5727243997604452,2,-0.5727243997604452,-0.2863621998802226,103,223,1.934186337206138,0.06581366279386192
1977,NOR,14,3,4.803340840819609,-1.803340840819609,-0.1288100600585435,2,2.6790992299608196,8,-0.6790992299608196,-0.08488740374510245,232,336,4.110915330826423,-1.1109153308264226
1977,KAN,14,2,4.53206726049703,-2.53206726049703,-0.18086194717835927,1,1.9218235544101427,6,-0.9218235544101427,-0.15363725906835712,225,349,3.655120768465404,-1.655120768465404
1978,SEA,16,9,5.9624736116917205,3.0375263883082795,0.18984539926926747,8,4.749808100792323,11,3.2501918992076773,0.29547199083706155,345,358,7.649572746836029,1.3504272531639714
1978,NYJ,16,8,4.970742058636623,3.029257941363377,0.18932862133521106,5,3.32921515337622,8,1.6707848466237798,0.20884810582797247,359,364,7.868889318075376,0.13111068192462394
1978,PHI,16,9,6.609587508676709,2.390412491323291,0.14940078070770568,6,4.296142139194026,11,1.7038578608059742,0.15489616916417948,270,250,8.72757465296657,0.2724253470334297
1978,NOR,16,7,4.638061999074791,2.3619380009252087,0.14762112505782554,5,2.8239183584707392,11,2.1760816415292608,0.19782560377538735,281,298,7.4440535630199225,-0.4440535630199225
1978,PIT,16,14,11.739271125815723,2.2607288741842773,0.14129555463651733,7,6.107397672149491,9,0.8926023278505086,0.09917803642783429,356,195,12.901878293843192,1.0981217061568085
1978,LAC,16,9,7.2313606183067805,1.7686393816932195,0.11053996135582622,5,3.8202546557535753,9,1.1797453442464247,0.13108281602738053,355,309,9.303868597277726,-0.3038685972777255
1978,TEN,16,10,8.679222387830617,1.3207776121693833,0.08254860076058645,10,7.401829166592293,14,2.598170833407707,0.18558363095769334,283,298,7.5110007151126155,2.4889992848873845
1978,NWE,16,11,9.752034737880372,1.247965262119628,0.07799782888247675,7,6.605684993716738,11,0.39431500628326166,0.035846818753023785,358,286,10.07979775124012,0.92020224875988
1978,GNB,16,8,6.842203340275591,1.1577966597244087,0.07236229123277554,3,2.327880125314063,5,0.6721198746859369,0.13442397493718738,249,269,7.269629009692285,0.7303709903077147
1978,ATL,16,9,7.863484111666046,1.1365158883339541,0.07103224302087213,6,5.459162036085001,10,0.5408379639149992,0.05408379639149992,240,290,6.2354659500685745,2.7645340499314255
1978,MIA,16,11,9.945935007487577,1.0540649925124228,0.06587906203202643,5,3.688134967488261,6,1.3118650325117391,0.21864417208528986,372,254,11.38930522809469,-0.38930522809469004
1978,DAL,16,12,11.184952160771951,0.8150478392280487,0.05094048995175304,3,3.643753682539848,6,-0.643753682539848,-0.107292280423308,384,208,12.967496891768986,-0.9674968917689863
1978,DET,16,7,6.536492307405965,0.46350769259403535,0.02896923078712721,3,2.7389034249984503,7,0.2610965750015497,0.0372995107145071,290,300,7.678786073604679,-0.6787860736046794
1978,CLE,16,8,7.777728378586804,0.22227162141319567,0.01389197633832473,3,3.7503288271870763,8,-0.7503288271870763,-0.09379110339838453,334,356,7.396422456255783,0.6035775437442172
1978,LAR,16,12,12.163211125984782,-0.16321112598478216,-0.010200695374048885,8,7.625282171223074,10,0.3747178287769257,0.037471782877692573,316,245,10.341942531209849,1.658057468790151
1978,BUF,16,5,5.405144433689713,-0.4051444336897134,-0.02532152710560709,4,3.839803884036575,12,0.1601961159634251,0.013349676330285424,302,354,6.511457684075135,-1.5114576840751353
1978,TAM,16,5,5.6131153709944925,-0.6131153709944925,-0.038319710687155784,2,2.5758519989327127,8,-0.5758519989327127,-0.07198149986658908,241,259,7.318798467200263,-2.3187984672002626
1978,KAN,16,4,4.702993361710609,-0.7029933617106092,-0.043937085106913076,2,2.3319479073461995,8,-0.3319479073461995,-0.04149348841827494,243,327,5.296055627189617,-1.2960556271896166
1978,NYG,16,6,6.73314492633382,-0.7331449263338197,-0.04582155789586373,2,3.1228465541005908,7,-1.1228465541005908,-0.16040665058579867,264,298,6.859375962412215,-0.8593759624122148
1978,CHI,16,7,7.93610737377873,-0.9361073737787304,-0.05850671086117065,4,4.8565382533467245,10,-0.8565382533467245,-0.08565382533467245,253,274,7.246319626278747,-0.24631962627874682
1978,ARI,16,6,7.062421286993542,-1.0624212869935423,-0.0664013304370964,3,4.2380736540530535,9,-1.2380736540530535,-0.13756373933922816,248,296,6.346849547338855,-0.34684954733885487
1978,DEN,16,10,11.164164821174802,-1.1641648211748024,-0.07276030132342515,3,5.285909719238899,8,-2.285909719238899,-0.28573871490486236,282,198,11.16912915084104,-1.1691291508410409
1978,LVR,16,9,11.246877539276277,-2.2468775392762765,-0.14042984620476728,4,5.468163377769155,8,-1.4681633777691552,-0.1835204222211444,311,283,8.890692312300096,0.10930768769990351
1978,WAS,16,8,10.264222905593744,-2.264222905593744,-0.141513931599609,5,6.240084061673011,10,-1.240084061673011,-0.1240084061673011,273,283,7.6591624784218935,0.34083752157810654
1978,MIN,16,8,10.364311515072558,-2.3643115150725578,-0.14776946969203486,4,6.677138188073002,10,-2.677138188073002,-0.26771381880730016,294,306,7.621033276803248,0.3789667231967524
1978,CIN,16,4,7.4049324836174675,-3.4049324836174675,-0.21280828022609172,3,5.738557166674246,12,-2.738557166674246,-0.22821309722285385,252,284,6.874232490289778,-2.874232490289778
1978,IND,16,5,8.491293393036305,-3.4912933930363046,-0.21820583706476904,5,5.12198874695348,9,-0.12198874695348039,-0.013554305217053376,239,421,3.3153715646322053,1.6846284353677947
1978,SFO,16,2,5.714510108635888,-3.7145101086358876,-0.23215688178974297,1,3.135401012921169,7,-2.135401012921169,-0.305057287560167,219,350,3.962351126993292,-1.9623511269932918
1979,TAM,16,10,7.448678853519918,2.551321146480082,0.15945757165500513,6,4.606498101546487,10,1.393501898453513,0.1393501898453513,273,237,9.328173699428833,0.6718263005711673
1979,LAC,16,12,9.553623717514728,2.4463762824852715,0.15289851765532947,4,3.902773116269329,7,0.0972268837306709,0.013889554818667271,411,246,12.342955472523823,-0.34295547252382264
1979,PHI,16,11,8.84253573503014,2.1574642649698603,0.13484151656061627,6,5.3866957675455085,10,0.6133042324544915,0.06133042324544915,339,282,9.718034574393316,1.2819654256066837
1979,SEA,16,9,6.883908606793055,2.116091393206945,0.13225571207543407,4,2.548709723323867,7,1.4512902766761329,0.2073271823823047,378,372,8.151665062024657,0.8483349379753431
1979,TEN,16,11,9.154418381139676,1.845581618860324,0.11534885117877025,7,5.42432495711807,10,1.5756750428819304,0.15756750428819305,362,331,8.845535228527233,2.1544647714727674
1979,KAN,16,7,5.3790871530835505,1.6209128469164495,0.1013070529322781,3,2.898276530434147,7,0.1017234695658531,0.0145319242236933,238,262,7.093134745378336,-0.09313474537833599
1979,CHI,16,10,8.455720925446169,1.544279074553831,0.09651744215961444,7,5.074779774447566,10,1.925220225552434,0.1925220225552434,306,249,9.916173773660361,0.08382622633963877
1979,NOR,16,8,6.463953062829514,1.536046937170486,0.09600293357315537,2,1.7592032353009586,5,0.24079676469904143,0.04815935293980829,370,360,8.259651044057248,-0.25965104405724837
1979,WAS,16,10,8.602037025227407,1.397962974772593,0.08737268592328706,5,4.212608658137216,8,0.7873913418627838,0.09842391773284798,348,295,9.546639799077274,0.45336020092272555
1979,CLE,16,9,7.760883351312385,1.2391166486876148,0.07744479054297593,8,6.698493286066174,13,1.3015067139338257,0.10011590107183274,359,352,8.186638825748899,0.8133611742511011
1979,BUF,16,7,5.96864304932211,1.03135695067789,0.06445980941736812,5,4.22862565147495,10,0.7713743485250504,0.07713743485250504,268,279,7.6189574268721545,-0.6189574268721545
1979,NYJ,16,8,6.974744197294074,1.0252558027059262,0.06407848766912039,5,4.393393016685859,10,0.6066069833141414,0.060660698331414145,337,383,6.7962251391216055,1.2037748608783945
1979,PIT,16,12,11.536460916643065,0.4635390833569346,0.028971192709808413,4,4.174077693694469,6,-0.17407769369446857,-0.029012948949078094,416,262,11.991399759325075,0.00860024067492482
1979,DAL,16,11,11.170628979801611,-0.17062897980161118,-0.010664311237600699,5,4.074107466943337,6,0.925892533056663,0.1543154221761105,371,313,9.59013719264053,1.4098628073594703
1979,NYG,16,6,6.180816103847992,-0.18081610384799163,-0.011301006490499477,4,2.8220674415432336,8,1.1779325584567664,0.1472415698070958,237,323,5.190015649233986,0.8099843507660136
1979,DEN,16,10,10.452620144751975,-0.4526201447519753,-0.028288759046998457,5,5.948165833035223,9,-0.9481658330352234,-0.10535175922613593,289,262,8.92565469344918,1.0743453065508195
1979,LVR,16,9,9.47666318958899,-0.4766631895889901,-0.029791449349311883,6,5.33727148340418,10,0.6627285165958199,0.066272851659582,365,337,8.754392626206707,0.2456073737932929
1979,MIA,16,10,10.830116145266533,-0.8301161452665333,-0.05188225907915833,2,4.5818904275445265,7,-2.5818904275445265,-0.3688414896492181,341,257,10.584950297591007,-0.584950297591007
1979,IND,16,5,6.222585794077222,-1.2225857940772222,-0.07641161212982639,4,3.606813293416118,9,0.3931867065838821,0.04368741184265357,271,351,5.621850361487044,-0.6218503614870441
1979,NWE,16,9,10.290943694011224,-1.290943694011224,-0.0806839808757015,4,5.335846555650738,8,-1.335846555650738,-0.16698081945634224,411,326,10.14289915245917,-1.1428991524591705
1979,CIN,16,4,5.665197270167406,-1.6651972701674058,-0.10407482938546286,2,3.494162718047594,8,-1.494162718047594,-0.18677033975594926,337,421,5.937814426535647,-1.9378144265356472
1979,ATL,16,6,7.675181383288926,-1.6751813832889262,-0.10469883645555789,4,5.141943335540225,11,-1.1419433355402253,-0.10381303050365685,300,388,5.634340781877264,0.36565921812273583
1979,LAR,16,9,10.691791505306416,-1.6917915053064156,-0.10573696908165098,6,6.061018900280181,9,-0.061018900280180866,-0.006779877808908985,323,309,8.419683080022686,0.5803169199773137
1979,ARI,16,5,6.711239845461719,-1.7112398454617193,-0.10695249034135745,4,4.803105473754144,11,-0.8031054737541439,-0.07300958852310399,307,358,6.558960285584317,-1.558960285584317
1979,MIN,16,7,8.766048778638657,-1.7660487786386572,-0.11037804866491607,7,7.9314919765579805,14,-0.9314919765579805,-0.06653514118271289,259,337,5.582268618439875,1.4177313815601247
1979,GNB,16,5,6.76793669088921,-1.7679366908892096,-0.1104960431805756,2,3.3615099099407084,8,-1.3615099099407084,-0.17018873874258855,246,316,5.693413024889216,-0.6934130248892156
1979,SFO,16,2,4.018460074197761,-2.018460074197761,-0.12615375463736006,1,1.890240448691305,7,-0.8902404486913049,-0.1271772069559007,308,416,5.265143789332112,-3.265143789332112
1979,DET,16,2,6.055075425548566,-4.055075425548566,-0.25344221409678536,1,3.3019052236059054,8,-2.3019052236059054,-0.2877381529507382,219,365,3.6733579371289657,-1.6733579371289657
1980,ATL,16,12,8.244204291498699,3.755795708501301,0.23473723178133132,6,4.791515284746694,10,1.2084847152533058,0.12084847152533058,405,272,11.516773184097367,0.4832268159026327
1980,BUF,16,11,7.923408516172567,3.076591483827433,0.19228696773921455,6,4.560388417355234,9,1.4396115826447664,0.15995684251608516,320,260,9.929636165986151,1.0703638340138486
1980,CLE,16,11,8.743657341760986,2.2563426582390136,0.14102141613993835,9,7.237029046247859,13,1.7629709537521414,0.13561315028862625,357,310,9.325885785128117,1.6741142148718833
1980,KAN,16,8,6.056150348762325,1.9438496512376746,0.12149060320235466,5,3.5649039314528,9,1.4350960685472,0.15945511872746668,319,336,7.508417972889048,0.4915820271109519
1980,LVR,16,11,9.083507513457842,1.9164924865421575,0.11978078040888485,5,4.806588679549055,9,0.1934113204509451,0.02149014671677168,364,306,9.62261521531586,1.3773847846841392
1980,DET,16,9,7.453388022762928,1.546611977237072,0.096663248577317,2,2.9677642567719316,6,-0.9677642567719316,-0.16129404279532192,334,272,9.909083339752492,-0.9090833397524918
1980,PHI,16,12,10.49258747611527,1.5074125238847298,0.09421328274279561,5,4.239914205153539,7,0.7600857948464608,0.10858368497806582,384,222,12.56979706679448,-0.5697970667944805
1980,DAL,16,12,10.965161900335936,1.0348380996640643,0.06467738122900402,4,4.345874929189165,7,-0.34587492918916496,-0.049410704169880706,454,311,11.363942768972027,0.6360572310279728
1980,MIN,16,9,7.9770971319328385,1.0229028680671615,0.06393142925419759,5,4.878745476387875,10,0.12125452361212474,0.012125452361212475,317,308,8.272936902287656,0.7270630977123442
1980,TEN,16,11,10.039119919988481,0.9608800800115187,0.06005500500071992,9,7.58479489241609,12,1.41520510758391,0.11793375896532583,295,251,9.512803368248568,1.4871966317514325
1980,SFO,16,6,5.093427698595137,0.9065723014048626,0.05666076883780391,5,4.049978843078158,11,0.9500211569218422,0.08636555972016748,320,415,5.610705860159787,0.38929413984021277
1980,LAR,16,11,10.213478454462024,0.7865215455379762,0.04915759659612351,2,2.543875237246371,5,-0.5438752372463709,-0.10877504744927417,424,289,11.402883615251554,-0.4028836152515538
1980,LAC,16,11,10.417577714962258,0.5824222850377421,0.03640139281485888,5,4.453072323500586,7,0.546927676499414,0.078132525214202,418,327,10.26401790528685,0.7359820947131492
1980,CIN,16,6,5.534967595393903,0.46503240460609696,0.02906452528788106,5,3.796872336991226,10,1.203127663008774,0.1203127663008774,244,312,5.733246677381986,0.26675332261801366
1980,IND,16,7,6.628103034041124,0.371896965958876,0.02324356037242975,5,4.561037625281597,11,0.43896237471840305,0.03990567042894573,355,387,7.1846513970842585,-0.18465139708425848
1980,NWE,16,10,10.239434874582646,-0.23943487458264556,-0.014964679661415348,1,2.83053852669498,5,-1.8305385266949799,-0.36610770533899595,441,325,10.773581278133072,-0.7735812781330722
1980,DEN,16,8,8.84146384890741,-0.8414638489074093,-0.05259149055671308,6,6.523796863351204,12,-0.5237968633512038,-0.04364973861260032,310,323,7.610868685587285,0.3891313144127153
1980,MIA,16,8,9.162736264539284,-1.1627362645392836,-0.07267101653370522,7,6.790032485414841,11,0.20996751458515917,0.019087955871378105,266,305,6.714235094230196,1.2857649057698044
1980,CHI,16,7,8.191600317251655,-1.1916003172516554,-0.07447501982822846,2,3.7962245063697537,8,-1.7962245063697537,-0.22452806329621922,304,264,9.325103156724188,-2.3251031567241878
1980,NYG,16,4,5.24604675202777,-1.2460467520277696,-0.0778779220017356,4,3.4529330252555166,9,0.5470669747444834,0.060785219416053714,249,425,3.516098429572472,0.4839015704275278
1980,WAS,16,6,7.530286396005644,-1.5302863960056436,-0.09564289975035273,3,3.438428047115214,8,-0.438428047115214,-0.05480350588940175,261,293,6.910430077835954,-0.9104300778359544
1980,GNB,16,5,6.543352170818587,-1.5433521708185873,-0.09645951067616171,4,4.062709058976611,9,-0.06270905897661105,-0.00696767321962345,231,371,3.9276722756486664,1.0723277243513336
1980,ARI,16,5,6.638522256095095,-1.6385222560950954,-0.10240764100594346,4,4.825080180154643,10,-0.825080180154643,-0.0825080180154643,299,350,6.524093869659265,-1.5240938696592652
1980,TAM,16,5,6.6763551943371455,-1.6763551943371455,-0.1047721996460716,4,4.172212875438385,10,-0.17221287543838493,-0.017221287543838493,271,341,5.874114035365383,-0.8741140353653831
1980,NYJ,16,4,6.185744094457942,-2.1857440944579416,-0.13660900590362135,4,3.416480593069065,9,0.5835194069309351,0.06483548965899279,302,395,5.537525596219854,-1.5375255962198544
1980,PIT,16,9,11.269817255026139,-2.2698172550261386,-0.14186357843913366,6,7.2597671253058405,10,-1.2597671253058405,-0.12597671253058404,352,313,9.106087321439652,-0.10608732143965227
1980,SEA,16,4,7.177484021315691,-3.177484021315691,-0.1985927513322307,1,3.548341337903195,7,-2.548341337903195,-0.36404876255759927,291,408,4.9572359464374465,-0.9572359464374465
1980,NOR,16,1,5.431319594392672,-4.431319594392672,-0.276957474649542,1,3.501099889582573,8,-2.501099889582573,-0.3126374861978216,291,487,3.645829382556945,-2.645829382556945
1981,SFO,16,13,7.137809107130725,5.862190892869275,0.3663869308043297,8,4.9889221410464195,10,3.0110778589535805,0.301107785895358,357,250,11.19016143408684,1.8098385659131608
1981,CIN,16,12,7.593785194842883,4.406214805157117,0.27538842532231983,8,4.5891056751059995,10,3.4108943248940005,0.34108943248940005,421,304,10.942161591460982,1.057838408539018
1981,NYG,16,9,6.247769512864493,2.752230487135507,0.1720144054459692,4,2.820542245147663,7,1.1794577548523368,0.16849396497890526,295,257,9.295771892266826,-0.295771892266826
1981,NYJ,16,10,7.511540529132806,2.488459470867194,0.15552871692919962,3,2.7109345857932037,6,0.2890654142067963,0.04817756903446605,355,287,9.974180471521604,0.025819528478395526
1981,TAM,16,9,6.540928529501951,2.459071470498049,0.15369196690612807,5,2.997359973225525,7,2.002640026774475,0.2860914323963536,315,268,9.513381447326472,-0.5133814473264717
1981,MIA,16,11,9.206259329689255,1.7937406703107452,0.11210879189442158,7,5.796281790755974,11,1.203718209244026,0.10942892811309327,345,275,10.099514683139056,0.9004853168609444
1981,GNB,16,8,6.6738081718959155,1.3261918281040845,0.08288698925650528,4,3.1154018391828666,7,0.8845981608171334,0.12637116583101907,324,361,6.980459563166767,1.0195404368332328
1981,BUF,16,10,8.916707483692319,1.0832925163076812,0.06770578226923007,6,4.4969762165522384,8,1.5030237834477616,0.1878779729309702,311,276,9.124344787429843,0.8756552125701571
1981,KAN,16,9,7.98497864313555,1.01502135686445,0.06343883480402812,5,4.775347549484312,10,0.22465245051568772,0.022465245051568772,343,290,9.570556519787647,-0.5705565197876474
1981,WAS,16,8,7.106678805324321,0.8933211946756794,0.05583257466722996,4,2.8850181253371647,7,1.1149818746628353,0.1592831249518336,347,349,7.945517933726459,0.054482066273540575
1981,ARI,16,7,6.146637136797507,0.8533628632024932,0.053335178950155826,4,2.4890336650703317,6,1.5109663349296683,0.25182772248827806,315,408,5.6216158732211845,1.3783841267788155
1981,DET,16,8,7.352045814292464,0.6479541857075359,0.040497136606720996,5,5.290815078079837,12,-0.2908150780798371,-0.024234589839986425,397,322,9.945211838057963,-1.945211838057963
1981,DEN,16,10,9.403402195683158,0.5965978043168416,0.0372873627698026,5,5.3609623602616985,9,-0.3609623602616985,-0.040106928917966495,321,289,8.990429570494905,1.0095704295050947
1981,SEA,16,6,5.530309546762712,0.46969045323728764,0.029355653327330478,4,3.3473533011073795,8,0.6526466988926205,0.08158083736157756,322,388,6.260630468150934,-0.26063046815093394
1981,DAL,16,12,11.732087504146213,0.2679124958537873,0.016744530990861706,3,4.282325772683515,6,-1.2823257726835147,-0.2137209621139191,367,277,10.57253020680117,1.4274697931988296
1981,NOR,16,4,4.156085900496455,-0.1560859004964552,-0.00975536878102845,2,1.6676171467899392,6,0.3323828532100608,0.0553971422016768,207,378,3.0966759272469018,0.9033240727530982
1981,CHI,16,6,6.546158247806112,-0.5461582478061118,-0.034134890487881986,3,2.9752525246362307,8,0.02474747536376931,0.003093434420471164,253,324,5.720008858801144,0.27999114119885604
1981,LAC,16,10,10.638887238883143,-0.638887238883143,-0.03993045243019644,4,4.745281536889113,7,-0.745281536889113,-0.106468790984159,478,390,9.892312302029909,0.10768769797009092
1981,PHI,16,10,11.215418512331482,-1.2154185123314818,-0.07596365702071761,2,2.9975866056097016,5,-0.9975866056097016,-0.19951732112194032,368,221,12.320565995066298,-2.320565995066298
1981,MIN,16,7,8.560203301114063,-1.560203301114063,-0.09751270631962894,4,3.9151076004075676,8,0.08489239959243244,0.010611549949054055,325,369,6.8053123052313245,0.19468769476867553
1981,PIT,16,8,9.99706891960139,-1.9970689196013893,-0.12481680747508683,4,6.5736590435311575,11,-2.5736590435311575,-0.23396900395737796,356,297,9.691841536829052,-1.6918415368290525
1981,LVR,16,7,9.2657807793952,-2.2657807793952003,-0.14161129871220002,3,3.300622121656282,6,-0.3006221216562821,-0.050103686942713686,273,343,5.887380248015292,1.1126197519847079
1981,ATL,16,7,9.358631998977824,-2.358631998977824,-0.147414499936114,2,5.5851953236259915,11,-3.5851953236259915,-0.32592684760236285,426,355,9.702008258314555,-2.702008258314555
1981,TEN,16,7,9.43808884081925,-2.4380888408192494,-0.15238055255120309,6,5.489103248299961,9,0.5108967517000389,0.05676630574444877,281,355,5.838921085535661,1.1610789144643388
1981,IND,16,2,4.693025904354807,-2.6930259043548066,-0.1683141190221754,2,2.254181346070214,6,-0.2541813460702138,-0.04236355767836897,259,533,2.449761928882369,-0.4497619288823689
1981,CLE,16,5,8.08759302825544,-3.0875930282554407,-0.19297456426596504,4,6.475363951124376,13,-2.4753639511243763,-0.19041261162495202,276,375,5.215536304218021,-0.21553630421802072
1981,LAR,16,6,9.21998178272894,-3.21998178272894,-0.20124886142055876,3,4.7441642118238505,8,-1.7441642118238505,-0.2180205264779813,303,351,6.619875003892735,-0.6198750038927354
1981,NWE,16,2,7.738328040343623,-5.738328040343623,-0.3586455025214764,0,4.330485020701488,8,-4.330485020701488,-0.541310627587686,322,370,6.6945170107113405,-4.6945170107113405
1982,LVR,9,8,4.921122026280966,3.0788779737190337,0.34209755263544817,7,3.7772364976008954,7,3.2227635023991046,0.46039478605701495,260,200,5.8556571423000845,2.1443428576999155
1982,WAS,9,8,5.05370120466365,2.94629879533635,0.32736653281515005,5,3.077489423696451,6,1.9225105763035488,0.3204184293839248,190,128,6.464865155258886,1.5351348447411137
1982,CIN,9,7,5.606090190876153,1.3939098091238469,0.15487886768042744,2,1.6600997380754758,3,0.33990026192452416,0.11330008730817472,232,177,5.895410577942417,1.1045894220575834
1982,NWE,9,5,3.632155283214546,1.367844716785454,0.15198274630949488,3,2.5767292088112117,6,0.4232707911887883,0.07054513186479805,143,157,4.003962094377096,0.9960379056229041
1982,NOR,9,4,2.706482853487286,1.293517146512714,0.14372412739030155,1,0.7028830626070715,2,0.29711693739292855,0.14855846869646427,129,160,3.3758840431705197,0.6241159568294803
1982,ARI,9,5,3.7353497184624334,1.2646502815375666,0.1405166979486185,4,2.5334222417970595,6,1.4665777582029405,0.24442962636715673,135,170,3.3004235195485045,1.6995764804514955
1982,TAM,9,5,3.890590408113363,1.109409591886637,0.12326773243184855,5,3.587606914105201,8,1.412393085894799,0.17654913573684988,158,178,3.8686199749328942,1.1313800250671058
1982,MIN,9,5,4.091362577797527,0.9086374222024727,0.10095971357805252,4,2.8131999822945866,6,1.1868000177054134,0.19780000295090225,187,198,4.19566801271148,0.8043319872885197
1982,NYJ,9,6,5.147458631125266,0.8525413688747339,0.09472681876385931,4,3.0380361517974914,6,0.9619638482025086,0.16032730803375142,245,166,6.440090892143609,-0.4400908921436093
1982,MIA,9,7,6.173688788269997,0.8263112117300029,0.09181235685888921,4,3.949115467003679,6,0.050884532996320786,0.008480755499386797,198,131,6.5421434487915056,0.45785655120849444
1982,PIT,9,6,5.417131942354699,0.5828680576453014,0.0647631175161446,1,1.7009227068092916,3,-0.7009227068092916,-0.23364090226976386,204,146,6.195883670140495,-0.19588367014049535
1982,LAC,9,6,5.461054107468385,0.5389458925316148,0.05988287694795721,2,2.6968733430621112,5,-0.6968733430621112,-0.13937466861242226,288,221,5.867445869561392,0.1325541304386082
1982,CLE,9,4,3.5336975774899435,0.4663024225100565,0.05181138027889517,3,1.964762179265807,4,1.035237820734193,0.25880945518354825,140,182,3.144342857699915,0.8556571423000849
1982,GNB,9,5,4.60657144077077,0.39342855922923015,0.04371428435880335,2,2.586504525867602,5,-0.586504525867602,-0.1173009051735204,226,169,5.991315359609354,-0.991315359609354
1982,SEA,9,4,3.8524776755928922,0.14752232440710777,0.01639136937856753,3,2.0837178964707626,5,0.9162821035292374,0.1832564207058475,127,147,3.727860379985925,0.2721396200140749
1982,NYG,9,4,4.029706561486289,-0.029706561486288585,-0.003300729054032065,4,3.002501489184275,7,0.997498510815725,0.1424997872593893,164,160,4.631635790311672,-0.6316357903116723
1982,ATL,9,5,5.213970325301286,-0.21397032530128612,-0.023774480589031793,2,2.0821975920506173,4,-0.08219759205061727,-0.02054939801265432,183,199,4.054500990172197,0.9454990098278033
1982,DAL,9,6,6.55801098436619,-0.5580109843661898,-0.0620012204851322,2,2.824703014220567,4,-0.8247030142205669,-0.20617575355514173,226,145,6.670099092807141,-0.6700990928071411
1982,DET,9,4,4.692778724728931,-0.6927787247289308,-0.07697541385877009,3,4.355052884997911,8,-1.355052884997911,-0.1693816106247389,181,176,4.649324670881704,-0.649324670881704
1982,CHI,9,3,4.094551525181674,-1.0945515251816742,-0.12161683613129713,2,2.5886098108616142,6,-0.5886098108616142,-0.09810163514360237,141,174,3.4012504834358954,-0.4012504834358954
1982,KAN,9,3,4.101223254910332,-1.101223254910332,-0.12235813943448133,1,1.7852340513169032,4,-0.7852340513169032,-0.1963085128292258,176,184,4.263179969744246,-1.2631799697442458
1982,BUF,9,4,5.172624072404483,-1.1726240724044832,-0.13029156360049812,3,3.4010635669424203,6,-0.4010635669424203,-0.06684392782373672,150,154,4.3597084314436225,-0.3597084314436225
1982,LAR,9,2,3.8638398612039615,-1.8638398612039615,-0.20709331791155128,2,2.9117388711852796,7,-0.9117388711852796,-0.13024841016932567,200,250,3.337065869882695,-1.3370658698826952
1982,IND,9,0,1.877934257331241,-1.877934257331241,-0.20865936192569345,0,1.291189821962314,5,-1.291189821962314,-0.25823796439246277,113,236,1.3376865965405884,-1.3376865965405884
1982,PHI,9,3,5.026187566628446,-2.0261875666284457,-0.22513195184760507,2,4.357703899191625,8,-2.357703899191625,-0.29471298739895313,191,195,4.389500126570208,-1.3895001265702076
1982,SFO,9,3,5.13557622744778,-2.13557622744778,-0.2372862474941978,2,4.11420133471922,7,-2.11420133471922,-0.3020287621027457,209,206,4.577090185820746,-1.5770901858207456
1982,DEN,9,2,4.575295916238532,-2.575295916238532,-0.2861439906931702,2,3.363745364390373,6,-1.3637453643903732,-0.2272908940650622,148,226,2.414682291051138,-0.41468229105113785
1982,TEN,9,1,3.8293662968029785,-2.8293662968029785,-0.31437403297810873,1,2.1734589597121827,4,-1.1734589597121827,-0.2933647399280457,136,245,1.7875111110082769,-0.7875111110082769
1983,WAS,16,14,10.69440470151314,3.3055952984868604,0.20659970615542878,4,3.540992086721956,6,0.459007913278044,0.076501318879674,541,332,12.173275539764209,1.8267244602357913
1983,IND,16,7,4.725705387751049,2.2742946122489514,0.14214341326555946,6,2.8633312710262824,10,3.1366687289737176,0.3136668728973718,264,354,5.325915013021564,1.6740849869784364
1983,SEA,16,9,6.732317314527377,2.2676826854726233,0.14173016784203896,5,3.829130531287304,9,1.170869468712696,0.13009660763474398,403,397,8.14218769133053,0.8578123086694696
1983,LAR,16,9,7.124039354069822,1.8759606459301779,0.11724754037063612,6,4.702585392484749,10,1.2974146075152513,0.12974146075152512,361,344,8.456782764261213,0.543217235738787
1983,ARI,16,8,6.324259151500103,1.6757408484998972,0.10473380303124358,5,3.685323892647608,8,1.3146761073523918,0.16433451341904898,374,428,6.7322323986369215,1.2677676013630785
1983,LVR,16,12,10.655735038664204,1.3442649613357958,0.08401656008348724,4,3.686431055632535,6,0.3135689443674652,0.052261490727910864,442,338,10.460802885204368,1.5391971147956323
1983,NOR,16,8,6.677699374026384,1.3223006259736163,0.08264378912335102,7,6.074091696291852,14,0.9259083037081481,0.06613630740772487,319,337,7.480358151519598,0.5196418484804024
1983,DEN,16,9,7.845613817836089,1.1543861821639112,0.07214913638524445,8,6.109636652116976,12,1.8903633478830244,0.15753027899025204,302,327,7.248250182789866,1.7517498172101336
1983,CHI,16,8,6.851994520859572,1.1480054791404282,0.07175034244627676,6,5.655529079799354,13,0.34447092020064574,0.026497763092357365,311,301,8.30967668194524,-0.30967668194523945
1983,MIA,16,12,10.908045207393084,1.0919547926069164,0.06824717453793228,4,3.276430266831526,5,0.7235697331684738,0.14471394663369477,389,250,11.845699012423205,0.15430098757679467
1983,SFO,16,10,9.04299342990343,0.9570065700965706,0.059812910631035665,5,5.09067963191607,9,-0.09067963191607031,-0.010075514657341146,432,293,11.44119385906763,-1.4411938590676296
1983,DET,16,9,8.052100765253725,0.9478992347462754,0.05924370217164221,5,3.765139092145464,7,1.2348609078545358,0.17640870112207654,347,286,9.801389991817793,-0.8013899918177927
1983,CLE,16,9,8.096162178205288,0.9038378217947116,0.056489863862169476,4,4.499114539769215,9,-0.4991145397692147,-0.0554571710854683,356,342,8.380051246040995,0.6199487539590045
1983,DAL,16,12,11.17284377093002,0.8271562290699794,0.051697264316873714,4,4.111866709755218,6,-0.11186670975521817,-0.018644451625869696,479,360,10.608614155271809,1.391385844728191
1983,NWE,16,8,7.304364192551941,0.6956358074480589,0.04347723796550368,3,3.221571058975596,6,-0.22157105897559592,-0.03692850982926599,274,289,7.495400222526535,0.504599777473465
1983,GNB,16,8,8.325470460695856,-0.32547046069585583,-0.02034190379349099,6,6.8819855123184634,13,-0.8819855123184634,-0.06784503940911257,429,439,7.7816114283489295,0.2183885716510705
1983,MIN,16,8,8.396005876753467,-0.3960058767534669,-0.02475036729709168,7,5.070397554918879,10,1.9296024450811213,0.19296024450811214,316,348,7.089518594271393,0.910481405728607
1983,BUF,16,8,8.512560925437587,-0.5125609254375867,-0.03203505783984917,6,4.823370854275572,10,1.1766291457244282,0.11766291457244282,283,351,6.001767935021453,1.9982320649785468
1983,ATL,16,7,7.530576983141363,-0.5305769831413629,-0.03316106144633518,5,5.760285393378238,12,-0.7602853933782381,-0.06335711611485317,370,389,7.525832745514925,-0.5258327455149248
1983,PIT,16,10,10.770893570449434,-0.7708935704494344,-0.04818084815308965,6,5.9926332297282885,9,0.007366770271711509,0.0008185300301901677,355,303,9.484104030588295,0.5158959694117051
1983,KAN,16,6,7.000954842288573,-1.0009548422885732,-0.06255967764303583,4,4.63939178146616,10,-0.63939178146616,-0.06393917814661601,386,367,8.477938113142804,-2.4779381131428035
1983,NYJ,16,7,8.586946233387998,-1.586946233387998,-0.09918413958674988,3,6.107148874534796,10,-3.107148874534796,-0.31071488745347964,313,331,7.470698422322107,-0.4706984223221067
1983,LAC,16,6,8.17002504090652,-2.17002504090652,-0.1356265650566575,5,5.431400505900237,10,-0.43140050590023726,-0.043140050590023724,358,462,5.653309390854545,0.3466906091454547
1983,CIN,16,7,9.333001688189254,-2.3330016881892544,-0.1458126055118284,2,4.822624492129069,8,-2.8226244921290693,-0.35282806151613366,346,302,9.2783414112636,-2.2783414112636002
1983,TEN,16,2,4.705448930260739,-2.705448930260739,-0.1690905581412962,1,2.1713703281943464,7,-1.1713703281943464,-0.16733861831347804,288,460,3.9665593389594758,-1.9665593389594758
1983,NYG,16,3,5.937406767533776,-2.9374067675337763,-0.18358792297086102,2,3.581846352546843,8,-1.581846352546843,-0.19773079406835536,267,347,5.592426800175036,-2.592426800175036
1983,PHI,16,5,8.298543627783229,-3.2985436277832285,-0.20615897673645178,5,7.00550318379275,13,-2.00550318379275,-0.15426947567636537,233,322,5.075004116968435,-0.07500411696843479
1983,TAM,16,2,6.223886848186977,-4.223886848186977,-0.26399292801168606,1,3.6001889794146527,10,-2.6001889794146527,-0.26001889794146527,241,380,4.058406538047277,-2.0584065380472767
1984,DEN,16,13,9.030163362338737,3.9698366376612633,0.24811478985382895,9,6.5413635191567145,12,2.4586364808432855,0.20488637340360713,353,241,11.390172755983764,1.6098272440162358
1984,SFO,16,15,11.541500522817776,3.458499477182224,0.216156217323889,5,4.097341430133478,6,0.9026585698665217,0.15044309497775363,475,227,13.63109255240465,1.3689074475953493
1984,SEA,16,12,9.474668799090505,2.525331200909495,0.15783320005684343,6,3.921862204749712,7,2.078137795250288,0.2968768278928983,418,282,11.482194736345246,0.5178052636547541
1984,NYG,16,9,6.751881380748982,2.2481186192510183,0.14050741370318864,5,4.089787431423533,7,0.9102125685764673,0.13003036693949532,299,301,7.936801080676819,1.063198919323181
1984,MIA,16,14,11.905296878658259,2.094703121341741,0.13091894508385882,3,3.059555936469517,4,-0.05955593646951707,-0.014888984117379267,513,298,12.539151800565575,1.460848199434425
1984,LAR,16,10,8.18297264801518,1.8170273519848195,0.11356420949905122,5,4.26889064013121,9,0.7311093598687899,0.08123437331875444,346,316,8.856508107187466,1.1434918928125342
1984,CHI,16,10,8.300958109949129,1.6990418900508715,0.10619011812817947,4,3.2470841154471968,6,0.7529158845528032,0.12548598075880055,325,248,10.479091491273289,-0.4790914912732891
1984,ARI,16,9,8.207940404148278,0.7920595958517218,0.04950372474073261,4,4.713895164969475,9,-0.7138951649694754,-0.07932168499660837,423,345,9.89556754914209,-0.8955675491420898
1984,NWE,16,9,8.299541420337013,0.7004585796629872,0.0437786612289367,6,4.644163515168542,9,1.3558364848314577,0.15064849831460642,362,352,8.265466081567476,0.7345339184325237
1984,GNB,16,8,7.354243431045507,0.6457565689544928,0.0403597855596558,4,4.505341994888639,10,-0.5053419948886386,-0.05053419948886386,390,309,10.152660231295846,-2.1526602312958456
1984,KAN,16,8,7.390999265699104,0.6090007343008956,0.03806254589380598,5,4.918491799019979,9,0.08150820098002143,0.009056466775557936,314,324,7.702933629567076,0.2970663704329244
1984,TAM,16,6,5.585567984372507,0.41443201562749277,0.025902000976718298,6,4.603258036530285,13,1.3967419634697151,0.1074416894976704,335,380,6.813940372584575,-0.8139403725845753
1984,NOR,16,7,6.723609105923133,0.2763908940768669,0.01727443087980418,5,3.9008777727478687,9,1.0991222272521313,0.12212469191690348,298,361,6.2125511964749975,0.7874488035250025
1984,LVR,16,11,10.954017164238891,0.04598283576110873,0.0028739272350692957,4,5.387193930741452,8,-1.3871939307414518,-0.17339924134268148,368,278,10.565026533816942,0.43497346618305777
1984,CIN,16,8,8.156101454885237,-0.15610145488523663,-0.00975634093032729,4,3.5665589411151144,8,0.4334410588848856,0.0541801323606107,339,339,8.0,0.0
1984,LAC,16,7,7.454117629833677,-0.4541176298336769,-0.028382351864604805,5,4.692206068210481,11,0.30779393178951864,0.027981266526319878,394,413,7.553986410130915,-0.5539864101309151
1984,WAS,16,11,11.48547629968669,-0.4854762996866899,-0.03034226873041812,2,3.081423557778394,5,-1.0814235577783942,-0.21628471155567883,426,310,10.878513602102942,0.1214863978970584
1984,PIT,16,9,9.598336060876417,-0.5983360608764166,-0.037396003804776035,4,4.334683300019056,8,-0.3346833000190559,-0.041835412502381986,387,310,10.05601125814886,-1.0560112581488603
1984,PHI,16,6,6.697249124735393,-0.6972491247353929,-0.04357807029596206,3,3.438491416575703,9,-0.4384914165757028,-0.04872126850841142,278,320,6.678388830571656,-0.6783888305716559
1984,TEN,16,3,3.771505799825726,-0.771505799825726,-0.048219112489107874,2,1.2909617301358927,4,0.7090382698641073,0.17725956746602684,240,437,3.1137641433758008,-0.11376414337580076
1984,IND,16,4,4.8051969783037904,-0.8051969783037904,-0.0503248111439869,4,2.5026005180207145,7,1.4973994819792855,0.2139142117113265,239,414,3.4210325731491698,0.5789674268508302
1984,DAL,16,9,10.309726522685203,-1.309726522685203,-0.08185790766782519,5,4.085628523341549,7,0.9143714766584514,0.13062449666549306,308,308,8.0,1.0
1984,NYJ,16,7,8.32440681667391,-1.3244068166739105,-0.0827754260421194,4,5.010447703423861,9,-1.0104477034238606,-0.11227196704709562,332,364,7.131101916754577,-0.13110191675457727
1984,CLE,16,5,7.5408636939748614,-2.5408636939748614,-0.15880398087342884,2,5.27624363425782,11,-3.2762436342578196,-0.2978403303870745,250,297,6.38918314260729,-1.3891831426072896
1984,MIN,16,3,6.086999013992412,-3.086999013992412,-0.19293743837452576,3,4.146458278852189,9,-1.1464582788521893,-0.12738425320579883,276,484,3.3433983808556578,-0.34339838085565777
1984,ATL,16,4,7.1507760846272,-3.1507760846272,-0.1969235052892,2,3.547949729996827,7,-1.547949729996827,-0.22113567571383244,281,382,5.211031781228257,-1.2110317812282574
1984,DET,16,4,7.2510066942485025,-3.2510066942485025,-0.2031879183905314,4,6.606317645396926,13,-2.606317645396926,-0.20048597272284047,283,408,4.7340825784704,-0.7340825784704004
1984,BUF,16,2,5.664877348267983,-3.664877348267983,-0.22905483426674894,1,3.5209214612978723,8,-2.5209214612978723,-0.31511518266223404,250,454,3.12959223687879,-1.12959223687879
1985,CHI,16,15,10.57942041231311,4.420579587686889,0.2762862242304306,4,3.042904774432972,5,0.957095225567028,0.1914190451134056,456,198,14.05397269655532,0.94602730344468
1985,NYJ,16,11,8.097926748728696,2.902073251271304,0.1813795782044565,3,2.467597209480048,5,0.532402790519952,0.1064805581039904,393,264,11.515056059903674,-0.5150560599036744
1985,LVR,16,12,10.037094376833586,1.9629056231664137,0.12268160144790086,6,5.600304187839578,10,0.39969581216042194,0.039969581216042195,354,308,9.307749815010245,2.6922501849897547
1985,NWE,16,11,9.090250728338185,1.9097492716618145,0.11935932947886341,6,4.97038214740655,10,1.02961785259345,0.102961785259345,362,290,10.055222299461363,0.9447777005386371
1985,NYG,16,10,8.672541223726018,1.327458776273982,0.08296617351712388,3,4.685812513127235,9,-1.6858125131272352,-0.1873125014585817,399,283,11.08782012659634,-1.0878201265963394
1985,LAR,16,11,9.855711731436426,1.1442882685635745,0.0715180167852234,5,3.812161504769201,7,1.1878384952307992,0.1696912136043999,340,277,9.905410165867147,1.0945898341328526
1985,DEN,16,11,10.107416892347445,0.8925831076525554,0.055786444228284715,6,5.9096887870752495,10,0.09031121292475053,0.009031121292475052,380,329,9.35306790923711,1.6469320907628902
1985,TEN,16,5,4.329689405842016,0.6703105941579839,0.04189441213487399,3,1.9354224802295272,7,1.0645775197704728,0.15208250282435326,284,412,4.685023092450637,0.31497690754936336
1985,CLE,16,8,7.409088474808659,0.5909115251913413,0.03693197032445883,4,3.845909368818699,8,0.15409063118130106,0.019261328897662633,287,294,7.771617283769484,0.22838271623051565
1985,DET,16,7,6.711046095034833,0.28895390496516704,0.01805961906032294,3,2.7913554785948085,6,0.20864452140519152,0.03477408690086525,307,366,6.3572446566793195,0.6427553433206805
1985,DAL,16,10,9.757505212204567,0.2424947877954331,0.015155924237214569,5,4.522800706145011,8,0.47719929385498894,0.05964991173187362,357,333,8.658252827764148,1.341747172235852
1985,MIN,16,7,6.783004838778169,0.21699516122183127,0.013562197576364454,5,4.134216982459204,10,0.8657830175407959,0.08657830175407959,346,359,7.650565825430063,-0.6505658254300632
1985,LAC,16,8,7.785719801920869,0.21428019807913135,0.013392512379945709,4,4.337795625975745,9,-0.33779562597574486,-0.037532847330638316,467,435,8.671338415332693,-0.6713384153326931
1985,MIA,16,12,11.838361881975914,0.16163811802408645,0.010102382376505403,6,5.582491583956108,8,0.41750841604389244,0.052188552005486555,428,320,10.652627346657228,1.347372653342772
1985,WAS,16,10,10.122760208583525,-0.1227602085835251,-0.007672513036470319,6,5.963582465302167,10,0.03641753469783282,0.003641753469783282,297,312,7.533440493929602,2.466559506070398
1985,PHI,16,7,7.13017992420378,-0.13017992420378022,-0.008136245262736264,4,4.720405957758198,9,-0.7204059577581976,-0.0800451064175775,286,310,7.2384102890570645,-0.23841028905706452
1985,GNB,16,8,8.156439762793095,-0.15643976279309513,-0.009777485174568445,4,3.147324062022709,6,0.852675937977291,0.1421126563295485,337,355,7.507333768839878,0.492666231160122
1985,IND,16,5,5.2079554486749835,-0.2079554486749835,-0.012997215542186469,0,1.4238921176730905,5,-1.4238921176730905,-0.28477842353461813,320,386,6.251036027963745,-1.2510360279637451
1985,ATL,16,4,4.2875210724513,-0.2875210724513,-0.01797006702820625,3,2.211374042737191,6,0.7886259572628092,0.13143765954380152,282,452,3.9418013266291387,0.058198673370861265
1985,CIN,16,7,7.6981526515103305,-0.6981526515103305,-0.043634540719395654,3,3.704388289029544,8,-0.7043882890295441,-0.08804853612869301,441,437,8.086375373134787,-1.0863753731347874
1985,SFO,16,10,10.841852705238024,-0.8418527052380238,-0.05261579407737649,2,4.494015726239121,7,-2.4940157262391214,-0.35628796089130305,411,263,11.877116786700872,-1.8771167867008725
1985,SEA,16,8,9.036628461450094,-1.0366284614500945,-0.0647892788406309,4,5.100437295003582,9,-1.100437295003582,-0.12227081055595354,349,303,9.327504989700186,-1.327504989700186
1985,NOR,16,5,6.188748039133715,-1.1887480391337153,-0.0742967524458572,4,3.4723828489485937,7,0.5276171510514063,0.07537387872162947,294,401,5.183456926851759,-0.1834569268517594
1985,KAN,16,6,7.535686834364164,-1.5356868343641636,-0.09598042714776023,4,3.3630598931714997,7,0.6369401068285003,0.0909914438326429,317,360,6.803173241734983,-0.8031732417349833
1985,PIT,16,7,8.759014052848757,-1.759014052848757,-0.10993837830304731,3,3.191836771051974,6,-0.19183677105197416,-0.03197279517532903,379,355,8.618927266463698,-1.6189272664636984
1985,TAM,16,2,4.857281748313345,-2.857281748313345,-0.17858010926958406,1,1.5034607842326386,6,-0.5034607842326386,-0.08391013070543978,294,448,4.308488521688102,-2.308488521688102
1985,BUF,16,2,4.939914428278305,-2.939914428278305,-0.18374465176739407,2,3.0391862877884726,8,-1.0391862877884726,-0.12989828597355907,200,381,2.8539382130085693,-0.8539382130085693
1985,ARI,16,5,8.183086837868089,-3.183086837868089,-0.19894292736675556,1,1.0258101087312808,2,-0.025810108731280756,-0.012905054365640378,278,414,4.482004307953663,0.5179956920463367
1986,NYG,16,14,9.587066562509857,4.4129334374901426,0.2758083398431339,9,6.062222114956059,11,2.937777885043941,0.2670707168221764,371,236,11.91999038649094,2.080009613509061
1986,CLE,16,12,9.033677798896857,2.966322201103143,0.18539513756894643,8,5.542634122298286,9,2.457365877701714,0.27304065307796827,391,310,10.146765506752468,1.8532344932475322
1986,KAN,16,10,8.165340376346595,1.8346596236534047,0.1146662264783378,7,5.278928643054413,10,1.721071356945587,0.1721071356945587,358,326,8.884040490276945,1.115959509723055
1986,SEA,16,10,8.210662568669239,1.789337431330761,0.11183358945817257,6,5.35365995269305,11,0.6463400473069498,0.05875818611881362,366,293,10.061396310963373,-0.06139631096337261
1986,MIN,16,9,7.446230256774511,1.553769743225489,0.09711060895159307,5,4.363808711533907,10,0.636191288466093,0.0636191288466093,398,273,11.353603131871274,-2.3536031318712745
1986,WAS,16,12,10.489202610738436,1.5107973892615636,0.09442483682884772,7,6.3292658252459475,10,0.6707341747540525,0.06707341747540525,368,296,10.019408765337007,1.9805912346629935
1986,CIN,16,10,8.543972213451276,1.4560277865487237,0.09100173665929523,8,5.9494434151757565,10,2.0505565848242435,0.20505565848242435,409,394,8.35398177169863,1.6460182283013705
1986,CHI,16,14,12.803349641164226,1.1966503588357735,0.07479064742723585,6,5.678438468500167,7,0.3215615314998326,0.04593736164283323,352,187,13.07899187481745,0.9210081251825493
1986,NWE,16,11,9.98181444472186,1.0181855552781407,0.0636365972048838,6,5.5225282411126555,10,0.4774717588873445,0.04774717588873445,412,307,10.681053367256643,0.3189466327433568
1986,NOR,16,7,6.0119285561154845,0.9880714438845155,0.06175446524278222,5,3.3908612419582047,9,1.6091387580417953,0.17879319533797725,288,287,8.032973759559924,-1.0329737595599244
1986,DEN,16,11,10.265358665297317,0.7346413347026832,0.0459150834189177,5,5.033433856494191,8,-0.03343385649419073,-0.004179232061773841,378,327,9.360622705856578,1.6393772941434221
1986,ATL,16,7,6.459214687509359,0.540785312490641,0.03379908203066506,4,3.731491719262586,9,0.26850828073741395,0.029834253415268217,280,280,8.0,-1.0
1986,LAR,16,10,9.469907275951684,0.5300927240483162,0.03313079525301976,6,5.452154037301871,9,0.5478459626981289,0.06087177363312543,309,267,9.371285965216817,0.628714034783183
1986,NYJ,16,10,9.642994890084857,0.3570051099151428,0.022312819369696424,5,4.6697429630402985,8,0.33025703695970154,0.04128212961996269,364,386,7.444575422409204,2.555424577590796
1986,TEN,16,5,4.762244881315853,0.2377551186841469,0.01485969491775918,1,1.4950633763803638,5,-0.4950633763803638,-0.09901267527607276,274,329,6.292488842250823,-1.2924888422508234
1986,BUF,16,4,4.886399670003039,-0.8863996700030388,-0.05539997937518992,3,3.3409205835732907,11,-0.3409205835732907,-0.030992780324844607,287,348,6.204124846468459,-2.204124846468459
1986,SFO,16,10,10.930213017383048,-0.9302130173830481,-0.058138313586440504,2,3.515088998506781,6,-1.5150889985067808,-0.2525148330844635,374,247,11.643997024092368,-1.6439970240923678
1986,PHI,16,5,6.061916505603849,-1.0619165056038486,-0.06636978160024054,2,3.9269329652189997,10,-1.9269329652189997,-0.19269329652189998,256,312,6.158226828129163,-1.1582268281291634
1986,IND,16,3,4.26758233171361,-1.2675823317136103,-0.07922389573210065,3,1.5616757117855096,5,1.4383242882144904,0.28766485764289806,229,400,3.3681711184055825,-0.3681711184055825
1986,PIT,16,6,7.316053158392967,-1.3160531583929673,-0.08225332239956046,1,3.5559247795258733,8,-2.5559247795258733,-0.31949059744073416,307,336,7.147551300630824,-1.1475513006308242
1986,ARI,16,4,5.511518090003917,-1.511518090003917,-0.0944698806252448,3,4.027372424626274,10,-1.0273724246262743,-0.10273724246262743,218,351,3.9100922986061497,0.08990770139385029
1986,DAL,16,7,8.884608696370758,-1.8846086963707585,-0.1177880435231724,4,4.6859771182495304,8,-0.6859771182495304,-0.0857471397811913,346,337,8.24977220235456,-1.2497722023545599
1986,MIA,16,8,10.228871265521153,-2.2288712655211533,-0.13930445409507208,4,6.234434992334826,11,-2.234434992334826,-0.20313045384862055,430,405,8.56688270528758,-0.5668827052875791
1986,DET,16,5,7.2421839966534005,-2.2421839966534005,-0.14013649979083753,3,5.1612907099720156,12,-2.1612907099720156,-0.18010755916433463,277,326,6.474791885718813,-1.4747918857188127
1986,LVR,16,8,10.404933160946406,-2.404933160946406,-0.1503083225591504,6,8.267679371775083,13,-2.267679371775083,-0.17443687475192945,323,346,7.3493448258149705,0.6506551741850295
1986,GNB,16,4,6.408153399334356,-2.4081533993343562,-0.15050958745839726,2,2.7360498478735202,7,-0.7360498478735202,-0.10514997826764574,254,418,3.7590840515782262,0.24091594842177377
1986,LAC,16,4,6.472418016476494,-2.472418016476494,-0.15452612602978089,1,2.5052239720430625,7,-1.5052239720430625,-0.21503199600615178,335,396,6.434601622785739,-2.434601622785739
1986,TAM,16,2,4.512183262049588,-2.5121832620495876,-0.15701145387809923,2,2.6277518355074765,8,-0.6277518355074765,-0.07846897943843456,239,473,2.6480532459066466,-0.6480532459066466
1987,NOR,15,12,7.472848282312563,4.527151717687437,0.30181011451249584,7,3.613907241095416,9,3.386092758904584,0.376232528767176,422,283,10.80753118561658,1.1924688143834192
1987,TEN,15,9,5.681653282789581,3.318346717210419,0.2212231144806946,7,4.12386091062405,10,2.8761390893759504,0.28761390893759503,345,349,7.397555669687315,1.602444330312685
1987,IND,15,9,5.791421878230075,3.208578121769925,0.213905208117995,4,2.1055938176974753,6,1.8944061823025247,0.31573436371708746,300,238,9.507449634776851,-0.5074496347768509
1987,BUF,15,7,4.222423669212489,2.777576330787511,0.18517175538583405,5,2.241574832769328,9,2.758425167230672,0.3064916852478524,270,305,6.424175414060594,0.5758245859394062
1987,SFO,15,13,10.68534554218617,2.3146544578138304,0.15431029718758868,4,3.6448235281871884,5,0.35517647181281164,0.07103529436256233,459,253,12.060546698324496,0.9394533016755044
1987,PIT,15,8,6.987285915819183,1.0127140841808169,0.06751427227872113,5,3.7598135910392756,8,1.2401864089607244,0.15502330112009055,285,299,7.074263493755016,0.9257365062449843
1987,ARI,15,7,5.997840176812823,1.002159823187177,0.06681065487914513,4,4.150455145451672,10,-0.15045514545167205,-0.015045514545167204,362,368,7.353919296718058,-0.35391929671805844
1987,LAC,15,8,7.241110234045147,0.7588897659548532,0.05059265106365688,7,5.441439462868821,11,1.5585605371311786,0.14168732155737987,253,317,5.5421446066089946,2.4578553933910054
1987,PHI,15,7,6.300609473460093,0.699390526539907,0.04662603510266047,3,2.7818828351374134,7,0.2181171648625866,0.031159594980369514,337,380,6.439861544994494,0.5601384550055064
1987,CLE,15,10,9.302017874098844,0.6979821259011558,0.04653214172674372,3,4.654379672749752,7,-1.6543796727497524,-0.23633995324996462,390,239,11.421487269028782,-1.4214872690287823
1987,MIN,15,8,7.65674288538511,0.3432571146148904,0.022883807640992692,6,5.064314589479361,10,0.9356854105206391,0.09356854105206391,336,335,7.526490222419638,0.47350977758036183
1987,WAS,15,11,10.930865337018348,0.06913466298165183,0.004608977532110122,8,8.56710553576861,12,-0.5671055357686097,-0.04725879464738414,379,285,9.941210098685922,1.0587899013140785
1987,DEN,15,10,9.947219447303317,0.05278055269668336,0.003518703513112224,4,4.972453820674702,8,-0.9724538206747022,-0.12155672758433778,379,288,9.857673108725438,0.14232689127456233
1987,TAM,15,4,4.039124368896096,-0.03912436889609605,-0.0026082912597397367,2,1.6787493009211312,6,0.32125069907886883,0.053541783179811474,286,360,5.504103116950258,-1.5041031169502581
1987,SEA,15,9,9.242734972352896,-0.24273497235289554,-0.016182331490193037,3,2.883285986159833,5,0.11671401384016722,0.023342802768033445,371,314,8.963504003479526,0.03649599652047364
1987,GNB,15,5,5.262848704762781,-0.26284870476278144,-0.01752324698418543,4,3.5657297480247148,8,0.43427025197528524,0.054283781496910655,255,300,6.073208949210378,-1.073208949210378
1987,CHI,15,11,11.275866682327022,-0.27586668232702216,-0.018391112155134812,5,5.293280911248834,7,-0.29328091124883393,-0.0418972730355477,356,282,9.519917662727668,1.4800823372723322
1987,DAL,15,7,7.358190885023802,-0.35819088502380225,-0.02387939233492015,4,3.3834626728135757,8,0.6165373271864243,0.07706716589830304,340,348,7.293356951342461,-0.293356951342461
1987,MIA,15,8,8.55751897697305,-0.55751897697305,-0.03716793179820333,4,3.9679798308623333,8,0.0320201691376667,0.004002521142208337,362,335,8.186971899014127,-0.18697189901412692
1987,NWE,15,8,8.690363553864206,-0.6903635538642057,-0.04602423692428038,4,4.878065654907329,8,-0.8780656549073287,-0.10975820686341609,320,293,8.280581868392522,-0.2805818683925221
1987,DET,15,4,4.90681587545473,-0.90681587545473,-0.060454391696981996,1,2.4394733927742953,6,-1.4394733927742953,-0.23991223212904922,269,384,4.5117928979401825,-0.5117928979401825
1987,LAR,15,6,7.944153897462814,-1.9441538974628143,-0.12961025983085428,2,3.1164317283581866,6,-1.1164317283581866,-0.18607195472636442,317,361,6.353885340962774,-0.3538853409627736
1987,KAN,15,4,6.152368018418106,-2.152368018418106,-0.14349120122787376,3,3.3520282358039717,8,-0.3520282358039717,-0.04400352947549646,273,388,4.54474057166711,-0.5447405716671101
1987,NYJ,15,6,8.203340051907288,-2.203340051907288,-0.14688933679381921,5,5.318784080801882,9,-0.3187840808018816,-0.03542045342243129,334,360,6.835512895428328,-0.8355128954283284
1987,ATL,15,3,5.37323482997788,-2.3732348299778803,-0.1582156553318587,2,2.9089890890730334,7,-0.9089890890730334,-0.1298555841532905,205,436,2.1488905394297553,0.8511094605702447
1987,LVR,15,5,7.87310288200956,-2.87310288200956,-0.19154019213397067,0,4.32211078678565,9,-4.32211078678565,-0.48023453186507226,301,289,7.861295422172422,-2.8612954221724216
1987,NYG,15,6,9.212507519973517,-3.212507519973517,-0.2141671679982345,3,5.956950134847622,10,-2.956950134847622,-0.2956950134847622,280,312,6.543488897275454,-0.5434888972754539
1987,CIN,15,4,7.690444781922514,-3.6904447819225137,-0.24602965212816758,4,5.813073463074545,11,-1.813073463074545,-0.1648248602795041,285,370,5.251489456766912,-1.2514894567669117
1988,BUF,16,12,8.052589176076236,3.9474108239237644,0.24671317649523528,6,4.595497993238557,9,1.4045020067614429,0.1560557785290492,329,237,10.961754121676316,1.0382458783236839
1988,CIN,16,12,8.679732809280859,3.3202671907191412,0.20751669941994633,7,5.352185967102455,11,1.6478140328975446,0.1498012757179586,448,329,10.80286228752901,1.1971377124709903
1988,LAR,16,10,8.10248399204836,1.8975160079516407,0.11859475049697754,5,3.9486996991418084,8,1.0513003008581916,0.13141253760727395,407,293,10.967012523289773,-0.9670125232897728
1988,TEN,16,10,8.149497895771843,1.8505021042281573,0.11565638151425983,7,5.699393345388912,11,1.3006066546110882,0.11823696860100802,424,365,9.405705085775848,0.594294914224152
1988,MIN,16,11,9.168794410946713,1.8312055890532868,0.11445034931583042,6,4.619787375128834,9,1.3802126248711657,0.1533569583190184,406,233,12.616502798478493,-1.6165027984784928
1988,PHI,16,10,8.244497585593525,1.7555024144064753,0.1097189009004047,7,5.98074663536155,12,1.01925336463845,0.0849377803865375,379,319,9.611488844915735,0.3885111550842648
1988,IND,16,9,7.387110046033147,1.612889953966853,0.10080562212292832,7,5.744537539006181,12,1.2554624609938188,0.1046218717494849,354,315,9.099542917283852,-0.099542917283852
1988,TAM,16,5,4.239118566175723,0.7608814338242773,0.04755508961401733,5,3.4222602263442874,12,1.5777397736557126,0.1314783144713094,261,350,5.3253682042655575,-0.32536820426555746
1988,NYG,16,10,9.362140661139076,0.6378593388609239,0.039866208678807746,6,5.768278526101623,11,0.23172147389837683,0.021065588536216075,359,304,9.556379646355868,0.4436203536441319
1988,ATL,16,5,4.646049689762191,0.353950310237809,0.02212189438986306,4,2.7977349676029446,8,1.2022650323970554,0.15028312904963192,244,315,5.650082287182881,-0.6500822871828813
1988,NYJ,16,8,7.736771979482109,0.2632280205178912,0.0164517512823682,5,5.3295631846027405,10,-0.3295631846027405,-0.032956318460274046,372,354,8.469638386081858,-0.4696383860818578
1988,CHI,16,12,11.941351358618054,0.058648641381946476,0.0036655400863716547,4,3.1993393626045314,5,0.8006606373954686,0.16013212747909372,312,215,11.317458212160627,0.6825417878393729
1988,LAC,16,6,5.947647189336508,0.052352810663491844,0.0032720506664682403,3,2.6872860556370783,7,0.31271394436292166,0.04467342062327452,231,332,4.758633373680055,1.2413666263199454
1988,NWE,16,9,8.994986191393991,0.005013808606008752,0.000313363037875547,6,6.739380759397086,12,-0.7393807593970863,-0.06161506328309052,250,284,6.800290525427681,2.1997094745723187
1988,CLE,16,10,10.008739603119013,-0.008739603119012784,-0.000546225194938299,7,7.194970257023368,12,-0.19497025702336757,-0.016247521418613964,304,288,8.511857071623895,1.4881429283761047
1988,ARI,16,7,7.128605803062686,-0.12860580306268599,-0.008037862691417874,4,3.718120953897266,8,0.28187904610273407,0.03523488076284176,344,398,6.631311485691848,0.3686885143081522
1988,NOR,16,10,10.165305559551108,-0.1653055595511077,-0.010331597471944232,6,6.925495937257126,11,-0.9254959372571259,-0.08413599429610236,312,283,8.920735608435853,1.0792643915641467
1988,LVR,16,7,7.206554175940715,-0.206554175940715,-0.012909635996294688,5,5.27952093791361,11,-0.27952093791360966,-0.025410994355782698,325,369,6.8053123052313245,0.19468769476867553
1988,SEA,16,9,9.364291341587801,-0.3642913415878013,-0.02276820884923758,5,5.320521156809731,10,-0.3205211568097308,-0.03205211568097308,339,329,8.283734481479938,0.7162655185200624
1988,SFO,16,10,11.165925181669502,-1.1659251816695022,-0.07287032385434389,6,6.614631371794077,10,-0.6146313717940766,-0.061463137179407656,369,294,10.10342945471483,-0.10342945471482956
1988,DET,16,4,5.352152267926705,-1.352152267926705,-0.08450951674541907,1,2.590964309180074,8,-1.590964309180074,-0.19887053864750925,220,313,4.839382095913825,-0.839382095913825
1988,PIT,16,5,6.353488004100121,-1.3534880041001207,-0.08459300025625754,4,4.356318207893083,10,-0.3563182078930831,-0.03563182078930831,336,421,5.911537975537636,-0.9115379755376356
1988,DEN,16,8,9.494564158173706,-1.4945641581737057,-0.0934102598858566,4,4.602313034968626,8,-0.6023130349686259,-0.07528912937107823,327,352,7.3033677281212,0.6966322718787996
1988,GNB,16,4,5.873005826740276,-1.8730058267402763,-0.11706286417126727,0,3.1720250692059215,7,-3.1720250692059215,-0.4531464384579888,240,315,5.5077420265801305,-1.5077420265801305
1988,KAN,16,4,6.677839736508755,-2.677839736508755,-0.16736498353179718,4,5.145054619671597,12,-1.1450546196715967,-0.0954212183059664,254,320,5.863342232719316,-1.863342232719316
1988,MIA,16,6,8.692064712223964,-2.6920647122239636,-0.16825404451399772,6,7.291874977662977,13,-1.2918749776629772,-0.09937499828176748,319,380,6.36455965788133,-0.3645596578813297
1988,WAS,16,7,9.767428894258387,-2.767428894258387,-0.1729643058911492,5,6.774212638583226,11,-1.7742126385832258,-0.16129205805302052,345,387,6.917613084364323,0.08238691563567713
1988,DAL,16,3,6.09726318347893,-3.0972631834789297,-0.1935789489674331,3,4.129284891480728,10,-1.1292848914807276,-0.11292848914807277,265,381,4.755842388830008,-1.7558423888300076
1989,GNB,16,10,6.723541473762234,3.276458526237766,0.20477865788986038,7,4.394278856300583,11,2.6057211436994168,0.23688374033631063,362,356,8.158423085993126,1.8415769140068736
1989,DET,16,7,4.728916117312898,2.271083882687102,0.14194274266794388,4,2.335265766410931,8,1.6647342335890691,0.20809177919863364,312,364,6.554691496967498,0.4453085030325017
1989,NYG,16,12,9.871540752374298,2.1284592476257025,0.1330287029766064,5,3.78653135849207,7,1.21346864150793,0.17335266307256145,348,252,10.918919003984293,1.0810809960157073
1989,SFO,16,14,11.94038522018839,2.0596147798116107,0.12872592373822567,5,4.714211893951141,7,0.28578810604885874,0.040826872292694105,442,253,12.63294958094671,1.3670504190532906
1989,PIT,16,9,6.981773689292773,2.0182263107072274,0.1261391444192017,3,2.1779476154690163,4,0.8220523845309837,0.20551309613274593,265,326,6.074576931748386,2.9254230682516136
1989,LAR,16,11,9.272422523056793,1.7275774769432068,0.10797359230895043,5,4.16938900901955,8,0.8306109909804498,0.10382637387255622,426,344,9.984522912318688,1.0154770876813117
1989,PHI,16,11,9.48484987945992,1.5151501205400795,0.09469688253375497,6,5.529364107617353,10,0.4706358923826466,0.04706358923826466,342,274,10.054508107940226,0.9454918920597741
1989,KAN,16,8,6.587278968111725,1.4127210318882746,0.08829506449301716,5,4.41599753764533,11,0.58400246235467,0.053091132941333635,318,286,9.000184106193132,-1.0001841061931316
1989,WAS,16,10,8.692794567309097,1.3072054326909033,0.08170033954318145,8,6.861134689068535,13,1.1388653109314646,0.08760502391780497,386,308,10.090369254717626,-0.09036925471762558
1989,LVR,16,8,7.2414492511214,0.7585507488785996,0.04740942180491248,7,5.754782938499743,12,1.2452170615002567,0.10376808845835472,315,297,8.556905727133877,-0.5569057271338771
1989,DEN,16,11,10.322316223508878,0.6776837764911221,0.04235523603069513,5,5.974308034044834,10,-0.9743080340448342,-0.09743080340448343,362,226,12.053508531887859,-1.053508531887859
1989,MIA,16,8,7.760388904432789,0.23961109556721105,0.01497569347295069,7,5.73794009914219,11,1.2620599008578104,0.11473271825980094,331,379,6.727145876281048,1.2728541237189521
1989,MIN,16,10,9.788539820132087,0.2114601798679132,0.013216261241744576,3,3.4982122385909618,6,-0.49821223859096175,-0.08303537309849363,351,275,10.250876656277187,-0.25087665627718714
1989,IND,16,8,7.8698287055659435,0.1301712944340565,0.008135705902128532,5,4.821669062811964,9,0.1783309371880364,0.019814548576448487,298,301,7.90504540172435,0.09495459827564989
1989,TAM,16,5,4.899681812703809,0.10031818729619069,0.006269886706011918,4,2.8673549754561094,9,1.1326450245438906,0.1258494471715434,320,419,5.528165064874773,-0.5281650648747727
1989,BUF,16,9,8.963202109129675,0.036797890870325034,0.0022998681793953146,3,4.8749848909218345,9,-1.8749848909218345,-0.2083316545468705,409,317,10.344797124657658,-1.3447971246576582
1989,TEN,16,9,9.072631126717308,-0.07263112671730809,-0.004539445419831756,6,5.67776876840336,10,0.32223123159664,0.032223123159664004,365,412,6.859546733767853,2.1404532662321474
1989,LAC,16,6,6.1435214307088675,-0.14352143070886747,-0.008970089419304217,4,4.8162778485586415,13,-0.8162778485586415,-0.06279060373528011,266,290,7.183922359381725,-1.1839223593817252
1989,NOR,16,9,9.569116495067107,-0.5691164950671066,-0.03556978094169416,4,5.371847445992741,9,-1.3718474459927412,-0.15242749399919348,386,301,10.291945084064709,-1.291945084064709
1989,CLE,16,9,9.862472825293505,-0.862472825293505,-0.05390455158084406,5,5.808550606415728,10,-0.8085506064157277,-0.08085506064157277,334,254,10.50827973326237,-1.5082797332623699
1989,CIN,16,8,9.106998837240013,-1.1069988372400132,-0.06918742732750083,3,4.38490794173703,8,-1.3849079417370298,-0.17311349271712873,404,285,11.131367420418108,-3.1313674204181083
1989,SEA,16,7,8.108067883488173,-1.1080678834881734,-0.06925424271801084,6,5.437893404194847,10,0.5621065958051528,0.05621065958051528,241,327,5.226889602259344,1.7731103977406564
1989,ATL,16,3,4.612062003657524,-1.612062003657524,-0.10075387522859525,3,2.767557768224579,8,0.2324422317754209,0.02905527897192761,279,437,4.106351033917968,-1.106351033917968
1989,ARI,16,5,6.980658763414658,-1.9806587634146577,-0.12379117271341611,2,3.345343886406291,7,-1.3453438864062912,-0.19219198377232732,258,377,4.628402977182504,0.37159702281749585
1989,NYJ,16,4,6.662023984267272,-2.6620239842672717,-0.16637649901670448,3,3.9420279455439315,8,-0.9420279455439315,-0.11775349319299144,253,411,3.848021634023161,0.15197836597683878
1989,NWE,16,5,7.8141355451423635,-2.8141355451423635,-0.17588347157139772,5,5.497017880462983,11,-0.497017880462983,-0.045183443678453,297,391,5.4817345130051685,-0.48173451300516845
1989,DAL,16,1,4.447019721111439,-3.447019721111439,-0.21543873256946494,0,1.2746219211262244,4,-1.2746219211262244,-0.3186554802815561,204,393,2.7921846812019107,-1.7921846812019107
1989,CHI,16,6,10.492381366429056,-4.492381366429056,-0.280773835401816,1,4.762811509491496,7,-3.7628115094914962,-0.537544501355928,358,377,7.510381038507265,-1.5103810385072647
1990,MIA,16,12,8.90642942004308,3.0935705799569195,0.19334816124730747,8,5.86274793438135,10,2.13725206561865,0.21372520656186503,336,242,10.963192366649578,1.0368076333504224
1990,LVR,16,12,8.993118571520732,3.006881428479268,0.18793008927995425,8,5.4093016408075085,10,2.5906983591924915,0.25906983591924915,337,268,10.120001856483789,1.879998143516211
1990,BUF,16,13,10.025524637137092,2.9744753628629077,0.18590471017893173,4,3.3763013511121063,6,0.6236986488878937,0.10394977481464895,428,263,12.164193361659562,0.8358066383404381
1990,KAN,16,11,8.618435193925498,2.3815648060745023,0.1488478003796564,5,4.313716672295978,9,0.6862833277040217,0.07625370307822463,369,257,11.233465272151792,-0.23346527215179158
1990,DAL,16,7,4.65398914896311,2.3460108510368904,0.14662567818980565,6,3.1412934696597996,9,2.8587065303402004,0.31763405892668894,244,308,5.846230980716871,1.1537690192831294
1990,NYG,16,13,11.260403590687153,1.7395964093128473,0.10872477558205296,5,4.612137205515432,7,0.38786279448456806,0.05540897064065258,335,211,11.99091301729112,1.0090869827088795
1990,SFO,16,14,12.648165464861215,1.351834535138785,0.08448965844617407,8,6.7923112870531215,9,1.2076887129468785,0.1341876347718754,353,239,11.454713936435075,2.545286063564925
1990,SEA,16,9,7.728558057215597,1.2714419427844028,0.07946512142402518,7,5.509123288564402,12,1.4908767114355976,0.12423972595296646,306,286,8.639417547904687,0.36058245209531314
1990,CHI,16,11,9.789437449829805,1.210562550170195,0.0756601593856372,5,4.12376012298989,7,0.8762398770101099,0.12517712528715855,348,280,10.01665157666728,0.9833484233327194
1990,WAS,16,10,9.00202039361395,0.9979796063860498,0.06237372539912811,5,4.104645655521222,7,0.8953543444787782,0.1279077634969683,381,301,10.177994477133334,-0.17799447713333372
1990,TEN,16,9,8.318435275355156,0.6815647246448435,0.04259779529030272,5,4.975418321033696,10,0.024581678966304032,0.0024581678966304034,405,307,10.535878907501132,-1.5358789075011323
1990,ATL,16,5,4.454257477309978,0.5457425226900217,0.034108907668126354,3,3.300337375102016,11,-0.30033737510201597,-0.027303397736546907,348,365,7.548333418316797,-2.5483334183167967
1990,PIT,16,9,8.491197446434358,0.5088025535656424,0.03180015959785265,1,1.510147699878386,3,-0.510147699878386,-0.17004923329279534,292,240,9.826406665385292,-0.8264066653852922
1990,CIN,16,9,8.52864757091075,0.4713524290892508,0.029459526818078174,8,4.989810210469037,10,3.010189789530963,0.30101897895309626,360,352,8.212992326268191,0.787007673731809
1990,PHI,16,10,9.851422469548389,0.14857753045161104,0.00928609565322569,4,5.836145576569653,10,-1.8361455765696526,-0.18361455765696527,396,299,10.569353374543331,-0.569353374543331
1990,TAM,16,6,5.952811956887478,0.04718804311252178,0.0029492526945326114,4,3.6155965662790033,7,0.3844034337209967,0.054914776245856674,264,367,5.026676346425349,0.973323653574651
1990,DET,16,6,6.2380786150081775,-0.2380786150081775,-0.014879913438011094,3,3.8174030868066198,9,-0.8174030868066198,-0.09082256520073553,373,413,7.038943911316428,-1.0389439113164283
1990,NYJ,16,6,6.264451227786419,-0.2644512277864193,-0.016528201736651205,3,2.0768906343859146,7,0.9231093656140854,0.13187276651629792,295,345,6.532525080843814,-0.532525080843814
1990,IND,16,7,7.382267199443497,-0.38226719944349696,-0.02389169996521856,5,4.989675687089126,10,0.010324312910873878,0.0010324312910873878,281,353,5.888661377435866,1.1113386225641344
1990,ARI,16,5,5.408831709600904,-0.4088317096009044,-0.025551981850056527,3,2.662509233034096,8,0.33749076696590397,0.042186345870737996,268,396,4.54202665686318,0.45797334313682025
1990,GNB,16,6,7.007532422570505,-1.0075324225705051,-0.06297077641065657,3,4.356864988171701,9,-1.3568649881717008,-0.15076277646352232,271,347,5.721298594503167,0.2787014054968333
1990,NOR,16,8,9.150633627622119,-1.1506336276221187,-0.07191460172638242,5,5.992840306589444,11,-0.9928403065894438,-0.09025820968994944,274,275,7.9654646572132215,0.0345353427867785
1990,LAC,16,6,7.2261154523341045,-1.2261154523341045,-0.07663221577088153,1,3.3201842422068975,7,-2.3201842422068975,-0.3314548917438425,315,281,9.076222531684394,-3.076222531684394
1990,MIN,16,6,8.259834646019579,-2.259834646019579,-0.14123966537622368,5,6.284112420163821,12,-1.2841124201638214,-0.10700936834698511,351,326,8.698681665159551,-2.698681665159551
1990,LAR,16,5,8.490751053861551,-3.490751053861551,-0.21817194086634695,1,4.236783945210227,7,-3.2367839452102274,-0.4623977064586039,345,412,6.341874978411289,-1.3418749784112887
1990,DEN,16,5,8.604971043165614,-3.604971043165614,-0.22531069019785088,3,5.881429440190133,11,-2.881429440190133,-0.26194813092637576,331,374,6.850154879615736,-1.8501548796157357
1990,CLE,16,3,7.247952364049993,-4.247952364049993,-0.2654970227531246,2,3.6000263830199177,8,-1.6000263830199177,-0.20000329787748972,228,462,2.526819566649126,0.473180433350874
1990,NWE,16,1,5.495726514294196,-4.495726514294196,-0.28098290714338725,1,2.308485255899502,6,-1.3084852558995022,-0.21808087598325035,181,446,1.6883563700991058,-0.6883563700991058
1991,DAL,16,11,6.4425627052669086,4.5574372947330914,0.2848398309208182,5,2.731406707487008,7,2.268593292512992,0.3240847560732846,342,310,8.92711612997616,2.0728838700238406
1991,ATL,16,10,5.981326993577557,4.018673006422443,0.25116706290140267,8,4.091068167193063,11,3.908931832806937,0.3553574393460852,361,338,8.622825022869128,1.3771749771308723
1991,DET,16,12,8.206436742039044,3.7935632579609564,0.23709770362255977,6,2.8882404602509615,6,3.1117595397490385,0.5186265899581731,339,295,9.306159275773068,2.6938407242269324
1991,DEN,16,12,9.068242997121821,2.9317570028781788,0.18323481267988617,9,6.561479818688692,12,2.4385201813113078,0.20321001510927564,304,235,10.367556438572866,1.6324435614271344
1991,WAS,16,14,11.112054733051442,2.8879452669485577,0.18049657918428486,6,5.122009993221432,8,0.8779900067785684,0.10974875084732105,485,224,13.789772473000298,0.21022752699970226
1991,CHI,16,11,9.496096629980773,1.503903370019227,0.09399396062620169,5,4.576751957091669,8,0.4232480429083312,0.0529060053635414,299,269,8.997128923847873,2.002871076152127
1991,NWE,16,6,4.703180434543034,1.2968195654569659,0.08105122284106037,5,2.9248725702534824,9,2.0751274297465176,0.23056971441627974,211,305,4.713305344728301,1.286694655271699
1991,NYJ,16,8,7.0171476566894,0.9828523433105998,0.06142827145691249,6,5.542822367657297,12,0.45717763234270326,0.038098136028558605,314,293,8.654741401444094,-0.6547414014440935
1991,BUF,16,13,12.065551824044517,0.9344481759554828,0.058403010997217675,5,5.257631961360271,7,-0.25763196136027133,-0.03680456590861019,458,318,11.257993959979482,1.7420060400205184
1991,TEN,16,11,10.128763532144477,0.8712364678555229,0.05445227924097018,7,6.707473848802651,11,0.29252615119734937,0.026593286472486308,386,251,11.759596185356177,-0.7595961853561768
1991,KAN,16,10,9.157820172611624,0.8421798273883763,0.05263623921177352,7,6.632678422024599,11,0.3673215779754013,0.03339287072503649,322,252,10.260539576185645,-0.2605395761856446
1991,NOR,16,11,10.197556022819722,0.8024439771802783,0.05015274857376739,5,4.962243380212248,8,0.03775661978775169,0.004719577473468961,341,211,12.115989270899972,-1.1159892708999717
1991,PHI,16,10,9.50493445795343,0.4950655420465697,0.030941596377910607,6,4.90409887735929,9,1.0959011226407096,0.12176679140452329,285,244,9.456037908963932,0.5439620910360681
1991,CLE,16,6,6.1811235493854815,-0.18112354938548147,-0.011320221836592592,6,5.039550553828338,13,0.960449446171662,0.07388072662858938,293,298,7.839611575675054,-1.839611575675054
1991,LVR,16,9,9.356214801465141,-0.35621480146514095,-0.02226342509157131,6,6.026714474973067,11,-0.026714474973067226,-0.002428588633915202,298,297,8.031865407697802,0.9681345923021976
1991,MIN,16,8,8.752328236684074,-0.7523282366840736,-0.0470205147927546,5,4.664631271943215,9,0.3353687280567854,0.03726319200630949,301,306,7.843838382365429,0.15616161763457104
1991,PIT,16,7,8.00021780650504,-1.0002178065050398,-0.06251361290656499,4,4.39907099459577,8,-0.3990709945957702,-0.04988387432447128,292,344,6.465585663813703,0.5344143361862974
1991,SFO,16,10,11.027666314538315,-1.0276663145383154,-0.06422914465864471,3,5.891261261749976,9,-2.8912612617499764,-0.32125125130555293,393,239,12.235452931491938,-2.2354529314919382
1991,LAC,16,4,5.272528788623881,-1.2725287886238812,-0.07953304928899257,2,3.712449206422773,10,-1.712449206422773,-0.1712449206422773,274,342,5.945491892059774,-1.9454918920597741
1991,SEA,16,7,8.464764977877294,-1.4647649778772944,-0.0915478111173309,3,5.079059370955075,10,-2.0790593709550746,-0.20790593709550748,276,261,8.52897381121427,-1.5289738112142697
1991,ARI,16,4,5.490154593779313,-1.4901545937793133,-0.09313466211120708,1,1.908179259463973,6,-0.908179259463973,-0.15136320991066218,196,344,3.3381177414665784,0.6618822585334216
1991,GNB,16,4,5.651660572282017,-1.651660572282017,-0.10322878576762606,2,3.147092044087075,8,-1.147092044087075,-0.1433865055108844,273,313,6.715011526099909,-2.715011526099909
1991,TAM,16,3,4.777446717668976,-1.777446717668976,-0.111090419854311,1,2.136939719663637,7,-1.136939719663637,-0.16241995995194816,199,365,3.070616159235745,-0.07061615923574482
1991,MIA,16,8,9.778949716694072,-1.778949716694072,-0.1111843572933795,3,3.861407506013451,7,-0.861407506013451,-0.1230582151447787,343,349,7.835625953733444,0.16437404626655638
1991,NYG,16,8,9.934929874871074,-1.9349298748710737,-0.1209331171794421,6,8.156712902925822,13,-2.156712902925822,-0.16590099253275553,281,297,7.475773862794322,0.5242261372056776
1991,LAR,16,3,6.042785984426276,-3.042785984426276,-0.19017412402664224,3,3.7807973471395853,9,-0.7807973471395853,-0.08675526079328726,234,390,3.6733579371289657,-0.6733579371289657
1991,CIN,16,3,6.153930008281414,-3.1539300082814137,-0.19712062551758835,2,4.267056857596641,10,-2.267056857596641,-0.2267056857596641,263,435,3.724807916579717,-0.7248079165797172
1991,IND,16,1,6.033623155073884,-5.033623155073884,-0.31460144719211774,1,3.0262986970389325,7,-2.0262986970389325,-0.2894712424341332,143,381,1.4284347947395828,-0.4284347947395828
1992,LAC,16,11,7.280193344052596,3.719806655947404,0.23248791599671276,6,2.9718315370088724,7,3.0281684629911276,0.4325954947130182,335,241,10.972676965678652,0.027323034321348416
1992,IND,16,9,5.8396764585747505,3.1603235414252495,0.1975202213390781,6,3.6900758088547003,8,2.3099241911452997,0.28874052389316246,216,302,4.979930398257738,4.020069601742262
1992,DAL,16,13,10.066988214820327,2.933011785179673,0.18331323657372955,5,4.1753631490876435,7,0.8246368509123565,0.11780526441605092,409,243,12.392144742597292,0.6078552574027078
1992,GNB,16,9,6.1107847630276275,2.8892152369723725,0.18057595231077328,5,2.6457927021982997,6,2.3542072978017003,0.3923678829669501,276,296,7.338307726730236,1.6616922732697637
1992,MIN,16,11,8.129093849233286,2.8709061507667144,0.17943163442291965,6,4.554276677914577,9,1.4457233220854233,0.16063592467615814,374,249,11.583144217868066,-0.5831442178680657
1992,SFO,16,14,11.948490282535637,2.051509717464363,0.12821935734152268,6,4.961447514695425,7,1.0385524853045753,0.14836464075779648,431,236,12.90392112275488,1.0960788772451195
1992,MIA,16,11,9.325702107039753,1.6742978929602472,0.10464361831001545,6,4.262639653994629,7,1.7373603460053708,0.2481943351436244,340,281,9.776695650865262,1.2233043491347377
1992,NOR,16,12,10.449372844167335,1.5506271558326645,0.09691419723954153,4,4.640138516211042,8,-0.6401385162110422,-0.08001731452638028,330,202,12.190779023887284,-0.19077902388728418
1992,PIT,16,11,9.54127976447431,1.4587202355256892,0.09117001472035557,4,2.8927265634113555,5,1.1072734365886445,0.2214546873177289,299,225,10.597990220952843,0.40200977904715707
1992,PHI,16,11,9.635027969287698,1.3649720307123019,0.08531075191951887,5,5.161132782554952,9,-0.16113278255495178,-0.017903642506105752,354,245,11.28342430484306,-0.28342430484305936
1992,LAR,16,6,5.317914952657675,0.6820850473423246,0.042630315458895285,4,2.8642495055160366,8,1.1357504944839634,0.14196881181049542,313,383,6.1223018347989955,-0.12230183479899548
1992,TEN,16,10,9.807222896779182,0.1927771032208181,0.01204856895130113,5,5.3417796311648225,10,-0.34177963116482246,-0.034177963116482246,352,258,10.818950638100619,-0.8189506381006186
1992,KAN,16,10,10.025804812021828,-0.025804812021828383,-0.001612800751364274,4,3.990247646436434,7,0.009752353563566185,0.0013931933662237408,348,282,9.953332473891741,0.04666752610825853
1992,CLE,16,7,7.255294601041539,-0.25529460104153934,-0.01595591256509621,2,3.843836679658669,8,-1.843836679658669,-0.23047958495733362,272,275,7.896019438582703,-0.8960194385827034
1992,BUF,16,11,11.397750798424845,-0.39775079842484473,-0.024859424901552796,4,4.300149290415785,7,-0.300149290415785,-0.04287847005939786,381,283,10.707753823452205,0.2922461765477955
1992,TAM,16,5,5.439856462155466,-0.4398564621554657,-0.027491028884716606,4,2.6755700725599314,9,1.3244299274400686,0.14715888082667428,267,365,5.164647177920778,-0.1646471779207781
1992,LVR,16,7,7.5513639212391,-0.5513639212391004,-0.034460245077443774,2,2.657010506267948,6,-0.6570105062679481,-0.10950175104465802,249,281,6.861629247705789,0.13837075229421103
1992,ARI,16,4,4.630743802274564,-0.630743802274564,-0.03942148764216025,2,3.1757694635503126,9,-1.1757694635503126,-0.1306410515055903,243,332,5.169416019139261,-1.1694160191392609
1992,ATL,16,6,7.119276570661333,-1.1192765706613326,-0.06995478566633329,3,3.494890939345213,7,-0.494890939345213,-0.07069870562074472,327,414,5.820103670511099,0.17989632948890133
1992,WAS,16,9,10.313732003964615,-1.3137320039646152,-0.08210825024778845,5,5.769025836471405,9,-0.7690258364714051,-0.08544731516348945,300,255,9.521910454175595,-0.521910454175595
1992,DEN,16,8,9.323612142317263,-1.3236121423172627,-0.08272575889482892,4,4.4109352787894345,7,-0.4109352787894345,-0.058705039827062065,262,329,5.892190937137093,2.1078090628629074
1992,CIN,16,5,6.557655098623172,-1.5576550986231723,-0.09735344366394827,3,3.793382061108273,8,-0.7933820611082729,-0.09917275763853411,274,364,5.4047018146205685,-0.40470181462056853
1992,NYG,16,6,7.990688765646556,-1.9906887656465564,-0.12441804785290977,0,1.5871752338500231,3,-1.5871752338500231,-0.5290584112833411,306,367,6.302923449145209,-0.30292344914520886
1992,NYJ,16,4,6.204860852830325,-2.2048608528303246,-0.1378038033018953,2,3.2454869786226377,8,-1.2454869786226377,-0.1556858723278297,220,315,4.788577033741265,-0.788577033741265
1992,NWE,16,2,4.445210066063845,-2.4452100660638454,-0.15282562912899034,1,2.0309051115274626,6,-1.0309051115274626,-0.17181751858791042,205,363,3.282950359293673,-1.282950359293673
1992,DET,16,5,7.942913851962307,-2.942913851962307,-0.18393211574764418,2,4.341748405470906,9,-2.3417484054709057,-0.2601942672745451,273,332,6.177652803658757,-1.1776528036587566
1992,SEA,16,2,5.61565502851947,-3.6156550285194697,-0.22597843928246686,2,2.557858891800122,7,-0.5578588918001222,-0.07969412740001745,140,312,2.0831394028797514,-0.08313940287975141
1992,CHI,16,5,8.733833775603589,-3.733833775603589,-0.23336461097522432,1,2.964553561513089,5,-1.964553561513089,-0.39291071230261776,295,361,6.1216676086846,-1.1216676086846
1993,NYG,16,11,8.81781732084562,2.18218267915438,0.13638641744714874,6,4.544416144880344,9,1.4555838551196558,0.16173153945773955,288,205,11.059019982523338,-0.0590199825233384
1993,TEN,16,12,10.019202293844877,1.9807977061551227,0.12379985663469517,5,3.253923930803346,6,1.7460760691966541,0.2910126781994424,368,238,11.799566523539863,0.20043347646013743
1993,ARI,16,7,5.077316261526284,1.922683738473716,0.12016773365460726,2,3.064794283313377,10,-1.0647942833133772,-0.10647942833133772,326,269,9.79106489641189,-2.791064896411889
1993,NYJ,16,8,6.612074190235768,1.3879258097642317,0.08674536311026448,5,4.541540851052895,10,0.4584591489471048,0.04584591489471048,270,247,8.840920880094806,-0.8409208800948065
1993,LVR,16,10,8.650367377118023,1.3496326228819768,0.08435203893012355,10,7.449042063259306,13,2.5509579367406943,0.19622753359543801,306,326,7.400923189111784,2.5990768108882163
1993,GNB,16,9,7.675055026686012,1.324944973313988,0.08280906083212425,5,4.980581220821371,11,0.01941877917862911,0.0017653435616935553,340,282,9.744650139977757,-0.7446501399777574
1993,DET,16,10,8.682422517260825,1.3175774827391749,0.08234859267119843,7,4.821826684276692,9,2.178173315723308,0.24201925730258977,298,292,8.19278287678225,1.8072171232177503
1993,DAL,16,12,10.80114993879707,1.1988500612029291,0.07492812882518307,6,5.675020152595803,9,0.3249798474041974,0.03610887193379971,376,229,12.225353229594768,-0.22535322959476822
1993,BUF,16,12,10.860636926981243,1.1393630730187567,0.0712101920636723,6,4.92212738869814,8,1.07787261130186,0.1347340764127325,329,242,10.7894186223434,1.2105813776566006
1993,TAM,16,5,4.253438124861362,0.7465618751386378,0.04666011719616486,3,1.5961055804525857,6,1.4038944195474143,0.2339824032579024,237,376,4.014382850751395,0.985617149248605
1993,NWE,16,5,4.260122807618619,0.7398771923813809,0.04624232452383631,5,3.6551388726308005,13,1.3448611273691995,0.10345085595147688,238,286,6.2853287501412645,-1.2853287501412645
1993,KAN,16,11,10.353326975732207,0.6466730242677929,0.04041706401673706,5,5.204606520077279,8,-0.20460652007727909,-0.025575815009659886,328,291,9.12711662744038,1.8728833725596203
1993,MIN,16,9,8.398051030509693,0.6019489694903069,0.03762181059314418,6,4.7530848083166735,9,1.2469151916833265,0.1385461324092585,277,290,7.565642381727018,1.4343576182729816
1993,SEA,16,6,5.8854352384445745,0.1145647615554255,0.007160297597214094,4,3.5548833490288683,8,0.44511665097113173,0.05563958137139147,280,314,6.9201900954002795,-0.9201900954002795
1993,PIT,16,9,8.91088992895982,0.08911007104017976,0.005569379440011235,4,3.9697884763440383,7,0.030211523655961692,0.00431593195085167,308,281,8.866333128319589,0.13366687168041125
1993,LAC,16,8,8.243398073738069,-0.243398073738069,-0.015212379608629312,5,5.208542454819698,10,-0.2085424548196979,-0.02085424548196979,322,290,8.987220023816041,-0.9872200238160413
1993,CLE,16,7,7.319197650905043,-0.3191976509050427,-0.01994985318156517,4,5.343037906632525,12,-1.3430379066325253,-0.11191982555271045,304,307,7.906910164057313,-0.9069101640573134
1993,CHI,16,7,7.32413286382574,-0.32413286382574036,-0.020258303989108772,5,5.479276099027696,12,-0.47927609902769586,-0.039939674918974655,234,230,8.163429584522287,-1.1634295845222873
1993,DEN,16,9,9.340506734556559,-0.3405067345565591,-0.021281670909784944,5,6.290519557910486,11,-1.2905195579104856,-0.11731995981004414,373,284,10.497995703327174,-1.4979957033271738
1993,MIA,16,9,9.572425097643295,-0.5724250976432952,-0.03577656860270595,5,5.938343083743252,10,-0.938343083743252,-0.0938343083743252,349,351,7.945829251974712,1.054170748025288
1993,ATL,16,6,6.592255983230357,-0.5922559832303573,-0.03701599895189733,3,4.521355779466809,10,-1.521355779466809,-0.15213557794668092,316,385,6.161141399057939,-0.16114139905793934
1993,LAR,16,5,5.821658792731714,-0.8216587927317143,-0.05135367454573214,2,2.0091056061330503,5,-0.009105606133050337,-0.0018211212266100673,221,367,3.6977376851763677,1.3022623148236323
1993,PHI,16,8,9.11886780297047,-1.1188678029704704,-0.0699292376856544,7,6.971089963927255,13,0.02891003607274456,0.0022238489286726584,293,315,7.315326766032821,0.684673233967179
1993,CIN,16,3,4.640030771688718,-1.6400307716887177,-0.10250192323054486,2,2.603987910164739,8,-0.6039879101647392,-0.0754984887705924,187,319,3.5197004138847667,-0.5197004138847667
1993,SFO,16,10,11.77596712193027,-1.77596712193027,-0.11099794512064187,1,3.9384540308967138,6,-2.9384540308967138,-0.48974233848278564,473,295,12.060626613357455,-2.0606266133574547
1993,IND,16,4,5.926010504304195,-1.9260105043041946,-0.12037565651901216,4,3.778203626225773,8,0.221796373774227,0.027724546721778376,189,378,2.593440307913658,1.4065596920863421
1993,NOR,16,8,10.698744666376744,-2.6987446663767436,-0.16867154164854647,5,6.706502729674494,10,-1.7065027296744937,-0.17065027296744936,317,343,7.25487020145551,0.7451297985444896
1993,WAS,16,4,8.369497976676826,-4.369497976676826,-0.2730936235423016,4,6.224700924825989,11,-2.2247009248259886,-0.20224553862054442,230,345,4.427001085191954,-0.4270010851919537
1994,NWE,16,10,5.5947073955179505,4.4052926044820495,0.2753307877801281,7,3.995392417558742,12,3.004607582441258,0.25038396520343814,351,312,9.109388666447513,0.8906113335524868
1994,CLE,16,11,8.253821875337614,2.7461781246623858,0.1716361327913991,4,3.26814406665164,7,0.7318559333483599,0.10455084762119427,340,204,12.326642062871032,-1.3266420628710325
1994,PIT,16,12,9.31485464856544,2.68514535143456,0.16782158446466,8,5.441496085102148,10,2.5585039148978517,0.25585039148978517,316,234,10.733479919779022,1.2665200802209782
1994,IND,16,8,5.914921183636923,2.085078816363077,0.1303174260226923,5,4.268189333405932,10,0.7318106665940682,0.07318106665940682,307,320,7.6071498410013945,0.39285015899860554
1994,SFO,16,13,11.331764453571877,1.6682355464281233,0.10426472165175771,3,3.1452355373814616,5,-0.14523553738146155,-0.02904710747629231,505,296,12.481057483647717,0.5189425163522827
1994,LAC,16,11,9.511279351645497,1.4887206483545032,0.09304504052215645,5,5.057216694612842,9,-0.05721669461284229,-0.006357410512538032,381,306,10.032635016927077,0.9673649830729225
1994,CHI,16,9,7.661111765730806,1.3388882342691941,0.08368051464182463,4,3.036847696723375,7,0.9631523032766252,0.137593186182375,271,307,6.826105632856879,2.173894367143121
1994,DET,16,9,7.8800066965397875,1.1199933034602125,0.06999958146626328,8,6.0566915356741635,12,1.9433084643258365,0.16194237202715303,357,342,8.406578828029437,0.5934211719705633
1994,LVR,16,9,8.02356279082186,0.9764372091781404,0.06102732557363377,6,4.642251429799176,9,1.3577485702008243,0.15086095224453602,303,327,7.279323607723016,1.7206763922769843
1994,ARI,16,8,7.10315611985563,0.8968438801443703,0.056052742509023146,6,5.0869535768036505,11,0.9130464231963495,0.08300422029057723,235,267,6.798902173271054,1.2010978267289456
1994,MIA,16,10,9.389879351037788,0.6101206489622122,0.03813254056013826,6,5.966174257973307,10,0.03382574202669275,0.003382574202669275,389,327,9.62307340996232,0.37692659003768014
1994,MIN,16,10,9.421663781481364,0.5783362185186363,0.036146013657414766,7,6.389772541324251,11,0.610227458675749,0.05547522351597718,356,314,9.181395810426265,0.818604189573735
1994,GNB,16,9,8.512299739052702,0.4877002609472978,0.030481266309206112,5,4.771307291364061,9,0.22869270863593893,0.02541030095954877,382,287,10.611509739935732,-1.611509739935732
1994,ATL,16,7,6.537334464020863,0.46266553597913695,0.02891659599869606,5,3.467405543981513,9,1.532594456018487,0.170288272890943,317,385,6.189535805256394,0.8104641947436058
1994,TAM,16,6,5.842688129026993,0.15731187097300658,0.009831991935812912,4,2.7254899724808124,7,1.2745100275191876,0.18207286107416967,251,351,4.978429306091115,1.0215706939088847
1994,NYG,16,9,8.850991721528787,0.14900827847121256,0.009313017404450785,8,7.312932542854053,13,0.6870674571459467,0.052851342857380516,279,305,7.158456866814644,1.8415431331853558
1994,DAL,16,12,11.980335292003984,0.019664707996016162,0.0012290442497510101,3,5.154424930384249,7,-2.1544249303842493,-0.3077749900548928,414,248,12.337440125648879,-0.3374401256488788
1994,NOR,16,7,7.139173521583073,-0.13917352158307317,-0.008698345098942073,6,4.752621080225208,10,1.2473789197747918,0.12473789197747917,348,407,6.532143574026529,0.467856425973471
1994,SEA,16,6,6.449787947204339,-0.4497879472043387,-0.028111746700271167,3,3.6894124439663503,8,-0.6894124439663503,-0.08617655549579378,287,323,6.887012686652366,-0.8870126866523664
1994,KAN,16,9,9.904857542292289,-0.9048575422922891,-0.05655359639326807,4,5.6751939964159135,10,-1.6751939964159135,-0.16751939964159135,319,298,8.644167780083302,0.35583221991669767
1994,CIN,16,3,3.9165258534719802,-0.9165258534719802,-0.057282865841998765,3,2.5433799085165067,10,0.45662009148349325,0.04566200914834932,276,406,4.576601902807638,-1.5766019028076377
1994,DEN,16,7,8.136375346874917,-1.1363753468749174,-0.07102345917968234,6,6.294850078419062,12,-0.29485007841906175,-0.024570839868255145,347,396,6.757919476711386,0.24208052328861385
1994,NYJ,16,6,7.594212561120432,-1.5942125611204316,-0.09963828507002698,3,4.060865314642279,8,-1.060865314642279,-0.13260816433028488,264,320,6.207261270773124,-0.20726127077312384
1994,LAR,16,4,5.664309402664396,-1.6643094026643963,-0.10401933766652477,3,3.981861640146449,10,-0.981861640146449,-0.0981861640146449,286,365,5.750079987374421,-1.7500799873744208
1994,PHI,16,7,9.077457297936576,-2.0774572979365757,-0.12984108112103598,3,4.995112873151848,8,-1.9951128731518484,-0.24938910914398105,308,308,8.0,-1.0
1994,BUF,16,7,10.143786300399817,-3.1437863003998174,-0.1964866437749886,3,5.074808114112169,8,-2.0748081141121686,-0.2593510142640211,340,356,7.564492109365435,-0.5644921093654354
1994,WAS,16,3,6.160614211983866,-3.160614211983866,-0.19753838824899161,2,4.303089881368789,10,-2.3030898813687886,-0.23030898813687886,320,412,5.673509584790323,-2.673509584790323
1994,TEN,16,2,8.688521255092448,-6.688521255092448,-0.418032578443278,1,5.842879214960047,10,-4.842879214960047,-0.4842879214960047,226,352,4.147177821378676,-2.1471778213786763
1995,KAN,16,13,10.564608101353336,2.435391898646664,0.1522119936654165,7,6.050788910291654,9,0.9492110897083457,0.10546789885648285,358,241,11.498786384914874,1.5012136150851259
1995,SEA,16,8,5.774536696032806,2.225463303967194,0.13909145649794963,5,3.616068795242008,9,1.383931204757992,0.15377013386199911,363,366,7.921977342106565,0.07802265789343465
1995,CIN,16,7,5.034108560046347,1.9658914399536531,0.12286821499710332,6,4.058536424883474,12,1.9414635751165257,0.16178863125971046,349,374,7.345602317864261,-0.34560231786426066
1995,IND,16,9,7.063507524378932,1.9364924756210682,0.12103077972631676,7,6.0116750538499115,13,0.9883249461500885,0.07602499585769912,331,316,8.439203951078918,0.5607960489210821
1995,PHI,16,10,8.24769018765986,1.7523098123401404,0.10951936327125877,7,4.765038133738391,9,2.2349618662616093,0.24832909625128993,318,338,7.422776842461734,2.577223157538266
1995,DET,16,10,8.249704862978682,1.7502951370213182,0.10939344606383239,6,4.528353087096062,9,1.471646912903938,0.1635163236559931,436,336,10.394245468461413,-0.3942454684614134
1995,ATL,16,9,7.557540946326908,1.4424590536730921,0.09015369085456826,5,4.58272322544204,10,0.4172767745579602,0.04172767745579602,362,349,8.346488408360317,0.653511591639683
1995,GNB,16,11,9.591249285463146,1.408750714536854,0.08804691965855338,3,3.585963370658669,6,-0.5859633706586691,-0.09766056177644485,404,314,10.320583806246278,0.6794161937537222
1995,LAR,16,7,6.160523462703601,0.8394765372963988,0.052467283581024926,6,2.9761484827061553,7,3.0238515172938447,0.431978788184835,309,418,5.252136061098454,1.7478639389015456
1995,PIT,16,11,10.251386802234418,0.7486131977655823,0.046788324860348895,4,3.89115357121856,7,0.10884642878143991,0.015549489825919987,407,327,10.029431024940383,0.9705689750596171
1995,WAS,16,6,5.277277110958695,0.7227228890413047,0.04517018056508154,4,3.1539474546970943,10,0.8460525453029057,0.08460525453029058,326,359,7.0898485222499374,-1.0898485222499374
1995,BUF,16,10,9.323323036505808,0.6766769634941916,0.042292310218386975,7,4.265973975286523,7,2.7340260247134767,0.3905751463876395,350,335,8.414876337009751,1.5851236629902488
1995,CHI,16,9,8.356193664616798,0.6438063353832018,0.04023789596145011,7,6.963764368503056,13,0.03623563149694409,0.002787356268995699,392,360,8.804566844949656,0.19543315505034364
1995,LAC,16,9,8.442045844465973,0.557954155534027,0.03487213472087669,6,5.308688005156293,10,0.6913119948437068,0.06913119948437067,321,323,7.9411188863853335,1.0588811136146665
1995,TAM,16,7,6.589976225602472,0.41002377439752813,0.025626485899845508,5,4.19684763777112,9,0.8031523622288796,0.08923915135876441,238,335,4.925539247139136,2.0744607528608636
1995,DAL,16,12,11.666765169611406,0.33323483038859436,0.020827176899287148,2,3.864780386302659,5,-1.8647803863026589,-0.37295607726053176,435,291,11.546827468150283,0.4531725318497166
1995,TEN,16,7,6.730846077095329,0.2691539229046711,0.016822120181541944,4,4.837903457771687,11,-0.8379034577716871,-0.07617304161560791,348,324,8.675816433715514,-1.6758164337155144
1995,DEN,16,8,8.116671517891337,-0.11667151789133712,-0.00729196986820857,4,4.086292457137038,8,-0.08629245713703781,-0.010786557142129727,388,345,9.106393598654165,-1.106393598654165
1995,NOR,16,7,7.423713908655554,-0.4237139086555537,-0.026482119290972106,3,4.109573512646539,9,-1.1095735126465387,-0.12328594584961541,319,348,7.178042923983721,-0.17804292398372112
1995,MIA,16,9,9.484290013634856,-0.48429001363485646,-0.03026812585217853,6,5.758341585294878,10,0.24165841470512195,0.024165841470512196,398,332,9.692914138829854,-0.6929141388298543
1995,SFO,16,11,11.600041815509806,-0.6000418155098064,-0.0375026134693629,2,5.271179868397059,7,-3.271179868397059,-0.46731140977100843,457,258,12.719095812552771,-1.719095812552771
1995,CAR,16,7,7.760733619381066,-0.7607336193810657,-0.0475458512113166,5,4.710040772353288,10,0.2899592276467118,0.028995922764671177,289,325,6.894186908711246,0.10581309128875382
1995,MIN,16,8,8.806703374090876,-0.8067033740908762,-0.050418960880679764,3,4.711447519839045,9,-1.7114475198390453,-0.1901608355376717,412,385,8.641176351316785,-0.6411763513167852
1995,NWE,16,6,7.195475466207503,-1.195475466207503,-0.07471721663796893,2,3.0297293874260665,6,-1.0297293874260665,-0.17162156457101108,294,377,5.708591700303193,0.2914082996968066
1995,LVR,16,8,9.205023751006905,-1.2050237510069053,-0.07531398443793158,3,5.290421381863054,10,-2.2904213818630543,-0.22904213818630542,348,332,8.445737890757892,-0.4457378907578917
1995,ARI,16,4,6.441435287114423,-2.441435287114423,-0.15258970544465145,4,3.849990169325348,9,0.150009830674652,0.016667758963850223,275,422,4.256304984459194,-0.25630498445919425
1995,NYJ,16,3,5.701872251108679,-2.7018722511086786,-0.1688670156942924,3,3.0455718673387557,8,-0.045571867338755734,-0.005696483417344467,233,384,3.749162803175394,-0.7491628031753939
1995,NYG,16,5,8.021716150674884,-3.0217161506748837,-0.18885725941718023,3,5.309945875073584,10,-2.309945875073584,-0.2309945875073584,290,340,6.509675002159289,-1.5096750021592893
1995,JAX,16,4,7.080533301459576,-3.0805333014595764,-0.19253333134122352,3,4.966010843535028,10,-1.9660108435350283,-0.19660108435350282,275,404,4.586741786339386,-0.5867417863393856
1995,CLE,16,5,8.280505985230013,-3.280505985230013,-0.2050316240768758,3,4.20310041915496,8,-1.2031004191549597,-0.15038755239436996,289,356,6.062645504124539,-1.0626455041245393
1996,DEN,16,13,9.452245324872361,3.5477546751276385,0.2217346671954774,10,6.773313295369125,12,3.2266867046308754,0.2688905587192396,391,275,11.155502724801845,1.8444972751981545
1996,CAR,16,12,8.517101559349516,3.4828984406504837,0.21768115254065523,4,2.663447540235622,6,1.3365524597643779,0.22275874329406298,367,218,12.3935556264698,-0.3935556264697997
1996,NWE,16,11,8.255337918431662,2.744662081568338,0.1715413800980211,4,4.127238994007,8,-0.12723899400699956,-0.015904874250874945,418,313,10.639760914057472,0.36023908594252774
1996,GNB,16,13,10.515544461764215,2.4844555382357854,0.15527847113973658,2,2.3976698066505753,4,-0.3976698066505753,-0.09941745166264382,456,210,13.802753490644596,-0.8027534906445961
1996,JAX,16,9,6.819087078977768,2.180912921022232,0.1363070575638895,7,5.679433641701409,12,1.3205663582985911,0.1100471965248826,325,335,7.712828727291083,1.2871712727089166
1996,CIN,16,8,6.18115788560635,1.8188421143936502,0.11367763214960314,5,4.3464757739057,10,0.6535242260942997,0.06535242260942997,372,369,8.076759197337486,-0.07675919733748593
1996,WAS,16,9,7.637159977862649,1.362840022137351,0.08517750138358443,4,4.239650895094351,9,-0.23965089509435078,-0.02662787723270564,364,312,9.445308503032502,-0.4453085030325017
1996,IND,16,9,7.815304151179008,1.1846958488209918,0.07404349055131199,7,4.907442289426012,10,2.0925577105739883,0.20925577105739884,317,334,7.505403812418152,1.4945961875818483
1996,ARI,16,7,6.121971972983271,0.8780280270167289,0.054876751688545555,6,3.312452157234788,8,2.687547842765212,0.3359434803456515,300,397,5.437593602700737,1.562406397299263
1996,BUF,16,10,9.16069069536741,0.8393093046325895,0.05245683153953684,7,5.412466794289429,10,1.5875332057105709,0.1587533205710571,319,266,9.696334591273883,0.3036654087261166
1996,PHI,16,10,9.281603874494147,0.7183961255058531,0.04489975784411582,6,6.02091648752414,10,-0.020916487524139882,-0.002091648752413988,363,341,8.591610963173178,1.4083890368268221
1996,SEA,16,7,6.283715512104048,0.716284487895952,0.044767780493497,5,4.101030601465329,9,0.8989693985346712,0.09988548872607457,317,376,6.403594738895276,0.5964052611047244
1996,TAM,16,6,5.333898866843885,0.6661011331561149,0.04163132082225718,4,3.4781068904680574,9,0.5218931095319426,0.05798812328132695,221,293,5.421814106019072,0.5781858939809279
1996,SFO,16,12,11.647675611372762,0.35232438862723825,0.02202027428920239,5,5.188433053154089,8,-0.18843305315408898,-0.023554131644261123,398,257,11.811036094878757,0.18896390512124306
1996,LAR,16,6,5.696676729985187,0.30332327001481296,0.01895770437592581,5,3.7270663787001124,8,1.2729336212998876,0.15911670266248595,303,409,5.270194464917332,0.7298055350826678
1996,MIN,16,9,8.752531276400296,0.24746872359970418,0.015466795224981511,7,6.377515985697218,12,0.6224840143027821,0.051873667858565176,298,315,7.47481405611879,1.52518594388121
1996,CHI,16,7,7.118850901461082,-0.1188509014610819,-0.007428181341317619,5,5.157226762681249,11,-0.15722676268124935,-0.014293342061931759,283,305,7.292137012268526,-0.29213701226852606
1996,TEN,16,8,8.486151495405498,-0.4861514954054975,-0.030384468462843595,4,4.693386761239169,9,-0.6933867612391689,-0.07704297347101877,345,319,8.740662255250184,-0.740662255250184
1996,LVR,16,7,7.509591225608695,-0.5095912256086947,-0.03184945160054342,1,4.29564529297822,9,-3.29564529297822,-0.3661828103309133,340,293,9.395935969395536,-2.395935969395536
1996,PIT,16,10,10.577184881950394,-0.5771848819503944,-0.03607405512189965,2,2.189223835723914,4,-0.1892238357239142,-0.04730595893097855,344,257,10.659066545026805,-0.6590665450268052
1996,LAC,16,8,8.62685279848154,-0.62685279848154,-0.03917829990509625,5,3.466943601180152,7,1.533056398819848,0.219008056974264,310,376,6.201455146291443,1.7985448537085569
1996,DAL,16,10,10.810486952155426,-0.8104869521554257,-0.0506554345097141,5,4.502755369353224,7,0.49724463064677593,0.0710349472352537,286,250,9.264657447951251,0.7353425520487491
1996,MIA,16,8,8.941288574912093,-0.9412885749120932,-0.05883053593200582,3,3.7650756116325486,7,-0.7650756116325486,-0.10929651594750693,339,325,8.39948574245839,-0.3994857424583902
1996,NYG,16,6,7.174456090545968,-1.1744560905459682,-0.07340350565912301,2,2.9140087350727697,6,-0.9140087350727697,-0.15233478917879495,242,297,6.095785443004179,-0.09578544300417935
1996,KAN,16,9,10.477558487825128,-1.477558487825128,-0.0923474054890705,6,6.198466314541927,10,-0.19846631454192742,-0.019846631454192742,297,300,7.904727320549452,1.0952726794505478
1996,NYJ,16,1,3.8398398671149443,-2.8398398671149443,-0.17748999169468402,0,1.8477449074244283,7,-1.8477449074244283,-0.26396355820348977,279,454,3.836385481667928,-2.836385481667928
1996,DET,16,5,8.280220420963886,-3.280220420963886,-0.20501377631024287,2,4.091950779153734,8,-2.091950779153734,-0.26149384739421677,302,368,6.159751487520357,-1.1597514875203574
1996,ATL,16,3,6.319125457865917,-3.3191254578659173,-0.20744534111661983,3,5.549901715503899,13,-2.549901715503899,-0.19614628580799223,309,461,4.468162186051614,-1.4681621860516136
1996,BAL,16,4,7.392683688548864,-3.392683688548864,-0.212042730534304,3,5.068591483476259,9,-2.0685914834762587,-0.22984349816402874,371,441,6.383984849374543,-2.383984849374543
1996,NOR,16,3,6.974006259566024,-3.974006259566024,-0.2483753912228765,2,4.5064182451155474,10,-2.5064182451155474,-0.25064182451155476,229,339,4.5277722135935825,-1.5277722135935825
1997,NYJ,16,9,5.184362425163535,3.8156375748364653,0.23847734842727908,5,2.6701192662792548,9,2.3298807337207452,0.2588756370800828,348,287,9.79587515353154,-0.79587515353154
1997,KAN,16,13,9.616839944497823,3.3831600555021772,0.21144750346888608,6,4.014711876476135,7,1.9852881235238646,0.28361258907483783,375,232,12.117134492321867,0.8828655076781331
1997,JAX,16,11,8.343718292573264,2.6562817074267357,0.16601760671417098,6,5.0551872643932585,10,0.9448127356067415,0.09448127356067415,394,318,9.988986919263027,1.0110130807369728
1997,NYG,16,10,8.127848209810342,1.8721517901896583,0.11700948688685364,6,5.032979798003607,10,0.9670202019963927,0.09670202019963928,307,265,9.380718283751271,0.6192817162487287
1997,TAM,16,10,8.349256167681308,1.6507438323186925,0.10317148951991828,5,4.008889391745627,8,0.991110608254373,0.12388882603179663,299,263,9.206901566970927,0.7930984330290727
1997,DET,16,9,7.469723726877829,1.5302762731221708,0.09564226707013568,2,2.5647339673239764,5,-0.5647339673239764,-0.11294679346479528,379,306,9.985887721151707,-0.9858877211517072
1997,GNB,16,13,11.715609137054539,1.284390862945461,0.08027442893409131,4,4.463082631583504,6,-0.4630826315835037,-0.07718043859725061,422,282,11.555014321571257,1.4449856784287434
1997,PIT,16,11,9.77295704585015,1.2270429541498498,0.07669018463436561,6,5.679031595612119,10,0.3209684043878811,0.03209684043878811,372,307,9.789805118569275,1.2101948814307253
1997,ATL,16,7,5.787319412960249,1.2126805870397508,0.07579253668998442,5,3.5941980544726735,9,1.4058019455273265,0.15620021616970295,320,361,6.864832048156447,0.13516795184355335
1997,DEN,16,12,10.905647619815797,1.094352380184203,0.06839702376151269,2,3.1016386824426583,5,-1.1016386824426583,-0.22032773648853166,472,287,12.236481094151285,-0.23648109415128538
1997,SFO,16,13,12.015531410357223,0.984468589642777,0.06152928685267356,5,4.337835964363836,6,0.662164035636164,0.11036067260602733,375,265,11.117472636564692,1.8825273634353081
1997,NWE,16,10,9.03032494503741,0.9696750549625897,0.06060469093516185,6,5.831443185954962,10,0.1685568140450382,0.01685568140450382,369,289,10.253973790912356,-0.2539737909123563
1997,NOR,16,6,5.412552063854057,0.587447936145943,0.03671549600912144,4,2.613456099367837,7,1.3865439006321632,0.19807770009030903,237,327,5.088260964483911,0.9117390355160886
1997,TEN,16,8,7.501487435962195,0.49851256403780475,0.031157035252362797,4,4.533488950631045,9,-0.5334889506310452,-0.05927655007011613,333,310,8.676863343491485,-0.676863343491485
1997,MIA,16,9,8.750320960552822,0.2496790394471784,0.01560493996544865,6,5.889639669290134,11,0.11036033070986573,0.010032757337260521,339,327,8.341451030479655,0.6585489695203446
1997,MIN,16,9,8.90824366558604,0.0917563344139598,0.005734770900872488,6,5.240014686725663,9,0.7599853132743366,0.0844428125860374,354,359,7.867050734968235,1.1329492650317654
1997,SEA,16,8,8.009340099607016,-0.009340099607015873,-0.000583756225438492,5,5.583118544780252,11,-0.5831185447802518,-0.05301077679820471,365,362,8.078237289459546,-0.07823728945954578
1997,CIN,16,7,7.025809436776712,-0.025809436776712325,-0.0016130897985445203,7,4.138418693698155,9,2.8615813063018454,0.31795347847798283,355,405,6.760881545763611,0.23911845423638933
1997,BAL,16,6,6.487370998731089,-0.48737099873108924,-0.030460687420693078,4,4.60347144505183,11,-0.6034714450518299,-0.054861040459257264,326,345,7.463791245410016,-1.4637912454100164
1997,LAR,16,5,5.564642357790811,-0.5646423577908113,-0.035290147361925706,3,3.7140897086024327,9,-0.7140897086024327,-0.07934330095582585,299,359,6.2929487579708745,-1.2929487579708745
1997,WAS,16,8,8.88206308462893,-0.8820630846289301,-0.05512894278930813,4,5.6883080850385,10,-1.6883080850385,-0.16883080850385,327,289,9.16280327518373,-1.1628032751837303
1997,ARI,16,4,5.566211690242283,-1.566211690242283,-0.09788823064014268,3,3.8944100005534668,11,-0.8944100005534668,-0.08131000005031516,283,379,5.336517886396714,-1.336517886396714
1997,PHI,16,6,7.78312024289114,-1.7831202428911404,-0.11144501518069627,6,5.814135427351679,12,0.18586457264832124,0.015488714387360103,317,372,6.501190231561139,-0.5011902315611394
1997,CHI,16,4,5.941189737422213,-1.9411897374222127,-0.12132435858888829,3,3.069630601996084,8,-0.06963060199608417,-0.008703825249510522,263,421,3.950935131617726,0.049064868382274085
1997,CAR,16,7,9.053029705737496,-2.0530297057374955,-0.12831435660859347,3,3.5571566117383457,6,-0.5571566117383457,-0.09285943528972429,265,314,6.41291986262844,0.5870801373715597
1997,BUF,16,6,8.29662114139756,-2.2966211413975604,-0.14353882133734752,4,4.332743113933912,8,-0.33274311393391187,-0.041592889241738984,255,367,4.747697609617378,1.2523023903826216
1997,IND,16,3,5.910585703785164,-2.9105857037851637,-0.18191160648657273,1,3.8117563745910146,10,-2.8117563745910146,-0.28117563745910146,313,401,5.716488675949785,-2.716488675949785
1997,LAC,16,4,7.271107488883528,-3.271107488883528,-0.2044442180552205,1,2.883616375732075,6,-1.8836163757320752,-0.3139360626220125,266,425,3.964248887417036,0.03575111258296415
1997,LVR,16,4,7.564185301818021,-3.5641853018180214,-0.22276158136362634,2,4.377207222747556,8,-2.377207222747556,-0.2971509028434445,324,419,5.635166645175132,-1.6351666451751319
1997,DAL,16,6,9.752980546653454,-3.752980546653454,-0.23456128416584088,4,5.901486709518406,10,-1.901486709518406,-0.1901486709518406,304,314,7.693327454023687,-1.6933274540236871
1998,ATL,16,14,9.134327727482175,4.865672272517825,0.3041045170323641,5,3.7563479682504615,6,1.2436520317495385,0.2072753386249231,442,289,11.71883801660158,2.2811619833984196
1998,NYJ,16,12,7.248789295459586,4.751210704540414,0.29695066903377587,6,3.9586635164054793,9,2.0413364835945207,0.22681516484383563,416,266,11.882552805116935,0.11744719488306465
1998,MIN,16,15,10.568642965615508,4.431357034384492,0.27695981464903074,5,3.8065808362853373,6,1.1934191637146627,0.1989031939524438,556,296,13.067011432037507,1.932988567962493
1998,ARI,16,9,6.782438867467062,2.2175611325329383,0.13859757078330864,9,5.711463836636311,12,3.2885361633636894,0.27404468028030743,325,378,6.582970695361697,2.4170293046383033
1998,DEN,16,14,12.097800881910466,1.9021991180895341,0.11888744488059588,5,4.47250804827505,6,0.5274919517249499,0.08791532528749164,501,309,12.138532584827573,1.8614674151724273
1998,BUF,16,10,8.121526057751003,1.8784739422489967,0.11740462139056229,6,5.490598088755316,12,0.5094019112446837,0.04245015927039031,400,333,9.711061405758155,0.288938594241845
1998,JAX,16,11,9.734078070883807,1.2659219291161925,0.07912012056976203,5,4.8131330699656925,8,0.18686693003430754,0.023358366254288443,392,338,9.390815202959207,1.6091847970407933
1998,LVR,16,8,6.814405771801261,1.185594228198739,0.07409963926242119,6,4.301921421986206,9,1.698078578013794,0.1886753975570882,288,356,6.031743850490934,1.9682561495090658
1998,MIA,16,10,8.956172742240451,1.043827257759549,0.06523920360997182,5,4.749457657253808,9,0.2505423427461917,0.027838038082910188,321,265,9.786789725071106,0.213210274928894
1998,DAL,16,10,9.47241481992307,0.5275851800769296,0.0329740737548081,4,4.872412119450001,8,-0.8724121194500007,-0.1090515149312501,381,275,10.94562980414793,-0.9456298041479307
1998,TAM,16,8,7.659791193130177,0.340208806869823,0.02126305042936394,5,4.687158015023839,10,0.3128419849761608,0.03128419849761608,314,295,8.590642424412694,-0.5906424244126942
1998,TEN,16,8,7.664622784624315,0.33537721537568466,0.02096107596098029,4,4.283019796290045,8,-0.2830197962900449,-0.035377474536255615,330,320,8.291586099446459,-0.29158609944645875
1998,SEA,16,8,7.940100439508883,0.05989956049111722,0.0037437225306948263,4,4.116839227126754,9,-0.11683922712675443,-0.01298213634741716,372,310,9.702008258314555,-1.7020082583145548
1998,NOR,16,6,5.961193791077767,0.03880620892223341,0.002425388057639588,4,3.2371678690222163,8,0.7628321309777837,0.09535401637222296,305,359,6.473597585963952,-0.47359758596395185
1998,NWE,16,9,9.103531637530038,-0.10353163753003791,-0.0064707273456273695,6,4.663548486451797,9,1.3364515135482034,0.14849461261646704,337,329,8.22769718721517,0.7723028127848295
1998,NYG,16,8,8.104806019053672,-0.10480601905367237,-0.006550376190854523,5,4.007283668214007,8,0.9927163317859931,0.12408954147324913,287,309,7.301598505809212,0.6984014941907883
1998,SFO,16,12,12.138719443878825,-0.1387194438788253,-0.00866996524242658,4,4.743240775082311,6,-0.7432407750823113,-0.12387346251371856,479,328,11.366928738722175,0.6330712612778253
1998,BAL,16,6,6.39109932442436,-0.3910993244243599,-0.024443707776522494,5,4.753636257766085,10,0.24636374223391488,0.02463637422339149,269,335,5.9655482265432225,0.034451773456777524
1998,GNB,16,11,11.84673104985481,-0.8467310498548102,-0.052920690615925636,4,5.7042582615520265,8,-1.7042582615520265,-0.21303228269400332,408,319,10.268855360591457,0.7311446394085426
1998,LAC,16,5,5.950057798218627,-0.9500577982186273,-0.05937861238866421,5,5.214049397293746,12,-0.2140493972937456,-0.017837449774478802,241,342,4.859902148960034,0.14009785103996641
1998,WAS,16,6,7.08736497468126,-1.0873649746812601,-0.06796031091757876,4,4.588981392482168,9,-0.5889813924821681,-0.06544237694246312,319,421,5.46069006636017,0.5393099336398297
1998,CHI,16,4,5.270655018449889,-1.2706550184498893,-0.07941593865311808,4,3.409666979480151,11,0.5903330205198491,0.0536666382290772,276,368,5.373731635788475,-1.3737316357884746
1998,LAR,16,4,5.647402690012932,-1.6474026900129317,-0.10296266812580823,2,3.628180011120545,8,-1.628180011120545,-0.2035225013900681,285,378,5.418458010722043,-1.418458010722043
1998,DET,16,5,6.911121240454166,-1.9111212404541664,-0.1194450775283854,4,4.888525217367514,10,-0.8885252173675138,-0.08885252173675137,306,378,6.037633354322058,-1.0376333543220584
1998,IND,16,3,5.257363160228499,-2.2573631602284987,-0.14108519751428117,3,3.7664081892442676,11,-0.7664081892442676,-0.06967347174947887,310,444,4.786134647137813,-1.7861346471378132
1998,PIT,16,7,9.459373498861645,-2.4593734988616447,-0.1537108436788528,6,6.990734790366811,12,-0.9907347903668109,-0.08256123253056757,263,303,6.6702857285897,0.32971427141029963
1998,KAN,16,7,9.75352751927162,-2.7535275192716195,-0.17209546995447622,3,5.730873838044649,10,-2.7308738380446487,-0.27308738380446484,327,363,7.014908191354973,-0.0149081913549729
1998,CAR,16,4,6.7583857104392235,-2.7583857104392235,-0.17239910690245147,4,6.059066671420136,14,-2.059066671420136,-0.147076190815724,336,413,6.082001329356248,-2.082001329356248
1998,CIN,16,3,5.949906728920998,-2.9499067289209977,-0.18436917055756236,3,3.0593265902662914,8,-0.05932659026629139,-0.007415823783286424,268,452,3.5943534096399374,-0.5943534096399374
1998,PHI,16,3,6.213648776843907,-3.2136487768439066,-0.20085304855274416,3,4.534948003120979,10,-1.534948003120979,-0.1534948003120979,161,344,2.2708007331033047,0.7291992668966953
1999,IND,16,13,6.993536752728788,6.006463247271212,0.3754039529544507,6,3.5652102214001014,8,2.4347897785998986,0.30434872232498733,423,333,10.209035720237715,2.790964279762285
1999,LAR,16,13,8.55854136063962,4.4414586393603805,0.2775911649600238,3,2.9990694992661364,6,0.0009305007338635818,0.0001550834556439303,526,242,13.807144241516895,-0.8071442415168946
1999,TEN,16,13,9.593470845842576,3.4065291541574236,0.21290807213483898,7,4.652745223819434,8,2.3472547761805664,0.2934068470225708,392,324,9.776041117742365,3.2239588822576355
1999,TAM,16,11,8.373316784934865,2.6266832150651354,0.16416770094157096,5,3.8157339397702295,8,1.1842660602297705,0.14803325752872132,270,235,9.304421656509483,1.6955783434905172
1999,LAC,16,8,5.698530416769574,2.3014695832304257,0.1438418489519016,5,2.424767578177235,7,2.575232421822765,0.3678903459746807,269,316,6.491690690975481,1.5083093090245194
1999,JAX,16,14,11.73843451361501,2.26156548638499,0.14134784289906188,7,5.299461586684478,8,1.7005384133155221,0.21256730166444027,396,217,12.89942448558989,1.1005755144101101
1999,BUF,16,11,9.000483005377955,1.999516994622045,0.12496981216387781,6,5.348005264047143,10,0.6519947359528571,0.0651994735952857,320,229,11.015600675166544,-0.015600675166544065
1999,WAS,16,10,8.508740133295397,1.4912598667046026,0.09320374166903767,5,4.325881005440125,8,0.6741189945598753,0.08426487431998442,443,377,9.510994880946713,0.4890051190532869
1999,LVR,16,8,6.605003521821039,1.3949964781789612,0.08718727988618508,5,5.108058390980763,13,-0.10805839098076309,-0.00831218392159716,390,329,9.590957725554885,-1.590957725554885
1999,CAR,16,8,7.01081102630067,0.9891889736993296,0.0618243108562081,5,4.215780504472812,11,0.7842194955271884,0.07129268141156259,421,381,8.9420305473628,-0.9420305473627995
1999,BAL,16,8,7.127135236270372,0.8728647637296278,0.05455404773310174,5,4.381467052887314,11,0.6185329471126861,0.0562302679193351,324,277,9.46891268149965,-1.4689126814996492
1999,CHI,16,6,5.177417919813008,0.8225820801869919,0.05141138001168699,5,3.7624638910189825,11,1.2375361089810175,0.11250328263463795,272,341,5.906602984965355,0.09339701503464504
1999,DET,16,8,7.476468752171664,0.5235312478283358,0.03272070298927099,4,3.2466587301359966,7,0.7533412698640034,0.10762018140914334,322,323,7.970604759902129,0.029395240097871422
1999,SEA,16,9,8.581526173573891,0.41847382642610853,0.026154614151631783,6,4.866958679854286,9,1.133041320145714,0.12589348001619044,338,298,9.185240819552023,-0.18524081955202298
1999,PHI,16,5,4.733919091949035,0.26608090805096474,0.016630056753185296,4,2.9097914829697,10,1.0902085170303,0.10902085170303,272,357,5.507742026580131,-0.5077420265801313
1999,KAN,16,9,9.083150990685702,-0.0831509906857022,-0.005196936917856387,4,5.325644416356671,10,-1.3256444163566714,-0.13256444163566714,390,322,9.785743937277108,-0.7857439372771076
1999,ARI,16,6,6.139640952005181,-0.13964095200518134,-0.008727559500323834,4,3.0094210326690036,7,0.9905789673309964,0.1415112810472852,245,382,4.1394191759293255,1.8605808240706745
1999,NYJ,16,8,8.321848940511977,-0.3218489405119769,-0.020115558781998555,6,7.392830122341847,14,-1.3928301223418469,-0.09948786588156049,308,309,7.969270788731008,0.03072921126899164
1999,MIA,16,9,9.405052430777708,-0.40505243077770814,-0.02531577692360676,6,7.443485597853661,12,-1.4434855978536607,-0.12029046648780506,326,336,7.713695704203636,1.2863042957963637
1999,CIN,16,4,4.755938650964026,-0.7559386509640262,-0.04724616568525164,2,1.5001335893080243,5,0.4998664106919757,0.09997328213839514,283,460,3.844034319488539,0.1559656805114611
1999,NWE,16,8,8.827495449065818,-0.8274954490658182,-0.051718465566613636,5,5.495728072079411,10,-0.4957280720794106,-0.049572807207941064,299,284,8.487325177249765,-0.4873251772497653
1999,MIN,16,10,10.95490506024115,-0.9549050602411508,-0.05968156626507193,6,8.043321933947771,12,-2.0433219339477713,-0.17027682782898093,399,335,9.634084398596155,0.36591560140384516
1999,NYG,16,7,8.259442644389717,-1.2594426443897166,-0.07871516527435729,6,3.465047586531267,7,2.534952413468733,0.3621360590669619,299,358,6.318205995253444,0.681794004746556
1999,DAL,16,8,9.506536589504652,-1.5065365895046519,-0.09415853684404074,4,5.7345437715853045,10,-1.7345437715853045,-0.17345437715853046,352,276,10.244023788843894,-2.2440237888438936
1999,NOR,16,3,5.180836242760272,-2.1808362427602717,-0.13630226517251698,2,2.822189220032303,7,-0.8221892200323029,-0.11745560286175756,260,434,3.6630573723401754,-0.6630573723401754
1999,PIT,16,6,8.210180366645627,-2.210180366645627,-0.1381362729153517,3,5.145525228562465,9,-2.145525228562465,-0.2383916920624961,317,320,7.910709484295718,-1.910709484295718
1999,GNB,16,8,10.363045035573638,-2.363045035573638,-0.14769031472335237,4,5.6603618140294705,9,-1.6603618140294705,-0.1844846460032745,357,341,8.434262036235273,-0.43426203623527293
1999,DEN,16,6,9.531344731934608,-3.531344731934608,-0.220709045745913,4,6.267698239561261,11,-2.267698239561261,-0.20615438541466008,314,318,7.880007397204717,-1.880007397204717
1999,ATL,16,5,8.646832137854606,-3.646832137854606,-0.22792700861591286,3,4.513771672119046,8,-1.513771672119046,-0.18922145901488074,285,380,5.373731635788475,-0.37373163578847457
1999,CLE,16,2,5.916614042073403,-3.9166140420734026,-0.24478837762958766,2,3.598370018900405,8,-1.5983700189004049,-0.1997962523625506,217,437,2.5581579280791513,-0.5581579280791513
1999,SFO,16,4,9.719800199908455,-5.719800199908455,-0.35748751249427846,2,4.659874633197356,8,-2.659874633197356,-0.3324843291496695,295,453,4.251253283207614,-0.251253283207614
2000,NOR,16,10,6.713018980003618,3.2869810199963823,0.2054363137497739,5,3.1820074183819935,8,1.8179925816180065,0.2272490727022508,354,305,9.397885627637345,0.6021143723626547
2000,NYG,16,12,8.770412054605996,3.2295879453940035,0.20184924658712522,8,4.666878133079478,9,3.3331218669205223,0.37034687410228023,328,246,10.626268364211526,1.3737316357884737
2000,PHI,16,11,7.793407636990817,3.2065923630091833,0.20041202268807395,7,4.947809192423963,11,2.0521908075760367,0.1865628006887306,351,245,11.216057268887623,-0.21605726888762256
2000,BAL,16,12,8.957425114507005,3.0425748854929946,0.19016093034331216,5,3.1520052871162383,7,1.8479947128837617,0.26399924469768027,333,165,13.452830801481147,-1.4528308014811468
2000,LVR,16,12,9.647079865395447,2.3529201346045525,0.14705750841278453,6,5.431795825172142,10,0.5682041748278577,0.05682041748278577,479,299,12.054549943920993,-0.05454994392099266
2000,MIA,16,11,8.9787733344272,2.021226665572801,0.12632666659830005,4,4.073518200712748,8,-0.07351820071274773,-0.009189775089093466,323,226,11.196875282331566,-0.19687528233156648
2000,TEN,16,13,11.429600764596925,1.570399235403075,0.09814995221269218,5,5.118981388851841,8,-0.11898138885184117,-0.014872673606480147,346,191,12.85563903665215,0.1443609633478502
2000,IND,16,10,8.56155370882247,1.4384462911775309,0.08990289319859568,5,5.549379944229014,10,-0.5493799442290141,-0.05493799442290141,429,326,10.514713023284212,-0.5147130232842123
2000,DET,16,9,7.596059461740246,1.4039405382597536,0.0877462836412346,6,5.007930420668759,10,0.9920695793312406,0.09920695793312406,307,307,8.0,1.0
2000,PIT,16,9,7.739814847362139,1.2601851526378613,0.07876157203986633,3,4.102021342887662,9,-1.102021342887662,-0.12244681587640688,321,255,10.129532372015632,-1.1295323720156318
2000,DEN,16,11,10.22348546472533,0.7765145352746696,0.04853215845466685,6,4.591678320327542,8,1.4083216796724578,0.17604020995905723,485,369,10.504394155786791,0.49560584421320897
2000,GNB,16,9,8.395646146780667,0.6043538532193331,0.03777211582620832,6,5.265897897738817,10,0.7341021022611827,0.07341021022611827,353,323,8.838878063230604,0.1611219367693959
2000,TAM,16,10,9.532241188598912,0.46775881140108844,0.029234925712568027,4,5.070793524268689,9,-1.070793524268689,-0.11897705825207655,388,269,11.26965869315721,-1.2696586931572096
2000,CHI,16,5,4.541407331464638,0.4585926685353616,0.0286620417834601,5,2.698106486330024,10,2.301893513669976,0.2301893513669976,216,355,3.768005119086676,1.2319948809133239
2000,LAR,16,10,9.620643520506803,0.37935647949319673,0.023709779968324796,5,5.003397239478135,9,-0.0033972394781347504,-0.0003774710531260834,540,471,9.28480053416697,0.7151994658330292
2000,NYJ,16,9,9.055523282475022,-0.05552328247502203,-0.003470205154688877,6,5.8558346580716165,10,0.14416534192838348,0.014416534192838348,321,321,8.0,1.0
2000,CAR,16,7,7.403163705439062,-0.403163705439062,-0.025197731589941375,3,3.521535046237875,8,-0.5215350462378749,-0.06519188077973437,310,310,8.0,-1.0
2000,CIN,16,4,4.533766420564192,-0.5337664205641923,-0.03336040128526202,2,1.0371481323047338,3,0.9628518676952662,0.3209506225650887,185,359,2.752656137814278,1.2473438621857218
2000,MIN,16,11,11.62594912930031,-0.6259491293003094,-0.03912182058126934,6,6.361743862900944,9,-0.3617438629009442,-0.04019376254454935,397,371,8.640744982869986,2.359255017130014
2000,SFO,16,6,6.630316617776858,-0.6303166177768578,-0.03939478861105361,2,2.938830801898856,6,-0.938830801898856,-0.156471800316476,388,422,7.20629989392293,-1.20629989392293
2000,BUF,16,8,8.840382004896332,-0.8403820048963322,-0.05252387530602076,6,5.0195991603266705,9,0.9804008396733295,0.10893342663036994,315,350,7.006340035900737,0.9936599640992627
2000,WAS,16,8,9.042820596293172,-1.042820596293172,-0.06517628726832325,4,6.44032468208897,11,-2.4403246820889697,-0.22184769837172452,281,269,8.413369908427084,-0.4133699084270841
2000,SEA,16,6,7.279954774638376,-1.2799547746383757,-0.07999717341489848,5,5.822345630176944,13,-0.8223456301769438,-0.06325735616745722,320,405,5.823085522096973,0.1769144779030274
2000,CLE,16,3,4.292768686381935,-1.292768686381935,-0.08079804289887094,1,0.4567116133616644,1,0.5432883866383356,0.5432883866383356,161,419,1.5025273619474404,1.4974726380525596
2000,KAN,16,7,8.419299219612611,-1.4192992196126113,-0.0887062012257882,5,5.058854652496712,10,-0.05885465249671196,-0.0058854652496711955,355,354,8.0267418081154,-1.0267418081153998
2000,NWE,16,5,6.799630911557885,-1.7996309115578848,-0.1124769319723678,4,5.198962406341551,12,-1.1989624063415514,-0.09991353386179595,276,338,6.115018764723731,-1.1150187647237306
2000,DAL,16,5,7.572027821414831,-2.5720278214148307,-0.16075173883842692,2,3.2328629516058123,7,-1.2328629516058123,-0.1761232788008303,294,361,6.091280847335272,-1.0912808473352724
2000,ARI,16,3,5.636780779052994,-2.6367807790529936,-0.1647987986908121,2,3.2805750185342246,8,-1.2805750185342246,-0.16007187731677808,210,443,2.330437739789063,0.6695622602109368
2000,ATL,16,4,6.673978790630155,-2.673978790630155,-0.1671236744143847,2,3.896780007175031,8,-1.896780007175031,-0.23709750089687887,252,413,3.7872976058843384,0.2127023941156616
2000,JAX,16,7,10.420019941687338,-3.420019941687338,-0.2137512463554586,3,4.6247525112051555,8,-1.6247525112051555,-0.20309406390064444,367,327,9.087238909726514,-2.087238909726514
2000,LAC,16,1,5.273047897750715,-4.273047897750715,-0.26706549360941967,1,3.3909382436061937,9,-2.3909382436061937,-0.26565980484513263,269,440,3.80070921413698,-2.80070921413698
2001,CHI,16,13,7.800293357749809,5.199706642250191,0.3249816651406369,9,4.66453957244649,9,4.33546042755351,0.48171782528372337,338,203,12.320026624554757,0.6799733754452433
2001,SFO,16,12,8.085977891017105,3.914022108982895,0.24462638181143093,8,5.656797939326598,11,2.343202060673402,0.21301836915212746,409,282,11.31308408803044,0.6869159119695603
2001,NWE,16,11,7.485908444922778,3.514091555077222,0.21963072219232638,6,4.366474860671084,9,1.633525139328916,0.18150279325876845,371,272,10.816695354160961,0.18330464583903883
2001,LAR,16,14,10.634163678134666,3.365836321865334,0.2103647701165834,7,5.575682842381788,9,1.424317157618212,0.15825746195757912,503,273,12.955911231909967,1.0440887680900328
2001,PIT,16,13,9.668457437137434,3.331542562862566,0.20822141017891038,6,4.691934355550183,8,1.308065644449817,0.16350820555622714,352,212,12.301222861608029,0.6987771383919714
2001,ARI,16,7,4.790778615012023,2.209221384987977,0.13807633656174856,5,2.419956340585678,9,2.580043659414322,0.28667151771270244,295,343,6.585853499908942,0.414146500091058
2001,CLE,16,7,5.029256102136555,1.9707438978634446,0.12317149361646529,2,2.1125529398687615,6,-0.11255293986876147,-0.018758823311460244,285,319,6.937892887000021,0.062107112999979286
2001,PHI,16,11,9.147245689643999,1.8527543103560014,0.11579714439725008,7,5.190261136891121,10,1.8097388631088789,0.1809738863108879,343,208,12.254837962144679,-1.2548379621446788
2001,GNB,16,12,10.225354791092402,1.7746452089075984,0.1109153255567249,3,4.22177844487366,7,-1.2217784448736602,-0.1745397778390943,390,266,11.397785626096411,0.602214373903589
2001,SEA,16,9,7.7826792985680235,1.2173207014319765,0.07608254383949853,6,5.261899465284099,10,0.7381005347159011,0.07381005347159011,301,324,7.303722920272187,1.696277079727813
2001,MIA,16,11,9.98954988162641,1.0104501183735906,0.06315313239834941,5,4.628376182747664,8,0.3716238172523356,0.04645297715654195,344,290,9.59707305348667,1.4029269465133307
2001,CIN,16,6,5.083969451778749,0.9160305482212507,0.05725190926382817,4,2.397376891027948,8,1.6026231089720522,0.20032788862150652,226,309,5.163341033614,0.8366589663859996
2001,NYJ,16,10,9.220989409113823,0.7790105908861769,0.048688161930386054,8,7.713216579614258,13,0.286783420385742,0.022060263106595538,308,295,8.408464063861537,1.5915359361384631
2001,BAL,16,10,9.28552273690281,0.7144772630971907,0.04465482894357442,6,3.2929964753306127,7,2.7070035246693873,0.3867147892384839,303,265,9.259777411946917,0.7402225880530828
2001,ATL,16,7,6.405113485087626,0.5948865149123739,0.03718040718202337,5,4.0871548581848725,10,0.9128451418151275,0.09128451418151276,291,377,5.619650949448689,1.3803490505513114
2001,WAS,16,8,8.196154544255219,-0.1961545442552186,-0.012259659015951163,3,3.9702807579796406,7,-0.9702807579796406,-0.13861153685423439,256,303,6.423011097819216,1.5769889021807844
2001,NOR,16,7,7.357761193621899,-0.35776119362189895,-0.022360074601368685,5,5.002223011176468,10,-0.0022230111764676153,-0.00022230111764676153,333,409,6.088827134742814,0.9111728652571864
2001,LVR,16,10,10.70340477325718,-0.70340477325718,-0.04396279832857375,5,7.296204823051202,11,-2.2962048230512018,-0.2087458930046547,399,327,9.85232290515673,0.14767709484327085
2001,KAN,16,6,6.716013278631472,-0.7160132786314719,-0.044750829914466994,5,5.151936243046123,12,-0.15193624304612285,-0.012661353587176905,320,344,7.31607367170911,-1.31607367170911
2001,TAM,16,9,9.762405256694784,-0.7624052566947839,-0.04765032854342399,6,7.289499411807135,12,-1.2894994118071352,-0.10745828431726127,324,280,9.370009632433643,-0.3700096324336428
2001,LAC,16,5,5.9145752856257845,-0.9145752856257845,-0.05716095535161153,1,3.7886039502277202,9,-2.7886039502277202,-0.3098448833586356,332,321,8.319248029608241,-3.319248029608241
2001,DAL,16,5,6.448689760630225,-1.4486897606302254,-0.09054311003938909,4,4.088377526439198,11,-0.08837752643919838,-0.008034320585381671,246,338,5.122746572284405,-0.122746572284405
2001,DEN,16,8,9.588018227062808,-1.5880182270628076,-0.09925113919142547,2,3.4801757506668,6,-1.4801757506667998,-0.24669595844446665,340,339,8.02792332358065,-0.02792332358064975
2001,NYG,16,7,9.080237881014014,-2.080237881014014,-0.13001486756337588,5,5.40632895098402,9,-0.4063289509840198,-0.04514766122044664,294,321,7.170071014460624,-0.1700710144606239
2001,JAX,16,6,8.201186266149659,-2.2011862661496586,-0.13757414163435366,3,4.445719717687165,9,-1.4457197176871652,-0.1606355241874628,294,286,8.26144069626337,-2.261440696263371
2001,TEN,16,7,9.535450329403757,-2.5354503294037567,-0.1584656455877348,5,6.959841905291609,12,-1.9598419052916087,-0.16332015877430073,336,388,6.648951877683184,0.3510481223168158
2001,IND,16,6,8.688752305213294,-2.688752305213294,-0.16804701907583086,3,3.17866584293143,6,-0.17866584293143006,-0.029777640488571677,413,486,6.475877607237816,-0.47587760723781614
2001,MIN,16,5,8.45985774475574,-3.4598577447557393,-0.2162411090472337,4,5.52353378611263,10,-1.5235337861126297,-0.15235337861126297,290,390,5.301371538128732,-0.3013715381287323
2001,BUF,16,3,6.649158667504606,-3.649158667504606,-0.22807241671903788,3,3.811762814935727,9,-0.8117628149357272,-0.09019586832619192,265,420,4.021543446863021,-1.0215434468630207
2001,DET,16,2,5.913939944687956,-3.9139399446879564,-0.24462124654299727,2,3.6861574487663806,10,-1.6861574487663806,-0.16861574487663805,270,424,4.087641473206027,-2.087641473206027
2001,CAR,16,1,6.149134271567397,-5.149134271567397,-0.3218208919729623,0,3.639689174111933,9,-3.639689174111933,-0.4044099082346592,253,410,3.8649201999417815,-2.8649201999417815
2002,CLE,16,9,6.635522558901819,2.364477441098181,0.14777984006863631,7,5.5298240121796045,13,1.4701759878203955,0.11309046060156888,344,320,8.683926328290891,0.31607367170910905
2002,LAC,16,8,5.996875749418392,2.0031242505816076,0.12519526566135047,5,3.8884958852155096,10,1.1115041147844904,0.11115041147844903,333,367,7.082416342703089,0.9175836572969107
2002,NYG,16,10,8.143648695441007,1.8563513045589932,0.11602195653493708,8,6.191148595582741,12,1.8088514044172586,0.15073761703477154,320,279,9.288477535117233,0.7115224648827674
2002,TEN,16,11,9.253633163144555,1.7463668368554455,0.10914792730346534,6,4.7234598334355775,8,1.2765401665644225,0.1595675208205528,367,324,9.172868486661656,1.827131513338344
2002,ATL,16,9,7.323486041482636,1.676513958517364,0.10478212240733525,5,3.991742021864475,10,1.008257978135525,0.1008257978135525,402,314,10.277422096364619,-1.277422096364619
2002,PHI,16,12,10.47152031754491,1.5284796824550906,0.09552998015344316,6,5.032002852793383,9,0.9679971472066171,0.10755523857851301,415,241,12.541074865846895,-0.5410748658468947
2002,BUF,16,8,6.471641445578621,1.528358554421379,0.09552240965133618,5,3.942808998612265,9,1.0571910013877348,0.11746566682085942,379,397,7.56057002960753,0.43942997039247
2002,CAR,16,7,5.578142453168868,1.4218575468311316,0.08886609667694573,4,2.5421107909506993,8,1.4578892090493007,0.1822361511311626,258,302,6.524296693252305,0.475703306747695
2002,IND,16,10,8.583611762245209,1.4163882377547914,0.08852426485967446,7,4.833301478398894,9,2.1666985216011057,0.24074428017790062,349,313,9.026387677876178,0.973612322123822
2002,LVR,16,11,9.815744097921431,1.1842559020785686,0.07401599387991054,2,3.077425974846001,5,-1.077425974846001,-0.2154851949692002,450,304,11.471779800541931,-0.47177980054193114
2002,TAM,16,12,10.925276701796811,1.074723298203189,0.0671702061376993,4,4.48637346231624,7,-0.4863734623162399,-0.06948192318803427,346,196,12.698031444547421,-0.6980314445474214
2002,KAN,16,8,7.148152625111715,0.8518473748882851,0.05324046093051782,4,5.028471581876489,11,-1.028471581876489,-0.09349741653422626,467,399,9.474791283296497,-1.4747912832964971
2002,GNB,16,12,11.158045858465421,0.841954141534579,0.05262213384591119,7,5.243545927777413,8,1.7564540722225868,0.21955675902782334,398,328,9.802338744815167,2.1976612551848334
2002,SFO,16,10,9.500597988063173,0.49940201193682654,0.03121262574605166,7,6.950826790730178,12,0.049173209269821605,0.0040977674391518,367,351,8.422184337939182,1.577815662060818
2002,NWE,16,9,8.71196680568643,0.2880331943135701,0.01800207464459813,6,5.532013314597121,10,0.46798668540287913,0.04679866854028791,381,346,8.909548796607877,0.09045120339212254
2002,NOR,16,9,8.723398198000922,0.27660180199907813,0.017287612624942383,5,6.133249806086846,11,-1.1332498060868463,-0.10302270964425876,432,388,9.012879126327357,-0.012879126327357326
2002,NYJ,16,9,8.763624559901931,0.23637544009806888,0.014773465006129305,4,4.990032487458644,9,-0.9900324874586444,-0.11000360971762715,359,336,8.62639760165869,0.37360239834131015
2002,SEA,16,7,6.802889166444645,0.19711083355535486,0.012319427097209679,4,3.606773549742627,9,0.393226450257373,0.04369182780637478,355,369,7.633581013323841,-0.6335810133238411
2002,DEN,16,9,8.890339012495275,0.10966098750472497,0.006853811719045311,5,5.425368293960497,10,-0.4253682939604966,-0.04253682939604966,392,344,9.22848413778859,-0.22848413778858934
2002,MIN,16,6,6.303977513309673,-0.3039775133096727,-0.018998594581854544,4,4.748650244722458,11,-0.7486502447224579,-0.06805911315658708,390,442,6.822078199670043,-0.8220781996700426
2002,PIT,16,10,10.450425791238512,-0.4504257912385121,-0.028151611952407007,5,5.5780604793456545,9,-0.5780604793456545,-0.06422894214951717,390,345,9.15416098351594,0.8458390164840601
2002,ARI,16,5,5.716007423316052,-0.7160074233160518,-0.04475046395725324,3,2.0913522070021133,5,0.9086477929978867,0.18172955859957735,262,417,3.991529240101035,1.008470759898965
2002,WAS,16,7,7.789010176428414,-0.7890101764284143,-0.049313136026775894,4,4.672053928241897,9,-0.6720539282418967,-0.07467265869354407,307,365,6.382104536996409,0.6178954630035909
2002,DAL,16,5,5.8571829146908065,-0.8571829146908065,-0.05357393216817541,4,4.23963294529444,10,-0.23963294529444035,-0.023963294529444033,217,329,4.3462958095862305,0.6537041904137695
2002,MIA,16,9,9.87843462051137,-0.8784346205113707,-0.05490216378196067,3,3.226611748287025,6,-0.2266117482870249,-0.03776862471450415,378,301,10.10843261520798,-1.1084326152079793
2002,JAX,16,6,7.948354148838071,-1.948354148838071,-0.12177213430237943,5,6.868786594649837,14,-1.868786594649837,-0.13348475676070265,328,315,8.383087174045434,-2.383087174045434
2002,BAL,16,7,9.051517475477539,-2.0515174754775387,-0.12821984221734617,6,6.727209214901149,12,-0.7272092149011486,-0.060600767908429054,316,354,6.929952124091776,0.07004787590822392
2002,DET,16,3,5.132328649529145,-2.1323286495291454,-0.13327054059557158,3,3.505841719155367,10,-0.505841719155367,-0.0505841719155367,306,451,4.561671006802245,-1.5616710068022446
2002,CIN,16,2,4.563775889759943,-2.5637758897599427,-0.16023599310999642,1,1.3816776491518046,5,-0.3816776491518046,-0.07633552983036092,279,456,3.8060847662181976,-1.8060847662181976
2002,HOU,16,4,6.76420332993592,-2.7642033299359197,-0.17276270812099498,2,3.4553451888226663,8,-1.4553451888226663,-0.18191814860283329,213,356,3.6545252086348783,0.3454747913651217
2002,LAR,16,7,9.835836468546173,-2.835836468546173,-0.1772397792841358,4,6.433001139258126,10,-2.433001139258126,-0.24330011392581258,316,369,6.546405186663404,0.4535948133365961
2002,CHI,16,4,7.810828397604615,-3.810828397604615,-0.23817677485028843,4,5.922801282742257,11,-1.922801282742257,-0.17480011661293246,281,379,5.276904417625856,-1.2769044176258557
2003,NWE,16,14,9.656416142102358,4.343583857897642,0.2714739911186026,8,5.622249552780265,10,2.377750447219735,0.23777504472197347,348,238,11.376633305816183,2.623366694183817
2003,DAL,16,10,6.769927192051679,3.2300728079483214,0.2018795504967701,5,2.619457803292227,6,2.380542196707773,0.3967570327846288,289,260,8.997248973327917,1.0027510266720832
2003,CAR,16,11,7.842447708406604,3.1575522915933956,0.19734701822458722,11,7.096182519362522,14,3.9038174806374784,0.2788441057598199,325,304,8.631920899845428,2.3680791001545725
2003,KAN,16,13,10.041637885354024,2.9583621146459755,0.18489763216537347,6,4.62941683430787,8,1.3705831656921301,0.17132289571151627,484,332,11.353366577861337,1.6466334221386631
2003,CIN,16,8,5.158845833862433,2.841154166137567,0.17757213538359795,7,3.439660239133411,11,3.560339760866589,0.32366725098787175,346,384,7.0171385690035475,0.9828614309964525
2003,IND,16,12,9.892057168322468,2.1079428316775317,0.13174642697984573,8,6.24330741085088,11,1.7566925891491199,0.1596993262862836,447,336,10.60735063769558,1.3926493623044198
2003,LAR,16,12,10.352186682228027,1.6478133177719734,0.10298833236074834,7,5.414641887707549,9,1.5853581122924512,0.1761509013658279,447,328,10.809592126450573,1.190407873549427
2003,PHI,16,12,10.723361514711783,1.2766384852882169,0.07978990533051356,7,5.669940576770291,9,1.3300594232297094,0.1477843803588566,374,287,10.430806672072269,1.5691933279277315
2003,TEN,16,12,10.814800278408748,1.1851997215912515,0.07407498259945322,5,6.110838119336629,9,-1.1108381193366288,-0.12342645770406986,435,324,10.684645350838336,1.3153546491616641
2003,BAL,16,10,8.816790417020119,1.183209582979881,0.07395059893624256,5,4.328041762800302,8,0.6719582371996982,0.08399477964996227,391,281,10.981001911415067,-0.981001911415067
2003,SEA,16,10,9.079921635596289,0.9200783644037109,0.05750489777523193,5,5.230910067251022,10,-0.23091006725102226,-0.023091006725102226,404,327,9.963663946123711,0.03633605387628869
2003,MIA,16,10,9.199082371480245,0.8009176285197555,0.050057351782484716,5,5.519382140157757,9,-0.5193821401577567,-0.05770912668419519,311,261,9.6380958520252,0.36190414797479953
2003,DEN,16,10,9.232270637647797,0.7677293623522026,0.04798308514701266,6,5.646930241211781,10,0.35306975878821856,0.03530697587882185,381,301,10.177994477133334,-0.17799447713333372
2003,MIN,16,9,8.452418457028905,0.5475815429710948,0.03422384643569343,5,4.027917112363922,8,0.9720828876360779,0.12151036095450973,416,353,9.537421472039059,-0.5374214720390587
2003,DET,16,5,4.608647751472738,0.39135224852726225,0.02445951553295389,2,2.1394774477729595,6,-0.13947744777295945,-0.023246241295493242,270,379,4.947751148828801,0.05224885117119893
2003,CHI,16,7,6.613755508684365,0.3862444913156349,0.02414028070722718,3,2.8892515413788487,7,0.11074845862115135,0.015821208374450193,283,346,6.12982739323375,0.8701726067662499
2003,NOR,16,8,7.635765462128933,0.3642345378710674,0.022764658616941713,6,5.000654072668575,10,0.9993459273314249,0.0999345927331425,340,326,8.398287718403166,-0.3982877184031661
2003,HOU,16,5,5.098428465702791,-0.09842846570279118,-0.006151779106424449,5,3.491028316298909,10,1.5089716837010911,0.1508971683701091,255,380,4.47693742297199,0.5230625770280097
2003,GNB,16,10,10.237764756416006,-0.2377647564160057,-0.014860297276000356,2,4.011689787446733,7,-2.011689787446733,-0.2873842553495333,442,307,11.255180962249398,-1.2551809622493977
2003,JAX,16,5,5.899041077063172,-0.8990410770631723,-0.05619006731644827,4,4.300314027525229,11,-0.3003140275252294,-0.02730127522956631,276,331,6.303459747732914,-1.303459747732914
2003,ARI,16,4,4.9374508763119795,-0.9374508763119795,-0.05859067976949872,4,2.4433219680923703,7,1.5566780319076297,0.22238257598680425,225,452,2.570682390715902,1.429317609284098
2003,BUF,16,6,7.16146282134767,-1.16146282134767,-0.07259142633422938,4,4.994817351048157,10,-0.994817351048157,-0.0994817351048157,243,279,6.701910545743708,-0.7019105457437078
2003,ATL,16,5,6.27682764433649,-1.2768276443364899,-0.07980172777103062,3,4.626337182114485,11,-1.6263371821144847,-0.14784883473768043,299,422,4.903735272829752,0.09626472717024814
2003,LAC,16,4,5.465706579051873,-1.465706579051873,-0.09160666119074207,3,2.485990590555959,7,0.514009409444041,0.07342991563486301,313,441,4.917609757070467,-0.9176097570704673
2003,CLE,16,5,6.513644001675873,-1.513644001675873,-0.09460275010474206,2,3.9493419932791043,9,-1.9493419932791043,-0.21659355480878936,254,322,5.808598887514676,-0.8085988875146759
2003,WAS,16,5,6.704203088134607,-1.7042030881346069,-0.10651269300841293,4,4.66285410796022,11,-0.6628541079602197,-0.06025946436001997,287,372,5.615420164917784,-0.6154201649177837
2003,NYJ,16,6,7.8140503718960215,-1.8140503718960215,-0.11337814824350134,5,5.918854482070273,13,-0.9188544820702731,-0.07068111400540562,283,299,7.479368392467989,-1.4793683924679888
2003,SFO,16,7,8.904573801536646,-1.904573801536646,-0.11903586259604038,3,5.935159071906737,11,-2.935159071906737,-0.2668326429006125,384,337,9.227923559093457,-2.2279235590934565
2003,TAM,16,7,10.0198137747492,-3.019813774749201,-0.18873836092182505,2,5.989431894132825,9,-3.9894318941328253,-0.4432702104592028,301,264,9.233491192988117,-2.233491192988117
2003,PIT,16,6,9.179266070648458,-3.179266070648458,-0.19870412941552862,2,4.094427700292748,8,-2.094427700292748,-0.2618034625365935,300,327,7.1858635779518805,-1.1858635779518805
2003,NYG,16,4,7.943784894684434,-3.943784894684434,-0.24648655591777713,2,3.6189055164230792,7,-1.6189055164230792,-0.23127221663186845,243,387,3.987118024207508,0.01288197579249184
2003,LVR,16,4,8.953649129937261,-4.953649129937261,-0.30960307062107884,3,6.849266681706357,12,-3.849266681706357,-0.32077222347552975,270,379,4.947751148828801,-0.9477511488288011
2004,PIT,16,15,9.580706199882178,5.419293800117822,0.3387058625073639,6,3.8040518343087935,6,2.1959481656912065,0.3659913609485344,372,251,11.481169278814377,3.5188307211856227
2004,LAC,16,12,7.493826109277676,4.506173890722324,0.28163586817014524,7,4.713066483724745,10,2.286933516275255,0.2286933516275255,446,313,11.172930419997169,0.8270695800028314
2004,ATL,16,11,8.609292557281067,2.3907074427189325,0.14941921516993328,6,5.801942289858703,10,0.19805771014129725,0.019805771014129725,340,337,8.084015186325374,2.9159848136746263
2004,CIN,16,8,5.768417487661768,2.231582512338232,0.1394739070211395,5,3.1724322068460333,9,1.8275677931539667,0.20306308812821852,374,372,8.050830536937363,-0.05083053693736339
2004,JAX,16,9,6.800145959526413,2.1998540404735873,0.1374908775295992,8,5.259410692117734,13,2.7405893078822663,0.21081456214478972,261,280,7.3353834035519725,1.6646165964480275
2004,BUF,16,9,7.3018368535772975,1.6981631464227025,0.1061351966514189,3,3.131216114866834,7,-0.13121611486683404,-0.018745159266690577,395,284,10.977398044136022,-1.977398044136022
2004,NWE,16,14,12.328146664601949,1.6718533353980511,0.1044908334623782,3,3.130877057627751,4,-0.13087705762775093,-0.03271926440693773,437,260,12.382850501189312,1.6171494988106883
2004,IND,16,12,10.405044267714906,1.5949557322850936,0.09968473326781835,3,3.1314260205837576,5,-0.13142602058375763,-0.026285204116751525,522,351,11.507561961174591,0.4924380388254086
2004,HOU,16,7,5.590680927683016,1.4093190723169844,0.08808244201981152,2,1.9240536999682094,5,0.07594630003179059,0.015189260006358118,309,339,7.125107423359155,-0.1251074233591547
2004,ARI,16,6,4.979407311352277,1.0205926886477226,0.06378704304048266,3,2.54814085904623,8,0.4518591409537702,0.05648239261922128,284,322,6.81823731922716,-0.8182373192271601
2004,NYJ,16,10,9.117150754436139,0.882849245563861,0.055178077847741314,4,4.517306618516974,8,-0.5173066185169741,-0.06466332731462177,333,261,10.247445123872922,-0.2474451238729216
2004,NOR,16,8,7.4437314436403215,0.5562685563596785,0.03476678477247991,7,4.965472641488564,11,2.0345273585114363,0.18495703259194876,348,405,6.577318875417824,1.4226811245821764
2004,PHI,16,13,12.592464562647258,0.4075354373527418,0.02547096483454636,4,3.252305012259372,4,0.747694987740628,0.186923746935157,386,260,11.494335934646518,1.505664065353482
2004,SEA,16,9,8.761373828480732,0.23862617151926813,0.014914135719954258,6,4.745173972962306,8,1.2548260270376943,0.1568532533797118,371,373,7.9490328248693665,1.0509671751306335
2004,BAL,16,9,8.912494987097245,0.08750501290275459,0.005469063306422162,3,3.325753761084738,6,-0.3257537610847381,-0.05429229351412301,317,268,9.571151415044977,-0.5711514150449766
2004,GNB,16,10,9.930533046831464,0.06946695316853635,0.004341684573033522,4,4.6776078456657375,7,-0.6776078456657375,-0.09680112080939107,424,380,9.032852885440228,0.9671471145597721
2004,DET,16,6,6.014555244432548,-0.014555244432547632,-0.000909702777034227,3,3.194777751148434,9,-0.19477775114843388,-0.021641972349825987,296,350,6.431957674786734,-0.43195767478673375
2004,DEN,16,10,10.070199839845841,-0.07019983984584144,-0.00438748999036509,4,4.909028063837997,8,-0.9090280638379973,-0.11362850797974966,381,304,10.090670335395595,-0.0906703353955951
2004,WAS,16,6,6.2468064771501695,-0.24680647715016946,-0.015425404821885591,6,5.60696538692726,13,0.39303461307274024,0.030233431774826174,240,265,7.064911991769219,-1.0649119917692191
2004,CAR,16,7,7.436971560648895,-0.4369715606488951,-0.027310722540555943,4,4.209004417031158,9,-0.20900441703115824,-0.02322271300346203,355,339,8.436760908188253,-1.436760908188253
2004,NYG,16,6,6.638529433515859,-0.6385294335158589,-0.03990808959474118,3,4.093023077760193,9,-1.0930230777601926,-0.12144700864002139,303,347,6.725536829345117,-0.725536829345117
2004,MIN,16,8,8.730845722339716,-0.7308457223397156,-0.04567785764623222,5,5.4197660461485,10,-0.4197660461485002,-0.04197660461485002,405,395,8.236943024800714,-0.2369430248007145
2004,LAR,16,8,9.232905317362665,-1.2329053173626647,-0.07705658233516655,5,4.255642025583388,7,0.7443579744166122,0.10633685348808745,319,392,6.08437552603448,1.9156244739655204
2004,DAL,16,6,7.253043783787559,-1.2530437837875592,-0.07831523648672245,5,4.192344365190039,9,0.8076556348099606,0.08973951497888451,293,405,5.073350501486375,0.9266494985136253
2004,LVR,16,5,6.273815375207594,-1.2738153752075938,-0.07961346095047461,5,4.558120278266151,11,0.4418797217338488,0.040170883793986256,320,442,5.079310239376828,-0.07931023937682813
2004,KAN,16,7,8.415386300885073,-1.4153863008850731,-0.08846164380531707,4,5.573245411282304,10,-1.5732454112823042,-0.1573245411282304,483,435,8.987220023816041,-1.9872200238160413
2004,CLE,16,4,5.447442449196013,-1.4474424491960134,-0.09046515307475084,1,1.8230783543451077,5,-0.8230783543451077,-0.16461567086902154,276,390,4.894196412118242,-0.8941964121182417
2004,CHI,16,5,6.781380746854396,-1.7813807468543956,-0.11133629667839973,3,3.791124356470389,8,-0.7911243564703891,-0.09889054455879864,231,331,4.782570616854729,0.21742938314527116
2004,TAM,16,5,8.043889862032795,-3.0438898620327954,-0.19024311637704971,3,6.2739961140077485,13,-3.2739961140077485,-0.25184585492367295,301,304,7.9059870285964395,-2.9059870285964395
2004,MIA,16,4,7.425138184854676,-3.425138184854676,-0.21407113655341725,3,5.311319047375504,11,-2.3113190473755036,-0.21011991339777306,275,354,5.675041722275671,-1.6750417222756706
2004,SFO,16,2,6.660321558229313,-4.660321558229313,-0.29127009738933207,2,4.1970614683911345,8,-2.1970614683911345,-0.2746326835488918,259,452,3.373773521604039,-1.373773521604039
2004,TEN,16,5,9.713515181965178,-4.713515181965178,-0.29459469887282363,5,5.491266725308213,9,-0.491266725308213,-0.054585191700912555,344,439,5.750497183207424,-0.7504971832074236
2005,CHI,16,11,7.521367987270403,3.478632012729597,0.21741450079559982,8,4.603350239403126,10,3.3966497605968744,0.33966497605968743,260,202,10.323987181850235,0.6760128181497649
2005,NYG,16,11,7.752947755493007,3.2470522445069934,0.20294076528168709,4,3.726349285117583,8,0.2736507148824172,0.03420633936030215,422,314,10.693136902116503,0.30686309788349675
2005,TAM,16,11,7.856676844385135,3.1433231556148646,0.19645769722592904,6,5.134659220282052,10,0.8653407797179478,0.08653407797179477,300,274,8.856112698451362,2.143887301548638
2005,JAX,16,12,8.924199964790212,3.075800035209788,0.19223750220061175,9,6.41013782932802,12,2.5898621706719798,0.21582184755599831,361,269,10.680977435735413,1.3190225642645874
2005,SEA,16,13,9.963942206613131,3.0360577933868687,0.1897536120866793,6,5.387488437041468,9,0.6125115629585318,0.06805684032872576,452,271,12.331587805329777,0.6684121946702231
2005,DEN,16,13,10.26600086350256,2.73399913649744,0.17087494603109,7,5.444838447701278,9,1.5551615522987223,0.17279572803319138,395,258,11.726584478593798,1.2734155214062017
2005,WAS,16,10,7.349522553480768,2.650477446519232,0.165654840407452,7,5.445070413126713,12,1.5549295868732873,0.12957746557277394,359,293,9.889499969797805,0.11050003020219457
2005,MIA,16,9,6.709133888823425,2.290866111176575,0.14317913194853593,5,4.064029769795477,10,0.9359702302045232,0.09359702302045232,318,317,8.029858153758594,0.9701418462414058
2005,IND,16,14,11.909268962020143,2.0907310379798574,0.13067068987374109,5,3.5579174598417436,5,1.4420825401582564,0.2884165080316513,439,247,12.739983896858124,1.2600161031418757
2005,CIN,16,11,9.041385848661676,1.958614151338324,0.12241338445864525,7,4.448579827421942,8,2.551420172578058,0.31892752157225723,421,350,9.723519468471371,1.2764805315286285
2005,CAR,16,11,9.237080761975673,1.7629192380243275,0.11018245237652047,6,5.0079125871626475,9,0.9920874128373525,0.11023193475970583,391,259,11.621512021652787,-0.6215120216527872
2005,KAN,16,10,8.441123018383934,1.5588769816160664,0.09742981135100415,5,5.00185929708517,9,-0.0018592970851702972,-0.0002065885650189219,403,325,9.996205817746741,0.003794182253258782
2005,DAL,16,9,7.5536762579326515,1.4463237420673485,0.09039523387920928,6,5.168835209376278,12,0.8311647906237223,0.06926373255197686,325,308,8.508629781977257,0.49137021802274283
2005,MIN,16,9,7.623213482909977,1.3767865170900233,0.08604915731812646,6,3.6536596650132687,8,2.3463403349867313,0.2932925418733414,306,344,6.897366730846791,2.102633269153209
2005,CLE,16,6,5.553482637506376,0.4465173624936236,0.027907335155851476,5,4.057288259845361,11,0.942711740154639,0.08570106728678537,232,301,5.607119930687405,0.39288006931259467
2005,LAC,16,9,8.950017964744609,0.049982035255391466,0.0031238772034619666,2,4.494080419739373,8,-2.4940804197393733,-0.31176005246742167,418,312,10.66676003306783,-1.6667600330678294
2005,PIT,16,11,10.971153121436538,0.028846878563461686,0.0018029299102163554,2,4.065250567472556,6,-2.065250567472556,-0.34420842791209266,389,258,11.612010586725631,-0.6120105867256314
2005,ARI,16,5,5.6611892424534584,-0.6611892424534584,-0.04132432765334115,2,2.8694642177793086,8,-0.8694642177793086,-0.10868302722241358,311,387,5.972531433758121,-0.972531433758121
2005,ATL,16,8,8.754329061770822,-0.7543290617708216,-0.04714556636067635,3,4.515752263911249,9,-1.5157522639112493,-0.16841691821236104,351,341,8.273900415541586,-0.2739004155415863
2005,SFO,16,4,4.790039116471659,-0.7900391164716591,-0.049377444779478696,4,2.713994068156056,8,1.286005931843944,0.160750741480493,239,428,3.213823297475628,0.7861767025243722
2005,DET,16,5,6.10876448616178,-1.10876448616178,-0.06929778038511125,2,3.334270196652899,8,-1.334270196652899,-0.16678377458161237,254,345,5.2181611692091705,-0.2181611692091705
2005,LVR,16,4,5.219788249565244,-1.2197882495652443,-0.07623676559782777,2,2.1511551003305986,6,-0.15115510033059865,-0.02519251672176644,290,383,5.454619124336322,-1.4546191243363218
2005,NWE,16,10,11.301816731800644,-1.3018167318006437,-0.08136354573754023,5,5.281923980719082,8,-0.28192398071908187,-0.035240497589885234,379,338,9.078757481317773,0.9212425186822273
2005,BAL,16,6,7.860541168941576,-1.8605411689415758,-0.11628382305884849,3,4.711667164617876,10,-1.711667164617876,-0.1711667164617876,265,299,6.863375692323958,-0.8633756923239577
2005,BUF,16,5,7.59917922302754,-2.59917922302754,-0.16244870143922124,2,3.300527007348852,7,-1.300527007348852,-0.1857895724784074,271,367,5.242918494869706,-0.24291849486970563
2005,TEN,16,4,6.660090768852419,-2.6600907688524194,-0.1662556730532762,3,3.6713137907119586,8,-0.6713137907119586,-0.08391422383899483,299,421,4.922878117799412,-0.9228781177994119
2005,LAR,16,6,8.758957022588861,-2.758957022588861,-0.17243481391180382,4,4.921401736145531,8,-0.9214017361455307,-0.11517521701819133,363,429,6.43669495513082,-0.4366949551308199
2005,NYJ,16,4,6.915286915164806,-2.915286915164806,-0.1822054321978004,2,3.156377261538486,6,-1.156377261538486,-0.19272954358974767,240,355,4.533924195976553,-0.533924195976553
2005,HOU,16,2,5.250249925937659,-3.250249925937659,-0.2031406203711037,2,3.5829540233421824,9,-1.5829540233421824,-0.1758837803713536,260,431,3.7096960519452753,-1.7096960519452753
2005,NOR,16,3,6.988235841699242,-3.9882358416992423,-0.24926474010620264,3,4.117711667828228,9,-1.1177116678282282,-0.12419018531424758,235,398,3.566877315760398,-0.5668773157603981
2005,GNB,16,4,8.240828147055556,-4.240828147055556,-0.26505175919097224,2,5.4371063475649875,10,-3.4371063475649875,-0.34371063475649877,298,344,6.652138708650446,-2.6521387086504458
2005,PHI,16,6,10.266509978578519,-4.266509978578519,-0.2666568736611574,5,6.56307423859865,10,-1.5630742385986496,-0.15630742385986496,310,388,5.921158101956081,0.07884189804391895
2006,BAL,16,13,8.856936563019957,4.143063436980043,0.2589414648112527,5,3.7931039543444647,7,1.2068960456555353,0.17241372080793363,353,201,12.665863307276437,0.33413669272356294
2006,LAC,16,14,10.889357847544167,3.110642152455833,0.19441513452848957,6,5.537421626275235,8,0.4625783737247646,0.05782229671559558,492,303,12.148806426252026,1.8511935737479739
2006,TEN,16,8,5.101794547269201,2.8982054527307994,0.18113784079567496,7,3.774862223126552,11,3.225137776873448,0.2931943433521316,324,400,6.042873642481778,1.9571263575182218
2006,NOR,16,10,7.129282249404197,2.8707177505958033,0.1794198594122377,4,4.001726173085619,9,-0.001726173085619287,-0.0001917970095132541,413,322,10.293415121805271,-0.2934151218052712
2006,CHI,16,13,10.601269393444346,2.398730606555654,0.14992066290972839,6,4.206598836162365,7,1.7934011638376353,0.25620016626251935,427,255,12.358036186153658,0.6419638138463419
2006,NYJ,16,10,7.68014007061154,2.3198599293884596,0.14499124558677873,6,4.052647370325444,9,1.9473526296745556,0.21637251440828395,316,295,8.65047064590034,1.3495293540996602
2006,PHI,16,10,8.368228722922101,1.631771277077899,0.10198570481736868,3,3.718438721392645,7,-0.7184387213926451,-0.10263410305609215,398,328,9.802338744815167,0.19766125518483335
2006,SFO,16,7,5.411037950151963,1.5889620498480372,0.09931012811550233,5,3.396183232935785,9,1.603816767064215,0.178201863007135,298,412,5.071581920441146,1.9284180795588544
2006,HOU,16,6,4.671978838322541,1.3280211616774587,0.08300132260484117,3,2.071389817453299,7,0.9286101825467008,0.13265859750667156,267,366,5.141994231480537,0.8580057685194626
2006,NWE,16,12,11.049826661750952,0.9501733382490478,0.05938583364056549,6,5.3511432322192185,8,0.6488567677807815,0.08110709597259769,385,237,12.151836145337521,-0.151836145337521
2006,DAL,16,9,8.463575552301997,0.5364244476980033,0.03352652798112521,4,2.8563275269475286,7,1.1436724730524714,0.16338178186463878,425,350,9.80879522244449,-0.8087952224444894
2006,LAR,16,8,7.504350291647985,0.4956497083520146,0.030978106772000913,5,4.192570147303482,8,0.8074298526965178,0.10092873158706472,367,381,7.645324893585739,0.3546751064142608
2006,GNB,16,8,7.58763585532866,0.41236414467133997,0.025772759041958748,4,4.121002754638527,8,-0.12100275463852661,-0.015125344329815826,301,366,6.178912127546992,1.821087872453008
2006,BUF,16,7,6.8488831699447825,0.15111683005521748,0.009444801878451092,3,3.427964263964296,8,-0.427964263964296,-0.053495532995537,300,311,7.658828110640367,-0.6588281106403668
2006,IND,16,12,12.087111557461768,-0.08711155746176757,-0.005444472341360473,8,8.142221461398616,11,-0.14222146139861636,-0.012929223763510578,427,360,9.596338014122475,2.403661985877525
2006,KAN,16,9,9.198022124840726,-0.19802212484072612,-0.012376382802545383,6,5.19891143895142,9,0.8010885610485801,0.08900984011650889,331,315,8.469154637744172,0.5308453622558282
2006,ARI,16,5,5.3655136865156665,-0.3655136865156665,-0.022844605407229157,4,3.770633287564358,10,0.22936671243564222,0.022936671243564223,314,389,6.01201963849009,-1.0120196384900897
2006,CIN,16,8,8.743013167634306,-0.7430131676343059,-0.04643832297714412,3,5.402291806203577,10,-2.4022918062035767,-0.24022918062035767,373,331,9.124976666709063,-1.1249766667090633
2006,NYG,16,8,8.817130218240289,-0.8171302182402886,-0.05107063864001804,5,4.387357673509352,8,0.612642326490648,0.076580290811331,355,362,7.814922545376859,0.18507745462314062
2006,CAR,16,8,8.89832655198013,-0.89832655198013,-0.056145409498758125,4,4.42194158669177,9,-0.4219415866917702,-0.046882398521307794,270,305,6.852453774997967,1.1475462250020332
2006,MIA,16,6,7.124761718933985,-1.1247617189339847,-0.07029760743337404,3,3.9182500680391015,8,-0.9182500680391015,-0.11478125850488768,260,283,7.199116983524429,-1.199116983524429
2006,ATL,16,7,8.204629446862002,-1.2046294468620022,-0.07528934042887514,3,3.9185459705425045,8,-0.9185459705425045,-0.11481824631781307,292,328,6.9047773895189,0.09522261048110003
2006,SEA,16,9,10.228984351910844,-1.228984351910844,-0.07681152199442776,4,5.112270936959004,9,-1.1122709369590043,-0.12358565966211159,335,341,7.831736376082639,1.168263623917361
2006,JAX,16,8,9.244934704443157,-1.244934704443157,-0.0778084190276973,4,6.016498085964186,11,-2.0164980859641863,-0.18331800781492602,371,274,10.75566898411438,-2.7556689841143793
2006,CLE,16,4,5.35740695141822,-1.3574069514182199,-0.08483793446363874,4,2.9672948491226023,8,1.0327051508773977,0.1290881438596747,238,356,4.448320156119839,-0.44832015611983866
2006,PIT,16,8,9.39671271994159,-1.3967127199415899,-0.08729454499634937,4,4.0607322921166995,7,-0.060732292116699504,-0.008676041730957072,353,315,9.07321992933147,-1.0732199293314704
2006,DEN,16,9,10.648006012044235,-1.6480060120442346,-0.10300037575276466,3,4.764568692620698,7,-1.7645686926206983,-0.2520812418029569,319,305,8.425055356097849,0.5749446439021515
2006,DET,16,3,4.683151489897012,-1.6831514898970124,-0.10519696811856327,1,2.8868317504547933,9,-1.8868317504547933,-0.2096479722727548,305,398,5.5574394580433975,-2.5574394580433975
2006,MIN,16,6,8.461546680832322,-2.4615466808323223,-0.15384666755202014,3,4.951662249097534,9,-1.9516622490975344,-0.21685136101083716,282,327,6.610681952189204,-0.6106819521892044
2006,LVR,16,2,4.544151442295735,-2.5441514422957354,-0.15900946514348346,2,1.7416315267961788,6,0.25836847320382117,0.04306141220063686,168,332,2.6557128659664544,-0.6557128659664544
2006,TAM,16,4,6.79291472913637,-2.7929147291363696,-0.1745571705710231,3,3.101707591423765,7,-0.10170759142376484,-0.014529655917680693,211,353,3.6480377449430175,0.35196225505698253
2006,WAS,16,5,8.03938473194726,-3.03938473194726,-0.18996154574670376,4,5.735268852369376,11,-1.7352688523693756,-0.15775171385176143,307,376,6.114155956416354,-1.1141559564163543
2007,NWE,16,16,11.988735411146603,4.011264588853397,0.2507040368033373,5,3.3222465498110463,5,1.6777534501889537,0.33555069003779076,589,274,13.757044189053158,2.2429558109468424
2007,GNB,16,13,9.731747819943923,3.268252180056077,0.20426576125350482,5,3.1744712318369674,6,1.8255287681630326,0.30425479469383876,435,291,11.546827468150283,1.4531725318497166
2007,DAL,16,13,9.73383126108544,3.26616873891456,0.20413554618216,7,4.9457861492550235,8,2.0542138507449765,0.25677673134312207,455,325,11.030822960459243,1.9691770395407566
2007,CLE,16,10,6.799153649047581,3.2008463509524194,0.20005289693452621,6,4.209645739766404,10,1.7903542602335962,0.17903542602335962,402,382,8.483189582141884,1.5168104178581157
2007,WAS,16,9,6.823716377655881,2.176283622344119,0.13601772639650744,4,4.646302477263841,10,-0.6463024772638413,-0.06463024772638412,334,310,8.70507706509533,0.2949229349046707
2007,HOU,16,8,5.865541397703321,2.1344586022966787,0.13340366264354242,3,2.8441316747176173,6,0.1558683252823827,0.02597805421373045,379,384,7.875761814762585,0.12423818523741481
2007,TEN,16,10,8.000761550831399,1.999238449168601,0.12495240307303757,8,6.371582355408415,13,1.6284176445915852,0.12526289573781424,301,297,8.126814010510229,1.8731859894897713
2007,JAX,16,11,9.226499303114311,1.773500696885689,0.11084379355535556,5,3.663443726465642,7,1.3365562735343581,0.19093661050490832,411,304,10.743057916546901,0.2569420834530991
2007,DET,16,7,5.4811533725943296,1.5188466274056704,0.0949279142128544,4,2.980717259404821,7,1.019282740595179,0.14561182008502557,346,444,5.702324409531721,1.2976755904682786
2007,IND,16,13,11.799147735383256,1.2008522646167439,0.07505326653854649,5,5.775371833867771,8,-0.7753718338677711,-0.09692147923347139,450,262,12.524478030864433,0.475521969135567
2007,NYG,16,10,8.870438492249473,1.1295615077505268,0.07059759423440792,6,3.8332923172767237,8,2.1667076827232763,0.27083846034040954,373,351,8.575315148893836,1.4246848511061643
2007,ARI,16,8,6.996313124205347,1.0036868757946529,0.0627304297371658,6,5.758452084156285,13,0.24154791584371527,0.01858060891105502,404,399,8.118050241442532,-0.11805024144253196
2007,TAM,16,9,8.068440213989156,0.931559786010844,0.05822248662567775,6,4.78719442765661,9,1.21280557234339,0.1347561747048211,334,270,9.974923475008271,-0.9749234750082714
2007,MIN,16,8,7.080373956329548,0.9196260436704522,0.05747662772940326,3,3.6739524410312683,8,-0.6739524410312683,-0.08424405512890853,365,311,9.499837536732956,-1.4998375367329562
2007,LVR,16,4,3.7993170120112145,0.20068298798878548,0.012542686749299092,2,2.536803477748758,9,-0.5368034777487578,-0.05964483086097309,283,398,4.9324482129258325,-0.9324482129258325
2007,LAC,16,11,10.898511205251726,0.1014887947482741,0.006343049671767131,3,3.157701850610561,6,-0.15770185061056097,-0.02628364176842683,412,284,11.314976907549363,-0.31497690754936336
2007,SEA,16,10,10.013793635450803,-0.01379363545080281,-0.0008621022156751756,4,4.658822596716325,8,-0.658822596716325,-0.08235282458954063,393,291,10.734026228574427,-0.734026228574427
2007,PHI,16,8,8.265733813298073,-0.26573381329807333,-0.016608363331129583,5,4.950198732436572,11,0.04980126756342784,0.004527387960311622,336,300,9.067943518382958,-1.0679435183829575
2007,PIT,16,10,10.345196175676346,-0.345196175676346,-0.021574760979771623,3,5.278907469938684,8,-2.2789074699386838,-0.28486343374233547,393,269,11.370136116792708,-1.3701361167927075
2007,BUF,16,7,7.5283430837981555,-0.5283430837981555,-0.03302144273738472,5,4.6443412369368415,9,0.35565876306315847,0.03951764034035094,252,354,4.941649209177638,2.058350790822362
2007,SFO,16,5,5.682945816235062,-0.6829458162350619,-0.04268411351469137,5,3.629276630491272,9,1.370723369508728,0.1523025966120809,219,364,3.691791185599652,1.308208814400348
2007,CAR,16,7,7.852040266203254,-0.8520402662032538,-0.05325251663770336,5,3.5473310743048176,7,1.4526689256951824,0.2075241322421689,267,347,5.592426800175036,1.4075731998249639
2007,NOR,16,7,7.977586306966017,-0.9775863069660167,-0.06109914418537604,4,5.5118910405600605,10,-1.5118910405600605,-0.15118910405600605,379,388,7.777569947586681,-0.7775699475866809
2007,CIN,16,7,8.235225494877906,-1.2352254948779056,-0.0772015934298691,4,4.903633272689756,9,-0.9036332726897562,-0.10040369696552848,380,385,7.876086577715764,-0.876086577715764
2007,DEN,16,7,8.753358231827036,-1.7533582318270362,-0.10958488948918976,4,4.091574905668235,7,-0.09157490566823512,-0.013082129381176446,320,409,5.737090560570602,1.2629094394293983
2007,CHI,16,7,8.902887043402785,-1.9028870434027851,-0.11893044021267407,3,4.128280350706707,8,-1.1282803507067074,-0.14103504383833843,334,348,7.6110440191593955,-0.6110440191593955
2007,ATL,16,4,6.030315795767292,-2.030315795767292,-0.12689473723545575,4,4.331710474891307,11,-0.3317104748913069,-0.030155497717391535,259,414,3.9611043436323974,0.038895656367602616
2007,NYJ,16,4,6.446884988038015,-2.446884988038015,-0.15293031175237592,4,5.434786119549225,12,-1.4347861195492246,-0.11956550996243538,268,355,5.429284911127868,-1.4292849111278683
2007,LAR,16,3,6.32365872076881,-3.32365872076881,-0.20772867004805062,1,3.100959944221997,6,-2.100959944221997,-0.35015999070366616,263,438,3.6784628402167736,-0.6784628402167736
2007,BAL,16,5,8.748922141915019,-3.7489221419150187,-0.23430763386968867,4,5.265305632565399,9,-1.2653056325653989,-0.14058951472948877,275,384,4.990318288900259,0.009681711099741364
2007,KAN,16,4,8.347691063745408,-4.347691063745408,-0.271730691484088,3,4.556471905103601,8,-1.5564719051036011,-0.19455898813795014,226,335,4.517642590191189,-0.5176425901911887
2007,MIA,16,1,5.381735539487509,-4.381735539487509,-0.2738584712179693,1,3.285413016941449,9,-2.285413016941449,-0.253934779660161,267,437,3.7964445605250874,-2.7964445605250874
2008,MIA,16,11,6.568443489536917,4.431556510463083,0.2769722819039427,7,4.575339125204074,9,2.4246608747959257,0.269406763866214,345,317,8.799732179593997,2.200267820406003
2008,ATL,16,11,6.928898458085643,4.071101541914357,0.2544438463696473,9,5.019098574775153,11,3.9809014252248467,0.3619001295658952,391,325,9.725170983969342,1.2748290160306581
2008,CAR,16,12,8.76839338226998,3.2316066177300193,0.2019754136081262,6,3.543216369182865,8,2.456783630817135,0.3070979538521419,414,329,10.126278616552836,1.8737213834471635
2008,TEN,16,13,10.135955068614411,2.864044931385589,0.1790028082115993,6,3.985863038925052,7,2.014136961074948,0.28773385158213544,375,234,12.057000264185248,0.9429997358147517
2008,BAL,16,11,8.172125893243184,2.8278741067568163,0.17674213167230102,2,2.344428041670978,5,-0.34442804167097796,-0.06888560833419559,385,244,11.946622167277836,-0.9466221672778357
2008,PIT,16,12,9.195498618725471,2.8045013812745285,0.17528133632965803,6,4.998506998952609,9,1.0014930010473906,0.11127700011637673,347,223,11.84595109204626,0.15404890795374016
2008,MIN,16,10,7.523046940965715,2.476953059034285,0.1548095661896428,9,6.892022669843924,14,2.107977330156076,0.15056980929686256,379,333,9.217128873596991,0.782871126403009
2008,NYG,16,12,9.910913193795158,2.0890868062048416,0.1305679253878026,4,4.082740113516316,7,-0.08274011351631572,-0.011820016216616531,427,294,11.32404215922677,0.6759578407732292
2008,SFO,16,7,5.555037253245332,1.4449627467546682,0.09031017167216676,5,2.9989135367197326,8,2.0010864632802674,0.2501358079100334,339,381,6.899759583443646,0.10024041655635418
2008,IND,16,12,10.773928977122182,1.226071022877818,0.07662943892986362,8,6.208426849218034,10,1.791573150781966,0.1791573150781966,377,298,10.173276631588635,1.8267233684113648
2008,NYJ,16,9,7.850238617744088,1.149761382255912,0.0718600863909945,5,4.273355539671787,8,0.7266444603282132,0.09083055754102665,405,356,9.213078178326752,-0.2130781783267519
2008,HOU,16,8,6.958026016079291,1.041973983920709,0.06512337399504431,6,4.649163898041687,11,1.350836101958313,0.12280328199621028,366,394,7.302929583041066,0.6970704169589341
2008,ARI,16,9,8.07867178894508,0.9213282110549201,0.05758301319093251,4,3.9101656124903217,8,0.08983438750967832,0.01122929843870979,427,426,8.022227385577693,0.9777726144223067
2008,LVR,16,5,4.563923707016517,0.4360762929834827,0.02725476831146767,2,2.135004080806447,6,-0.1350040808064472,-0.02250068013440787,263,388,4.554184908501209,0.4458150914987913
2008,TAM,16,9,8.8549224220043,0.14507757799569987,0.009067348624731242,4,5.816335653386845,11,-1.8163356533868447,-0.1651214230351677,361,323,9.048355409620296,-0.04835540962029583
2008,PHI,16,9,8.899470872916194,0.10052912708380646,0.006283070442737904,4,4.949497378221263,10,-0.9494973782212632,-0.09494973782212632,416,289,11.253570537049443,-2.253570537049443
2008,CHI,16,9,8.899664382891107,0.10033561710889316,0.0062709760693058225,5,6.3814360615954495,11,-1.3814360615954495,-0.12558509650867722,375,350,8.65259904939613,0.3474009506038698
2008,NOR,16,8,7.964708018361143,0.03529198163885727,0.0022057488524285795,3,4.5011719186676675,10,-1.5011719186676675,-0.15011719186676675,463,393,9.534684501697797,-1.5346845016977966
2008,DEN,16,8,8.390379706544024,-0.39037970654402443,-0.024398731659001527,6,4.449743790503836,8,1.5502562094961636,0.19378202618702045,370,448,6.217003317504574,1.7829966824954262
2008,WAS,16,8,8.730742523883027,-0.730742523883027,-0.045671407742689185,7,6.249934602441761,11,0.750065397558239,0.06818776341438536,265,296,6.95719821975914,1.0428017802408602
2008,DAL,16,9,9.792406929783496,-0.7924069297834961,-0.04952543311146851,4,4.496309831685671,8,-0.49630983168567067,-0.06203872896070883,362,365,7.921762710540456,1.078237289459544
2008,BUF,16,7,8.190683414300594,-1.1906834143005938,-0.07441771339378711,4,3.6086746199122137,7,0.3913253800877863,0.05590362572682661,336,342,7.832232609150497,-0.8322326091504966
2008,NWE,16,11,12.709747152294774,-1.7097471522947743,-0.10685919701842339,3,3.962124507615256,5,-0.9621245076152558,-0.19242490152305117,410,309,10.585030873114587,0.41496912688541343
2008,CIN,16,4,5.877634759515951,-1.877634759515951,-0.11735217246974694,2,2.291600687629134,6,-0.29160068762913394,-0.04860011460485566,204,364,3.2359494756602567,0.7640505243397433
2008,CLE,16,4,6.441967535412671,-2.4419675354126706,-0.15262297096329192,2,2.378942121137794,6,-0.3789421211377939,-0.06315702018963232,232,350,4.383643229010227,-0.38364322901022696
2008,LAC,16,8,10.622125410919704,-2.622125410919704,-0.1638828381824815,3,6.4542863664161985,10,-3.4542863664161985,-0.3454286366416198,439,347,10.173477983548457,-2.173477983548457
2008,LAR,16,2,4.73392472615164,-2.73392472615164,-0.1708702953844775,1,2.1651497839815317,7,-1.1651497839815317,-0.1664499691402188,232,465,2.5823718440844123,-0.5823718440844123
2008,KAN,16,2,5.380130934068985,-3.380130934068985,-0.21125818337931157,1,2.234214388720611,8,-1.234214388720611,-0.15427679859007637,291,440,4.366649647204005,-2.366649647204005
2008,JAX,16,5,8.396234045885956,-3.396234045885956,-0.21226462786787226,4,5.940007982380154,11,-1.9400079823801537,-0.17636436203455944,302,367,6.184200498155679,-1.184200498155679
2008,GNB,16,6,9.471138588110119,-3.4711385881101187,-0.21694616175688242,2,5.119925315893678,9,-3.1199253158936777,-0.34665836843263087,419,380,8.922076792126946,-2.922076792126946
2008,SEA,16,4,7.58117858927516,-3.5811785892751598,-0.22382366182969748,2,4.961255308646234,10,-2.9612553086462343,-0.29612553086462345,294,392,5.373731635788474,-1.3737316357884737
2008,DET,16,0,4.0798385822921865,-4.0798385822921865,-0.25498991139326166,0,1.42314523214572,5,-1.42314523214572,-0.284629046429144,268,517,2.7847290561870977,-2.7847290561870977
2009,LAC,16,13,10.073626184924713,2.926373815075287,0.18289836344220545,8,5.461856937126148,9,2.5381430628738517,0.2820158958748724,454,320,11.138192207187446,1.861807792812554
2009,NOR,16,13,10.156079805919,2.843920194081001,0.17774501213006255,6,5.946453463203307,9,0.05354653679669319,0.005949615199632576,510,341,11.550676513680486,1.4493234863195141
2009,CIN,16,10,8.097295988597576,1.9027040114024238,0.11891900071265149,7,4.590610652975935,10,2.4093893470240646,0.24093893470240646,305,291,8.44499127838141,1.5550087216185897
2009,GNB,16,11,9.266271349485212,1.733728650514788,0.10835804065717425,4,4.20810996930742,8,-0.20810996930742043,-0.026013746163427554,461,297,11.827796837874859,-0.8277968378748586
2009,DAL,16,11,9.471259205621458,1.5287407943785425,0.0955462996486589,6,5.324100841302972,10,0.6758991586970282,0.06758991586970282,361,250,11.27852220958783,-0.27852220958783036
2009,MIN,16,12,10.484008790133226,1.5159912098667743,0.09474945061667339,4,3.616432063504147,6,0.3835679364958531,0.06392798941597551,470,312,11.605288239110596,0.39471176088940396
2009,IND,16,14,12.567132142428687,1.4328678575713134,0.08955424109820709,7,5.337986110698749,7,1.6620138893012513,0.23743055561446447,416,307,10.762046647387171,3.237953352612829
2009,HOU,16,9,7.574551470912349,1.4254485290876513,0.0890905330679782,6,4.98949865993302,11,1.0105013400669796,0.09186375818790724,388,333,9.433495106443042,-0.4334951064430417
2009,NYJ,16,9,7.633358796009523,1.3666412039904774,0.08541507524940484,4,4.754707392109541,9,-0.7547073921095411,-0.08385637690106013,348,236,11.442103112008876,-2.4421031120088763
2009,PHI,16,11,9.810699823239112,1.189300176760888,0.0743312610475555,6,5.245136885916327,9,0.7548631140836726,0.08387367934263029,429,337,10.227800517301889,0.7721994826981113
2009,ARI,16,10,9.113621505680342,0.8863784943196578,0.05539865589497861,5,3.719301928882382,7,1.2806980711176181,0.18295686730251687,375,325,9.343740638767622,0.6562593612323777
2009,ATL,16,9,8.162605631926937,0.8373943680730633,0.05233714800456646,4,3.9280951777348037,8,0.07190482226519634,0.008988102783149543,363,325,9.042317412226257,-0.04231741222625729
2009,SFO,16,8,7.171905868476591,0.8280941315234092,0.05175588322021307,3,3.691111377599573,10,-0.6911113775995732,-0.06911113775995732,330,281,9.505631612117694,-1.5056316121176945
2009,CAR,16,8,7.682255115196826,0.3177448848031741,0.01985905530019838,4,3.2741104095854534,6,0.7258895904145466,0.12098159840242444,315,308,8.21299232626819,-0.2129923262681892
2009,LVR,16,5,5.0019485940666515,-0.0019485940666514878,-0.00012178712916571799,5,2.7778922924564435,8,2.2221077075435565,0.27776346344294456,197,379,2.7996060362656094,2.2003939637343906
2009,DEN,16,8,8.011603912951843,-0.011603912951843043,-0.0007252445594901902,3,2.8315906830689372,6,0.16840931693106276,0.02806821948851046,326,324,8.058337611554576,-0.05833761155457573
2009,MIA,16,7,7.128863855904518,-0.12886385590451788,-0.008053990994032367,6,4.9848953606915085,11,1.0151046393084915,0.0922822399371356,360,390,7.2434625362220615,-0.2434625362220615
2009,BUF,16,6,6.173307943598086,-0.1733079435980862,-0.010831746474880388,3,4.3535937808823135,10,-1.3535937808823135,-0.13535937808823134,258,326,5.8373860780540845,0.1626139219459155
2009,KAN,16,4,4.302533268410551,-0.30253326841055106,-0.01890832927565944,2,2.6974406232419095,8,-0.6974406232419095,-0.08718007790523868,294,424,4.731449033205426,-0.7314490332054264
2009,CLE,16,5,5.499991959443822,-0.4999919594438218,-0.031249497465238862,4,2.7370797665786784,7,1.2629202334213216,0.18041717620304595,245,375,4.275333615386614,0.7246663846133856
2009,JAX,16,7,7.578869884658507,-0.5788698846585074,-0.036179367791156714,6,6.058138961384325,12,-0.05813896138432462,-0.004844913448693718,290,380,5.521817837947539,1.4781821620524607
2009,BAL,16,9,9.77681506846784,-0.7768150684678403,-0.04855094177924002,2,3.812201865897924,8,-1.812201865897924,-0.2265252332372405,391,261,11.563293968813193,-2.563293968813193
2009,NWE,16,10,11.049123126825737,-1.0491231268257373,-0.06557019542660858,3,5.635733912623764,9,-2.635733912623764,-0.29285932362486267,427,285,11.564112211524112,-1.5641122115241117
2009,TEN,16,8,9.08208598414164,-1.0820859841416404,-0.06763037400885252,5,5.34537542580178,9,-0.34537542580178027,-0.03837504731130892,354,402,6.803609594000552,1.1963904059994483
2009,CHI,16,7,8.351635290207707,-1.3516352902077067,-0.08447720563798167,3,4.119387836752686,9,-1.1193878367526864,-0.12437642630585405,327,375,6.71284628959206,0.2871537104079396
2009,DET,16,2,3.6373933303392034,-1.6373933303392034,-0.10233708314620021,2,1.5075919373922906,4,0.4924080626077094,0.12310201565192735,262,494,2.911578282343899,-0.9115782823438989
2009,PIT,16,9,10.712522177209081,-1.712522177209081,-0.10703263607556757,4,7.21574894327609,11,-3.2157489432760897,-0.29234081302509907,368,324,9.198097946958868,-0.1980979469588675
2009,SEA,16,5,6.7198332928051,-1.7198332928050997,-0.10748958080031873,2,2.2164400377623013,5,-0.21644003776230125,-0.04328800755246025,280,390,5.010803362792017,-0.01080336279201699
2009,NYG,16,8,10.036977391198121,-2.0369773911981213,-0.12731108694988258,4,4.813887856289938,8,-0.8138878562899379,-0.10173598203624223,402,427,7.429025829436261,0.5709741705637388
2009,TAM,16,3,5.33780649686367,-2.33780649686367,-0.14611290605397936,1,2.4279525039171688,7,-1.4279525039171688,-0.20399321484530983,244,400,3.785394547564634,-0.7853945475646338
2009,LAR,16,1,3.536831932334594,-2.536831932334594,-0.1585519957709121,1,1.1839666408384213,5,-0.1839666408384213,-0.036793328167684256,175,436,1.6492680587355943,-0.6492680587355943
2009,WAS,16,4,6.7971848120217775,-2.7971848120217775,-0.1748240507513611,3,4.193569701263739,10,-1.1935697012637387,-0.11935697012637388,266,336,5.840224167229651,-1.8402241672296507
2010,ATL,16,13,9.969430631072258,3.0305693689277415,0.18941058555798385,7,5.189213649845093,9,1.810786350154907,0.20119848335054524,414,288,11.242858017341373,1.7571419826586272
2010,KAN,16,10,7.014382295698216,2.9856177043017844,0.18660110651886153,8,4.559974287346569,10,3.440025712653431,0.34400257126534306,366,326,9.090349137486418,0.9096508625135815
2010,NWE,16,14,11.038939066499164,2.9610609335008355,0.18506630834380222,5,2.9697001489352948,5,2.0302998510647052,0.40605997021294105,518,313,12.27911915221104,1.72088084778896
2010,TAM,16,10,7.1137165575266135,2.8862834424733865,0.18039271515458666,6,4.6242383905478865,10,1.3757616094521135,0.13757616094521136,341,318,8.66049188275032,1.3395081172496806
2010,DET,16,6,3.230713674670001,2.769286325329999,0.17308039533312494,5,2.4402612711714866,11,2.5597387288285134,0.23270352080259213,362,369,7.8184661104016415,-1.8184661104016415
2010,CHI,16,11,8.44570693765828,2.5542930623417206,0.15964331639635754,10,7.221248563539984,13,2.7787514364600163,0.21375011049692433,334,286,9.454463386473442,1.5455366135265578
2010,LVR,16,8,5.606496946968719,2.3935030530312806,0.14959394081445504,3,2.8182601945354016,7,0.18173980546459845,0.025962829352085492,410,371,8.943167672065872,-0.9431676720658722
2010,BAL,16,12,9.728607830685041,2.271392169314959,0.14196201058218494,8,6.962037829309566,12,1.0379621706904336,0.08649684755753613,357,270,10.5552580285216,1.4447419714784004
2010,LAR,16,7,5.034349605271629,1.965650394728371,0.12285314967052319,2,2.070850312171027,7,-0.07085031217102689,-0.010121473167289554,289,328,6.808876702302576,0.1911232976974242
2010,PIT,16,12,10.42972463195317,1.5702753680468309,0.09814221050292693,5,5.317876977109675,9,-0.317876977109675,-0.03531966412329722,375,232,12.117134492321867,-0.1171344923218669
2010,NYJ,16,11,9.734349445917221,1.2656505540827787,0.07910315963017367,6,5.3951213444284845,9,0.6048786555715155,0.06720873950794617,367,304,9.756344364418979,1.243655635581021
2010,NYG,16,10,8.915178953057168,1.0848210469428317,0.06780131543392698,5,3.3157288479744516,6,1.6842711520255484,0.28071185867092474,394,347,9.19519438150109,0.8048056184989107
2010,JAX,16,8,7.249908975027033,0.7500910249729671,0.04688068906081044,6,5.213986213903383,10,0.7860137860966168,0.07860137860966168,353,419,6.397083061379959,1.6029169386200408
2010,NOR,16,11,10.288471800779547,0.711528199220453,0.04447051245127831,7,5.2386063051245655,9,1.7613936948754345,0.19571041054171495,384,307,10.073198859628311,0.9268011403716887
2010,SEA,16,7,6.556318539288064,0.4436814607119359,0.027730091294495995,3,1.4998005153853984,4,1.5001994846146016,0.3750498711536504,310,407,5.505112945660845,1.4948870543391548
2010,GNB,16,10,9.788356112880091,0.21164388711990867,0.013227742944994292,4,5.992750918243748,10,-1.9927509182437477,-0.19927509182437478,388,240,12.11837321026011,-2.11837321026011
2010,PHI,16,10,9.954329417818174,0.045670582181825736,0.0028544113863641085,5,5.590014449835951,9,-0.5900144498359507,-0.06555716109288341,439,377,9.427909884921817,0.5720901150781827
2010,WAS,16,6,6.037887640841765,-0.03788764084176499,-0.002367977552610312,6,4.061480596430697,12,1.9385194035693027,0.16154328363077522,302,377,5.944291772205909,0.055708227794091236
2010,MIA,16,7,7.4911022600644275,-0.4911022600644275,-0.030693891254026717,5,5.038669584943794,10,-0.038669584943794355,-0.0038669584943794356,273,333,6.150642992432879,0.8493570075671206
2010,CLE,16,5,5.733664957247958,-0.7336649572479583,-0.045854059827997395,3,4.239667406315896,10,-1.2396674063158963,-0.12396674063158963,271,332,6.111696231632552,-1.1116962316325516
2010,IND,16,10,11.146188430082896,-1.146188430082896,-0.071636776880181,5,6.12330986645196,9,-1.1233098664519598,-0.12481220738355109,435,388,9.077364858656086,0.922635141343914
2010,SFO,16,6,7.357282408969288,-1.3572824089692883,-0.08483015056058052,2,4.120809529583508,9,-2.120809529583508,-0.23564550328705647,305,346,6.81314045140292,-0.8131404514029201
2010,BUF,16,4,5.462065566361072,-1.4620655663610718,-0.09137909789756699,3,3.731698245117181,9,-0.731698245117181,-0.0812998050130201,283,425,4.418073175219534,-0.4180731752195337
2010,LAC,16,9,10.733695929390972,-1.7336959293909722,-0.10835599558693576,3,4.393649064500233,7,-1.3936490645002326,-0.19909272350003324,441,322,10.850631488157719,-1.8506314881577186
2010,HOU,16,6,7.886071403210792,-1.8860714032107921,-0.11787946270067451,5,5.341219890515792,10,-0.3412198905157924,-0.03412198905157924,390,427,7.144047498733447,-1.144047498733447
2010,MIN,16,6,8.103008271131309,-2.1030082711313085,-0.13143801694570678,3,5.238827872638913,10,-2.238827872638913,-0.22388278726389127,281,348,6.0150311811777195,-0.01503118117771951
2010,DAL,16,6,8.256109750763086,-2.256109750763086,-0.14100685942269287,3,5.775464039178717,11,-2.7754640391787166,-0.2523149126526106,394,436,7.044343215213118,-1.044343215213118
2010,CIN,16,4,6.317980830158184,-2.3179808301581843,-0.14487380188488652,2,3.7118118467784105,9,-1.7118118467784105,-0.1902013163087123,322,395,6.099901436601,-2.099901436601
2010,TEN,16,6,8.852850125340593,-2.852850125340593,-0.17830313283378707,1,4.617355175978501,9,-3.617355175978501,-0.4019283528865001,356,339,8.463343173019632,-2.4633431730196325
2010,DEN,16,4,7.000021055890118,-3.0000210558901177,-0.18750131599313236,2,3.3972479308756975,8,-1.3972479308756975,-0.1746559913594622,344,471,5.151660437351345,-1.151660437351345
2010,ARI,16,5,8.680219016771375,-3.6802190167713746,-0.23001368854821092,3,3.9586337326200933,7,-0.9586337326200933,-0.13694767608858477,289,434,4.4182583097796995,0.5817416902203005
2010,CAR,16,2,6.842870931005777,-4.842870931005777,-0.30267943318786106,2,2.8304849986626426,6,-0.8304849986626426,-0.13841416644377377,196,408,2.3939466703764847,-0.3939466703764847
2011,SFO,16,13,8.94814360155002,4.05185639844998,0.2532410249031237,7,4.6523944048378345,9,2.3476055951621655,0.2608450661291295,380,229,12.297206877197928,0.7027931228020723
2011,DET,16,10,6.5383921586345375,3.4616078413654625,0.2163504900853414,8,4.6481243682959885,11,3.3518756317040115,0.3047159665185465,474,387,9.88621320568954,0.11378679431046024
2011,GNB,16,15,11.938891554719827,3.0611084452801727,0.1913192778300108,7,5.437522121212284,8,1.5624778787877158,0.19530973484846448,560,359,11.86386704813439,3.1361329518656103
2011,NOR,16,13,10.448672022497181,2.551327977502819,0.15945799859392618,4,2.953945516154286,5,1.046054483845714,0.20921089676914278,547,339,12.104995568528361,0.895004431471639
2011,DEN,16,8,5.945717531377385,2.054282468622615,0.12839265428891344,7,4.75316803386612,12,2.24683196613388,0.18723599717782333,309,390,5.847339768704153,2.1526602312958474
2011,ARI,16,8,6.324485281438295,1.675514718561705,0.10471966991010656,8,5.493147829782308,13,2.506852170217692,0.19283478232443782,312,348,6.970530347944852,1.0294696520551483
2011,HOU,16,10,8.72502277318696,1.2749772268130393,0.07968607667581495,6,5.423539423303502,10,0.5764605766964976,0.05764605766964977,381,278,10.856298561473592,-0.8562985614735918
2011,PIT,16,12,10.749197557764763,1.250802442235237,0.07817515263970232,5,4.524519128990498,7,0.475480871009502,0.06792583871564314,325,227,11.210866858694596,0.7891331413054044
2011,CIN,16,9,7.852373703690661,1.1476262963093387,0.07172664351933367,8,6.790609827611047,13,1.2093901723889529,0.09303001326068869,344,323,8.596032370794354,0.40396762920564555
2011,NWE,16,13,12.191651651115755,0.8083483488842447,0.05052177180526529,5,5.495852947302729,7,-0.4958529473027289,-0.07083613532896127,513,342,11.572998914808046,1.4270010851919537
2011,TEN,16,9,8.240012118550226,0.7599878814497742,0.04749924259061089,6,5.195238841400938,10,0.8047611585990619,0.08047611585990619,325,317,8.23620523777479,0.7637947622252099
2011,BAL,16,12,11.25682239343356,0.7431776065664408,0.04644860041040255,4,4.36175035118739,6,-0.3617503511873901,-0.06029172519789835,378,266,11.15119029453244,0.8488097054675592
2011,CAR,16,6,5.356488495026723,0.6435115049732767,0.04021946906082979,2,2.5907703047991273,7,-0.5907703047991273,-0.08439575782844676,406,429,7.478357547937791,-1.478357547937791
2011,KAN,16,7,6.379276956642473,0.6207230433575273,0.038795190209845454,6,4.297840494860685,11,1.7021595051393152,0.1547417731944832,212,338,3.979344658954271,3.020655341045729
2011,LVR,16,8,7.437167883490159,0.5628321165098411,0.03517700728186507,7,5.275173183409327,11,1.7248268165906726,0.15680243787187934,359,433,6.251948077480935,1.748051922519065
2011,SEA,16,7,6.560015145154749,0.4399848548452514,0.027499053427828213,3,4.092805136795196,9,-1.0928051367951959,-0.12142279297724398,321,315,8.178843429028536,-1.178843429028536
2011,NYG,16,9,8.807563409421665,0.1924365905783354,0.012027286911145962,5,4.19042382953846,8,0.8095761704615398,0.10119702130769248,394,400,7.8567380306095815,1.1432619693904185
2011,ATL,16,10,10.291644554425297,-0.2916445544252966,-0.018227784651581036,4,5.301716401051991,9,-1.3017164010519906,-0.1446351556724434,402,350,9.301491499734428,0.6985085002655715
2011,BUF,16,6,6.3647062074808956,-0.36470620748089555,-0.022794137967555972,3,3.270630607751848,8,-0.2706306077518481,-0.03382882596898101,372,434,6.554691496967499,-0.5546914969674992
2011,MIA,16,6,6.531343268466812,-0.531343268466812,-0.03320895427917575,3,4.291782346341417,10,-1.2917823463414173,-0.12917823463414174,329,313,8.472072154784115,-2.472072154784115
2011,DAL,16,8,8.84798638309373,-0.8479863830937298,-0.05299914894335811,4,5.404951891179272,10,-1.4049518911792722,-0.14049518911792722,369,347,8.581724705668622,-0.5817247056686217
2011,LAC,16,8,9.006209481775684,-1.0062094817756844,-0.06288809261098027,5,6.568962972973596,11,-1.5689629729735959,-0.14263299754305417,406,377,8.700743126398345,-0.7007431263983452
2011,CHI,16,8,9.129478368976109,-1.129478368976109,-0.07059239806100681,5,5.1269175916177465,9,-0.12691759161774652,-0.014101954624194057,353,341,8.327687845268548,-0.32768784526854766
2011,PHI,16,8,9.14418217255975,-1.1441821725597503,-0.0715113857849844,5,5.3712701808135686,10,-0.37127018081356855,-0.037127018081356856,396,328,9.75694399333109,-1.75694399333109
2011,WAS,16,5,6.282139510215741,-1.2821395102157407,-0.08013371938848379,3,4.026131054340308,9,-1.0261310543403077,-0.11401456159336752,288,367,5.763218262472785,-0.763218262472785
2011,JAX,16,5,6.4651390667599316,-1.4651390667599316,-0.09157119167249572,4,4.368534414192531,10,-0.3685344141925313,-0.03685344141925313,243,329,5.244979806217007,-0.24497980621700677
2011,CLE,16,4,5.549563945393762,-1.5495639453937624,-0.09684774658711015,3,4.488086770834732,11,-1.488086770834732,-0.1352806155304302,218,307,4.921558162545904,-0.921558162545904
2011,NYJ,16,8,9.553016860291418,-1.553016860291418,-0.09706355376821363,3,4.152168936213649,7,-1.1521689362136494,-0.16459556231623562,377,363,8.358505232947284,-0.35850523294728376
2011,LAR,16,2,4.253501385079769,-2.253501385079769,-0.14084383656748556,1,2.6004383378419433,7,-1.6004383378419433,-0.22863404826313477,193,407,2.3320389738708016,-0.3320389738708016
2011,TAM,16,4,6.971780834222244,-2.971780834222244,-0.18573630213889025,4,4.833584110638915,10,-0.833584110638915,-0.0833584110638915,287,494,3.461677857463681,0.5383221425363192
2011,MIN,16,3,6.291159823864767,-3.291159823864767,-0.20569748899154794,2,4.821257641531674,11,-2.821257641531674,-0.2564779674119704,340,449,5.455273469087544,-2.455273469087544
2011,IND,16,2,7.618253899699151,-5.618253899699151,-0.35114086873119693,1,3.1967409993290867,7,-2.1967409993290867,-0.3138201427612981,243,430,3.287090036056599,-1.287090036056599
2012,DEN,16,13,8.267816665668013,4.732183334331987,0.2957614583957492,2,1.7647248443574697,4,0.23527515564253032,0.05881878891063258,481,289,12.317344169702006,0.6826558302979944
2012,WAS,16,10,6.259009456336674,3.740990543663326,0.23381190897895787,7,4.34529101508342,11,2.6547089849165797,0.24133718044696179,436,388,9.098730279129313,0.9012697208706868
2012,IND,16,11,7.331131711501684,3.6688682884983157,0.22930426803114473,9,5.338230087131447,10,3.661769912868553,0.36617699128685527,357,387,7.237391751731025,3.7626082482689753
2012,SEA,16,11,7.595969866156789,3.404030133843211,0.21275188336520068,8,5.893575574505329,13,2.106424425494671,0.1620326481149747,412,245,12.386256733489736,-1.386256733489736
2012,MIN,16,10,6.6400686074806,3.3599313925193997,0.20999571203246248,8,4.636163376680536,10,3.3638366233194636,0.3363836623319464,379,348,8.806217635295571,1.193782364704429
2012,LAR,16,7,4.43492783274657,2.5650721672534296,0.16031701045333935,4,2.5886316973939802,9,1.4113683026060198,0.15681870028955774,299,348,6.576636622955307,0.4233633770446934
2012,HOU,16,12,10.148130123929292,1.8518698760707082,0.11574186725441926,6,4.182791018279415,7,1.8172089817205848,0.25960128310294067,416,331,10.115337763026309,1.884662236973691
2012,CIN,16,10,8.535299522961758,1.4647004770382424,0.09154377981489015,6,5.405923451244323,10,0.5940765487556767,0.05940765487556767,391,320,9.86474692555243,0.1352530744475704
2012,ATL,16,13,11.535560543416455,1.4644394565835448,0.09152746603647155,8,7.421600402648477,10,0.578399597351523,0.0578399597351523,419,299,11.038574495835759,1.9614255041642412
2012,SFO,16,11,10.236543230670737,0.7634567693292631,0.047716048083078944,3,3.132501317249635,5,-0.132501317249635,-0.026500263449926998,397,273,11.333920496077038,-0.3339204960770381
2012,CAR,16,7,6.247257187745408,0.752742812254592,0.047046425765912,1,3.637985631859648,9,-2.637985631859648,-0.29310951465107205,357,363,7.842016883953438,-0.8420168839534377
2012,TAM,16,7,6.362018760381137,0.6379812396188633,0.03987382747617896,4,4.046228725528193,10,-0.04622872552819324,-0.004622872552819323,389,394,7.878934800432225,-0.8789348004322246
2012,CHI,16,10,9.387944608365085,0.6120553916349145,0.03825346197718216,4,4.383243901789381,7,-0.38324390178938117,-0.054749128827054454,375,277,10.754286639336456,-0.7542866393364562
2012,DAL,16,8,7.668734572106054,0.3312654278939462,0.020704089243371637,7,6.877346057024834,14,0.12265394297516607,0.008760995926797577,376,400,7.414470099139515,0.5855299008604851
2012,CLE,16,5,4.8826479394098055,0.11735206059019454,0.007334503786887159,3,3.1895263226571293,10,-0.18952632265712932,-0.01895263226571293,302,368,6.159751487520357,-1.1597514875203574
2012,NYG,16,9,8.909928703421055,0.09007129657894453,0.005629456036184033,4,4.783286973007421,8,-0.7832869730074208,-0.0979108716259276,429,344,10.046825734071618,-1.0468257340716178
2012,BUF,16,6,6.415651518330957,-0.41565151833095726,-0.02597821989568483,5,4.479188506723207,10,0.5208114932767929,0.05208114932767929,344,435,5.830651639524412,0.16934836047558832
2012,MIA,16,7,7.452067814681973,-0.452067814681973,-0.028254238417623312,3,3.7243668969909773,8,-0.7243668969909773,-0.09054586212387217,288,317,7.094375066629013,-0.09437506662901285
2012,NWE,16,12,12.509160214328794,-0.5091602143287943,-0.031822513395549645,4,6.20944101087219,8,-2.2094410108721902,-0.2761801263590238,557,331,12.390774700123393,-0.39077470012339255
2012,BAL,16,10,10.593030283172926,-0.5930302831729257,-0.03706439269830786,6,6.9617248442219815,11,-0.9617248442219815,-0.08742953129290741,398,344,9.368688514308152,0.6313114856918478
2012,TEN,16,6,6.852467974320767,-0.852467974320767,-0.05327924839504794,4,3.9808600060673793,8,0.01913999393262067,0.0023924992415775836,330,471,4.813900935484784,1.1860990645152159
2012,GNB,16,11,11.85616694133472,-0.8561669413347204,-0.053510433833420024,4,4.87781722340589,7,-0.8778172234058896,-0.12540246048655565,433,336,10.334508436416014,0.665491563583986
2012,LAC,16,7,8.61258907991636,-1.6125890799163596,-0.10078681749477247,2,4.079311487716088,8,-2.0793114877160876,-0.25991393596451096,350,350,8.0,-1.0
2012,ARI,16,5,6.63719506118752,-1.6371950611875201,-0.10232469132422001,4,3.430347583755422,8,0.569652416244578,0.07120655203057225,250,357,4.809838565913161,0.19016143408683917
2012,NYJ,16,6,8.282041987185385,-2.2820419871853854,-0.1426276241990866,3,4.4557449010141035,9,-1.4557449010141035,-0.1617494334460115,281,375,5.366212372208488,0.633787627791512
2012,PIT,16,8,10.359650050818718,-2.3596500508187184,-0.1474781281761699,5,6.63486611844258,11,-1.63486611844258,-0.14862419258568907,336,314,8.64059386097533,-0.6405938609753292
2012,NOR,16,7,9.544017669387017,-2.544017669387017,-0.15900110433668857,4,4.034810558923972,7,-0.034810558923972224,-0.004972936989138889,461,454,8.145036116918725,-1.1450361169187246
2012,LVR,16,4,6.658226618806514,-2.6582266188065136,-0.1661391636754071,3,3.0208122662300867,7,-0.020812266230086696,-0.002973180890012385,290,443,4.290043570761585,-0.2900435707615854
2012,DET,16,4,6.751397012377118,-2.751397012377118,-0.17196231327356987,3,5.679924667912042,13,-2.679924667912042,-0.20614805137784936,372,437,6.491612912972493,-2.491612912972493
2012,JAX,16,2,5.258047159890289,-3.258047159890289,-0.20362794749314306,2,2.2085495961006663,7,-0.20854959610066626,-0.029792799442952322,255,444,3.3882653413744777,-1.3882653413744777
2012,KAN,16,2,5.800079005675661,-3.800079005675661,-0.23750493785472881,2,3.057380787803928,8,-1.057380787803928,-0.132172598475491,211,425,2.557163868542913,-0.5571638685429132
2012,PHI,16,4,7.975222276288159,-3.975222276288159,-0.24845139226800994,4,4.537803147378849,9,-0.5378031473788489,-0.059755905264316546,280,444,4.017904928468986,-0.017904928468985837
2013,CAR,16,12,8.388111573542961,3.611888426457039,0.22574302665356494,7,4.833118758006993,10,2.166881241993007,0.2166881241993007,366,241,11.66626715169565,0.3337328483043507
2013,KAN,16,11,7.417402431918496,3.5825975680815043,0.22391234800509402,5,4.373011086656183,9,0.6269889133438173,0.0696654348159797,430,305,11.08748864215493,-0.08748864215493057
2013,ARI,16,10,6.577930371345233,3.422069628654767,0.21387935179092293,6,3.764031633357518,9,2.235968366642482,0.24844092962694242,379,324,9.469523484559017,0.5304765154409825
2013,PHI,16,10,6.980680041467916,3.0193199585320842,0.18870749740825526,4,3.747275831680672,8,0.252724168319328,0.031590521039916,442,382,9.369414816430872,0.6305851835691278
2013,SEA,16,13,10.430112367863238,2.569887632136762,0.16061797700854763,6,5.440207107700325,9,0.5597928922996749,0.06219921025551943,417,231,12.834648631307836,0.16535136869216416
2013,IND,16,11,9.547257781934004,1.4527422180659961,0.09079638862912476,6,3.877249942170392,7,2.122750057829608,0.3032500082613726,391,336,9.421871533120063,1.578128466879937
2013,NYJ,16,8,6.598655292427211,1.4013447075727887,0.0875840442232993,5,2.6613278253439883,7,2.3386721746560117,0.3340960249508588,290,387,5.3664455498232595,2.6335544501767405
2013,DEN,16,13,11.609584857542528,1.3904151424574724,0.08690094640359203,2,3.151071667944941,5,-1.151071667944941,-0.2302143335889882,606,399,11.66688248788535,1.3331175121146508
2013,NOR,16,11,9.668423226347427,1.3315767736525732,0.08322354835328583,5,4.177323684425308,8,0.8226763155746921,0.10283453944683651,414,304,10.803717092441627,0.1962829075583734
2013,CIN,16,11,9.671106153909943,1.3288938460900575,0.08305586538062859,5,4.186354992655463,8,0.8136450073445367,0.10170562591806709,430,305,11.08748864215493,-0.08748864215493057
2013,SFO,16,12,10.73083929360861,1.2691607063913892,0.07932254414946183,3,3.3985376980439392,6,-0.39853769804393924,-0.06642294967398987,406,272,11.535609694962043,0.4643903050379574
2013,LAR,16,7,5.745668741025448,1.2543312589745517,0.07839570368590948,1,1.6038551024604228,4,-0.6038551024604228,-0.1509637756151057,348,364,7.574263430740607,-0.5742634307406069
2013,LAC,16,9,7.92590884534361,1.07409115465639,0.06713069716602438,5,4.448864886873169,10,0.5511351131268309,0.05511351131268309,396,348,9.215443546763382,-0.21544354676338173
2013,MIA,16,8,7.600484112937279,0.3995158870627211,0.02496974294142007,8,5.762725734512926,12,2.2372742654870743,0.18643952212392287,317,335,7.477177610657781,0.5228223893422186
2013,BUF,16,6,5.732064529288906,0.2679354707110937,0.016745966919443356,4,3.4743669794439604,9,0.5256330205560396,0.05840366895067106,339,388,6.730958578967215,-0.7309585789672148
2013,DET,16,7,6.871606851929313,0.12839314807068725,0.008024571754417953,4,4.5822519331731195,10,-0.5822519331731195,-0.05822519331731195,395,376,8.466801108437918,-1.4668011084379184
2013,NWE,16,12,11.925693213469765,0.0743067865302347,0.004644174158139669,7,7.96809287341312,11,-0.96809287341312,-0.08800844303755637,444,338,10.499488452688482,1.5005115473115183
2013,PIT,16,8,8.149235755429945,-0.14923575542994527,-0.00932723471437158,2,4.074468938380004,8,-2.0744689383800043,-0.25930861729750054,379,370,8.22777315385054,-0.2277731538505403
2013,JAX,16,4,4.424170767487322,-0.42417076748732185,-0.026510672967957616,4,1.967640492973909,6,2.032359507026091,0.3387265845043485,247,449,3.123640496321013,0.8763595036789869
2013,DAL,16,8,8.462874540413235,-0.4628745404132353,-0.028929658775827205,6,6.421463226003908,12,-0.4214632260039082,-0.035121935500325684,439,432,8.152361433933514,-0.15236143393351398
2013,TEN,16,7,7.478113209905828,-0.4781132099058283,-0.029882075619114268,6,5.3639171545152164,11,0.6360828454847836,0.05782571322588941,362,381,7.515642187980465,-0.5156421879804647
2013,CHI,16,8,8.772684158693128,-0.7726841586931279,-0.048292759918320494,8,7.574219885191236,14,0.4257801148087639,0.030412865343483135,445,478,7.3234542435805166,0.6765457564194834
2013,BAL,16,8,9.114784625696823,-1.1147846256968226,-0.06967403910605141,6,6.4002040152163975,11,-0.4002040152163975,-0.03638218320149068,320,352,7.100281854417821,0.8997181455821792
2013,NYG,16,7,8.317891514316672,-1.3178915143166723,-0.08236821964479202,5,5.129723511970791,10,-0.12972351197079135,-0.012972351197079134,294,383,5.571933050322979,1.4280669496770209
2013,CLE,16,4,5.40833640230567,-1.40833640230567,-0.08802102514410437,2,3.0655219200955868,8,-1.0655219200955868,-0.13319024001194835,308,406,5.470825162581897,-1.4708251625818969
2013,TAM,16,4,5.660089834114718,-1.6600898341147179,-0.10375561463216987,2,2.2892750786021496,6,-0.2892750786021496,-0.04821251310035827,288,389,5.264864280278098,-1.2648642802780978
2013,LVR,16,4,5.68583656830946,-1.68583656830946,-0.10536478551934125,2,2.4317544623309293,7,-0.4317544623309293,-0.06167920890441847,322,453,4.929735943022211,-0.9297359430222114
2013,MIN,16,5,6.921645412309859,-1.921645412309859,-0.12010283826936619,5,5.01187741752531,11,-0.011877417525309575,-0.0010797652295735977,391,480,6.093244690930489,-1.0932446909304891
2013,GNB,16,8,10.349460860230584,-2.349460860230584,-0.1468413037644115,4,5.235517360940522,9,-1.2355173609405217,-0.13727970677116907,417,428,7.753247782803905,0.24675221719609475
2013,WAS,16,3,6.908799206972572,-3.9087992069725717,-0.24429995043578573,3,5.032176982724435,10,-2.032176982724435,-0.2032176982724435,334,478,4.79235806222138,-1.7923580622213802
2013,ATL,16,4,8.58379974590976,-4.58379974590976,-0.28648748411936,3,5.882022188885001,11,-2.882022188885001,-0.26200201717136373,353,443,5.8975868582153295,-1.8975868582153295
2013,HOU,16,2,8.340747712002534,-6.340747712002534,-0.39629673200015836,2,6.670549626782166,12,-4.670549626782166,-0.38921246889851385,276,428,4.179104066554313,-2.179104066554313
2014,DET,16,11,7.8019959523102145,3.1980040476897855,0.1998752529806116,7,4.446462069060391,8,2.5535379309396093,0.31919224136745117,321,282,9.218428441760135,1.7815715582398646
2014,DAL,16,12,9.031163506725807,2.9688364932741926,0.18555228082963704,7,4.484805072753005,8,2.515194927246995,0.31439936590587436,467,352,10.584030679573797,1.4159693204262034
2014,GNB,16,12,9.47271350593127,2.527286494068729,0.15795540587929557,5,3.513143484318209,6,1.486856515681791,0.2478094192802985,486,348,11.010777780572452,0.989222219427548
2014,BUF,16,9,6.751368501784013,2.248631498215987,0.1405394686384992,5,4.42242231270322,10,0.5775776872967802,0.05775776872967801,343,289,9.602015129458398,-0.6020151294583975
2014,ARI,16,11,9.199451308923873,1.800548691076127,0.11253429319225794,5,3.8304939982382846,7,1.1695060017617154,0.16707228596595933,310,299,8.342291199865166,2.6577088001348343
2014,HOU,16,9,7.207004652455677,1.7929953475443234,0.11206220922152021,3,3.0372156971842452,7,-0.03721569718424522,-0.005316528169177889,372,307,9.789805118569275,-0.7898051185692747
2014,SEA,16,12,10.273676389597416,1.7263236104025843,0.10789522565016152,5,4.908293806212703,8,0.09170619378729672,0.01146327422341209,394,254,11.82304920187215,0.17695079812784975
2014,PIT,16,11,9.589832062853096,1.4101679371469036,0.08813549607168147,6,6.307755221537829,10,-0.3077552215378292,-0.03077552215378292,436,368,9.586134319608897,1.413865680391103
2014,KAN,16,9,7.646718542983639,1.3532814570163607,0.08458009106352254,4,3.383089377602529,8,0.6169106223974712,0.0771138277996839,353,281,10.111338622564135,-1.1113386225641353
2014,CLE,16,7,5.957009648335569,1.0429903516644314,0.06518689697902696,4,2.6848919581976807,8,1.3151080418023193,0.16438850522528992,299,337,6.8733571132376445,0.12664288676235547
2014,DEN,16,12,11.082316072209697,0.9176839277903035,0.05735524548689397,4,4.097173184740135,6,-0.09717318474013492,-0.016195530790022488,482,354,10.802128089399327,1.1978719106006732
2014,PHI,16,10,9.106126473703206,0.8938735262967938,0.055867095393549615,4,4.267411564850795,8,-0.26741156485079465,-0.03342644560634933,474,400,9.587805166536231,0.4121948334637686
2014,IND,16,11,10.13787589701807,0.8621241029819302,0.05388275643637064,5,5.127165821313761,9,-0.12716582131376075,-0.014129535701528972,458,369,10.004747858623313,0.995252141376687
2014,NWE,16,12,11.511742704119301,0.48825729588069855,0.03051608099254366,3,3.1923656399882057,4,-0.19236563998820566,-0.048091409997051415,468,313,11.548673048593038,0.451326951406962
2014,BAL,16,10,9.512440598843193,0.4875594011568065,0.030472462572300407,5,4.572709194083132,9,0.42729080591686763,0.04747675621298529,409,302,10.757458360865273,-0.7574583608652734
2014,LAC,16,9,8.770492701410816,0.2295072985891835,0.014344206161823969,6,5.708274763323946,10,0.2917252366760543,0.02917252366760543,348,348,8.0,1.0
2014,CIN,16,10,10.13827658944842,-0.13827658944842014,-0.008642286840526259,4,3.956224278098984,7,0.043775721901015974,0.006253674557287996,365,344,8.560822578364265,1.4391774216357351
2014,LAR,16,6,6.189172861869134,-0.1891728618691344,-0.0118233038668209,3,2.46950937570875,7,0.5304906242912502,0.07578437489875002,324,354,7.163581620233445,-1.1635816202334448
2014,MIA,16,8,8.24446641211709,-0.24446641211708986,-0.015279150757318116,3,3.981651355391113,8,-0.9816513553911128,-0.1227064194238891,388,373,8.373495480340086,-0.37349548034008606
2014,LVR,16,3,3.468092217099067,-0.4680922170990671,-0.029255763568691695,2,1.7965854269470607,8,0.2034145730529393,0.025426821631617413,253,452,3.2282547103953427,-0.22825471039534273
2014,MIN,16,7,7.483002172206629,-0.48300217220662933,-0.030187635762914333,6,5.07004740272224,10,0.9299525972777598,0.09299525972777598,325,343,7.489672008857789,-0.48967200885778883
2014,ATL,16,6,6.813598507421205,-0.8135985074212053,-0.05084990671382533,3,4.559679330459797,10,-1.5596793304597973,-0.15596793304597972,381,417,7.147331666570217,-1.1473316665702171
2014,JAX,16,3,4.03424509700975,-1.0342450970097499,-0.06464031856310937,2,1.2631300691690086,4,0.7368699308309914,0.18421748270774785,249,412,3.7222453833160434,-0.7222453833160434
2014,WAS,16,4,5.127349710217048,-1.1273497102170484,-0.07045935688856553,3,1.5414022991088308,6,1.4585977008911692,0.24309961681519487,301,438,4.6610350253521915,-0.6610350253521915
2014,NYJ,16,4,5.728556768044349,-1.7285567680443492,-0.10803479800277183,3,4.37206148734079,11,-1.3720614873407904,-0.1247328624855264,283,401,4.8719338873968985,-0.8719338873968985
2014,NYG,16,6,7.76300694449617,-1.76300694449617,-0.11018793403101063,1,3.469421003541632,7,-2.469421003541632,-0.352774429077376,380,400,7.514337518344074,-1.5143375183440737
2014,CAR,16,7,8.956580487160796,-1.956580487160796,-0.12228628044754974,5,6.395421230293708,11,-1.3954212302937083,-0.1268564754812462,339,374,7.072722532461149,-0.07272253246114868
2014,SFO,16,8,10.24881627849194,-2.2488162784919403,-0.14055101740574627,6,5.413074747037371,8,0.5869252529626294,0.07336565662032868,306,340,7.006340035900736,0.9936599640992636
2014,NOR,16,7,9.339128104372831,-2.339128104372831,-0.14619550652330193,6,6.716573540839986,12,-0.7165735408399856,-0.05971446173666547,401,424,7.472049624167002,-0.4720496241670018
2014,CHI,16,5,7.46157072960092,-2.46157072960092,-0.1538481706000575,2,3.7873807937829875,8,-1.7873807937829875,-0.22342259922287344,319,442,5.053628584464241,-0.053628584464241236
2014,TAM,16,2,4.949198197638795,-2.949198197638795,-0.1843248873524247,1,3.314337684311764,10,-2.314337684311764,-0.23143376843117638,277,410,4.528837547050197,-2.5288375470501974
2014,TEN,16,2,7.003010403600992,-5.003010403600992,-0.312688150225062,1,3.9098268091379067,7,-2.9098268091379067,-0.4156895441625581,254,438,3.449918357246625,-1.449918357246625
2015,CAR,16,15,11.193343402438265,3.8066565975617355,0.23791603734760847,7,5.034321773516487,8,1.9656782264835133,0.24570977831043916,500,308,12.147159557447475,2.852840442552525
2015,WAS,16,9,5.334457880267566,3.665542119732434,0.22909638248327713,4,2.668566919866974,7,1.331433080133026,0.19020472573328945,388,379,8.222430052413321,0.7775699475866791
2015,MIN,16,11,7.930213394154804,3.069786605845196,0.19186166286532474,8,5.577739797067022,12,2.4222602029329776,0.20185501691108146,365,302,9.766593249041868,1.2334067509581317
2015,ARI,16,13,10.15225230479528,2.8477476952047205,0.17798423095029503,4,3.1144983631875394,5,0.8855016368124606,0.17710032736249212,489,313,11.875086359907796,1.1249136400922044
2015,NYJ,16,10,7.76285018617276,2.23714981382724,0.1398218633642025,4,4.401667577969397,10,-0.40166757796939656,-0.04016675779693966,387,314,9.942062678348949,0.05793732165105148
2015,KAN,16,11,8.801691592393736,2.1983084076062642,0.13739427547539151,4,4.509502840780579,7,-0.5095028407805788,-0.07278612011151127,405,287,11.095000116749878,-0.09500011674987796
2015,LVR,16,7,5.039027630815779,1.960972369184221,0.1225607730740138,6,3.590290356723739,11,2.409709643276261,0.21906451302511465,359,399,7.0037405749902515,-0.0037405749902514884
2015,CIN,16,12,10.815016939758788,1.184983060241212,0.07406144126507574,4,4.010617372650438,7,-0.010617372650438384,-0.0015167675214911977,419,279,11.582054666145126,0.417945333854874
2015,HOU,16,9,7.990936003141831,1.0090639968581687,0.06306649980363555,3,2.3637971077910493,6,0.6362028922089507,0.10603381536815844,339,313,8.754228141083253,0.24577185891674702
2015,LAR,16,7,6.1896127843734075,0.8103872156265925,0.050649200976662034,5,3.067538103326398,9,1.932461896673602,0.2147179885192891,280,330,6.461794761498255,0.5382052385017451
2015,DEN,16,12,11.378522771084324,0.6214772289156762,0.038842326807229766,9,8.531238555164668,12,0.4687614448353319,0.039063453736277655,355,296,9.696909868568786,2.3030901314312135
2015,PIT,16,10,9.403321282145706,0.596678717854294,0.03729241986589338,4,4.651569175622931,8,-0.6515691756229307,-0.08144614695286634,423,319,10.579639947182654,-0.5796399471826543
2015,TAM,16,6,5.623792548665032,0.3762074513349676,0.023512965708435474,5,3.219492555089135,8,1.780507444910865,0.22256343061385814,342,417,6.15418975193655,-0.15418975193655005
2015,JAX,16,5,4.8160855429525204,0.18391445704747955,0.011494653565467472,4,3.4072981729279834,10,0.5927018270720166,0.059270182707201656,376,448,6.362525546966006,-1.3625255469660056
2015,BUF,16,8,7.952850661444142,0.04714933855585812,0.0029468336597411326,5,3.88602693333796,8,1.11397306666204,0.139246633332755,379,359,8.513241090766838,-0.5132410907668383
2015,CHI,16,6,5.99215441499959,0.007845585000410438,0.0004903490625256524,5,4.561685621121251,11,0.4383143788787489,0.0398467617162499,335,397,6.411621363050197,-0.41162136305019725
2015,DET,16,7,7.243748483773915,-0.24374848377391523,-0.015234280235869702,5,5.122991449690652,11,-0.12299144969065168,-0.011181040880968334,358,400,6.9543846664118165,0.04561533358818348
2015,NWE,16,12,12.253435691267974,-0.25343569126797405,-0.015839730704248378,5,5.8190994421325595,8,-0.8190994421325595,-0.10238743026656993,465,315,11.450550260402387,0.5494497395976126
2015,ATL,16,8,8.293676404648025,-0.2936764046480249,-0.018354775290501557,6,7.211685637284864,13,-1.2116856372848641,-0.09320658748345109,339,345,7.833703902895316,0.1662960971046843
2015,SEA,16,10,10.350794718736651,-0.35079471873665113,-0.021924669921040696,3,5.6746636599926665,9,-2.6746636599926665,-0.2971848511102963,423,277,11.707469301970912,-1.707469301970912
2015,GNB,16,10,10.433016007520989,-0.43301600752098857,-0.027063500470061785,4,5.314108311346209,8,-1.3141083113462093,-0.16426353891827616,368,323,9.226729354768107,0.7732706452318929
2015,NOR,16,7,8.070402897555757,-1.0704028975557573,-0.06690018109723483,6,4.938055402539231,10,1.0619445974607693,0.10619445974607693,408,476,6.554691496967498,0.4453085030325017
2015,NYG,16,6,7.378569915031148,-1.3785699150311483,-0.08616061968944677,3,5.048812927518218,11,-2.0488129275182176,-0.18625572068347432,420,442,7.516586648868961,-1.5165866488689614
2015,CLE,16,3,4.418796462760964,-1.4187964627609642,-0.08867477892256026,1,1.7540228734467533,6,-0.7540228734467533,-0.12567047890779223,278,432,4.163885964810501,-1.1638859648105013
2015,IND,16,8,9.444279569593318,-1.4442795695933182,-0.09026747309958238,7,6.782567247422179,12,0.21743275257782102,0.018119396048151753,333,408,6.110724661631026,1.8892753383689742
2015,MIA,16,6,7.460829782597083,-1.4608297825970826,-0.09130186141231766,3,4.110301503452829,8,-1.1103015034528294,-0.13878768793160368,310,389,5.89842234411531,0.10157765588469037
2015,PHI,16,7,8.49444413870062,-1.4944441387006204,-0.09340275866878878,5,5.022356928395237,10,-0.022356928395237397,-0.0022356928395237397,377,430,6.763002845031752,0.2369971549682477
2015,TEN,16,3,4.862259009632497,-1.8622590096324974,-0.11639118810203108,2,2.6566942358144474,8,-0.6566942358144474,-0.08208677947680593,299,423,4.884679201953082,-1.884679201953082
2015,SFO,16,5,7.3831536498244965,-2.3831536498244965,-0.14894710311403103,4,3.4298666905389763,7,0.5701333094610237,0.0814476156372891,238,387,3.841443287806485,1.1585567121935152
2015,BAL,16,5,7.903829087011769,-2.9038290870117693,-0.18148931793823558,5,6.627131017160659,12,-1.627131017160659,-0.1355942514300549,328,401,6.130222247000818,-1.1302222470008179
2015,LAC,16,4,7.195529357169613,-3.1955293571696126,-0.1997205848231008,3,5.225787597950251,12,-2.2257875979502506,-0.18548229982918754,320,398,5.976974500810307,-1.9769745008103072
2015,DAL,16,4,8.437105484571648,-4.4371054845716476,-0.27731909278572797,4,5.6660038491707185,10,-1.6660038491707185,-0.16660038491707185,275,374,5.207545017477707,-1.207545017477707
2016,LVR,16,12,7.489564495124526,4.510435504875474,0.28190221905471713,8,4.385977175264022,9,3.6140228247359776,0.40155809163733086,416,385,8.73209549921362,3.267904500786379
2016,DAL,16,13,9.027546116459188,3.972453883540812,0.24827836772130074,7,4.867880194573914,9,2.132119805426086,0.23690220060289846,421,306,10.888252467728158,2.111747532271842
2016,TEN,16,9,5.151792813958355,3.8482071860416447,0.2405129491276028,6,2.6332396718925373,9,3.3667603281074627,0.3740844809008292,381,378,8.074938909711292,0.9250610902887075
2016,TAM,16,9,5.456176085370622,3.543823914629378,0.22148899466433614,7,4.148851818154767,11,2.8511481818452333,0.2591952892586576,354,369,7.6068993907926465,1.3931006092073535
2016,NYG,16,11,7.714620995220264,3.2853790047797364,0.20533618779873353,9,5.961222573930245,12,3.038777426069755,0.2532314521724796,310,284,8.827459718174133,2.1725402818258672
2016,MIA,16,10,6.8050751649198125,3.1949248350801875,0.19968280219251172,9,4.851835099346859,11,4.148164900653141,0.37710590005937644,363,380,7.566540316606446,2.4334596833935542
2016,NWE,16,14,11.15594603747609,2.84405396252391,0.17775337265774438,6,4.36841654841695,7,1.63158345158305,0.23308335022615,441,250,12.693432206225888,1.3065677937741125
2016,ATL,16,11,8.184261686466176,2.8157383135338243,0.17598364459586402,5,4.904342949630118,10,0.0956570503698817,0.00956570503698817,540,406,10.605389345606405,0.39461065439359544
2016,KAN,16,12,10.698253773789176,1.301746226210824,0.0813591391381765,6,6.234027139538703,9,-0.23402713953870258,-0.026003015504300286,389,311,10.073124809221554,1.9268751907784463
2016,PIT,16,11,10.292464277155046,0.7075357228449537,0.044220982677809606,5,4.9388465578283425,8,0.061153442171657524,0.0076441802714571905,399,327,9.85232290515673,1.1476770948432709
2016,DET,16,9,8.529940789754853,0.47005921024514663,0.029378700640321664,9,8.19752794276424,15,0.8024720572357609,0.053498137149050724,346,358,7.676962621180671,1.323037378819329
2016,WAS,16,8,7.646269289301836,0.353730710698164,0.02210816941863525,5,4.384142071329644,10,0.6158579286703558,0.06158579286703558,396,383,8.316270102454766,-0.31627010245476583
2016,HOU,16,9,8.788371504040864,0.21162849595913613,0.013226780997446008,8,6.170727780453175,10,1.8292722195468247,0.18292722195468247,279,328,6.484642709447984,2.515357290552016
2016,NOR,16,7,6.949357810667202,0.05064218933279818,0.0031651368332998864,6,5.766792394169698,14,0.23320760583030165,0.016657686130735833,469,454,8.308000493556758,-1.308000493556758
2016,GNB,16,10,10.052215700772845,-0.05221570077284454,-0.003263481298302784,5,5.185427259721377,8,-0.18542725972137664,-0.02317840746517208,432,388,9.012879126327357,0.9871208736726427
2016,BAL,16,8,8.100143424798842,-0.10014342479884242,-0.006258964049927651,6,5.6326835702987275,11,0.36731642970127254,0.03339240270011568,343,321,8.627133402826036,-0.6271334028260362
2016,IND,16,8,8.420769245740136,-0.42076924574013574,-0.026298077858758484,6,6.443424814259176,11,-0.4434248142591759,-0.04031134675083417,411,392,8.44823151104768,-0.44823151104768044
2016,PHI,16,7,7.670429984878732,-0.6704299848787318,-0.04190187405492074,2,3.896063668763027,8,-1.896063668763027,-0.23700795859537838,367,331,8.973893902321047,-1.9738939023210467
2016,JAX,16,3,3.9726574573205022,-0.9726574573205022,-0.06079109108253139,2,2.0833841963784367,10,-0.08338419637843675,-0.008338419637843675,318,400,5.877202409331728,-2.877202409331728
2016,SEA,16,10,11.110513004604213,-1.110513004604213,-0.06940706278776332,5,6.074994389414255,9,-1.0749943894142548,-0.11944382104602831,354,292,9.794280297551243,0.20571970244875715
2016,BUF,16,7,8.141937175487978,-1.1419371754879784,-0.07137107346799865,2,4.722064995448412,9,-2.722064995448412,-0.30245166616093466,399,378,8.511857071623895,-1.5118570716238953
2016,DEN,16,9,10.699054836163302,-1.6990548361633024,-0.1061909272602064,3,4.327029011150248,7,-1.3270290111502483,-0.18957557302146405,333,297,9.07801324886154,-0.07801324886153971
2016,LAC,16,5,6.768959201441449,-1.768959201441449,-0.11055995009009056,1,4.095030412322246,9,-3.095030412322246,-0.34389226803580514,410,423,7.704216505721964,-2.7042165057219636
2016,MIN,16,8,9.779543617997872,-1.7795436179978719,-0.11122147612486699,2,3.220894566148092,6,-1.2208945661480919,-0.20348242769134864,327,307,8.597192766197876,-0.5971927661978764
2016,NYJ,16,5,6.857999611785139,-1.8579996117851394,-0.11612497573657121,4,4.982493861701462,10,-0.982493861701462,-0.0982493861701462,275,409,4.491957967979029,0.5080420320209713
2016,LAR,16,4,6.572850549003588,-2.5728505490035882,-0.16080315931272426,4,4.149486249043996,9,-0.14948624904399566,-0.01660958322711063,224,394,3.324503153712344,0.6754968462876558
2016,CLE,16,1,3.8333587974381973,-2.8333587974381973,-0.17708492483988733,1,1.8254783102038488,6,-0.8254783102038488,-0.13757971836730812,264,452,3.496004763679834,-2.496004763679834
2016,CHI,16,3,5.844663595068505,-2.8446635950685053,-0.17779147469178158,1,3.207761682527323,8,-2.207761682527323,-0.2759702103159154,279,399,4.798089134345474,-1.7980891343454743
2016,ARI,16,7,10.074595718347979,-3.074595718347979,-0.19216223239674868,2,5.843086920705801,10,-3.843086920705801,-0.3843086920705801,418,362,9.350523545789022,-2.350523545789022
2016,SFO,16,2,5.357964376632421,-3.357964376632421,-0.20987277353952632,1,2.3505254981075026,7,-1.3505254981075026,-0.1929322140153575,309,480,4.166512009858605,-2.1665120098586046
2016,CAR,16,6,9.376225712965514,-3.376225712965514,-0.21101410706034462,4,5.7083839587848795,10,-1.7083839587848795,-0.17083839587848795,369,402,7.190763557056704,-1.1907635570567043
2016,CIN,16,6,9.476477149848776,-3.476477149848776,-0.2172798218655485,1,4.437956717727977,8,-3.4379567177279773,-0.42974458971599716,325,315,8.296138736413504,-2.2961387364135035
2017,LAR,16,11,7.23489310450203,3.7651068954979703,0.23531918096862314,5,3.468010280348576,8,1.531989719651424,0.191498714956428,478,329,11.326776939353433,-0.326776939353433
2017,MIN,16,13,9.5034902286737,3.4965097713263003,0.21853186070789377,4,3.1465212387926584,6,0.8534787612073416,0.14224646020122358,382,252,11.652437065030023,1.347562934969977
2017,PHI,16,13,9.603620124989483,3.396379875010517,0.2122737421881573,5,4.30413425697899,8,0.6958657430210096,0.0869832178776262,457,295,11.813469581374596,1.186530418625404
2017,JAX,16,10,6.8269351486531935,3.1730648513468065,0.1983165532091754,2,2.942489630840563,7,-0.942489630840563,-0.13464137583436614,417,268,11.84555916916698,-1.8455591691669806
2017,LAC,16,9,6.228227666124862,2.7717723338751377,0.1732357708671961,4,2.9679835514098474,8,1.0320164485901526,0.12900205607376908,355,272,10.444069044479331,-1.4440690444793312
2017,NOR,16,11,8.619061682873864,2.3809383171261356,0.14880864482038347,3,3.4860580069165676,6,-0.48605800691656764,-0.08100966781942794,448,326,10.878751294423326,0.121248705576674
2017,CAR,16,11,9.197571584184562,1.802428415815438,0.11265177598846488,8,4.92658831494934,9,3.07341168505066,0.34149018722785107,363,327,8.985091808645027,2.014908191354973
2017,SFO,16,6,4.221063089552645,1.7789369104473547,0.11118355690295967,2,1.9168423311327092,7,0.08315766886729081,0.011879666981041545,331,383,6.630333593165463,-0.6303335931654628
2017,PIT,16,13,11.243973198393842,1.7560268016061578,0.10975167510038486,8,6.791574520361637,10,1.2084254796383629,0.12084254796383628,406,308,10.529174837418102,2.4708251625818978
2017,BUF,16,9,7.436616647762452,1.5633833522375484,0.09771145951484678,5,4.18154268001662,9,0.8184573199833798,0.09093970222037553,302,359,6.383506934023983,2.616493065976017
2017,TEN,16,9,7.555950511499169,1.4440494885008306,0.09025309303130191,8,5.964496703221269,12,2.0355032967787308,0.1696252747315609,334,356,7.396422456255783,1.6035775437442172
2017,NWE,16,13,11.906827422297887,1.0931725777021128,0.06832328610638205,4,4.247587684078873,6,-0.24758768407887288,-0.04126461401314548,458,296,11.804684998520488,1.1953150014795124
2017,ATL,16,10,9.086924555721016,0.9130754442789843,0.05706721526743652,8,7.029134846492213,12,0.9708651535077868,0.08090542945898223,353,315,9.07321992933147,0.9267800706685296
2017,DET,16,9,8.659723156348386,0.3402768436516137,0.021267302728225856,4,4.656220501391466,9,-0.6562205013914664,-0.07291338904349626,410,376,8.817798162068922,0.18220183793107836
2017,BAL,16,9,8.771352389453162,0.22864761054683846,0.014290475659177404,3,4.113359013894711,7,-1.1133590138947111,-0.15905128769924445,395,303,10.434070678800195,-1.434070678800195
2017,CHI,16,5,4.916218804490285,0.08378119550971519,0.005236324719357199,2,2.403304542339888,7,-0.403304542339888,-0.057614934619984,264,320,6.207261270773124,-1.2072612707731238
2017,DAL,16,9,9.110722774599084,-0.11072277459908442,-0.006920173412442776,4,4.081335540070953,8,-0.08133554007095256,-0.01016694250886907,354,332,8.607085857594058,0.39291414240594236
2017,WAS,16,7,7.491590745860578,-0.49159074586057816,-0.030724421616286135,5,3.825062524544899,8,1.174937475455101,0.14686718443188762,342,388,6.812513677765269,0.18748632223473116
2017,ARI,16,8,8.851515304210217,-0.851515304210217,-0.053219706513138565,6,5.921013693170992,11,0.07898630682900798,0.0071805733480916345,295,361,6.1216676086846,1.8783323913154
2017,TAM,16,5,6.020391713584638,-1.0203917135846376,-0.06377448209903985,3,4.08379044099507,11,-1.0837904409950703,-0.09852640372682457,335,382,6.765315773131564,-1.7653157731315643
2017,CIN,16,7,8.066338867564175,-1.0663388675641752,-0.06664617922276095,4,3.588957735725029,8,0.4110422642749709,0.051380283034371366,290,349,6.27203956008239,0.7279604399176103
2017,KAN,16,10,11.112602101091552,-1.1126021010915519,-0.06953763131822199,2,5.027028538739488,7,-3.027028538739488,-0.4324326483913555,415,339,9.881698325576535,0.11830167442346529
2017,NYJ,16,5,6.329646959647761,-1.3296469596477607,-0.08310293497798504,3,3.699310490841717,8,-0.6993104908417171,-0.08741381135521464,298,382,5.711535996115638,-0.7115359961156376
2017,SEA,16,9,10.432699493322172,-1.432699493322172,-0.08954371833263575,5,6.7966755320481,10,-1.7966755320481003,-0.17966755320481004,366,332,8.92019374263115,0.07980625736884939
2017,MIA,16,6,7.4373018530377575,-1.4373018530377575,-0.08983136581485984,6,4.543732202789599,9,1.4562677972104012,0.16180753302337791,281,393,4.977440566464319,1.0225594335356814
2017,LVR,16,6,7.715253765167713,-1.7152537651677129,-0.10720336032298206,4,4.084664266765964,8,-0.08466426676596406,-0.010583033345745507,301,373,6.009513373248961,-0.009513373248960733
2017,GNB,16,7,9.376044124269487,-2.3760441242694874,-0.14850275776684296,5,4.468623136966853,8,0.531376863033147,0.06642210787914338,320,384,6.297991741685446,0.7020082583145539
2017,CLE,16,0,3.094840487765371,-3.094840487765371,-0.19342753048533567,0,1.2099913261784285,6,-1.2099913261784285,-0.20166522102973808,234,410,3.348716789398904,-3.348716789398904
2017,DEN,16,5,8.239684044460008,-3.2396840444600077,-0.20248025277875048,4,4.35805572257871,8,-0.35805572257871,-0.04475696532233875,289,382,5.4474655784279085,-0.44746557842790846
2017,HOU,16,4,7.374674717043206,-3.374674717043206,-0.21091716981520037,2,2.3167173111619883,6,-0.3167173111619883,-0.05278621852699805,338,436,5.657083749043209,-1.6570837490432089
2017,IND,16,4,7.551959754769633,-3.5519597547696327,-0.22199748467310204,3,5.023836750583982,11,-2.023836750583982,-0.18398515914399835,263,404,4.248708158416311,-0.2487081584163109
2017,NYG,16,3,6.782283978086113,-3.782283978086113,-0.23639274863038207,1,2.4253566836723,6,-1.4253566836723,-0.23755944727871667,246,388,4.0562570029599865,-1.0562570029599865
2018,CHI,16,12,7.1849585597491235,4.8150414402508765,0.3009400900156798,8,5.405866187481119,12,2.594133812518881,0.21617781770990674,421,283,11.50989388564962,0.49010611435038065
2018,CLE,16,7,3.2015936175849173,3.7984063824150827,0.23740039890094267,4,1.78845327586652,9,2.21154672413348,0.2457274137926089,359,392,7.169338643812018,-0.1693386438120177
2018,HOU,16,11,7.317079206499614,3.6829207935003856,0.2301825495937741,7,4.939420389491012,12,2.060579610508988,0.17171496754241566,402,316,10.22199167778036,0.7780083222196392
2018,IND,16,10,6.6956100774690475,3.3043899225309525,0.20652437015818453,4,3.9354513890865506,8,0.06454861091344943,0.00806857636418118,433,344,10.128814415145364,-0.12881441514536363
2018,LAR,16,13,9.945239274741343,3.0547607252586566,0.19092254532866604,7,4.6761787822282095,8,2.3238212177717905,0.2904776522214738,527,384,10.867704409773612,2.132295590226388
2018,LAC,16,12,9.236386658596189,2.7636133414038113,0.1727258338377382,5,3.519258080362155,6,1.480741919637845,0.24679031993964085,428,329,10.416099546225997,1.5839004537740031
2018,NOR,16,13,10.277793578239175,2.7222064217608253,0.17013790136005158,5,3.590498219817688,6,1.4095017801823122,0.2349169633637187,504,353,11.188832688077948,1.811167311922052
2018,BAL,16,10,8.646676932511763,1.3533230674882368,0.0845826917180148,3,4.472301528414298,8,-1.472301528414298,-0.18403769105178724,389,287,10.764214195819367,-0.7642141958193669
2018,TEN,16,9,7.947667318187641,1.0523326818123593,0.06577079261327246,5,4.387238539789409,9,0.6127614602105913,0.0680846066900657,310,303,8.216465532549867,0.7835344674501332
2018,DAL,16,10,9.21613226666425,0.7838677333357502,0.04899173333348439,8,6.2122243634882635,11,1.7877756365117365,0.1625250578647033,339,324,8.42862165084779,1.5713783491522104
2018,KAN,16,12,11.241671058554186,0.7583289414458143,0.047395558840363394,5,5.674262188902343,9,-0.6742621889023432,-0.07491802098914925,565,421,10.681198914265712,1.3188010857342878
2018,SEA,16,10,9.375560919403043,0.6244390805969573,0.03902744253730983,7,6.719344867332277,12,0.28065513266772335,0.02338792772231028,428,347,9.948901228331563,0.05109877166843724
2018,PHI,16,9,9.523938676746296,-0.5239386767462957,-0.03274616729664348,6,7.292448132628047,12,-1.2924481326280466,-0.10770401105233722,367,348,8.503285270891977,0.4967147291080227
2018,MIA,16,7,7.564971434369153,-0.564971434369153,-0.03531071464807206,6,4.532190029051727,9,1.4678099709482728,0.16308999677203032,319,433,5.223692307440469,1.7763076925595307
2018,NYG,16,5,5.599532562177542,-0.5995325621775418,-0.03747078513609636,4,4.61991676323639,13,-0.6199167632363896,-0.04768590486433766,369,412,6.960953262104232,-1.9609532621042316
2018,WAS,16,7,7.802430253333805,-0.8024302533338048,-0.0501518908333628,6,4.240953656929655,8,1.7590463430703451,0.21988079288379314,281,359,5.740810292651512,1.2591897073484883
2018,DEN,16,6,7.036014918764629,-1.0360149187646286,-0.06475093242278929,4,4.875864254162497,11,-0.8758642541624972,-0.07962402310568156,329,349,7.441455869834241,-1.4414558698342406
2018,NWE,16,11,12.082286609159851,-1.0822866091598513,-0.0676429130724907,3,3.48596866624959,5,-0.4859686662495899,-0.09719373324991798,436,325,10.678035720419402,0.32196427958059815
2018,SFO,16,4,5.3722503657772975,-1.3722503657772975,-0.0857656478610811,4,4.080218911544753,10,-0.08021891154475291,-0.008021891154475292,342,435,5.779535761624862,-1.779535761624862
2018,CIN,16,6,7.452952558098054,-1.4529525580980538,-0.09080953488112836,4,3.2945262347058994,8,0.7054737652941006,0.08818422066176257,368,455,6.029568853629349,-0.0295688536293488
2018,DET,16,6,7.462211867607398,-1.4622118676073983,-0.0913882417254624,3,4.368887654722172,9,-1.3688876547221724,-0.1520986283024636,324,360,7.006340035900736,-1.0063400359007364
2018,TAM,16,5,6.472282376188147,-1.4722823761881472,-0.0920176485117592,3,4.785353945708226,11,-1.7853539457082261,-0.16230490415529328,396,464,6.515114647802977,-1.515114647802977
2018,PIT,16,9,10.631521729796491,-1.631521729796491,-0.10197010811228069,6,7.751696227292687,12,-1.7516962272926868,-0.1459746856077239,428,360,9.617618675337324,-0.6176186753373241
2018,GNB,16,6,7.684592816546173,-1.6845928165461732,-0.10528705103413583,5,5.859523764574398,12,-0.8595237645743978,-0.07162698038119981,376,400,7.414470099139515,-1.414470099139515
2018,JAX,16,5,6.692117902268128,-1.6921179022681283,-0.10575736889175802,2,3.547161847790589,8,-1.5471618477905889,-0.1933952309738236,245,316,5.658057468790152,-0.6580574687901519
2018,MIN,16,8,9.7199232205702,-1.7199232205702,-0.1074952012856375,2,2.7827973301743434,5,-0.7827973301743434,-0.15655946603486867,360,341,8.513314141002171,-0.5133141410021711
2018,BUF,16,6,7.818842287379356,-1.818842287379356,-0.11367764296120975,4,4.386039509191282,8,-0.38603950919128227,-0.048254938648910284,269,374,5.025600578225533,0.9743994217744669
2018,CAR,16,7,8.988836246641531,-1.9888362466415312,-0.1243022654150957,2,5.196139757669539,9,-3.196139757669539,-0.3551266397410599,376,382,7.84993531433855,-0.8499353143385502
2018,LVR,16,4,5.998021119249576,-1.998021119249576,-0.1248763199530985,3,2.8638968116109513,7,0.13610318838904867,0.019443312627006954,290,467,3.9089918297920514,0.0910081702079486
2018,ATL,16,7,9.045715931918956,-2.0457159319189557,-0.12785724574493473,5,5.922640512850516,10,-0.9226405128505162,-0.09226405128505162,414,423,7.796165301294625,-0.796165301294625
2018,NYJ,16,4,6.141261768398444,-2.1412617683984436,-0.13382886052490273,2,3.9341191414453522,9,-1.9341191414453522,-0.21490212682726137,333,441,5.431226932065751,-1.4312269320657514
2018,ARI,16,3,6.623925886808688,-3.6239258868086877,-0.22649536792554298,3,3.859159036201542,8,-0.8591590362015422,-0.10739487952519278,225,425,2.9014441755272733,0.0985558244727267
2019,SFO,16,13,7.630485330669527,5.369514669330473,0.3355946668331546,7,4.621809282807232,10,2.3781907171927683,0.23781907171927683,479,310,11.794543222036305,1.205456777963695
2019,GNB,16,13,8.66574685499669,4.334253145003309,0.27089082156270683,6,4.692028596390042,9,1.3079714036099581,0.14533015595666202,376,313,9.71163941817397,3.28836058182603
2019,BAL,16,14,10.437161320151246,3.5628386798487544,0.22267741749054715,6,4.221164467882708,7,1.7788355321172924,0.25411936173104177,531,282,13.08087238970106,0.9191276102989399
2019,HOU,16,10,8.205074011119677,1.7949259888803226,0.11218287430502016,8,5.285834769297826,11,2.714165230702174,0.24674229370019765,378,385,7.826077574142543,2.173922425857457
2019,NYJ,16,7,5.212467355802784,1.7875326441972161,0.11172079026232601,5,2.7479253394904473,7,2.2520746605095527,0.32172495150136465,276,359,5.585140451362267,1.4148595486377333
2019,BUF,16,10,8.279903978263203,1.720096021736797,0.10750600135854982,5,5.242168869931495,11,-0.24216886993149522,-0.02201535181195411,314,259,9.794476684563326,0.20552331543667357
2019,NOR,16,13,11.349235046464702,1.6507649535352975,0.1031728095959561,6,5.383797557849606,8,0.616202442150394,0.07702530526879925,458,341,10.687876835779827,2.312123164220173
2019,KAN,16,12,10.814213567473978,1.1857864325260223,0.0741116520328764,5,5.639741533688134,9,-0.6397415336881336,-0.07108239263201484,451,308,11.387811386476663,0.6121886135233368
2019,TEN,16,9,8.113341771368992,0.8866582286310081,0.055416139289438004,3,3.866405482428756,7,-0.8664054824287559,-0.12377221177553656,402,331,9.810393613404356,-0.8103936134043561
2019,SEA,16,11,10.128479017233946,0.8715209827660537,0.05447006142287836,10,7.91646856563313,13,2.0835314343668703,0.16027164879745157,405,398,8.16526087242014,2.8347391275798604
2019,DEN,16,7,6.280603789351951,0.7193962106480489,0.04496226316550306,5,4.271244392893208,10,0.728755607106792,0.0728755607106792,282,316,6.927341203766694,0.07265879623330562
2019,LVR,16,7,6.410529072180825,0.5894709278191748,0.03684193298869842,7,4.388990480474141,10,2.611009519525859,0.26110095195258587,313,419,5.340072034976447,1.6599279650235532
2019,TAM,16,7,6.5449976934218395,0.45500230657816054,0.028437644161135034,5,4.7448682949594465,11,0.2551317050405535,0.023193791367323045,458,449,8.188108210640673,-1.1881082106406726
2019,MIN,16,10,9.636144393082866,0.36385560691713437,0.022740975432320898,4,4.353537107892828,8,-0.3535371078928282,-0.04419213848660353,407,303,10.688664582576559,-0.6886645825765587
2019,CLE,16,6,6.008278742231126,-0.008278742231126124,-0.0005174213894453827,1,2.1038413712161277,6,-1.1038413712161277,-0.18397356186935462,335,393,6.5040535220671565,-0.5040535220671565
2019,ARI,16,5,5.067582885728027,-0.06758288572802673,-0.004223930358001671,4,3.566009823309968,10,0.43399017669003204,0.043399017669003205,361,442,6.116926963266665,-1.116926963266665
2019,NWE,16,12,12.072618482895141,-0.07261848289514106,-0.004538655180946316,4,4.913096314146562,7,-0.9130963141465616,-0.13044233059236593,420,225,13.031337968048891,-1.0313379680488914
2019,ATL,16,7,7.2345054012941254,-0.23450540129412545,-0.01465658758088284,3,2.6418285713944036,6,0.35817142860559636,0.059695238100932725,381,399,7.562819816802684,-0.5628198168026843
2019,JAX,16,6,6.347460117677292,-0.3474601176772918,-0.021716257354830737,3,2.726453282319517,7,0.2735467176804831,0.0390781025257833,300,397,5.437593602700737,0.562406397299263
2019,PHI,16,9,9.670104184688725,-0.670104184688725,-0.04188151154304531,4,5.834105661334132,10,-1.8341056613341324,-0.18341056613341325,385,354,8.793197415224748,0.20680258477525193
2019,CHI,16,8,8.77905712258875,-0.7790571225887497,-0.04869107016179686,6,5.576924283266199,9,0.42307571673380107,0.04700841297042234,280,298,7.410430022737271,0.5895699772627294
2019,LAR,16,9,9.784479305046313,-0.7844793050463128,-0.04902995656539455,5,5.451020406058811,10,-0.4510204060588112,-0.04510204060588112,394,364,8.748591494500214,0.25140850549978566
2019,MIA,16,5,5.799530619455967,-0.7995306194559673,-0.049970663715997954,4,2.819880142272843,7,1.1801198577271572,0.1685885511038796,306,494,3.8915015131275434,1.1084984868724566
2019,IND,16,7,8.176562188894463,-1.1765621888944633,-0.07353513680590396,5,5.486528983843926,11,-0.4865289838439262,-0.04422990762217511,361,373,7.690154695653293,-0.6901546956532929
2019,DAL,16,8,9.51454650670146,-1.5145465067014605,-0.09465915666884128,1,2.8398228758315396,6,-1.8398228758315396,-0.30663714597192326,434,321,10.74337494460875,-2.7433749446087496
2019,NYG,16,4,5.602860225904586,-1.6028602259045863,-0.10017876411903665,3,3.472015414391862,9,-0.472015414391862,-0.052446157154651334,341,451,5.442434892601589,-1.4424348926015886
2019,PIT,16,8,10.073606208364092,-2.073606208364092,-0.12960038802275575,6,7.140892444854229,11,-1.140892444854229,-0.1037174949867481,289,303,7.552007176982404,0.4479928230175956
2019,WAS,16,3,5.615103730798721,-2.6151037307987206,-0.16344398317492004,2,1.931947650691838,5,0.06805234930816195,0.01361046986163239,266,435,3.802176576503356,-0.8021765765033559
2019,CAR,16,5,7.893917047897867,-2.893917047897867,-0.1808698154936167,2,3.2636911850957517,7,-1.2636911850957517,-0.18052731215653597,340,470,5.072754226130078,-0.07275422613007798
2019,CIN,16,2,5.205357916342103,-3.205357916342103,-0.20033486977138143,1,3.167565133637656,9,-2.167565133637656,-0.24084057040418397,279,420,4.399900518561534,-2.399900518561534
2019,LAC,16,5,8.686210813260839,-3.686210813260839,-0.23038817582880244,3,6.875023995199387,12,-3.8750239951993866,-0.32291866626661553,337,345,7.777642393287881,-2.7776423932878807
2019,DET,16,3,6.759835298648176,-3.7598352986481762,-0.23498970616551101,3,5.813367719516247,13,-2.813367719516247,-0.21641290150124975,341,423,6.000431370908055,-3.0004313709080552
2020,BUF,16,13,9.091553127231304,3.908446872768696,0.2442779295480435,8,4.737325804069032,9,3.262674195930968,0.3625193551034409,501,375,10.643154992448553,2.3568450075514473
2020,CLE,16,11,7.749655625351218,3.2503443746487823,0.2031465234155489,8,5.259553187158267,10,2.740446812841733,0.2740446812841733,408,419,7.747880010381376,3.252119989618624
2020,MIA,16,10,7.013484662658032,2.9865153373419684,0.18665720858387302,3,2.528081653320853,6,0.4719183466791468,0.0786530577798578,404,338,9.666198454774934,0.3338015452250662
2020,TAM,16,11,8.169371806283023,2.8306281937169775,0.1769142621073111,5,4.113663976154475,8,0.8863360238455247,0.11079200298069058,492,355,10.948355391237484,0.05164460876251553
2020,IND,16,11,8.339755321115867,2.6602446788841334,0.16626529243025834,5,4.234254801548714,8,0.7657451984512864,0.0957181498064108,451,362,10.03803335176481,0.9619666482351903
2020,KAN,16,14,11.765515806903862,2.2344841930961383,0.13965526206850865,8,5.942868896516544,8,2.0571311034834556,0.25714138793543195,473,362,10.45382445471399,3.54617554528601
2020,GNB,16,13,11.008650678155298,1.9913493218447016,0.12445933261529385,5,4.372609297722195,7,0.6273907022778049,0.08962724318254356,509,369,10.909693818451249,2.090306181548751
2020,TEN,16,11,9.408206123932029,1.591793876067971,0.09948711725424819,7,5.1100601193601385,9,1.8899398806398615,0.20999332007109572,491,439,9.055054470902023,1.9449455290979767
2020,SEA,16,12,10.437860040834238,1.562139959165762,0.09763374744786013,8,7.562108394319649,12,0.4378916056803508,0.03649096714002923,459,371,9.976072833915955,2.0239271660840448
2020,PIT,16,12,10.49239668100353,1.5076033189964697,0.09422520743727936,7,5.933152345072448,10,1.0668476549275523,0.10668476549275523,416,312,10.626268364211526,1.3737316357884737
2020,WAS,16,7,5.807722485502923,1.1922775144970768,0.0745173446560673,3,3.4195407395317785,8,-0.4195407395317785,-0.05244259244147231,335,329,8.17130377543621,-1.1713037754362094
2020,ARI,16,8,7.006634875443183,0.9933651245568171,0.06208532028480107,6,4.334262871487081,10,1.6657371285129194,0.16657371285129194,410,367,9.04434573077916,-1.0443457307791597
2020,NYG,16,6,5.0132611332242485,0.9867388667757515,0.06167117917348447,5,3.385356285990116,10,1.6146437140098842,0.1614643714009884,280,357,5.758458075087301,0.2415419249126991
2020,LVR,16,8,7.179687097055875,0.8203129029441252,0.051269556434007824,4,5.057315494277436,10,-1.0573154942774359,-0.10573154942774358,434,478,7.088527378789245,0.9114726212107547
2020,NOR,16,12,11.456682953966508,0.5433170460334917,0.03395731537709323,5,5.488757931096459,8,-0.48875793109645915,-0.061094741387057394,482,337,11.202798900584916,0.7972010994150835
2020,LAC,16,7,6.597847252469381,0.4021527475306188,0.025134546720663675,5,4.92044522795184,11,0.07955477204816042,0.00723225200437822,384,426,7.02093876494748,-0.020938764947479704
2020,LAR,16,10,9.938442796458135,0.06155720354186478,0.0038473252213665488,4,4.751367969238794,8,-0.7513679692387942,-0.09392099615484928,372,296,10.115051334204287,-0.1150513342042867
2020,DET,16,5,5.295684435929089,-0.2956844359290889,-0.018480277245568055,4,2.7174078331827953,8,1.2825921668172047,0.16032402085215058,377,519,5.106711854000002,-0.10671185400000205
2020,BAL,16,11,11.583182510435954,-0.5831825104359538,-0.036448906902247113,2,3.685863174757464,6,-1.685863174757464,-0.28097719579291064,468,303,11.79165652944987,-0.7916565294498703
2020,CHI,16,8,8.607518552112264,-0.6075185521122641,-0.03796990950701651,6,5.611186889797281,10,0.3888131102027188,0.03888131102027188,372,370,8.051104549893294,-0.05110454989329405
2020,CIN,16,4,4.882847575683419,-0.8828475756834191,-0.05517797348021369,2,3.812468208254724,10,-1.812468208254724,-0.18124682082547242,311,424,5.18712104902428,-1.18712104902428
2020,CAR,16,5,5.9932112827048,-0.9932112827047996,-0.06207570516904998,3,3.718317669433561,10,-0.7183176694335609,-0.07183176694335609,350,402,6.698508500265572,-1.6985085002655724
2020,DEN,16,5,6.4617320935977425,-1.4617320935977425,-0.0913582558498589,5,4.638018156340574,11,0.361981843659426,0.03290744033267509,323,446,5.081958414610856,-0.08195841461085607
2020,MIN,16,7,8.932277067252864,-1.9322770672528637,-0.12076731670330398,5,6.228424573822075,11,-1.2284245738220747,-0.11167496125655224,430,475,7.060810253572553,-0.06081025357255321
2020,DAL,16,6,7.976423009546015,-1.9764230095460151,-0.12352643809662595,5,4.209282864643449,9,0.7907171353565507,0.08785745948406119,395,473,6.317116795159984,-0.3171167951599836
2020,SFO,16,6,8.253729437571415,-2.2537294375714154,-0.14085808984821346,2,4.105890477496179,8,-2.105890477496179,-0.2632363096870224,376,390,7.65365062851553,-1.6536506285155301
2020,NYJ,16,2,4.532417548116314,-2.532417548116314,-0.1582760967572696,2,2.2339557630003752,7,-0.23395576300037524,-0.03342225185719646,243,457,2.9261080870542493,-0.9261080870542493
2020,NWE,16,7,9.595380328946451,-2.595380328946451,-0.1622112705591532,3,5.146652383132287,9,-2.1466523831322872,-0.23851693145914302,326,353,7.24789761623769,-0.24789761623769024
2020,ATL,16,4,6.926000463816569,-2.9260004638165693,-0.18287502898853558,2,5.340748965037368,11,-3.340748965037368,-0.30370445136703345,396,414,7.578986612878659,-3.5789866128786594
2020,HOU,16,4,7.4260521683036025,-3.4260521683036025,-0.21412826051897516,2,4.132836816442388,9,-2.1328368164423877,-0.23698186849359862,384,464,6.2354659500685745,-2.2354659500685745
2020,JAX,16,1,5.004832274332799,-4.004832274332799,-0.2503020171457999,1,2.2875902682341014,7,-1.2875902682341014,-0.1839414668905859,306,492,3.9198865662839926,-2.9198865662839926
2020,PHI,16,4,8.05198278406205,-4.05198278406205,-0.2532489240038781,3,4.98063096160956,10,-1.9806309616095596,-0.19806309616095596,334,418,5.921976719782419,-1.9219767197824194
2021,CIN,17,10,7.064071336487401,2.935928663512599,0.17270168608897643,5,4.987956389284501,11,0.012043610715498865,0.0010948737014089876,460,376,10.493203477439812,-0.4932034774398115
2021,DAL,17,12,9.073542422951668,2.926457577048332,0.17214456335578424,5,3.8253097295461402,8,1.1746902704538598,0.14683628380673247,530,358,12.189780873020384,-0.18978087302038382
2021,LVR,17,10,7.977431012464245,2.022568987535755,0.11897464632563265,8,5.228911615410588,11,2.7710883845894116,0.2519171258717647,374,439,6.905070098851205,3.094929901148795
2021,TAM,17,13,11.114909210223223,1.8850907897767772,0.11088769351628101,6,3.7292906873752614,6,2.2707093126247386,0.3784515521041231,511,353,12.004226827039465,0.9957731729605346
2021,ARI,17,11,9.206485050066046,1.7935149499339538,0.10550087940787964,4,3.566679160331993,7,0.43332083966800683,0.061902977095429544,449,366,10.519380635106945,0.48061936489305523
2021,TEN,17,12,10.245965703497642,1.7540342965023576,0.10317848802955044,7,5.314454264317144,10,1.6855457356828563,0.16855457356828563,419,354,10.175731219338948,1.8242687806610522
2021,SFO,17,10,8.264328498143556,1.7356715018564444,0.10209832363861437,4,4.780124075062432,11,-0.7801240750624316,-0.07092037046022105,427,365,10.062283262520735,-0.062283262520734795
2021,PHI,17,9,7.55111515314407,1.4488848468559299,0.08522852040328999,2,3.1805327150397247,7,-1.1805327150397247,-0.16864753071996066,444,385,9.92263773868447,-0.92263773868447
2021,LAR,17,12,10.575692255755287,1.4243077442447127,0.0837828084849831,4,2.6734716259967035,5,1.3265283740032965,0.2653056748006593,460,372,10.594700966161172,1.405299033838828
2021,GNB,17,13,11.99640050229008,1.0035994977099207,0.05903526457117181,5,5.384860850669789,8,-0.3848608506697886,-0.048107606333723574,450,371,10.411228128366009,2.588771871633991
2021,MIA,17,9,8.345180222872669,0.6548197771273312,0.03851881041925478,4,4.547093768942535,8,-0.5470937689425348,-0.06838672111781685,341,373,7.599924603933546,1.4000753960664536
2021,WAS,17,7,6.422062226797977,0.5779377732020228,0.03399633960011899,6,4.609493972923428,10,1.3905060270765723,0.13905060270765723,335,434,5.970951827255059,1.0290481727449414
2021,NWE,17,10,9.609366810618772,0.39063318938122826,0.022978422904778133,5,5.611840047620369,11,-0.6118400476203689,-0.05562182251094263,462,303,12.427133588459515,-2.4271335884595153
2021,LAC,17,9,8.65669028859754,0.34330971140246014,0.020194688906027068,6,5.910023920436206,12,0.08997607956379383,0.007498006630316152,474,459,8.823745820415326,0.17625417958467438
2021,PIT,17,9,9.14025358439812,-0.14025358439812052,-0.008250210846948266,7,5.261565912745477,10,1.7384340872545234,0.17384340872545234,343,398,7.017320493833051,1.9826795061669493
2021,CLE,17,8,8.177495339425926,-0.177495339425926,-0.010440902319172118,6,5.631384598927089,12,0.368615401072911,0.03071795008940925,349,371,7.885341412880184,0.11465858711981625
2021,KAN,17,12,12.20033714811293,-0.20033714811292924,-0.011784538124289956,5,6.244526214004605,9,-1.2445262140046047,-0.13828069044495608,480,364,11.190682429680674,0.809317570319326
2021,MIN,17,8,8.413391945970538,-0.4133919459705382,-0.0243171732923846,6,7.144814815748097,14,-1.1448148157480968,-0.08177248683914977,425,426,8.476327899893217,-0.4763278998932172
2021,BUF,17,11,11.514379228195498,-0.514379228195498,-0.030257601658558703,1,3.619415867723249,6,-2.619415867723249,-0.43656931128720816,483,289,13.116721867888247,-2.1167218678882467
2021,ATL,17,7,7.591862183967842,-0.5918621839678417,-0.03481542258634363,6,4.374688452076717,8,1.6253115479232827,0.20316394349041034,313,459,4.8882299862344105,2.1117700137655895
2021,IND,17,9,9.725754600904615,-0.7257546009046152,-0.042691447112036186,5,5.916982743448988,11,-0.9169827434489877,-0.08336206758627161,451,365,10.587484093812732,-1.5874840938127317
2021,NYJ,17,4,4.747742921217797,-0.7477429212177968,-0.04398487771869393,4,2.908395663835203,9,1.0916043361647971,0.12128937068497746,310,504,4.08263657153981,-0.08263657153981008
2021,JAX,17,3,3.996939481138264,-0.9969394811382641,-0.058643498890486125,2,2.017841544995716,7,-0.017841544995715886,-0.0025487921422451265,253,457,3.3591889574055815,-0.35918895740558154
2021,DEN,17,7,8.03647660212671,-1.0364766021267098,-0.06096921188980646,3,3.6515536357399347,8,-0.6515536357399347,-0.08144420446749184,335,322,8.898367284232028,-1.8983672842320285
2021,DET,17,3,4.151327662975407,-1.1513276629754072,-0.06772515664561218,2,2.2173960970225295,9,-0.2173960970225295,-0.024155121891392167,325,467,5.057842923722969,-2.057842923722969
2021,CHI,17,6,7.453905535236675,-1.4539055352366752,-0.08552385501392207,3,2.7442836268262796,6,0.2557163731737204,0.042619395528953406,311,407,5.878501910767689,0.1214980892323112
2021,CAR,17,5,6.792806940005535,-1.7928069400055353,-0.10545923176503148,3,4.249872230271881,8,-1.2498722302718814,-0.15623402878398518,304,404,5.739238898180641,-0.7392388981806413
2021,NYG,17,4,5.839429741042502,-1.839429741042502,-0.10820174947308836,4,3.4889932117493867,9,0.5110067882506133,0.05677853202784592,258,416,4.143809694075683,-0.14380969407568323
2021,HOU,17,4,6.0356817197290304,-2.0356817197290304,-0.11974598351347238,1,2.44683812111271,5,-1.4468381211127102,-0.28936762422254203,280,452,4.135149298786967,-0.1351492987869669
2021,NOR,17,9,11.352585125352743,-2.352585125352743,-0.13838736031486723,1,2.7451797905187876,4,-1.7451797905187876,-0.4362949476296969,364,335,9.33356488491921,-0.33356488491921077
2021,SEA,17,7,9.810069167735731,-2.8100691677357315,-0.16529818633739596,3,4.573961988428312,8,-1.5739619884283123,-0.19674524855353903,395,366,9.26596909561658,-2.2659690956165797
2021,BAL,17,8,10.916320378553966,-2.9163203785539658,-0.17154825756199799,6,7.412262661868224,12,-1.4122626618682244,-0.11768855515568537,387,392,8.370707812074492,-0.37070781207449244
2022,JAX,17,9,4.999383907383986,4.000616092616014,0.23533035838917732,5,3.5062084388280836,10,1.4937915611719164,0.14937915611719163,404,350,9.93145232087077,-0.9314523208707701
2022,CIN,16,12,8.027050499907467,3.9729495000925326,0.24830934375578328,6,4.200487870794944,10,1.7995121292050564,0.17995121292050564,418,322,10.397687010038387,1.6023129899616126
2022,PHI,17,14,10.693728234374898,3.3062717656251017,0.1944865744485354,9,5.721018874222059,10,3.278981125777941,0.3278981125777941,477,344,11.637099848046867,2.3629001519531325
2022,DET,17,9,6.083465838165,2.916534161835,0.17156083304911765,4,3.301139825180335,10,0.6988601748196648,0.06988601748196648,453,427,9.094394737465437,-0.09439473746543747
2022,SFO,17,13,10.123957405173545,2.8760425948264547,0.16917897616626204,5,3.370667055500748,6,1.629332944499252,0.27155549074987534,450,277,12.911670936572282,0.08832906342771807
2022,MIN,17,13,10.391162091082355,2.6088379089176446,0.1534610534657438,10,7.225960900969465,12,2.774039099030535,0.23116992491921126,424,427,8.42898490696289,4.57101509303711
2022,NYG,17,9,6.674315944974271,2.3256840550257287,0.13680494441327817,5,3.144501297883235,9,1.855498702116765,0.20616652245741834,365,371,8.335791251106341,0.6642087488936586
2022,BUF,16,13,11.00906127022552,1.9909387297744807,0.12443367061090504,4,4.4978681148812925,7,-0.49786811488129246,-0.07112401641161321,455,286,12.005373598993923,0.9946264010060766
2022,NYJ,17,7,5.409366043463451,1.590633956536549,0.09356670332567936,4,2.711874812041247,9,1.288125187958753,0.1431250208843059,296,316,7.842746779397979,-0.842746779397979
2022,LAC,17,10,8.497661824244325,1.5023381757556749,0.08837283386798088,8,5.903223953277289,13,2.0967760467227112,0.16129046513251624,391,384,8.681931997076331,1.3180680029236687
2022,KAN,17,14,12.683384705645471,1.3166152943545288,0.07744795849144287,8,8.087228817243787,11,-0.08722881724378695,-0.007929892476707905,496,369,11.362948931092356,2.6370510689076436
2022,CAR,17,7,5.767100965908504,1.2328990340914956,0.07252347259361738,4,3.322510504483352,9,0.6774894955166482,0.07527661061296091,347,374,7.747234615713418,-0.7472346157134178
2022,DAL,17,12,11.06370074724797,0.9362992527520309,0.055076426632472406,4,5.079223136378159,8,-1.0792231363781593,-0.1349028920472699,467,342,11.502603906619813,0.4973960933801873
2022,WAS,17,8,7.299253790798045,0.700746209201955,0.04122036524717382,5,4.084165274851322,9,0.9158347251486783,0.1017594139054087,321,343,7.833670759497338,0.1663292405026624
2022,PIT,17,9,8.506978892576726,0.49302110742327443,0.02900124161313379,7,6.757734140042804,13,0.24226585995719585,0.018635835381322758,308,346,7.335543334692455,1.6644566653075454
2022,ATL,17,7,6.929185576273769,0.07081442372623137,0.004165554336837139,5,5.602168627451553,13,-0.6021686274515528,-0.04632066365011944,365,386,7.9373680583572455,-0.9373680583572455
2022,BAL,17,10,10.299318524877929,-0.2993185248779291,-0.017606972051642886,6,6.635372508478198,11,-0.6353725084781976,-0.0577611371343816,350,315,9.555763711855468,0.4442362881445323
2022,MIA,17,9,9.452104463245954,-0.4521044632459539,-0.026594380190938464,6,5.689136480500227,11,0.3108635194997733,0.028260319954524847,397,399,8.449384913858724,0.550615086141276
2022,NWE,17,8,8.53138154778016,-0.5313815477801604,-0.03125773810471532,6,4.787737052613521,10,1.2122629473864794,0.12122629473864795,364,347,8.981243291111518,-0.9812432911115181
2022,SEA,17,9,9.629035931492309,-0.6290359314923091,-0.03700211361719465,5,6.556069006024953,11,-1.556069006024953,-0.14146081872954117,407,401,8.649578890794846,0.3504211092051541
2022,CLE,17,7,8.051649354786585,-1.0516493547865853,-0.061861726752152076,5,5.791641992624104,11,-0.7916419926241041,-0.07196745387491855,361,381,7.957614481051603,-0.9576144810516034
2022,DEN,17,5,6.236710168965027,-1.2367101689650273,-0.07274765699794278,4,4.689004647380969,13,-0.689004647380969,-0.053000357490843766,287,359,6.296799940391293,-1.2967999403912929
2022,LVR,17,6,7.718062139711227,-1.7180621397112272,-0.10106247880654277,4,5.723131941055525,13,-1.7231319410555246,-0.13254861085042496,395,418,7.930793280503421,-1.930793280503421
2022,HOU,17,3,4.860539980097318,-1.8605399800973181,-0.10944352824101872,3,2.7515369197276667,10,0.24846308027233333,0.02484630802723333,289,420,4.963008531847227,-1.963008531847227
2022,NOR,17,7,9.007966254995221,-2.007966254995221,-0.11811566205854242,5,6.647046914791176,12,-1.6470469147911757,-0.1372539095659313,330,345,8.052673276183576,-1.052673276183576
2022,TAM,17,8,10.186719492823276,-2.1867194928232756,-0.12863055840136917,8,8.410685213686401,14,-0.410685213686401,-0.029334658120457213,313,358,7.158276467966462,0.8417235320335381
2022,GNB,17,8,10.411544134223513,-2.4115441342235133,-0.1418555373072655,5,6.572999353456559,11,-1.5729993534565594,-0.14299994122332357,370,371,8.472813841379658,-0.4728138413796579
2022,CHI,17,3,6.5139772001945975,-3.5139772001945975,-0.2067045411879175,1,3.3237384860945083,7,-2.3237384860945083,-0.33196264087064403,326,463,5.156696919341024,-2.156696919341024
2022,ARI,17,4,7.590819673468509,-3.590819673468509,-0.2112246866746182,2,4.884148302544371,10,-2.8841483025443706,-0.28841483025443704,340,449,5.7962280609055155,-1.7962280609055155
2022,TEN,17,7,10.598580866727785,-3.5985808667277848,-0.21168122745457557,6,8.260602085479398,13,-2.2606020854793982,-0.17389246811379985,298,359,6.654078141362273,0.34592185863772684
2022,LAR,17,5,8.92790361985564,-3.9279036198556394,-0.23105315410915525,3,4.102223098236703,8,-1.1022230982367027,-0.13777788727958784,307,384,6.297226211644922,-1.2972262116449222
2022,IND,17,4,8.824928909309646,-4.824928909309646,-0.2838193476064498,4,6.65894435327605,12,-2.65894435327605,-0.2215786961063375,289,427,4.826475911225877,-0.8264759112258773
2023,HOU,17,10,6.6306071333661345,3.3693928666338655,0.1981995803902274,7,4.938243039896232,12,2.061756960103768,0.17181308000864734,377,353,9.161201631714297,0.838798368285703
2023,DET,17,12,8.774881516157365,3.2251184838426354,0.18971285199074325,5,3.8105526537853285,8,1.1894473462146715,0.14868091827683394,461,395,10.039163331188114,1.9608366688118863
2023,LAR,17,10,7.293219368772939,2.706780631227061,0.15922239007218006,5,3.453097118989182,9,1.5469028810108179,0.17187809789009087,404,377,9.195155617700461,0.8048443822995388
2023,BAL,17,13,10.369010327756875,2.6309896722431247,0.15476409836724264,5,5.50737098225438,9,-0.5073709822543799,-0.05637455358381999,483,280,13.33679442575643,-0.33679442575643037
2023,CLE,17,11,8.784896885598796,2.215103114401204,0.13030018320007083,6,4.762058832815579,10,1.2379411671844212,0.12379411671844212,396,362,9.400812964845317,1.5991870351546833
2023,CHI,17,7,5.393350321394021,1.6066496786059794,0.09450880462388114,3,2.789701685115812,8,0.21029831488418793,0.02628728936052349,360,379,7.982589921401315,-0.9825899214013152
2023,DEN,17,8,6.412664477265365,1.5873355227346346,0.09337267780791969,5,3.8962021048646784,9,1.1037978951353216,0.12264421057059129,357,413,7.046731932758842,0.953268067241158
2023,MIA,17,11,9.496828344748423,1.5031716552515775,0.08842186207362221,4,3.5283614022585166,7,0.4716385977414834,0.06737694253449764,496,391,10.834428399236472,0.16557160076352773
2023,DAL,17,12,10.80481667162342,1.1951833283765794,0.07030490166921055,4,3.2610415646768582,6,0.7389584353231418,0.12315973922052363,509,315,12.872135224565971,-0.8721352245659713
2023,IND,17,9,7.995719043860257,1.004280956139743,0.05907535036116135,9,6.762107638232178,14,2.2378923617678224,0.1598494544119873,396,415,8.028443915404539,0.971556084595461
2023,NYJ,17,7,6.008144315166618,0.9918556848333822,0.05834445204902248,5,4.025613712980329,10,0.9743862870196711,0.09743862870196711,268,355,5.76861521807336,1.2313847819266401
2023,JAX,17,9,8.225320915749839,0.7746790842501614,0.04556935789706832,4,2.6307088390947064,6,1.3692911609052936,0.2282151934842156,377,371,8.661574909848136,0.33842509015186373
2023,PIT,17,10,9.440581654785635,0.5594183452143646,0.03290696148319792,9,6.7568287265876945,13,2.2431712734123055,0.1725516364163312,304,324,7.859439220569503,2.140560779430497
2023,LVR,17,8,7.506511350573669,0.49348864942633064,0.0290287440839018,6,4.852365852133538,11,1.1476341478664622,0.1043303770787693,332,331,8.530384509006016,-0.5303845090060157
2023,SEA,17,9,8.734941297216595,0.2650587027834046,0.0155916883990238,7,5.655794049183515,11,1.3442059508164848,0.1222005409833168,364,402,7.504409366363028,1.4955906336369722
2023,SFO,17,12,11.860623507367213,0.1393764926327865,0.008198617213693324,2,3.333103600130473,5,-1.3331036001304728,-0.26662072002609455,491,298,13.01468207126883,-1.0146820712688296
2023,PHI,17,11,10.901397357948209,0.09860264205179092,0.005800155414811231,8,7.483121724965852,12,0.5168782750341476,0.04307318958617897,433,428,8.616979991540331,2.3830200084596687
2023,NYG,17,6,6.116952788099988,-0.11695278809998833,-0.006879575770587548,4,3.5371897398220016,8,0.4628102601779984,0.0578512825222498,266,407,4.54531109554956,1.4546889044504399
2023,TAM,17,9,9.235486610546694,-0.23548661054669395,-0.013852153561570232,3,4.170565875112502,8,-1.1705658751125023,-0.1463207343890628,348,325,9.187227015133514,-0.18722701513351403
2023,NOR,17,9,9.341629501666596,-0.34162950166659556,-0.020095853039211502,5,5.087205551587096,9,-0.08720555158709598,-0.009689505731899552,402,327,10.539349621678273,-1.539349621678273
2023,GNB,17,9,9.612312575223747,-0.612312575223747,-0.03601838677786747,4,5.461045566664031,10,-1.4610455666640307,-0.14610455666640307,383,350,9.404117697961219,-0.4041176979612189
2023,BUF,17,11,11.615859386327845,-0.6158593863278448,-0.03622702272516734,6,8.0483473436906,12,-2.0483473436905992,-0.1706956119742166,451,311,12.019036398405685,-1.0190363984056852
2023,ATL,17,7,7.824952853067012,-0.8249528530670123,-0.048526638415706605,5,5.500863460030495,12,-0.5008634600304953,-0.04173862166920794,321,373,7.003498414036334,-0.0034984140363336635
2023,CIN,17,9,9.91737594723282,-0.91737594723282,-0.05396329101369529,5,5.070570226734713,8,-0.0705702267347128,-0.0088212783418391,366,384,8.016948172194644,0.9830518278053564
2023,ARI,17,4,5.348891698221398,-1.348891698221398,-0.07934657048361166,2,2.584798255068251,7,-0.5847982550682511,-0.08354260786689302,330,455,5.412354444126852,-1.4123544441268523
2023,KAN,17,11,12.912823722578588,-1.9128237225785885,-0.11251904250462286,4,5.891684071365759,8,-1.8916840713657592,-0.2364605089207199,371,294,10.785490030940744,0.21450996905925557
2023,TEN,17,6,7.930115574893401,-1.9301155748934011,-0.11353621028784712,4,5.47753590026821,11,-1.4775359002682098,-0.13432144547892816,305,367,6.665395351474858,-0.6653953514748583
2023,WAS,17,4,6.690455733234922,-2.6904557332349217,-0.1582621019549954,3,3.3014065200137637,8,-0.30140652001376367,-0.03767581500172046,329,518,4.323178167289155,-0.3231781672891554
2023,MIN,17,7,9.721707652096374,-2.7217076520963737,-0.16010045012331608,5,7.425765369771774,13,-2.4257653697717743,-0.18659733613629031,344,362,7.986901359423504,-0.9869013594235039
2023,NWE,17,4,7.067516752965546,-3.0675167529655463,-0.18044216193914978,4,5.594531888526668,13,-1.5945318885266682,-0.12265629911743602,236,366,4.439682343383035,-0.43968234338303525
2023,LAC,17,5,8.246614231329216,-3.2466142313292163,-0.190977307725248,4,6.205488283561238,13,-2.2054882835612384,-0.16965294488932603,346,398,7.102516580232213,-2.102516580232213
2023,CAR,17,2,5.783790483164477,-3.783790483164477,-0.222575910774381,2,3.1967284198180437,8,-1.1967284198180437,-0.14959105247725546,236,416,3.5180561548562217,-1.5180561548562217
2024,WAS,17,12,7.3483178711660395,4.6516821288339605,0.27362836051964473,9,5.043080805287818,12,3.9569191947121816,0.32974326622601513,485,391,10.624084884678906,1.375915115321094
2024,DET,17,15,10.993353347551265,4.006646652448735,0.23568509720286676,8,6.1710028919569515,10,1.8289971080430485,0.18289971080430484,564,342,13.02113477264375,1.9788652273562501
2024,MIN,17,14,10.490221658804835,3.5097783411951653,0.20645754948206854,9,5.887463936025149,10,3.1125360639748507,0.31125360639748506,432,332,11.069166797862058,2.9308332021379417
2024,PHI,17,14,11.337028461073956,2.662971538926044,0.15664538464270847,9,7.893393548629151,12,1.1066064513708493,0.09221720428090412,463,303,12.44424290229452,1.5557570977054809
2024,KAN,17,15,12.394769513416042,2.6052304865839577,0.15324885215199752,11,8.673509616262447,12,2.3264903837375535,0.19387419864479613,385,326,10.154150199409028,4.8458498005909725
2024,LAC,17,11,8.594513786016979,2.4054862139830213,0.14149918905782477,5,4.021756041729747,9,0.9782439582702533,0.10869377314113926,402,301,11.305316655502454,-0.30531665550245357
2024,DEN,17,10,7.610374680196123,2.3896253198038773,0.14056619528258102,1,2.6863774914237375,7,-1.6863774914237375,-0.24091107020339106,425,311,11.509457895736311,-1.5094578957363112
2024,HOU,17,10,8.127534565153562,1.872465434846438,0.11014502557920224,7,5.091742418480884,10,1.9082575815191163,0.19082575815191163,372,372,8.5,1.5
2024,ARI,17,8,6.3713161466663415,1.6286838533336585,0.09580493254903874,4,2.8810975332878774,9,1.1189024667121226,0.12432249630134695,400,379,9.04245498928803,-1.0424549892880304
2024,LAR,17,10,8.554225854279846,1.4457741457201543,0.08504553798353849,8,5.884921321061424,12,2.115078678938576,0.17625655657821468,367,386,7.992190754785773,2.0078092452142267
2024,SEA,17,10,8.696066657500797,1.303933342499203,0.07670196132348253,7,4.977822536918386,10,2.022177463081614,0.20221774630816142,375,368,8.689765464738466,1.310234535261534
2024,BAL,17,12,10.99468467504007,1.0053153249599305,0.059136195585878265,6,6.642952869120929,11,-0.6429528691209292,-0.05845026082917538,518,361,11.930302934060787,0.06969706593921288
2024,GNB,17,11,10.216725945565383,0.7832740544346173,0.0460749443785069,7,7.306928598305475,13,-0.3069285983054746,-0.0236098921773442,460,338,11.473137011533845,-0.47313701153384535
2024,BUF,17,13,12.273009359762861,0.7269906402371387,0.04276415530806698,6,7.057691862302484,10,-1.0576918623024838,-0.10576918623024838,525,368,11.881414778069443,1.118585221930557
2024,ATL,17,8,7.40875205042495,0.5912479495750498,0.03477929115147352,6,5.094982882834816,12,0.9050171171651842,0.07541809309709868,389,423,7.658759558223319,0.341240441776681
2024,CAR,17,5,4.485600452414844,0.5143995475851559,0.03025879691677388,4,1.86924772693412,7,2.1307522730658803,0.30439318186655434,341,534,4.364597353507226,0.635402646492774
2024,TAM,17,10,9.503281502913293,0.49671849708670734,0.029218735122747492,3,3.8440897310204205,8,-0.8440897310204205,-0.10551121637755256,502,385,11.08806294005699,-1.0880629400569894
2024,IND,17,8,7.989959519432488,0.010040480567512056,0.0005906165039712974,7,5.433835328689636,11,1.5661646713103643,0.14237860648276038,377,427,7.254610859704452,0.7453891402955479
2024,PIT,17,10,10.231707802736656,-0.23170780273665592,-0.013629870749215053,4,4.784161649728835,8,-0.7841616497288353,-0.09802020621610441,380,347,9.411532508770128,0.5884674912298724
2024,CIN,17,9,9.302908683177298,-0.30290868317729824,-0.01781815783395872,5,6.4862748106533665,13,-1.4862748106533665,-0.11432883158872051,472,434,9.342652874247149,-0.34265287424714863
2024,NYJ,17,5,6.36119808354498,-1.3611980835449797,-0.08007047550264587,2,3.6834291980554723,9,-1.6834291980554723,-0.18704768867283025,338,404,6.729664141801634,-1.729664141801634
2024,MIA,17,8,9.375390477000398,-1.3753904770003977,-0.08090532217649399,4,4.32981784945545,8,-0.32981784945545023,-0.04122723118193128,345,364,7.960744039671944,0.039255960328056005
2024,NWE,17,4,5.549884644521496,-1.5498846445214962,-0.09116968497185272,3,3.010899181894551,9,-0.010899181894551191,-0.001211020210505688,289,417,5.022921028632979,-1.0229210286329788
2024,CHI,17,5,6.558166579446875,-1.5581665794468753,-0.09165685761452208,3,4.0263083474798,11,-1.0263083474797998,-0.09330075886179999,310,370,6.743527644047534,-1.7435276440475338
2024,LVR,17,4,6.5389658884610435,-2.5389658884610435,-0.1493509346153555,3,2.9471755540894815,8,0.05282444591051849,0.0066030557388148114,309,434,5.251917747517558,-1.2519177475175578
2024,DAL,17,7,9.681197474811693,-2.681197474811693,-0.1577174985183349,6,6.71049148840414,12,-0.7104914884041396,-0.0592076240336783,350,468,5.683977896613673,1.3160221033863273
2024,JAX,17,4,6.994461739320555,-2.9944617393205553,-0.17614480819532677,3,5.613460274754022,13,-2.613460274754022,-0.2010354057503094,320,435,5.5370832052543575,-1.5370832052543575
2024,TEN,17,3,6.1002843119847,-3.1002843119846997,-0.1823696654108647,2,3.308216249718544,7,-1.3082162497185439,-0.1868880356740777,311,460,4.817665008858414,-1.8176650088584143
2024,NYG,17,3,6.118828447132953,-3.1188284471329526,-0.18346049689017369,1,3.970477434267102,10,-2.970477434267102,-0.2970477434267102,273,415,4.59687430851206,-1.59687430851206
2024,CLE,17,3,6.491664877438596,-3.4916648774385957,-0.20539205161403504,3,3.9789213517095323,9,-0.9789213517095323,-0.10876903907883692,258,435,3.821167684713088,-0.821167684713088
2024,NOR,17,5,8.572172122514035,-3.5721721225140346,-0.21012777191259027,2,3.9531121420437683,7,-1.9531121420437683,-0.27901602029196687,338,398,6.874359149692892,-1.874359149692892
2024,SFO,17,6,10.733432820529043,-4.733432820529043,-0.2784372247370025,2,6.735357327474484,11,-4.735357327474484,-0.4304870297704076,389,436,7.358047270576074,-1.3580472705760744
2025,NWE,17,14,8.457870074151257,5.542129925848743,0.32600764269698485,7,3.7205533148774883,10,3.2794466851225117,0.3279446685122512,490,320,12.460743721202562,1.5392562787974384
2025,JAX,17,13,8.02485627300649,4.97514372699351,0.2926555133525594,7,4.04066464406383,10,2.9593353559361697,0.29593353559361696,474,336,11.785793346245342,1.2142066537546583
2025,CHI,17,11,6.606729962130992,4.393270037869008,0.2584276492864122,7,4.217894707694115,11,2.782105292305885,0.25291866293689863,441,415,9.111013408142659,1.888986591857341
2025,DEN,17,14,10.252904749050114,3.7470952509498865,0.2204173677029345,11,7.380481022602265,13,3.6195189773977354,0.27842453672290274,401,311,10.985408197636751,3.014591802363249
2025,SEA,17,14,10.612795538899055,3.3872044611009446,0.19924732124123204,7,5.920133173453258,10,1.0798668265467422,0.10798668265467422,483,292,13.042901418190606,0.9570985818093938
2025,HOU,17,12,9.179600349281392,2.820399650718608,0.16590586180697695,7,5.917747916432179,11,1.0822520835678207,0.09838655305162006,404,295,11.52832277737149,0.47167722262851086
2025,SFO,17,12,9.921863722705085,2.078136277294915,0.12224331042911263,7,5.976184372371961,11,1.0238156276280392,0.09307414796618539,437,371,10.128794662493645,1.871205337506355
2025,CAR,17,8,5.929923801144963,2.0700761988550367,0.12176918816794334,7,3.3650373369361533,10,3.6349626630638467,0.36349626630638465,311,380,6.518784723986984,1.4812152760130157
2025,LAR,17,12,10.675696462316068,1.3243035376839316,0.0779002080990548,5,5.802028103258629,10,-0.8020281032586292,-0.08020281032586292,518,346,12.2807442731417,-0.2807442731416998
2025,LAC,17,11,9.94017395984195,1.0598260401580504,0.0623427082445912,7,5.024186427008084,9,1.9758135729919157,0.21953484144354618,368,340,9.294782185294592,1.7052178147054082
2025,ATL,17,8,7.194339295762941,0.8056607042370594,0.047391806131591725,6,4.862755465868291,11,1.1372445341317086,0.10338586673924623,353,401,7.225505110502123,0.7744948894978769
2025,PIT,17,10,9.470239146082992,0.5297608539170078,0.031162403171588693,7,5.857169652934129,11,1.1428303470658712,0.1038936679150792,397,387,8.756887212697137,1.243112787302863
2025,IND,17,8,8.279127193538976,-0.27912719353897586,-0.016419246678763287,4,5.513056826583372,12,-1.5130568265833721,-0.12608806888194768,466,412,9.73181834476815,-1.7318183447681506
2025,MIN,17,9,9.28512188123619,-0.28512188123619,-0.016771875366834704,7,6.035681309212012,11,0.9643186907879882,0.08766533552618073,344,333,8.827186125644147,0.17281387435585316
2025,BUF,17,12,12.356926297511121,-0.35692629751112115,-0.020995664559477715,5,5.471650273632458,8,-0.47165027363245837,-0.058956284204057297,481,365,11.184678209126085,0.8153217908739148
2025,NOR,17,6,6.493762279271363,-0.49376227927136274,-0.029044839957138986,2,3.316040259798065,8,-1.316040259798065,-0.16450503247475812,306,383,6.291072269104465,-0.2910722691044647
2025,NYG,17,4,4.49558689240512,-0.4955868924051199,-0.02915217014147764,1,1.587478350030148,7,-0.5874783500301479,-0.08392547857573542,381,439,7.085990922041855,-3.085990922041855
2025,CLE,17,5,5.5126204691880805,-0.5126204691880805,-0.030154145246357674,4,3.609450998661388,10,0.3905490013386119,0.03905490013386119,279,379,5.54328444910677,-0.5432844491067703
2025,PHI,17,11,11.633223527804443,-0.6332235278044429,-0.03724844281202605,8,7.49630831421664,12,0.5036916857833598,0.04197430714861331,379,325,10.031355977192876,0.9686440228071245
2025,TEN,17,3,4.147780118815439,-1.1477801188154393,-0.06751647757737878,2,1.1165281161121592,5,0.8834718838878408,0.17669437677756816,284,478,3.8334673683602234,-0.8334673683602234
2025,DAL,17,7,8.236334925010729,-1.2363349250107287,-0.07272558382416051,5,4.180690820004433,9,0.8193091799955674,0.09103435333284082,471,511,7.681519305508518,-0.6815193055085178
2025,MIA,17,7,8.446328216545961,-1.446328216545961,-0.08507813038505653,4,5.37558563401193,9,-1.3755856340119301,-0.1528428482235478,347,424,6.518495779509198,0.48150422049080177
2025,GNB,17,9,10.454970701836507,-1.4549707018365066,-0.08558651187273568,6,7.757096985578432,13,-1.757096985578432,-0.1351613065829563,391,360,9.329376837853363,-0.32937683785336347
2025,TAM,17,8,9.672479627108508,-1.6724796271085083,-0.0983811545357946,6,7.428788490634764,12,-1.4287884906347639,-0.11906570755289698,380,411,7.712360833554645,0.2876391664453548
2025,DET,17,9,10.833095193202869,-1.833095193202869,-0.10782912901193346,2,5.9085762882705115,10,-3.9085762882705115,-0.39085762882705116,481,413,10.018767614590788,-1.0187676145907876
2025,WAS,17,5,7.518334815095074,-2.5183348150950744,-0.14813734206441614,1,3.67196889051745,8,-2.67196889051745,-0.33399611131468127,356,451,6.177979322004551,-1.1779793220045507
2025,BAL,17,8,10.572572192063392,-2.572572192063392,-0.15132777600372893,1,2.9898549238092276,5,-1.9898549238092276,-0.3979709847618455,424,398,9.13621032227876,-1.1362103222787603
2025,NYJ,17,3,5.59974755038825,-2.5997475503882503,-0.1529263264934265,3,3.0688783136309734,8,-0.06887831363097341,-0.008609789203871676,300,503,3.8604761700673373,-0.8604761700673373
2025,CIN,17,6,8.720103456683471,-2.7201034566834714,-0.16000608568726302,3,5.438215777305602,9,-2.4382157773056017,-0.2709128641450669,414,492,6.78520684641944,-0.7852068464194399
2025,LVR,17,3,5.822803444944994,-2.822803444944994,-0.1660472614673526,2,2.2432795633329796,7,-0.24327956333297962,-0.034754223333282805,241,432,3.408424716478314,-0.40842471647831413
2025,ARI,17,3,6.426041448430875,-3.426041448430875,-0.20153184990769854,2,5.065067481422113,11,-3.065067481422113,-0.27864249831110116,355,488,5.438681140671704,-2.4386811406717044
2025,KAN,17,6,11.226046434545342,-5.226046434545342,-0.307414496149726,2,6.640966245734954,11,-4.640966245734954,-0.4219060223395413,362,328,9.488957697469159,-3.488957697469159
