start,k,lam,hfa_mode,hfa,hfa_init,k_hfa,hfa_mov,mov_mode,mov_cap,expansion_start,include_playoffs,n,brier,logloss,accuracy
1500.0,20.0,0.4,fixed,65.0,65.0,1.0,False,winner,,1300.0,True,7000,0.2198185292973415,0.6301731378220572,0.6422845691382766
1500.0,20.0,0.5,fixed,65.0,65.0,1.0,False,winner,,1300.0,True,7000,0.21990038971177728,0.6303273581219538,0.6369882622387633
1500.0,20.0,0.4,fixed,65.0,65.0,1.0,False,winner,,1300.0,False,7000,0.21990105392773093,0.6303333081353639,0.6425708559977097
1500.0,20.0,0.4,fixed,55.0,65.0,1.0,False,winner,,1300.0,True,7000,0.2199011434183443,0.6303508172100917,0.6418551388491268
1500.0,20.0,0.4,online,55.0,65.0,0.5,False,winner,,1300.0,True,7000,0.21992097976083452,0.6303937514838965,0.6409962782708274
1500.0,20.0,0.35,fixed,65.0,65.0,1.0,False,winner,,1300.0,True,7000,0.2199344349155304,0.6304739487722946,0.6427139994274262
1500.0,20.0,0.5,fixed,55.0,65.0,1.0,False,winner,,1300.0,True,7000,0.21994585740518718,0.6304676718028095,0.639421700543945
1500.0,15.0,0.35,fixed,65.0,65.0,1.0,False,winner,,1300.0,True,7000,0.21997501928469101,0.6306332221126618,0.6399942742628113
1500.0,20.0,0.4,fixed,55.0,65.0,1.0,False,winner,,1300.0,False,7000,0.2199758222132479,0.6304960877316718,0.6415688519896937
1500.0,15.0,0.4,fixed,55.0,65.0,1.0,False,winner,,1300.0,True,7000,0.219992351681793,0.6307771733916541,0.6419982822788434
1500.0,15.0,0.35,fixed,55.0,65.0,1.0,False,winner,,1300.0,True,7000,0.21999248401335839,0.6307291172406418,0.6425708559977097
1500.0,20.0,0.5,online,55.0,65.0,0.5,False,winner,,1300.0,True,7000,0.21999286297222415,0.6305198451487904,0.6392785571142284
1500.0,15.0,0.4,fixed,65.0,65.0,1.0,False,winner,,1300.0,True,7000,0.21999529535974158,0.630700338897208,0.6375608359576296
1500.0,20.0,0.35,fixed,65.0,65.0,1.0,False,winner,,1300.0,False,7000,0.2199983811426792,0.6305832248065584,0.6435728600057258
1500.0,20.0,0.4,online,55.0,65.0,1.0,False,winner,,1300.0,True,7000,0.21999963647262297,0.6305690882367385,0.6409962782708274
1500.0,20.0,0.4,online,55.0,65.0,0.5,False,winner,,1300.0,False,7000,0.22000100715335086,0.6305451297767073,0.6415688519896937
1500.0,20.0,0.4,fixed,65.0,65.0,1.0,False,winner,,1500.0,True,7000,0.22000198368298593,0.6304600203051319,0.64214142570856
1500.0,20.0,0.5,fixed,65.0,65.0,1.0,False,winner,,1300.0,False,7000,0.22000978140108587,0.6305567639216203,0.6399942742628113
1500.0,20.0,0.35,fixed,55.0,65.0,1.0,False,winner,,1300.0,True,7000,0.22003701103806986,0.6306692681837386,0.6422845691382766
1500.0,20.0,0.35,online,55.0,65.0,0.5,False,winner,,1300.0,True,7000,0.22004089283709005,0.6307107440259094,0.6424277125679931
1500.0,20.0,0.5,fixed,55.0,65.0,1.0,False,winner,,1300.0,False,7000,0.22005052268242545,0.6306889553698395,0.6379902662467792
1500.0,15.0,0.35,online,55.0,65.0,0.5,False,winner,,1300.0,True,7000,0.2200587096403629,0.6308207377367367,0.6398511308330948
1500.0,15.0,0.4,online,55.0,65.0,0.5,False,winner,,1300.0,True,7000,0.22007056498264072,0.6308718206231029,0.640137417692528
1500.0,20.0,0.5,online,55.0,65.0,1.0,False,winner,,1300.0,True,7000,0.22007197091649483,0.6306888401152012,0.641425708559977
1500.0,15.0,0.3,fixed,65.0,65.0,1.0,False,winner,,1300.0,True,7000,0.22007641572260292,0.6308496956657234,0.638419696535929
1500.0,20.0,0.4,online,55.0,65.0,0.5,True,winner,,1300.0,True,7000,0.22007794827743152,0.6307727759661261,0.6404237045519611
1500.0,20.0,0.4,fixed,55.0,65.0,1.0,False,winner,,1500.0,True,7000,0.22007903954328784,0.6306288913088829,0.641425708559977
1500.0,20.0,0.4,fixed,65.0,65.0,1.0,False,winner,,1500.0,False,7000,0.22008108927432166,0.6306135652322729,0.6428571428571429
1500.0,20.0,0.4,online,55.0,65.0,1.0,False,winner,,1300.0,False,7000,0.22008349557919593,0.6307259164992964,0.6399942742628113
1500.0,20.0,0.5,fixed,65.0,65.0,1.0,False,winner,,1500.0,True,7000,0.22008868300695975,0.6306415005932312,0.6378471228170627
1500.0,20.0,0.35,fixed,55.0,65.0,1.0,False,winner,,1300.0,False,7000,0.22009131942735058,0.6307592859762903,0.6419982822788434
1500.0,15.0,0.35,fixed,65.0,65.0,1.0,False,winner,,1300.0,False,7000,0.2200933745084775,0.6308949026292049,0.6407099914113942
1500.0,20.0,0.5,online,55.0,65.0,0.5,False,winner,,1300.0,False,7000,0.22009811201808532,0.6307455884323601,0.6397079874033782
1500.0,15.0,0.35,fixed,55.0,65.0,1.0,False,winner,,1300.0,False,7000,0.22010311523588963,0.6309765158807905,0.6422845691382766
1500.0,20.0,0.35,online,55.0,65.0,0.5,False,winner,,1300.0,False,7000,0.22010333056086567,0.630808096089877,0.6428571428571429
1500.0,20.0,0.4,online,55.0,65.0,0.5,False,winner,,1500.0,True,7000,0.22010516228456684,0.6306798970532431,0.6412825651302605
1500.0,20.0,0.35,fixed,65.0,65.0,1.0,False,winner,,1500.0,True,7000,0.2201141915024651,0.6307428948585304,0.6427139994274262
1500.0,15.0,0.4,fixed,55.0,65.0,1.0,False,winner,,1300.0,False,7000,0.22011445394607254,0.6310510511376539,0.6434297165760091
1500.0,15.0,0.3,fixed,55.0,65.0,1.0,False,winner,,1300.0,True,7000,0.22011544931785412,0.6309637658541911,0.6415688519896937
1500.0,20.0,0.35,online,55.0,65.0,1.0,False,winner,,1300.0,True,7000,0.22011955908684705,0.6308907267252026,0.6409962782708274
1500.0,15.0,0.4,fixed,65.0,65.0,1.0,False,winner,,1300.0,False,7000,0.2201234163993287,0.6309847300810337,0.6389922702547953
1500.0,20.0,0.5,fixed,55.0,65.0,1.0,False,winner,,1500.0,True,7000,0.220128204990318,0.6307722894693579,0.6398511308330948
1500.0,20.0,0.4,online,55.0,65.0,2.0,False,winner,,1300.0,True,7000,0.2201386598607466,0.6308739894814329,0.6388491268250788
1500.0,15.0,0.35,online,55.0,65.0,1.0,False,winner,,1300.0,True,7000,0.22014029881921987,0.6309943616381284,0.6395648439736616
1500.0,20.0,0.4,fixed,55.0,65.0,1.0,False,winner,,1500.0,False,7000,0.2201500528747764,0.6307674051012117,0.6418551388491268
1500.0,15.0,0.4,online,55.0,65.0,1.0,False,winner,,1300.0,True,7000,0.22015203305190822,0.6310417564103558,0.6381334096764959
1500.0,20.0,0.4,online,55.0,65.0,0.5,True,winner,,1300.0,False,7000,0.22015233489894656,0.6309088384834044,0.6402805611222445
1500.0,15.0,0.35,fixed,65.0,65.0,1.0,False,winner,,1500.0,True,7000,0.22015294712127648,0.6309167710718261,0.6397079874033782
1500.0,20.0,0.5,online,55.0,65.0,0.5,True,winner,,1300.0,True,7000,0.2201530869044821,0.6308828882219284,0.6408531348411108
1500.0,15.0,0.35,fixed,55.0,65.0,1.0,False,winner,,1500.0,True,7000,0.22016471423069356,0.6310043018290296,0.6432865731462926
1500.0,20.0,0.3,fixed,65.0,65.0,1.0,False,winner,,1300.0,True,7000,0.22016763957952143,0.6310702839239704,0.644145433724592
1500.0,15.0,0.3,online,55.0,65.0,0.5,False,winner,,1300.0,True,7000,0.22016810349141883,0.6310547274077984,0.6398511308330948
1500.0,15.0,0.35,online,55.0,65.0,0.5,False,winner,,1300.0,False,7000,0.2201687771105489,0.6310718582144236,0.639421700543945
1500.0,15.0,0.4,fixed,55.0,65.0,1.0,False,winner,,1500.0,True,7000,0.22017249724052973,0.6310788341255402,0.6427139994274262
1500.0,20.0,0.35,fixed,65.0,65.0,1.0,False,winner,,1500.0,False,7000,0.2201741840855028,0.6308442219420756,0.6435728600057258
1500.0,20.0,0.5,online,55.0,65.0,1.0,False,winner,,1300.0,False,7000,0.22018087720674878,0.6309198786015023,0.6405668479816776
1500.0,20.0,0.4,online,55.0,65.0,0.5,False,winner,,1500.0,False,7000,0.22018088690750867,0.6308242398767558,0.6412825651302605
1500.0,20.0,0.5,online,55.0,65.0,0.5,False,winner,,1500.0,True,7000,0.220181092057338,0.6308333822270508,0.6398511308330948
1500.0,15.0,0.4,fixed,65.0,65.0,1.0,False,winner,,1500.0,True,7000,0.22018130145259,0.6310108055294519,0.6382765531062125
1500.0,15.0,0.3,fixed,65.0,65.0,1.0,False,winner,,1300.0,False,7000,0.22018274080528963,0.6310811773156136,0.6402805611222445
1500.0,20.0,0.4,online,55.0,65.0,1.0,False,winner,,1500.0,True,7000,0.2201853574826842,0.6308580093423225,0.6415688519896937
1500.0,20.0,0.35,online,55.0,65.0,1.0,False,winner,,1300.0,False,7000,0.22018593358672536,0.6309936523349603,0.6405668479816776
1500.0,15.0,0.4,online,55.0,65.0,0.5,False,winner,,1300.0,False,7000,0.22018960990983,0.6311490815470061,0.6402805611222445
1500.0,20.0,0.5,fixed,65.0,65.0,1.0,False,winner,,1500.0,False,7000,0.2201955354384154,0.630866275578475,0.6399942742628113
1500.0,20.0,0.35,online,55.0,65.0,0.5,True,winner,,1300.0,True,7000,0.22019668943219622,0.6311013919561135,0.6408531348411108
1500.0,20.0,0.3,fixed,65.0,65.0,1.0,False,winner,,1300.0,False,7000,0.22021005953915,0.6311174408934553,0.6444317205840252
1500.0,20.0,0.35,fixed,55.0,65.0,1.0,False,winner,,1500.0,True,7000,0.2202114331403755,0.6309298146340684,0.6419982822788434
1500.0,20.0,0.5,online,55.0,65.0,2.0,False,winner,,1300.0,True,7000,0.2202118561011506,0.6309885849886713,0.6415688519896937
1500.0,15.0,0.3,fixed,55.0,65.0,1.0,False,winner,,1300.0,False,7000,0.2202121377618948,0.6311764083398639,0.6427139994274262
1500.0,20.0,0.35,online,55.0,65.0,0.5,False,winner,,1500.0,True,7000,0.22022179839334552,0.6309787104635745,0.64214142570856
1500.0,15.0,0.35,online,55.0,65.0,0.5,True,winner,,1300.0,True,7000,0.22022248659790963,0.6311788148076644,0.6387059833953621
1500.0,20.0,0.5,fixed,55.0,65.0,1.0,False,winner,,1500.0,False,7000,0.2202301468905925,0.6309888006187852,0.6378471228170627
1500.0,20.0,0.4,online,55.0,65.0,2.0,False,winner,,1300.0,False,7000,0.22023064011016238,0.6310438403720232,0.6402805611222445
1500.0,20.0,0.4,online,55.0,65.0,1.0,True,winner,,1300.0,True,7000,0.22023421149466413,0.6311254958538837,0.6399942742628113
1500.0,15.0,0.4,online,55.0,65.0,0.5,True,winner,,1300.0,True,7000,0.22023538474387644,0.6312206514536511,0.6372745490981964
1500.0,15.0,0.35,online,55.0,65.0,0.5,False,winner,,1500.0,True,7000,0.22023643334192736,0.6311025714328397,0.6402805611222445
1500.0,15.0,0.3,fixed,65.0,65.0,1.0,False,winner,,1500.0,True,7000,0.22024461047705543,0.6311013530690289,0.6388491268250788
1500.0,15.0,0.3,online,55.0,65.0,1.0,False,winner,,1300.0,True,7000,0.22025003259829687,0.6312331537519627,0.6392785571142284
1500.0,20.0,0.5,online,55.0,65.0,0.5,True,winner,,1300.0,False,7000,0.22025050051228923,0.6310901591435686,0.6402805611222445
1500.0,15.0,0.35,online,55.0,65.0,1.0,False,winner,,1300.0,False,7000,0.22025320593307404,0.6312489848480543,0.6395648439736616
1500.0,20.0,0.35,online,55.0,65.0,0.5,True,winner,,1300.0,False,7000,0.220254614343976,0.6311851485546501,0.6407099914113942
1500.0,15.0,0.4,online,55.0,65.0,0.5,False,winner,,1500.0,True,7000,0.22025592520284507,0.6311807317523661,0.6407099914113942
1500.0,20.0,0.35,online,55.0,65.0,2.0,False,winner,,1300.0,True,7000,0.2202585144762644,0.6311997461347308,0.6388491268250788
1500.0,20.0,0.35,fixed,55.0,65.0,1.0,False,winner,,1500.0,False,7000,0.22026150589575438,0.6310117664377717,0.6419982822788434
1500.0,20.0,0.5,online,55.0,65.0,1.0,False,winner,,1500.0,True,7000,0.2202617638406771,0.6310053028781408,0.6411394217005439
1500.0,20.0,0.4,online,55.0,65.0,1.0,False,winner,,1500.0,False,7000,0.22026455438044767,0.6310073381300813,0.640137417692528
1500.0,20.0,0.4,online,55.0,65.0,0.5,True,winner,,1500.0,True,7000,0.22026564726803874,0.6310648231520066,0.6402805611222445
1500.0,15.0,0.3,online,55.0,65.0,0.5,False,winner,,1300.0,False,7000,0.22026701503053966,0.6312716355767812,0.6391354136845119
1500.0,15.0,0.35,fixed,65.0,65.0,1.0,False,winner,,1500.0,False,7000,0.22026701850397093,0.6311695312682207,0.6409962782708274
1500.0,15.0,0.35,fixed,55.0,65.0,1.0,False,winner,,1500.0,False,7000,0.2202708550708476,0.6312428083417876,0.6428571428571429
1500.0,15.0,0.4,online,55.0,65.0,1.0,False,winner,,1300.0,False,7000,0.22027389871222777,0.6313226211362258,0.6399942742628113
1500.0,20.0,0.3,online,55.0,65.0,0.5,False,winner,,1300.0,True,7000,0.2202771909607424,0.6313253687408729,0.6428571428571429
1500.0,15.0,0.3,fixed,55.0,65.0,1.0,False,winner,,1500.0,True,7000,0.22027813767176344,0.6312075554604336,0.641425708559977
1500.0,20.0,0.35,online,55.0,65.0,0.5,False,winner,,1500.0,False,7000,0.22027939343378006,0.6310677182856881,0.6424277125679931
1500.0,20.0,0.5,online,55.0,65.0,0.5,False,winner,,1500.0,False,7000,0.2202829239095302,0.6310540071410223,0.6397079874033782
1500.0,15.0,0.35,online,55.0,65.0,2.0,False,winner,,1300.0,True,7000,0.2202863489862218,0.6313027288647045,0.6395648439736616
1500.0,20.0,0.3,fixed,55.0,65.0,1.0,False,winner,,1300.0,True,7000,0.2202908593425044,0.6312820750804773,0.6430002862868595
1500.0,15.0,0.4,fixed,55.0,65.0,1.0,False,winner,,1500.0,False,7000,0.2202909328987617,0.6313457067862611,0.6437160034354423
1500.0,15.0,0.4,online,55.0,65.0,2.0,False,winner,,1300.0,True,7000,0.22029800456423326,0.6313468773787173,0.6387059833953621
1500.0,20.0,0.35,online,55.0,65.0,1.0,False,winner,,1500.0,True,7000,0.220301981590663,0.6311613541568051,0.6408531348411108
1500.0,15.0,0.5,fixed,55.0,65.0,1.0,False,winner,,1300.0,True,7000,0.2203035503028196,0.6315622486709563,0.6379902662467792
1500.0,15.0,0.4,fixed,65.0,65.0,1.0,False,winner,,1500.0,False,7000,0.22030594030507925,0.6312882009553676,0.639421700543945
1500.0,20.0,0.5,online,55.0,65.0,1.0,True,winner,,1300.0,True,7000,0.22031067826480305,0.6312290645028141,0.6399942742628113
1500.0,15.0,0.25,fixed,65.0,65.0,1.0,False,winner,,1300.0,True,7000,0.22031799565777752,0.6314037345408906,0.6404237045519611
1500.0,20.0,0.3,online,55.0,65.0,0.5,False,winner,,1300.0,False,7000,0.2203192198091392,0.6313571717203906,0.6425708559977097
1500.0,15.0,0.35,online,55.0,65.0,1.0,False,winner,,1500.0,True,7000,0.22031964088900993,0.6312788581215814,0.6398511308330948
1500.0,20.0,0.4,online,55.0,65.0,1.0,True,winner,,1300.0,False,7000,0.22032118216763544,0.631287762852891,0.6407099914113942
1500.0,20.0,0.3,fixed,55.0,65.0,1.0,False,winner,,1300.0,False,7000,0.22032169505160762,0.6313048439138885,0.6445748640137418
1500.0,15.0,0.35,online,55.0,65.0,0.5,True,winner,,1300.0,False,7000,0.22032350987399488,0.631408915511785,0.6387059833953621
1500.0,20.0,0.4,online,55.0,65.0,2.0,False,winner,,1500.0,True,7000,0.2203273003297352,0.6311676378076461,0.6388491268250788
1500.0,20.0,0.5,online,55.0,65.0,2.0,False,winner,,1300.0,False,7000,0.22032869055022622,0.6312319394564921,0.6411394217005439
1500.0,15.0,0.3,online,55.0,65.0,0.5,True,winner,,1300.0,True,7000,0.2203312368618532,0.6314249505108227,0.6398511308330948
1500.0,20.0,0.35,online,55.0,65.0,2.0,False,winner,,1300.0,False,7000,0.22033315822230076,0.6313162447831643,0.6398511308330948
1500.0,20.0,0.4,online,55.0,65.0,0.5,True,winner,,1500.0,False,7000,0.22033604559255562,0.6311944469149441,0.6397079874033782
1500.0,15.0,0.3,online,55.0,65.0,0.5,False,winner,,1500.0,True,7000,0.220336559337778,0.6313043403197083,0.639421700543945
1500.0,15.0,0.4,online,55.0,65.0,1.0,False,winner,,1500.0,True,7000,0.22033902068550432,0.6313534831421606,0.6387059833953621
1500.0,15.0,0.35,online,55.0,65.0,0.5,False,winner,,1500.0,False,7000,0.22034132813115953,0.631344744527039,0.640137417692528
1500.0,20.0,0.3,fixed,65.0,65.0,1.0,False,winner,,1500.0,True,7000,0.22034272774451535,0.6313179504838976,0.6435728600057258
1500.0,15.0,0.5,fixed,65.0,65.0,1.0,False,winner,,1300.0,True,7000,0.22034322861946573,0.631524546461189,0.6365588319496135
1500.0,15.0,0.4,online,55.0,65.0,0.5,True,winner,,1300.0,False,7000,0.22034443846536586,0.6314757807787887,0.6374176925279129
1500.0,20.0,0.5,online,55.0,65.0,0.5,True,winner,,1500.0,True,7000,0.2203449459588541,0.6312024765831962,0.6407099914113942
1500.0,15.0,0.3,fixed,65.0,65.0,1.0,False,winner,,1500.0,False,7000,0.22034566649912996,0.6313214722064104,0.6402805611222445
1500.0,15.0,0.3,online,55.0,65.0,1.0,False,winner,,1300.0,False,7000,0.2203518156695847,0.6314534829764423,0.638419696535929
1500.0,20.0,0.35,online,55.0,65.0,1.0,True,winner,,1300.0,True,7000,0.22035267276233506,0.6314591013218558,0.6381334096764959
1500.0,20.0,0.4,fixed,45.0,65.0,1.0,False,winner,,1300.0,True,7000,0.22035366546033028,0.6313598375523289,0.643143429716576
1500.0,20.0,0.3,online,55.0,65.0,1.0,False,winner,,1300.0,True,7000,0.22035607751575767,0.6315112363909362,0.6409962782708274
1500.0,20.0,0.35,online,55.0,65.0,1.0,False,winner,,1500.0,False,7000,0.2203631418619171,0.6312554524715122,0.6409962782708274
1500.0,20.0,0.5,online,55.0,65.0,1.0,False,winner,,1500.0,False,7000,0.22036691414586831,0.6312307898904072,0.6397079874033782
1500.0,15.0,0.4,fixed,45.0,65.0,1.0,False,winner,,1300.0,True,7000,0.22036888277879027,0.6316720901239034,0.6444317205840252
1500.0,15.0,0.3,fixed,55.0,65.0,1.0,False,winner,,1500.0,False,7000,0.22036932686958213,0.6314089121310209,0.6427139994274262
1500.0,15.0,0.4,online,55.0,65.0,0.5,False,winner,,1500.0,False,7000,0.22037061725267099,0.6314509088800404,0.6398511308330948
1500.0,20.0,0.5,fixed,45.0,65.0,1.0,False,winner,,1300.0,True,7000,0.22037078002158753,0.6314437957460847,0.6415688519896937
1500.0,20.0,0.4,online,55.0,65.0,4.0,False,winner,,1300.0,True,7000,0.22037949183452357,0.6314085021641324,0.6408531348411108
1500.0,15.0,0.25,fixed,55.0,65.0,1.0,False,winner,,1300.0,True,7000,0.22037953896853002,0.6315345059026264,0.641425708559977
1500.0,20.0,0.3,fixed,65.0,65.0,1.0,False,winner,,1500.0,False,7000,0.22038057775837483,0.6313555406333736,0.644145433724592
1500.0,20.0,0.35,online,55.0,65.0,0.5,True,winner,,1500.0,True,7000,0.22038102622099856,0.631375082910942,0.6408531348411108
1500.0,15.0,0.35,online,55.0,65.0,1.0,True,winner,,1300.0,True,7000,0.22038233677819996,0.6315284607076136,0.639421700543945
1500.0,15.0,0.35,fixed,45.0,65.0,1.0,False,winner,,1300.0,True,7000,0.22038421668442948,0.6316408527437405,0.6432865731462926
1500.0,15.0,0.4,online,55.0,65.0,1.0,True,winner,,1300.0,True,7000,0.22039537749478372,0.6315664869184656,0.6387059833953621
1500.0,15.0,0.3,online,55.0,65.0,2.0,False,winner,,1300.0,True,7000,0.22039649734696515,0.6315459873053101,0.6382765531062125
1500.0,15.0,0.5,online,55.0,65.0,0.5,False,winner,,1300.0,True,7000,0.22040130526287924,0.6316670090449619,0.6375608359576296
1500.0,20.0,0.3,online,55.0,65.0,1.0,False,winner,,1300.0,False,7000,0.22040216343391322,0.6315487828448307,0.6402805611222445
1500.0,15.0,0.35,online,55.0,65.0,0.5,True,winner,,1500.0,True,7000,0.22040394049576512,0.631466796535975,0.6391354136845119
1500.0,20.0,0.5,online,55.0,65.0,2.0,False,winner,,1500.0,True,7000,0.22040447827377452,0.631309546117102,0.6415688519896937
1500.0,15.0,0.35,online,55.0,65.0,2.0,False,winner,,1300.0,False,7000,0.22040611304789687,0.6315667723828441,0.63670197537933
1500.0,15.0,0.25,fixed,65.0,65.0,1.0,False,winner,,1300.0,False,7000,0.22041062190939487,0.6315977794724951,0.6417119954194103
1500.0,20.0,0.4,online,55.0,65.0,2.0,False,winner,,1500.0,False,7000,0.22041417234313607,0.6313294503636835,0.6397079874033782
1500.0,15.0,0.25,online,55.0,65.0,0.5,False,winner,,1300.0,True,7000,0.2204170089296915,0.6316283946608955,0.6381334096764959
1500.0,15.0,0.3,online,55.0,65.0,1.0,False,winner,,1500.0,True,7000,0.2204200872634654,0.6314852306333466,0.6392785571142284
1500.0,20.0,0.5,online,55.0,65.0,1.0,True,winner,,1300.0,False,7000,0.22042017977830136,0.6314607843277796,0.6417119954194103
1500.0,20.0,0.4,fixed,45.0,65.0,1.0,False,winner,,1300.0,False,7000,0.22042134055332616,0.6314902341758142,0.6407099914113942
1500.0,15.0,0.3,online,55.0,65.0,0.5,True,winner,,1300.0,False,7000,0.22042209418815198,0.6316220445443417,0.6381334096764959
1500.0,20.0,0.35,online,55.0,65.0,1.0,True,winner,,1300.0,False,7000,0.22042342603398757,0.6315699896203392,0.6387059833953621
1500.0,15.0,0.4,online,55.0,65.0,0.5,True,winner,,1500.0,True,7000,0.22042457121068038,0.6315359847354639,0.6381334096764959
1500.0,20.0,0.4,online,55.0,65.0,1.0,True,winner,,1500.0,True,7000,0.22042628992045912,0.6314249060276874,0.6405668479816776
1500.0,15.0,0.4,online,55.0,65.0,2.0,False,winner,,1300.0,False,7000,0.22042665606376236,0.6316368115247668,0.6395648439736616
1500.0,15.0,0.35,online,55.0,65.0,1.0,False,winner,,1500.0,False,7000,0.22042700399180618,0.6315241050134355,0.640137417692528
1500.0,15.0,0.3,online,55.0,65.0,0.5,False,winner,,1500.0,False,7000,0.22042929146330942,0.6315098968449641,0.6392785571142284
1500.0,20.0,0.3,online,55.0,65.0,0.5,True,winner,,1300.0,True,7000,0.22043227112391314,0.6317306810950727,0.6415688519896937
1500.0,20.0,0.35,online,55.0,65.0,0.5,True,winner,,1500.0,False,7000,0.22043442873359326,0.6314510704656602,0.6407099914113942
1500.0,25.0,0.5,fixed,65.0,65.0,1.0,False,winner,,1300.0,True,7000,0.22043571719069302,0.6315476484560222,0.6387059833953621
1500.0,20.0,0.5,online,55.0,65.0,0.5,True,winner,,1500.0,False,7000,0.22043923536418358,0.6314052280857686,0.639421700543945
1500.0,15.0,0.5,fixed,55.0,65.0,1.0,False,winner,,1300.0,False,7000,0.22043964225691207,0.6318644378659296,0.640137417692528
1500.0,20.0,0.35,online,55.0,65.0,2.0,False,winner,,1500.0,True,7000,0.22044390236968,0.6314752228898475,0.638419696535929
1500.0,20.0,0.3,online,55.0,65.0,0.5,False,winner,,1500.0,True,7000,0.22045385488335045,0.6315716459226381,0.6434297165760091
1500.0,20.0,0.5,online,55.0,65.0,4.0,False,winner,,1300.0,True,7000,0.22045603619103496,0.6315207004437803,0.6387059833953621
1500.0,15.0,0.4,online,55.0,65.0,1.0,False,winner,,1500.0,False,7000,0.22045618102856152,0.6316268589514928,0.6404237045519611
1500.0,15.0,0.25,fixed,55.0,65.0,1.0,False,winner,,1300.0,False,7000,0.22046039033728693,0.6317042108433764,0.6428571428571429
1500.0,20.0,0.3,fixed,55.0,65.0,1.0,False,winner,,1500.0,True,7000,0.22046086045866026,0.6315217905731494,0.6417119954194103
1500.0,20.0,0.4,online,55.0,65.0,2.0,True,winner,,1300.0,True,7000,0.22046618835749443,0.6316477308611208,0.641425708559977
1500.0,15.0,0.35,online,55.0,65.0,2.0,False,winner,,1500.0,True,7000,0.220468775795656,0.6315918165527515,0.6387059833953621
1500.0,20.0,0.3,online,55.0,65.0,0.5,True,winner,,1300.0,False,7000,0.2204709346812652,0.6317507560277998,0.6409962782708274
1500.0,20.0,0.5,fixed,45.0,65.0,1.0,False,winner,,1300.0,False,7000,0.22047136176875087,0.6316571043048319,0.6418551388491268
1500.0,15.0,0.25,fixed,65.0,65.0,1.0,False,winner,,1500.0,True,7000,0.2204745351041583,0.6316176369942488,0.6407099914113942
1500.0,20.0,0.4,online,55.0,65.0,4.0,False,winner,,1300.0,False,7000,0.22047814919117412,0.631587601506487,0.6408531348411108
1500.0,15.0,0.5,fixed,65.0,65.0,1.0,False,winner,,1300.0,False,7000,0.22048251160890645,0.6318316270513182,0.6377039793873461
1500.0,15.0,0.5,online,55.0,65.0,1.0,False,winner,,1300.0,True,7000,0.22048301915804638,0.6318321661489316,0.639421700543945
1500.0,15.0,0.4,fixed,45.0,65.0,1.0,False,winner,,1300.0,False,7000,0.22048570911407966,0.631935720808826,0.6427139994274262
1500.0,20.0,0.3,fixed,55.0,65.0,1.0,False,winner,,1500.0,False,7000,0.22048680607537566,0.6315348973062591,0.643143429716576
1500.0,15.0,0.35,fixed,45.0,65.0,1.0,False,winner,,1300.0,False,7000,0.2204879721273055,0.6318742185091726,0.6432865731462926
1500.0,15.0,0.4,online,55.0,65.0,2.0,False,winner,,1500.0,True,7000,0.2204880142782716,0.6316631445776246,0.6387059833953621
1500.0,20.0,0.3,online,55.0,65.0,0.5,False,winner,,1500.0,False,7000,0.22049041766900948,0.6315934754196603,0.6425708559977097
1500.0,15.0,0.3,online,55.0,65.0,1.0,True,winner,,1300.0,True,7000,0.22049127809972616,0.6317797489282756,0.6397079874033782
1500.0,15.0,0.35,online,55.0,65.0,1.0,True,winner,,1300.0,False,7000,0.2204939087964313,0.6317789433879388,0.6377039793873461
1500.0,20.0,0.3,online,55.0,65.0,2.0,False,winner,,1300.0,True,7000,0.2204952764947194,0.6318256205704109,0.6402805611222445
1500.0,15.0,0.5,fixed,55.0,65.0,1.0,False,winner,,1500.0,True,7000,0.22049537703892033,0.6319046569505573,0.6382765531062125
1500.0,20.0,0.35,online,55.0,65.0,4.0,False,winner,,1300.0,True,7000,0.22049811005292233,0.6317373781822416,0.6405668479816776
1500.0,15.0,0.25,online,55.0,65.0,1.0,False,winner,,1300.0,True,7000,0.22049955463372564,0.6318130088923956,0.6382765531062125
1500.0,15.0,0.35,online,55.0,65.0,0.5,True,winner,,1500.0,False,7000,0.2205002194961067,0.6316888706500688,0.6389922702547953
1500.0,15.0,0.25,online,55.0,65.0,0.5,False,winner,,1300.0,False,7000,0.22050319124890205,0.631803288380738,0.6398511308330948
1500.0,15.0,0.3,online,55.0,65.0,0.5,True,winner,,1500.0,True,7000,0.22050329011668507,0.6316802970918255,0.640137417692528
1500.0,20.0,0.35,fixed,45.0,65.0,1.0,False,winner,,1300.0,True,7000,0.22050422066422684,0.6316941202505896,0.6417119954194103
1500.0,15.0,0.3,online,55.0,65.0,2.0,False,winner,,1300.0,False,7000,0.22050525350087524,0.6317762459425854,0.6368451188090467
1500.0,20.0,0.5,online,55.0,65.0,1.0,True,winner,,1500.0,True,7000,0.2205065726878331,0.6315552388812274,0.6397079874033782
1500.0,20.0,0.4,online,55.0,65.0,1.0,True,winner,,1500.0,False,7000,0.22050939453312013,0.6315810666150914,0.6408531348411108
1500.0,20.0,0.35,online,55.0,65.0,2.0,False,winner,,1500.0,False,7000,0.22051285946693341,0.6315823088972947,0.6399942742628113
1500.0,15.0,0.4,online,55.0,65.0,1.0,True,winner,,1300.0,False,7000,0.2205148849585316,0.6318413998995747,0.6389922702547953
1500.0,15.0,0.3,online,55.0,65.0,1.0,False,winner,,1500.0,False,7000,0.2205152986467626,0.6316937504286569,0.6385628399656456
1500.0,20.0,0.5,online,55.0,65.0,2.0,False,winner,,1500.0,False,7000,0.22051715533306968,0.6315468871604956,0.641425708559977
1500.0,15.0,0.3,fixed,45.0,65.0,1.0,False,winner,,1300.0,True,7000,0.22052310803889688,0.631891751304733,0.6432865731462926
1500.0,25.0,0.5,fixed,65.0,65.0,1.0,False,winner,,1300.0,False,7000,0.22052590658035504,0.6317136790904618,0.6385628399656456
1500.0,20.0,0.4,fixed,45.0,65.0,1.0,False,winner,,1500.0,True,7000,0.22052730043300267,0.6316303935392575,0.6408531348411108
1500.0,15.0,0.4,online,55.0,65.0,0.5,True,winner,,1500.0,False,7000,0.22052969765494768,0.6317849522643452,0.6381334096764959
1500.0,20.0,0.25,fixed,65.0,65.0,1.0,False,winner,,1300.0,True,7000,0.2205300919514408,0.6320046254524396,0.6452905811623246
1500.0,15.0,0.5,online,55.0,65.0,0.5,False,winner,,1300.0,False,7000,0.22053016780422233,0.6319721077318758,0.6377039793873461
1500.0,15.0,0.25,fixed,55.0,65.0,1.0,False,winner,,1500.0,True,7000,0.2205308012021941,0.631741107307606,0.6415688519896937
1500.0,20.0,0.3,online,55.0,65.0,1.0,False,winner,,1500.0,True,7000,0.2205342279609399,0.631760021703554,0.6412825651302605
1500.0,25.0,0.4,fixed,65.0,65.0,1.0,False,winner,,1300.0,True,7000,0.22054104942867508,0.6319272345404545,0.6405668479816776
1500.0,15.0,0.5,fixed,65.0,65.0,1.0,False,winner,,1500.0,True,7000,0.220541182514512,0.6318765171845105,0.6371314056684798
1500.0,20.0,0.35,online,55.0,65.0,1.0,True,winner,,1500.0,True,7000,0.22054157414169528,0.631740594356835,0.6379902662467792
1500.0,15.0,0.35,online,55.0,65.0,4.0,False,winner,,1300.0,True,7000,0.2205419805885636,0.6318497479619671,0.6388491268250788
1500.0,25.0,0.5,online,55.0,65.0,0.5,False,winner,,1300.0,True,7000,0.22054387127740396,0.6317812586308025,0.6417119954194103
1500.0,15.0,0.4,fixed,45.0,65.0,1.0,False,winner,,1500.0,True,7000,0.2205447222984966,0.6319663473678171,0.644145433724592
1500.0,20.0,0.5,fixed,45.0,65.0,1.0,False,winner,,1500.0,True,7000,0.2205484800639088,0.6317402225310595,0.6395648439736616
1500.0,20.0,0.25,fixed,65.0,65.0,1.0,False,winner,,1300.0,False,7000,0.22054851585726748,0.6319781850170823,0.6455768680217578
1500.0,20.0,0.5,online,55.0,65.0,2.0,True,winner,,1300.0,True,7000,0.22054896039017863,0.6317510761525903,0.6412825651302605
1500.0,20.0,0.3,online,55.0,65.0,2.0,False,winner,,1300.0,False,7000,0.22054982002464119,0.6318774380684221,0.6392785571142284
1500.0,20.0,0.35,fixed,45.0,65.0,1.0,False,winner,,1300.0,False,7000,0.22054983787321814,0.6317648342791635,0.6427139994274262
1500.0,15.0,0.35,fixed,45.0,65.0,1.0,False,winner,,1500.0,True,7000,0.22055232529267718,0.6319090535710841,0.6422845691382766
1500.0,15.0,0.4,online,55.0,65.0,4.0,False,winner,,1300.0,True,7000,0.22055479336246525,0.6318921704871208,0.6379902662467792
1500.0,25.0,0.5,fixed,55.0,65.0,1.0,False,winner,,1300.0,True,7000,0.2205595774918353,0.6317790547119639,0.6392785571142284
1500.0,20.0,0.4,online,55.0,65.0,2.0,True,winner,,1300.0,False,7000,0.22056061092893106,0.6318256072828304,0.6404237045519611
1500.0,15.0,0.25,fixed,65.0,65.0,1.0,False,winner,,1500.0,False,7000,0.22056067448551256,0.6317972113853442,0.6409962782708274
1500.0,15.0,0.35,online,55.0,65.0,1.0,True,winner,,1500.0,True,7000,0.22056869954009398,0.631824197730512,0.6398511308330948
1500.0,15.0,0.5,online,55.0,65.0,0.5,True,winner,,1300.0,True,7000,0.22056894649584338,0.6320040140755269,0.6375608359576296
1500.0,15.0,0.3,online,55.0,65.0,2.0,False,winner,,1500.0,True,7000,0.22056969756317013,0.6318026954749775,0.6372745490981964
1500.0,20.0,0.4,online,55.0,65.0,4.0,False,winner,,1500.0,True,7000,0.22057419145454787,0.6317081292784499,0.6399942742628113
1500.0,15.0,0.25,online,55.0,65.0,0.5,False,winner,,1500.0,True,7000,0.2205742872582254,0.6318396896349078,0.6379902662467792
1500.0,20.0,0.3,online,55.0,65.0,1.0,False,winner,,1500.0,False,7000,0.22057446248697332,0.6317870889716154,0.6402805611222445
1500.0,20.0,0.5,online,55.0,65.0,4.0,False,winner,,1300.0,False,7000,0.22057878688695948,0.6317702295436344,0.6415688519896937
1500.0,20.0,0.35,online,55.0,65.0,4.0,False,winner,,1300.0,False,7000,0.22057988847533266,0.6318650557399361,0.6411394217005439
1500.0,15.0,0.25,online,55.0,65.0,0.5,True,winner,,1300.0,True,7000,0.2205800580684533,0.6320144019862848,0.6389922702547953
1500.0,20.0,0.35,online,55.0,65.0,2.0,True,winner,,1300.0,True,7000,0.22058188059266445,0.6319836585378421,0.6402805611222445
1500.0,15.0,0.35,online,55.0,65.0,2.0,False,winner,,1500.0,False,7000,0.22058249246089878,0.631845925446152,0.6375608359576296
1500.0,20.0,0.3,online,55.0,65.0,1.0,True,winner,,1300.0,True,7000,0.2205883000148529,0.6320947709279107,0.6407099914113942
1500.0,15.0,0.3,online,55.0,65.0,0.5,True,winner,,1500.0,False,7000,0.22058839253514048,0.6318669380705717,0.638419696535929
1500.0,15.0,0.25,online,55.0,65.0,1.0,False,winner,,1300.0,False,7000,0.22058865671237968,0.6319912715006732,0.6391354136845119
1500.0,15.0,0.4,online,55.0,65.0,1.0,True,winner,,1500.0,True,7000,0.22058926574350562,0.6318891816467749,0.6395648439736616
1500.0,20.0,0.4,fixed,45.0,65.0,1.0,False,winner,,1500.0,False,7000,0.2205910584402639,0.6317538869604991,0.6387059833953621
1500.0,15.0,0.3,online,55.0,65.0,1.0,True,winner,,1300.0,False,7000,0.22059277545750502,0.6319978586292055,0.6374176925279129
1500.0,25.0,0.4,fixed,65.0,65.0,1.0,False,winner,,1300.0,False,7000,0.2205955746702583,0.6319890969811461,0.6392785571142284
1500.0,15.0,0.5,online,55.0,65.0,0.5,False,winner,,1500.0,True,7000,0.22059782153405338,0.6320174069946289,0.6372745490981964
1500.0,15.0,0.25,fixed,55.0,65.0,1.0,False,winner,,1500.0,False,7000,0.22060491074015506,0.6318964803032882,0.64214142570856
1500.0,20.0,0.35,online,55.0,65.0,1.0,True,winner,,1500.0,False,7000,0.22060792892186068,0.6318440803750095,0.6391354136845119
1500.0,15.0,0.3,fixed,45.0,65.0,1.0,False,winner,,1300.0,False,7000,0.22061111866077301,0.6320857883901574,0.6419982822788434
1500.0,15.0,0.4,online,55.0,65.0,2.0,False,winner,,1500.0,False,7000,0.22061149490435855,0.6319450941270051,0.6399942742628113
1500.0,20.0,0.3,online,55.0,65.0,0.5,True,winner,,1500.0,True,7000,0.22061225412591096,0.631982403551375,0.6412825651302605
1500.0,20.0,0.5,online,55.0,65.0,1.0,True,winner,,1500.0,False,7000,0.22061306077519188,0.6317827080584102,0.6411394217005439
1500.0,25.0,0.5,fixed,65.0,65.0,1.0,False,winner,,1500.0,True,7000,0.22061362282988792,0.63182675933111,0.6381334096764959
1500.0,15.0,0.5,online,55.0,65.0,1.0,False,winner,,1300.0,False,7000,0.2206146949823508,0.6321411044633454,0.6391354136845119
1500.0,25.0,0.5,online,55.0,65.0,1.0,False,winner,,1300.0,True,7000,0.22062028630346212,0.6319574886335483,0.6389922702547953
1500.0,15.0,0.35,online,55.0,65.0,2.0,True,winner,,1300.0,True,7000,0.2206259165823822,0.6320625193015675,0.6388491268250788
1500.0,15.0,0.5,fixed,55.0,65.0,1.0,False,winner,,1500.0,False,7000,0.22062903381694274,0.6322025079974039,0.639421700543945
1500.0,15.0,0.5,online,55.0,65.0,2.0,False,winner,,1300.0,True,7000,0.22062961953236981,0.632133727639769,0.6378471228170627
1500.0,25.0,0.5,online,55.0,65.0,0.5,False,winner,,1300.0,False,7000,0.22063570430375548,0.631941413303266,0.6408531348411108
1500.0,20.0,0.3,online,55.0,65.0,1.0,True,winner,,1300.0,False,7000,0.2206400340613563,0.6321429264283546,0.640137417692528
1500.0,20.0,0.25,online,55.0,65.0,0.5,False,winner,,1300.0,True,7000,0.22064163969907563,0.6322809343106741,0.6442885771543087
1500.0,15.0,0.4,online,55.0,65.0,2.0,True,winner,,1300.0,True,7000,0.22064165574235495,0.6321000172401882,0.6369882622387633
1500.0,25.0,0.5,fixed,55.0,65.0,1.0,False,winner,,1300.0,False,7000,0.2206440918558145,0.6319345011905186,0.6392785571142284
1500.0,20.0,0.3,online,55.0,65.0,0.5,True,winner,,1500.0,False,7000,0.22064577271526703,0.6319930388629507,0.6415688519896937
1500.0,20.0,0.5,fixed,45.0,65.0,1.0,False,winner,,1500.0,False,7000,0.2206461474337297,0.631948607733911,0.6402805611222445
1500.0,15.0,0.25,online,55.0,65.0,2.0,False,winner,,1300.0,True,7000,0.22064684382608352,0.6321317884645671,0.6402805611222445
1500.0,25.0,0.4,online,55.0,65.0,0.5,False,winner,,1300.0,True,7000,0.22065108190569813,0.6321888881335959,0.640137417692528
1500.0,15.0,0.3,online,55.0,65.0,4.0,False,winner,,1300.0,True,7000,0.22065136324364565,0.6320962451316057,0.6389922702547953
1500.0,15.0,0.35,fixed,45.0,65.0,1.0,False,winner,,1500.0,False,7000,0.22065138119639205,0.6321335408070339,0.6422845691382766
1500.0,15.0,0.5,fixed,45.0,65.0,1.0,False,winner,,1300.0,True,7000,0.22065248893167422,0.6324231410861048,0.6417119954194103
1500.0,15.0,0.25,online,55.0,65.0,0.5,False,winner,,1500.0,False,7000,0.22065304728653734,0.6320001259081367,0.6388491268250788
1500.0,20.0,0.5,online,55.0,65.0,4.0,False,winner,,1500.0,True,7000,0.2206547413229158,0.631847498982204,0.6375608359576296
1500.0,15.0,0.4,fixed,45.0,65.0,1.0,False,winner,,1500.0,False,7000,0.2206576927245348,0.6322229523203624,0.6424277125679931
1500.0,15.0,0.25,online,55.0,65.0,1.0,False,winner,,1500.0,True,7000,0.2206583963160076,0.6320265053256553,0.6387059833953621
1500.0,15.0,0.25,online,55.0,65.0,0.5,True,winner,,1300.0,False,7000,0.22065922761991383,0.6321708286689853,0.6381334096764959
1500.0,20.0,0.25,online,55.0,65.0,0.5,False,winner,,1300.0,False,7000,0.22066093659965105,0.6322355159047248,0.6440022902948754
1500.0,20.0,0.35,online,55.0,65.0,2.0,True,winner,,1300.0,False,7000,0.22066105353860285,0.6321136667227222,0.6402805611222445
1500.0,20.0,0.5,online,55.0,65.0,2.0,True,winner,,1300.0,False,7000,0.2206640727560344,0.6319920027536695,0.6402805611222445
1500.0,20.0,0.4,online,55.0,65.0,2.0,True,winner,,1500.0,True,7000,0.22066524097596737,0.6319549301242201,0.6412825651302605
1500.0,15.0,0.35,online,55.0,65.0,4.0,False,winner,,1300.0,False,7000,0.220667013126839,0.6321182037173572,0.6371314056684798
1500.0,20.0,0.4,online,55.0,65.0,4.0,False,winner,,1500.0,False,7000,0.22066746006753934,0.6318789713370387,0.640137417692528
1500.0,15.0,0.3,online,55.0,65.0,1.0,True,winner,,1500.0,True,7000,0.2206684556621085,0.632043269731718,0.6392785571142284
1500.0,15.0,0.3,online,55.0,65.0,2.0,False,winner,,1500.0,False,7000,0.22067133490450144,0.6320205112293972,0.6368451188090467
1500.0,20.0,0.25,fixed,55.0,65.0,1.0,False,winner,,1300.0,True,7000,0.2206744084551922,0.6322312364922031,0.641425708559977
1500.0,20.0,0.35,fixed,45.0,65.0,1.0,False,winner,,1500.0,True,7000,0.220674605063026,0.6319475320568767,0.6399942742628113
1500.0,15.0,0.35,online,55.0,65.0,1.0,True,winner,,1500.0,False,7000,0.22067571236878303,0.6320671796438276,0.6379902662467792
1500.0,20.0,0.3,online,55.0,65.0,2.0,False,winner,,1500.0,True,7000,0.22067643669741915,0.6320793762542884,0.6397079874033782
1500.0,15.0,0.5,fixed,65.0,65.0,1.0,False,winner,,1500.0,False,7000,0.2206781753945483,0.6321793171592074,0.6377039793873461
1500.0,20.0,0.25,fixed,55.0,65.0,1.0,False,winner,,1300.0,False,7000,0.2206791417142835,0.6321743824460718,0.6435728600057258
1500.0,15.0,0.5,online,55.0,65.0,1.0,False,winner,,1500.0,True,7000,0.22068116174656954,0.6321855921010154,0.6392785571142284
1500.0,15.0,0.3,fixed,45.0,65.0,1.0,False,winner,,1500.0,True,7000,0.22068188912840334,0.6321290279133099,0.6418551388491268
1500.0,15.0,0.5,online,55.0,65.0,0.5,True,winner,,1300.0,False,7000,0.22068604048023116,0.6322849166612884,0.6387059833953621
1500.0,15.0,0.4,online,55.0,65.0,4.0,False,winner,,1300.0,False,7000,0.22068822677630992,0.6321847086396286,0.6379902662467792
1500.0,20.0,0.35,online,55.0,65.0,4.0,False,winner,,1500.0,True,7000,0.22068953996605914,0.6320189368678382,0.6397079874033782
1500.0,25.0,0.5,online,55.0,65.0,0.5,True,winner,,1300.0,True,7000,0.22069716827708238,0.6321788855820066,0.640137417692528
1500.0,20.0,0.25,fixed,65.0,65.0,1.0,False,winner,,1500.0,True,7000,0.22069941391567005,0.6322272120791422,0.6445748640137418
1500.0,25.0,0.4,fixed,55.0,65.0,1.0,False,winner,,1300.0,True,7000,0.22070100635702763,0.6321939849251843,0.6415688519896937
1500.0,25.0,0.5,fixed,65.0,65.0,1.0,False,winner,,1500.0,False,7000,0.22070108525147447,0.6319880069252116,0.6381334096764959
1500.0,15.0,0.4,online,55.0,65.0,1.0,True,winner,,1500.0,False,7000,0.22070503554606938,0.6321584303012048,0.6397079874033782
1500.0,25.0,0.4,online,55.0,65.0,0.5,False,winner,,1300.0,False,7000,0.2207093796247925,0.6322404610189374,0.641425708559977
1500.0,20.0,0.25,fixed,65.0,65.0,1.0,False,winner,,1500.0,False,7000,0.22071255096819245,0.6321892147292693,0.644861150873175
1500.0,20.0,0.35,fixed,45.0,65.0,1.0,False,winner,,1500.0,False,7000,0.22071570099753157,0.6320100443223714,0.6404237045519611
1500.0,25.0,0.5,online,55.0,65.0,1.0,False,winner,,1300.0,False,7000,0.22071668723905466,0.6321244870351007,0.6405668479816776
1500.0,25.0,0.4,fixed,65.0,65.0,1.0,False,winner,,1500.0,True,7000,0.220718445429966,0.6321882477737802,0.6402805611222445
1500.0,20.0,0.25,online,55.0,65.0,1.0,False,winner,,1300.0,True,7000,0.22072101002269526,0.6324741982585391,0.6428571428571429
1500.0,15.0,0.2,fixed,65.0,65.0,1.0,False,winner,,1300.0,True,7000,0.2207228203293645,0.6323652048806605,0.6392785571142284
1500.0,25.0,0.5,online,55.0,65.0,0.5,False,winner,,1500.0,True,7000,0.22072301908557362,0.63206055110079,0.6398511308330948
1500.0,15.0,0.5,online,55.0,65.0,0.5,False,winner,,1500.0,False,7000,0.2207235503934976,0.6323179791973342,0.6379902662467792
1500.0,20.0,0.3,online,55.0,65.0,2.0,False,winner,,1500.0,False,7000,0.22072462628478642,0.6321200758440575,0.6388491268250788
1500.0,25.0,0.4,online,55.0,65.0,1.0,False,winner,,1300.0,True,7000,0.22072663467863662,0.6323727690022068,0.6391354136845119
1500.0,15.0,0.5,online,55.0,65.0,1.0,True,winner,,1300.0,True,7000,0.2207300049727749,0.6323454486505486,0.63670197537933
1500.0,15.0,0.35,online,55.0,65.0,4.0,False,winner,,1500.0,True,7000,0.2207306665008817,0.6321444748639766,0.6389922702547953
1500.0,25.0,0.5,fixed,55.0,65.0,1.0,False,winner,,1500.0,True,7000,0.22073159915204035,0.6320485629798196,0.6385628399656456
1500.0,15.0,0.3,online,55.0,65.0,2.0,True,winner,,1300.0,True,7000,0.2207324862774054,0.632316034234559,0.6378471228170627
1500.0,20.0,0.3,online,55.0,65.0,4.0,False,winner,,1300.0,True,7000,0.2207340125346502,0.6323679196064308,0.639421700543945
1500.0,15.0,0.25,online,55.0,65.0,1.0,False,winner,,1500.0,False,7000,0.22073966063485717,0.6321898174012306,0.6389922702547953
1500.0,15.0,0.25,online,55.0,65.0,1.0,True,winner,,1300.0,True,7000,0.22074069901352536,0.6323759862058479,0.6391354136845119
1500.0,15.0,0.25,online,55.0,65.0,0.5,True,winner,,1500.0,True,7000,0.2207407505068606,0.6322308187417307,0.638419696535929
1500.0,15.0,0.35,online,55.0,65.0,2.0,True,winner,,1300.0,False,7000,0.22074244661389014,0.632320656474516,0.6364156885198969
1500.0,15.0,0.25,online,55.0,65.0,2.0,False,winner,,1300.0,False,7000,0.22074308730549663,0.6323206685767594,0.6372745490981964
1500.0,20.0,0.25,online,55.0,65.0,1.0,False,winner,,1300.0,False,7000,0.22074450372376994,0.6324347578283991,0.6422845691382766
1500.0,25.0,0.4,fixed,55.0,65.0,1.0,False,winner,,1300.0,False,7000,0.2207466176080811,0.6322376329528477,0.6409962782708274
1500.0,25.0,0.35,fixed,65.0,65.0,1.0,False,winner,,1300.0,True,7000,0.22074762588178334,0.6325120760345131,0.6425708559977097
1500.0,15.0,0.4,online,55.0,65.0,4.0,False,winner,,1500.0,True,7000,0.22075105821315025,0.6322140700783756,0.6385628399656456
1500.0,20.0,0.5,online,55.0,65.0,2.0,True,winner,,1500.0,True,7000,0.22075167791246436,0.6320845556488065,0.639421700543945
1500.0,25.0,0.5,online,55.0,65.0,2.0,False,winner,,1300.0,True,7000,0.22075476254166576,0.6322600773586848,0.6398511308330948
1500.0,20.0,0.4,online,55.0,65.0,2.0,True,winner,,1500.0,False,7000,0.22075600364512396,0.6321269667310813,0.6405668479816776
1500.0,15.0,0.3,fixed,45.0,65.0,1.0,False,winner,,1500.0,False,7000,0.22076417082915864,0.6323118373618584,0.6407099914113942
1500.0,15.0,0.3,online,55.0,65.0,1.0,True,winner,,1500.0,False,7000,0.22076437162457724,0.6322514765014279,0.6374176925279129
1500.0,15.0,0.4,online,55.0,65.0,2.0,True,winner,,1300.0,False,7000,0.22076515586034612,0.6323793714662027,0.638419696535929
1500.0,20.0,0.35,online,55.0,65.0,4.0,False,winner,,1500.0,False,7000,0.22076533576540905,0.6321369067334266,0.6395648439736616
1500.0,15.0,0.3,online,55.0,65.0,4.0,False,winner,,1300.0,False,7000,0.22076595233832658,0.6323330689565189,0.6387059833953621
1500.0,15.0,0.5,online,55.0,65.0,2.0,False,winner,,1300.0,False,7000,0.22076805072346212,0.6324514359144383,0.639421700543945
1500.0,15.0,0.5,online,55.0,65.0,0.5,True,winner,,1500.0,True,7000,0.22076940528404174,0.6323611082731129,0.6374176925279129
1500.0,25.0,0.4,fixed,65.0,65.0,1.0,False,winner,,1500.0,False,7000,0.22076950676187945,0.6322437784222482,0.6391354136845119
1500.0,20.0,0.3,online,55.0,65.0,1.0,True,winner,,1500.0,True,7000,0.22077303930093437,0.6323547663359739,0.6399942742628113
1500.0,20.0,0.5,online,55.0,65.0,4.0,False,winner,,1500.0,False,7000,0.22077307691746118,0.632090909184258,0.6409962782708274
1500.0,20.0,0.3,fixed,45.0,65.0,1.0,False,winner,,1300.0,True,7000,0.2207731129565689,0.6323219684405108,0.6427139994274262
1500.0,20.0,0.35,online,55.0,65.0,2.0,True,winner,,1500.0,True,7000,0.22077784578001872,0.6322732520352181,0.640137417692528
1500.0,25.0,0.35,fixed,65.0,65.0,1.0,False,winner,,1300.0,False,7000,0.22077886480397468,0.6325020649528381,0.6412825651302605
1500.0,25.0,0.5,online,55.0,65.0,0.5,True,winner,,1300.0,False,7000,0.22078420936475077,0.6323244535181174,0.6408531348411108
1500.0,15.0,0.5,fixed,45.0,65.0,1.0,False,winner,,1300.0,False,7000,0.22078593910448197,0.6327207338025209,0.643143429716576
1500.0,25.0,0.4,online,55.0,65.0,1.0,False,winner,,1300.0,False,7000,0.22078987596513083,0.6324318058208634,0.6407099914113942
1500.0,20.0,0.3,fixed,45.0,65.0,1.0,False,winner,,1300.0,False,7000,0.220793418484786,0.63232022903546,0.6397079874033782
1500.0,20.0,0.3,online,55.0,65.0,4.0,False,winner,,1300.0,False,7000,0.22079620503971578,0.6324331287389874,0.6392785571142284
1500.0,20.0,0.25,online,55.0,65.0,0.5,True,winner,,1300.0,True,7000,0.2207966036856849,0.6327046082418282,0.6425708559977097
1500.0,25.0,0.4,online,55.0,65.0,0.5,True,winner,,1300.0,True,7000,0.22080053199092467,0.6326057636957844,0.640137417692528
1500.0,15.0,0.2,fixed,65.0,65.0,1.0,False,winner,,1300.0,False,7000,0.22080090771108327,0.6325150689907033,0.6404237045519611
1500.0,25.0,0.5,online,55.0,65.0,1.0,False,winner,,1500.0,True,7000,0.22080093226230155,0.6322395965023848,0.6385628399656456
1500.0,15.0,0.25,fixed,45.0,65.0,1.0,False,winner,,1300.0,True,7000,0.22080362088014202,0.6324776975359047,0.64214142570856
1500.0,15.0,0.2,fixed,55.0,65.0,1.0,False,winner,,1300.0,True,7000,0.22080751593831424,0.6325103959496795,0.6407099914113942
1500.0,15.0,0.25,online,55.0,65.0,2.0,False,winner,,1500.0,True,7000,0.2208088852048736,0.6323499319727791,0.6398511308330948
1500.0,15.0,0.5,online,55.0,65.0,1.0,False,winner,,1500.0,False,7000,0.2208093838273153,0.6324896352089064,0.6392785571142284
1500.0,25.0,0.5,online,55.0,65.0,0.5,False,winner,,1500.0,False,7000,0.22081121126448428,0.6322152191031999,0.639421700543945
1500.0,15.0,0.25,online,55.0,65.0,0.5,True,winner,,1500.0,False,7000,0.2208129094376257,0.6323736347832764,0.6375608359576296
1500.0,20.0,0.25,online,55.0,65.0,0.5,False,winner,,1500.0,True,7000,0.2208129579565554,0.6325015030407238,0.6444317205840252
1500.0,25.0,0.5,fixed,55.0,65.0,1.0,False,winner,,1500.0,False,7000,0.2208131804497188,0.6321990218029142,0.6385628399656456
1500.0,20.0,0.25,online,55.0,65.0,0.5,True,winner,,1300.0,False,7000,0.2208137072124708,0.6326495345999387,0.6424277125679931
1500.0,20.0,0.3,online,55.0,65.0,2.0,True,winner,,1300.0,True,7000,0.22081507751937027,0.6326234388881613,0.6407099914113942
1500.0,15.0,0.35,online,55.0,65.0,2.0,True,winner,,1500.0,True,7000,0.22081967382031345,0.6323660141102709,0.6389922702547953
1500.0,20.0,0.3,online,55.0,65.0,1.0,True,winner,,1500.0,False,7000,0.22081974971600546,0.6323938846560803,0.6395648439736616
1500.0,25.0,0.4,fixed,65.0,65.0,1.0,False,winner,2.0,1300.0,True,7000,0.2208219254181053,0.6324104348171593,0.6408531348411108
1500.0,20.0,0.25,online,55.0,65.0,0.5,False,winner,,1500.0,False,7000,0.22082606287148618,0.6324440725460373,0.644145433724592
1500.0,15.0,0.2,online,55.0,65.0,0.5,False,winner,,1300.0,True,7000,0.22082824175129387,0.6326126160377993,0.6385628399656456
1500.0,25.0,0.4,online,55.0,65.0,0.5,False,winner,,1500.0,True,7000,0.2208304587318399,0.6324498326587361,0.6395648439736616
1500.0,15.0,0.25,online,55.0,65.0,1.0,True,winner,,1300.0,False,7000,0.22083059630794166,0.6325540887220643,0.6378471228170627
1500.0,15.0,0.5,online,55.0,65.0,2.0,False,winner,,1500.0,True,7000,0.2208306623051347,0.6324915889843312,0.6377039793873461
1500.0,15.0,0.3,online,55.0,65.0,4.0,False,winner,,1500.0,True,7000,0.22083082063816203,0.632358611376601,0.6397079874033782
1500.0,20.0,0.25,fixed,55.0,65.0,1.0,False,winner,,1500.0,False,7000,0.22083800506877022,0.6323778924229199,0.6422845691382766
1500.0,20.0,0.25,fixed,55.0,65.0,1.0,False,winner,,1500.0,True,7000,0.220838918972317,0.6324463680580845,0.6408531348411108
1500.0,15.0,0.5,fixed,45.0,65.0,1.0,False,winner,,1500.0,True,7000,0.22083970599745673,0.6327574246758026,0.64214142570856
1500.0,15.0,0.3,online,55.0,65.0,2.0,True,winner,,1300.0,False,7000,0.2208399646746538,0.6325452863942519,0.6355568279415975
1500.0,15.0,0.4,online,55.0,65.0,2.0,True,winner,,1500.0,True,7000,0.22084283469679789,0.6324302382028285,0.6374176925279129
1500.0,15.0,0.35,online,55.0,65.0,4.0,False,winner,,1500.0,False,7000,0.2208492772194273,0.6324027304815402,0.6377039793873461
1500.0,20.0,0.35,online,55.0,65.0,2.0,True,winner,,1500.0,False,7000,0.2208528419664436,0.6323961438446862,0.6398511308330948
1500.0,25.0,0.5,online,55.0,65.0,1.0,True,winner,,1300.0,True,7000,0.2208529013703525,0.6325354308713393,0.6411394217005439
1500.0,25.0,0.4,online,55.0,65.0,0.5,True,winner,,1300.0,False,7000,0.22085665549761208,0.6326470748085432,0.640137417692528
1500.0,20.0,0.35,fixed,65.0,65.0,1.0,False,winner,2.0,1300.0,True,7000,0.2208567616214268,0.6325679872454542,0.6387059833953621
1500.0,25.0,0.35,online,55.0,65.0,0.5,False,winner,,1300.0,True,7000,0.22085717265514962,0.6327906492017756,0.6411394217005439
1500.0,15.0,0.5,online,55.0,65.0,1.0,True,winner,,1300.0,False,7000,0.22085735166065207,0.6326450614230251,0.638419696535929
1500.0,25.0,0.4,online,55.0,65.0,2.0,False,winner,,1300.0,True,7000,0.22085977566317483,0.6326815888837357,0.6385628399656456
1500.0,25.0,0.5,online,55.0,65.0,2.0,False,winner,,1300.0,False,7000,0.2208603243399704,0.6324430147996732,0.6405668479816776
1500.0,20.0,0.25,online,55.0,65.0,2.0,False,winner,,1300.0,True,7000,0.22086083118893365,0.6327954253823223,0.6399942742628113
1500.0,20.0,0.5,online,55.0,65.0,2.0,True,winner,,1500.0,False,7000,0.2208639482238576,0.632321460928308,0.6407099914113942
1500.0,15.0,0.2,fixed,65.0,65.0,1.0,False,winner,,1500.0,True,7000,0.22086544979244888,0.6325343828472066,0.6391354136845119
1500.0,15.0,0.2,fixed,55.0,65.0,1.0,False,winner,,1300.0,False,7000,0.22087143579968205,0.6326292708294303,0.6417119954194103
1500.0,25.0,0.4,fixed,55.0,65.0,1.0,False,winner,,1500.0,True,7000,0.2208729606396305,0.6324460378800972,0.6399942742628113
1500.0,15.0,0.25,fixed,45.0,65.0,1.0,False,winner,,1300.0,False,7000,0.22087377187071455,0.6326232879864502,0.64214142570856
1500.0,20.0,0.3,online,55.0,65.0,2.0,True,winner,,1300.0,False,7000,0.22087623113843516,0.6326944220317265,0.6387059833953621
1500.0,15.0,0.4,online,55.0,65.0,4.0,False,winner,,1500.0,False,7000,0.22087898235274656,0.6324984613685579,0.6381334096764959
1500.0,25.0,0.5,online,55.0,65.0,0.5,True,winner,,1500.0,True,7000,0.2208796479957258,0.6324636547315592,0.6392785571142284
1500.0,15.0,0.5,online,55.0,65.0,0.5,True,winner,,1500.0,False,7000,0.22088377135661988,0.6326383674699503,0.6387059833953621
1500.0,25.0,0.4,online,55.0,65.0,0.5,False,winner,,1500.0,False,7000,0.2208843984924895,0.6324943990701172,0.6397079874033782
1500.0,20.0,0.4,fixed,65.0,65.0,1.0,False,winner,2.0,1300.0,True,7000,0.2208851669276018,0.63264330953225,0.6379902662467792
1500.0,20.0,0.35,fixed,55.0,65.0,1.0,False,winner,2.0,1300.0,True,7000,0.22088661975116775,0.6326786536017578,0.6415688519896937
1500.0,15.0,0.5,online,55.0,65.0,4.0,False,winner,,1300.0,True,7000,0.2208896261014787,0.6326792067743598,0.6352705410821643
1500.0,20.0,0.25,online,55.0,65.0,2.0,False,winner,,1300.0,False,7000,0.22089301706027384,0.632771115558902,0.6392785571142284
1500.0,25.0,0.5,online,55.0,65.0,1.0,False,winner,,1500.0,False,7000,0.22089333073015988,0.6324006106092038,0.6392785571142284
1500.0,25.0,0.35,online,55.0,65.0,0.5,False,winner,,1300.0,False,7000,0.2208934449489532,0.6327678273638784,0.6409962782708274
1500.0,20.0,0.25,online,55.0,65.0,1.0,False,winner,,1500.0,True,7000,0.22089377166088187,0.6326970700726842,0.6430002862868595
1500.0,20.0,0.4,fixed,55.0,65.0,1.0,False,winner,2.0,1300.0,True,7000,0.22089505209155738,0.6327346898428652,0.6397079874033782
1500.0,15.0,0.25,online,55.0,65.0,2.0,False,winner,,1500.0,False,7000,0.22089669277483323,0.6325231376731725,0.6372745490981964
1500.0,25.0,0.4,fixed,65.0,65.0,1.0,False,winner,2.0,1300.0,False,7000,0.22089822880669935,0.632573628901235,0.6404237045519611
1500.0,15.0,0.2,online,55.0,65.0,0.5,False,winner,,1300.0,False,7000,0.2209009663504399,0.6327382506122213,0.6392785571142284
1500.0,25.0,0.4,fixed,55.0,65.0,1.0,False,winner,2.0,1300.0,True,7000,0.22090108212798212,0.6325861287739655,0.640137417692528
1500.0,15.0,0.25,online,55.0,65.0,4.0,False,winner,,1300.0,True,7000,0.22090142699994755,0.6326871166008815,0.6385628399656456
1500.0,25.0,0.35,fixed,65.0,65.0,1.0,False,winner,2.0,1300.0,True,7000,0.22090283837140293,0.6326288525684182,0.6407099914113942
1500.0,15.0,0.25,online,55.0,65.0,1.0,True,winner,,1500.0,True,7000,0.22090673498204008,0.632601009980863,0.6395648439736616
1500.0,25.0,0.4,online,55.0,65.0,1.0,False,winner,,1500.0,True,7000,0.22090746864913274,0.632636413905244,0.638419696535929
1500.0,20.0,0.25,online,55.0,65.0,1.0,False,winner,,1500.0,False,7000,0.22091067210898158,0.6326450843196753,0.641425708559977
1500.0,15.0,0.2,online,55.0,65.0,1.0,False,winner,,1300.0,True,7000,0.22091175906517024,0.6328051854962808,0.6385628399656456
1500.0,25.0,0.4,fixed,55.0,65.0,1.0,False,winner,,1500.0,False,7000,0.22091482049272082,0.6324831297680973,0.6397079874033782
1500.0,15.0,0.3,online,55.0,65.0,2.0,True,winner,,1500.0,True,7000,0.22091717308785785,0.6325875910417617,0.638419696535929
1500.0,25.0,0.4,online,55.0,65.0,0.5,False,winner,2.0,1300.0,True,7000,0.22091737717623308,0.6326177623749598,0.6407099914113942
1500.0,20.0,0.3,online,55.0,65.0,4.0,False,winner,,1500.0,True,7000,0.22092119327969212,0.632627884893186,0.6388491268250788
1500.0,25.0,0.35,fixed,65.0,65.0,1.0,False,winner,,1500.0,True,7000,0.22092396362486177,0.6327608585948179,0.6417119954194103
1500.0,25.0,0.35,fixed,55.0,65.0,1.0,False,winner,,1300.0,True,7000,0.22092658759373507,0.6327952321133273,0.6415688519896937
1500.0,15.0,0.35,online,55.0,65.0,2.0,True,winner,,1500.0,False,7000,0.22093188898416966,0.6326170940748923,0.63670197537933
1500.0,25.0,0.35,online,55.0,65.0,1.0,False,winner,,1300.0,True,7000,0.22093250501877018,0.6329799827588867,0.6417119954194103
1500.0,25.0,0.4,online,55.0,65.0,2.0,False,winner,,1300.0,False,7000,0.22093254596704257,0.6327576954855255,0.6397079874033782
1500.0,15.0,0.5,online,55.0,65.0,1.0,True,winner,,1500.0,True,7000,0.22093478407263606,0.6327092082372703,0.6359862582307472
1500.0,15.0,0.2,fixed,65.0,65.0,1.0,False,winner,,1500.0,False,7000,0.2209355348866039,0.6326658029495595,0.6402805611222445
1500.0,15.0,0.3,online,55.0,65.0,4.0,False,winner,,1500.0,False,7000,0.22093787025107078,0.6325825956178679,0.6388491268250788
1500.0,25.0,0.5,online,55.0,65.0,2.0,False,winner,,1500.0,True,7000,0.22093814609276363,0.6325467392367726,0.639421700543945
1500.0,20.0,0.35,online,55.0,65.0,0.5,False,winner,2.0,1300.0,True,7000,0.220938242261868,0.632754191888252,0.6415688519896937
1500.0,20.0,0.3,fixed,45.0,65.0,1.0,False,winner,,1500.0,True,7000,0.22093932331871338,0.6325549695674353,0.6404237045519611
1500.0,15.0,0.2,fixed,55.0,65.0,1.0,False,winner,,1500.0,True,7000,0.22094514918837438,0.6326729327432754,0.6395648439736616
1500.0,25.0,0.35,fixed,55.0,65.0,1.0,False,winner,,1300.0,False,7000,0.22094711103456888,0.6327622223227842,0.6407099914113942
1500.0,20.0,0.3,fixed,65.0,65.0,1.0,False,winner,2.0,1300.0,True,7000,0.22095102621950058,0.6327805603848126,0.641425708559977
1500.0,15.0,0.25,fixed,45.0,65.0,1.0,False,winner,,1500.0,True,7000,0.22095122933997,0.6326783213741145,0.6408531348411108
1500.0,25.0,0.35,fixed,65.0,65.0,1.0,False,winner,,1500.0,False,7000,0.22095132681823312,0.6327435488327263,0.6398511308330948
1500.0,20.0,0.25,online,55.0,65.0,1.0,True,winner,,1300.0,True,7000,0.22095307095814296,0.6330767300582951,0.6418551388491268
1500.0,25.0,0.5,online,55.0,65.0,1.0,True,winner,,1300.0,False,7000,0.22095390837338558,0.6327110664761237,0.6407099914113942
1500.0,25.0,0.4,online,55.0,65.0,1.0,True,winner,,1300.0,True,7000,0.22095439099203582,0.6329702919880767,0.6411394217005439
1500.0,20.0,0.3,fixed,45.0,65.0,1.0,False,winner,,1500.0,False,7000,0.22095441703765034,0.6325434498929392,0.6382765531062125
1500.0,20.0,0.4,online,55.0,65.0,0.5,False,winner,2.0,1300.0,True,7000,0.22095926304615532,0.6328139597282898,0.6388491268250788
1500.0,25.0,0.35,fixed,65.0,65.0,1.0,False,winner,2.0,1300.0,False,7000,0.22096182183526,0.6327465873582393,0.6434297165760091
1500.0,15.0,0.4,online,55.0,65.0,2.0,True,winner,,1500.0,False,7000,0.2209628399748641,0.632704369346267,0.6385628399656456
1500.0,25.0,0.5,online,55.0,65.0,0.5,True,winner,,1500.0,False,7000,0.2209632460000462,0.6326041112520345,0.639421700543945
1500.0,15.0,0.5,online,55.0,65.0,2.0,False,winner,,1500.0,False,7000,0.2209652362843934,0.6328040027858647,0.6389922702547953
1500.0,25.0,0.4,online,55.0,65.0,1.0,False,winner,,1500.0,False,7000,0.22096598004916443,0.6326879201252542,0.6398511308330948
1500.0,20.0,0.35,fixed,65.0,65.0,1.0,False,winner,2.0,1300.0,False,7000,0.22096737319897122,0.6328163910883221,0.6395648439736616
1500.0,15.0,0.5,fixed,45.0,65.0,1.0,False,winner,,1500.0,False,7000,0.22097056857348513,0.6330506153953185,0.6432865731462926
1500.0,20.0,0.25,online,55.0,65.0,0.5,True,winner,,1500.0,True,7000,0.220971092510672,0.6329302019350587,0.6432865731462926
1500.0,15.0,0.2,online,55.0,65.0,0.5,False,winner,,1500.0,True,7000,0.22097208156894177,0.632778298055311,0.638419696535929
1500.0,25.0,0.4,fixed,55.0,65.0,1.0,False,winner,2.0,1300.0,False,7000,0.22097243575427003,0.6327396916290235,0.6435728600057258
1500.0,25.0,0.35,online,55.0,65.0,1.0,False,winner,,1300.0,False,7000,0.22097392663980267,0.632965013278503,0.6409962782708274
1500.0,20.0,0.3,online,55.0,65.0,4.0,False,winner,,1500.0,False,7000,0.22097671514111414,0.6326815876048824,0.6391354136845119
1500.0,25.0,0.5,fixed,65.0,65.0,1.0,False,winner,2.0,1300.0,True,7000,0.22097828880638476,0.6327337799722854,0.6381334096764959
1500.0,15.0,0.25,online,55.0,65.0,2.0,True,winner,,1300.0,True,7000,0.22097995153918223,0.6329165589432594,0.638419696535929
1500.0,20.0,0.25,online,55.0,65.0,0.5,True,winner,,1500.0,False,7000,0.2209823190865228,0.6328635820669305,0.6419982822788434
1500.0,20.0,0.4,online,55.0,65.0,4.0,True,winner,,1300.0,True,7000,0.2209823214850561,0.6328187901781971,0.6387059833953621
1500.0,15.0,0.5,online,55.0,65.0,2.0,True,winner,,1300.0,True,7000,0.22098240053411955,0.6328819908470337,0.6349842542227312
1500.0,25.0,0.4,online,55.0,65.0,0.5,True,winner,,1500.0,True,7000,0.22098310859793813,0.6328720870205419,0.6397079874033782
1500.0,20.0,0.25,online,55.0,65.0,1.0,True,winner,,1300.0,False,7000,0.22098348588432098,0.6330506949860425,0.6408531348411108
1500.0,25.0,0.4,online,55.0,65.0,0.5,True,winner,2.0,1300.0,True,7000,0.2209841990864051,0.6327761275468988,0.6407099914113942
1500.0,25.0,0.5,online,55.0,65.0,4.0,False,winner,,1300.0,True,7000,0.22098643348753882,0.6327878323251573,0.6404237045519611
1500.0,15.0,0.2,online,55.0,65.0,1.0,False,winner,,1300.0,False,7000,0.2209874730438601,0.6329341826423451,0.6389922702547953
1500.0,15.0,0.25,online,55.0,65.0,1.0,True,winner,,1500.0,False,7000,0.22098977413997548,0.6327660701429215,0.6372745490981964
1500.0,20.0,0.35,fixed,55.0,65.0,1.0,False,winner,2.0,1300.0,False,7000,0.22099146092400673,0.6329164484365619,0.6407099914113942
1500.0,15.0,0.2,online,55.0,65.0,0.5,True,winner,,1300.0,True,7000,0.22099198265058806,0.6330190812137336,0.6381334096764959
1500.0,25.0,0.4,online,55.0,65.0,0.5,False,winner,2.0,1300.0,False,7000,0.22099333905514276,0.6327775584492675,0.6407099914113942
1500.0,25.0,0.4,online,55.0,65.0,1.0,False,winner,2.0,1300.0,True,7000,0.22099712929980725,0.632795219886521,0.6424277125679931
1500.0,15.0,0.2,fixed,55.0,65.0,1.0,False,winner,,1500.0,False,7000,0.22100078675416768,0.6327735812700196,0.6404237045519611
1500.0,25.0,0.35,fixed,55.0,65.0,1.0,False,winner,2.0,1300.0,True,7000,0.221001499026426,0.6328224656422511,0.6412825651302605
1500.0,20.0,0.3,fixed,55.0,65.0,1.0,False,winner,2.0,1300.0,True,7000,0.22100193679221874,0.6329096247663146,0.6385628399656456
1500.0,25.0,0.35,online,55.0,65.0,0.5,False,winner,2.0,1300.0,True,7000,0.22100206150837443,0.6328512954194881,0.6417119954194103
1500.0,15.0,0.25,online,55.0,65.0,4.0,False,winner,,1300.0,False,7000,0.22100415273103416,0.6328850983966172,0.63670197537933
1500.0,20.0,0.4,fixed,65.0,65.0,1.0,False,winner,2.0,1300.0,False,7000,0.22100492327540044,0.6329134190470893,0.638419696535929
1500.0,25.0,0.35,online,55.0,65.0,0.5,True,winner,,1300.0,True,7000,0.2210051962353425,0.6332209858579786,0.6411394217005439
1500.0,20.0,0.3,online,55.0,65.0,2.0,True,winner,,1500.0,True,7000,0.22100698023271245,0.632891899736736,0.640137417692528
1500.0,25.0,0.4,fixed,65.0,65.0,1.0,False,winner,2.0,1500.0,True,7000,0.22100934332568165,0.6327082882903406,0.6417119954194103
1500.0,20.0,0.35,online,55.0,65.0,0.5,True,winner,2.0,1300.0,True,7000,0.2210094202915743,0.6329101274668197,0.6397079874033782
1500.0,20.0,0.4,fixed,55.0,65.0,1.0,False,winner,2.0,1300.0,False,7000,0.22101048575384608,0.6329972659993955,0.6407099914113942
1500.0,15.0,0.25,fixed,45.0,65.0,1.0,False,winner,,1500.0,False,7000,0.2210143881824888,0.6328096952066439,0.6404237045519611
1500.0,15.0,0.3,online,55.0,65.0,2.0,True,winner,,1500.0,False,7000,0.22101930678710963,0.6328073756097452,0.6354136845118808
1500.0,20.0,0.35,online,55.0,65.0,1.0,False,winner,2.0,1300.0,True,7000,0.22101997563875297,0.6329322273247366,0.6392785571142284
1500.0,25.0,0.5,fixed,55.0,65.0,1.0,False,winner,2.0,1300.0,True,7000,0.22102132990682008,0.6328717776324629,0.6375608359576296
1500.0,25.0,0.4,online,55.0,65.0,1.0,True,winner,,1300.0,False,7000,0.2210253012272626,0.6330441651441352,0.6407099914113942
1500.0,20.0,0.2,fixed,65.0,65.0,1.0,False,winner,,1300.0,False,7000,0.22102888346907507,0.6332185762439685,0.644861150873175
1500.0,20.0,0.4,online,55.0,65.0,0.5,True,winner,2.0,1300.0,True,7000,0.2210310469677787,0.6329641280597543,0.6382765531062125
1500.0,15.0,0.5,online,55.0,65.0,4.0,False,winner,,1300.0,False,7000,0.2210320731963673,0.632996795069029,0.6375608359576296
1500.0,25.0,0.4,online,55.0,65.0,0.5,True,winner,,1500.0,False,7000,0.22103510210104652,0.6329067517570465,0.6404237045519611
1500.0,15.0,0.2,online,55.0,65.0,0.5,False,winner,,1500.0,False,7000,0.22103583963609003,0.6328854498671945,0.6377039793873461
1500.0,25.0,0.35,online,55.0,65.0,0.5,False,winner,,1500.0,True,7000,0.22103586854574309,0.6330390666997807,0.6408531348411108
1500.0,20.0,0.35,fixed,65.0,65.0,1.0,False,winner,2.0,1500.0,True,7000,0.22103598501429828,0.632854044604821,0.6392785571142284
1500.0,20.0,0.2,fixed,65.0,65.0,1.0,False,winner,,1300.0,True,7000,0.22103632786477703,0.633330305469168,0.6444317205840252
1500.0,20.0,0.25,online,55.0,65.0,2.0,False,winner,,1500.0,True,7000,0.22103664197632866,0.6330233782711386,0.6389922702547953
1500.0,25.0,0.5,online,55.0,65.0,1.0,True,winner,,1500.0,True,7000,0.22103908276372586,0.6328266110511409,0.6405668479816776
1500.0,25.0,0.5,online,55.0,65.0,2.0,False,winner,,1500.0,False,7000,0.22103929885220208,0.6327231684413588,0.6398511308330948
1500.0,20.0,0.3,online,55.0,65.0,0.5,False,winner,2.0,1300.0,True,7000,0.22103953755698336,0.6329840942503642,0.6399942742628113
1500.0,25.0,0.35,online,55.0,65.0,0.5,True,winner,,1300.0,False,7000,0.22104060871621414,0.6331902658107409,0.6412825651302605
1500.0,20.0,0.4,online,55.0,65.0,1.0,False,winner,2.0,1300.0,True,7000,0.22104080845814275,0.6329875077095081,0.638419696535929
1500.0,20.0,0.35,online,55.0,65.0,0.5,False,winner,2.0,1300.0,False,7000,0.22104327271886512,0.6329950724438752,0.6385628399656456
1500.0,25.0,0.4,online,55.0,65.0,2.0,False,winner,,1500.0,True,7000,0.22104342098512722,0.6329500932514328,0.6382765531062125
1500.0,20.0,0.3,fixed,65.0,65.0,1.0,False,winner,2.0,1300.0,False,7000,0.22105065036757837,0.6330005317565158,0.6399942742628113
1500.0,25.0,0.35,fixed,55.0,65.0,1.0,False,winner,2.0,1300.0,False,7000,0.22105390873540026,0.6329268512617967,0.6417119954194103
1500.0,25.0,0.4,online,55.0,65.0,0.5,True,winner,2.0,1300.0,False,7000,0.22105396200364122,0.6329189708412747,0.6404237045519611
1500.0,25.0,0.5,fixed,45.0,65.0,1.0,False,winner,,1300.0,True,7000,0.22105472233340154,0.632861322573128,0.6415688519896937
1500.0,15.0,0.2,online,55.0,65.0,1.0,False,winner,,1500.0,True,7000,0.2210571018813559,0.6329727159651873,0.6385628399656456
1500.0,15.0,0.2,online,55.0,65.0,0.5,True,winner,,1300.0,False,7000,0.22105880327611865,0.6331278082839705,0.6399942742628113
1500.0,15.0,0.5,online,55.0,65.0,1.0,True,winner,,1500.0,False,7000,0.2210595874140862,0.6330056118939913,0.6387059833953621
1500.0,20.0,0.35,fixed,55.0,65.0,1.0,False,winner,2.0,1500.0,True,7000,0.22105988369966637,0.6329559910100956,0.6424277125679931
1500.0,15.0,0.2,online,55.0,65.0,2.0,False,winner,,1300.0,True,7000,0.22106037971973222,0.6331317517375238,0.638419696535929
1500.0,25.0,0.35,online,55.0,65.0,0.5,False,winner,2.0,1300.0,False,7000,0.22106134222975515,0.6329619193861129,0.6402805611222445
1500.0,20.0,0.25,online,55.0,65.0,2.0,False,winner,,1500.0,False,7000,0.22106169714891263,0.6329858227352491,0.6381334096764959
1500.0,20.0,0.3,online,55.0,65.0,2.0,True,winner,,1500.0,False,7000,0.22106334347110476,0.6329541497078912,0.6381334096764959
1500.0,25.0,0.5,online,55.0,65.0,0.5,False,winner,2.0,1300.0,True,7000,0.22106426572441826,0.6329145879197272,0.6379902662467792
1500.0,25.0,0.3,fixed,65.0,65.0,1.0,False,winner,,1300.0,True,7000,0.2210650722981844,0.6333962834399307,0.6422845691382766
1500.0,25.0,0.35,online,55.0,65.0,2.0,False,winner,,1300.0,True,7000,0.22106528874925804,0.6332934995952186,0.6407099914113942
1500.0,25.0,0.35,online,55.0,65.0,0.5,False,winner,,1500.0,False,7000,0.22106738331599723,0.6330082620457618,0.6402805611222445
1500.0,25.0,0.35,online,55.0,65.0,0.5,True,winner,2.0,1300.0,True,7000,0.22106843461853645,0.633016834141841,0.6404237045519611
1500.0,15.0,0.25,online,55.0,65.0,4.0,False,winner,,1500.0,True,7000,0.22106971386822905,0.6329109448101208,0.6392785571142284
1500.0,25.0,0.3,fixed,65.0,65.0,1.0,False,winner,,1300.0,False,7000,0.22106984149128756,0.6333004933450441,0.6425708559977097
1500.0,20.0,0.4,fixed,65.0,65.0,1.0,False,winner,2.0,1500.0,True,7000,0.22107286746652777,0.6329566109920328,0.6388491268250788
1500.0,20.0,0.4,online,55.0,65.0,0.5,False,winner,2.0,1300.0,False,7000,0.22107287834547618,0.6330803529899618,0.6388491268250788
1500.0,25.0,0.4,online,55.0,65.0,1.0,False,winner,2.0,1300.0,False,7000,0.22107642855340984,0.6329590635038466,0.6397079874033782
1500.0,20.0,0.4,fixed,55.0,65.0,1.0,False,winner,2.0,1500.0,True,7000,0.22107671280787988,0.6330389030165114,0.6411394217005439
1500.0,15.0,0.25,online,55.0,65.0,2.0,True,winner,,1300.0,False,7000,0.22107691167320204,0.6331095753236503,0.63670197537933
1500.0,20.0,0.5,online,55.0,65.0,4.0,True,winner,,1300.0,True,7000,0.2210778994928079,0.6329248133630511,0.6372745490981964
1500.0,25.0,0.5,fixed,65.0,65.0,1.0,False,winner,2.0,1300.0,False,7000,0.22107977782796667,0.632958162124745,0.63670197537933
1500.0,20.0,0.4,online,55.0,65.0,4.0,True,winner,,1300.0,False,7000,0.22108149285074394,0.6330143624541777,0.638419696535929
1500.0,25.0,0.5,online,55.0,65.0,2.0,True,winner,,1300.0,True,7000,0.22108191535974187,0.633055219094089,0.6409962782708274
1500.0,25.0,0.35,online,55.0,65.0,1.0,False,winner,2.0,1300.0,True,7000,0.22108204598120604,0.6330342969200691,0.6402805611222445
1500.0,25.0,0.4,fixed,65.0,65.0,1.0,False,winner,2.0,1500.0,False,7000,0.22108244157567591,0.6328640490421444,0.6408531348411108
1500.0,25.0,0.4,fixed,55.0,65.0,1.0,False,winner,2.0,1500.0,True,7000,0.22108269336244118,0.6328750925941544,0.6397079874033782
1500.0,25.0,0.35,fixed,65.0,65.0,1.0,False,winner,2.0,1500.0,True,7000,0.22108523187543325,0.6329062621677864,0.641425708559977
1500.0,25.0,0.4,online,55.0,65.0,4.0,False,winner,,1300.0,True,7000,0.22108762429213516,0.6332136333235482,0.6392785571142284
1500.0,20.0,0.35,online,55.0,65.0,4.0,True,winner,,1300.0,True,7000,0.22109196470313597,0.6331568398433387,0.6388491268250788
1500.0,20.0,0.3,fixed,55.0,65.0,1.0,False,winner,2.0,1300.0,False,7000,0.22109431679740027,0.6331156130651044,0.6398511308330948
1500.0,15.0,0.5,online,55.0,65.0,4.0,False,winner,,1500.0,True,7000,0.22109690547743316,0.633042724619952,0.6358431148010306
1500.0,25.0,0.35,fixed,55.0,65.0,1.0,False,winner,,1500.0,True,7000,0.22109773544749803,0.6330354191533267,0.640137417692528
1500.0,20.0,0.25,online,55.0,65.0,4.0,False,winner,,1300.0,True,7000,0.22109916841115024,0.6333442189617737,0.639421700543945
1500.0,25.0,0.5,online,55.0,65.0,4.0,False,winner,,1300.0,False,7000,0.22109960124175826,0.6329827260703678,0.640137417692528
1500.0,25.0,0.3,fixed,65.0,65.0,1.0,False,winner,2.0,1300.0,True,7000,0.22110408981644106,0.6331477052491034,0.6415688519896937
1500.0,25.0,0.4,online,55.0,65.0,0.5,False,winner,2.0,1500.0,True,7000,0.221105634664065,0.6329150333037455,0.6407099914113942
1500.0,20.0,0.35,online,55.0,65.0,0.5,True,winner,2.0,1300.0,False,7000,0.22110707333896995,0.6331321490574807,0.6377039793873461
1500.0,20.0,0.3,online,55.0,65.0,0.5,True,winner,2.0,1300.0,True,7000,0.2211103851322054,0.6331474917572334,0.6409962782708274
1500.0,25.0,0.4,online,55.0,65.0,2.0,False,winner,,1500.0,False,7000,0.22111102563110788,0.6330180853077012,0.6395648439736616
1500.0,15.0,0.5,online,55.0,65.0,2.0,True,winner,,1300.0,False,7000,0.2211119722788373,0.6331803853510363,0.6365588319496135
1500.0,25.0,0.4,online,55.0,65.0,1.0,True,winner,2.0,1300.0,True,7000,0.2211121833982701,0.6330641745941366,0.6395648439736616
1500.0,25.0,0.35,online,55.0,65.0,1.0,False,winner,,1500.0,True,7000,0.22111262880580893,0.6332310068067087,0.6405668479816776
1500.0,25.0,0.35,fixed,55.0,65.0,1.0,False,winner,,1500.0,False,7000,0.22111404870564774,0.6329948822027441,0.638419696535929
1500.0,25.0,0.35,online,55.0,65.0,2.0,False,winner,,1300.0,False,7000,0.22111646669859641,0.6332963633661878,0.6408531348411108
1500.0,20.0,0.35,online,55.0,65.0,0.5,False,winner,2.0,1500.0,True,7000,0.2211175603197474,0.6330387007164425,0.6417119954194103
1500.0,20.0,0.3,fixed,65.0,65.0,1.0,False,winner,2.0,1500.0,True,7000,0.22112006405410722,0.6330343952390446,0.6415688519896937
1500.0,25.0,0.5,fixed,55.0,65.0,1.0,False,winner,2.0,1300.0,False,7000,0.22112042795392414,0.6330919291290787,0.6382765531062125
1500.0,20.0,0.3,online,55.0,65.0,1.0,False,winner,2.0,1300.0,True,7000,0.22112171525439628,0.6331678562027064,0.6405668479816776
1500.0,25.0,0.35,online,55.0,65.0,0.5,True,winner,2.0,1300.0,False,7000,0.22112202196929182,0.6331110735814838,0.6407099914113942
1500.0,15.0,0.2,online,55.0,65.0,1.0,False,winner,,1500.0,False,7000,0.2211234082459211,0.6330826934339202,0.638419696535929
1500.0,20.0,0.35,online,55.0,65.0,1.0,False,winner,2.0,1300.0,False,7000,0.2211273737399373,0.6331751043172965,0.6379902662467792
1500.0,25.0,0.5,online,55.0,65.0,0.5,True,winner,2.0,1300.0,True,7000,0.22113240835743128,0.633062509760712,0.638419696535929
1500.0,20.0,0.25,online,55.0,65.0,1.0,True,winner,,1500.0,True,7000,0.22113251057356284,0.6333110933167136,0.6411394217005439
1500.0,15.0,0.4,fixed,35.0,65.0,1.0,False,winner,,1300.0,True,7000,0.22113360873433027,0.6333935304597477,0.6427139994274262
1500.0,20.0,0.3,online,55.0,65.0,0.5,False,winner,2.0,1300.0,False,7000,0.22113418467166931,0.6331920775361515,0.638419696535929
1500.0,25.0,0.5,fixed,45.0,65.0,1.0,False,winner,,1300.0,False,7000,0.22113426806578576,0.6330061786473985,0.640137417692528
1500.0,20.0,0.4,online,55.0,65.0,0.5,True,winner,2.0,1300.0,False,7000,0.22113664099583083,0.6332108434098516,0.6375608359576296
1500.0,25.0,0.5,online,55.0,65.0,1.0,True,winner,,1500.0,False,7000,0.22113668063586894,0.6329972495005816,0.6405668479816776
1500.0,15.0,0.2,online,55.0,65.0,0.5,True,winner,,1500.0,True,7000,0.2211389813374557,0.6331889902201261,0.6375608359576296
1500.0,20.0,0.25,online,55.0,65.0,4.0,False,winner,,1300.0,False,7000,0.22113957925370176,0.6333358083352653,0.639421700543945
1500.0,25.0,0.35,fixed,65.0,65.0,1.0,False,winner,2.0,1500.0,False,7000,0.2211403028058838,0.6330147679203434,0.6435728600057258
1500.0,20.0,0.35,online,55.0,65.0,1.0,True,winner,2.0,1300.0,True,7000,0.22114057095721948,0.6331986143295403,0.6381334096764959
1500.0,25.0,0.4,online,55.0,65.0,1.0,True,winner,,1500.0,True,7000,0.221140979276357,0.6332438202919405,0.6409962782708274
1500.0,25.0,0.4,online,55.0,65.0,2.0,False,winner,2.0,1300.0,True,7000,0.22114134495170712,0.6331122741238915,0.6398511308330948
1500.0,20.0,0.35,fixed,65.0,65.0,1.0,False,winner,2.0,1500.0,False,7000,0.22114203819302145,0.6330917862912164,0.6398511308330948
1500.0,25.0,0.3,fixed,65.0,65.0,1.0,False,winner,2.0,1300.0,False,7000,0.22114303474264693,0.6332097426816966,0.6422845691382766
1500.0,15.0,0.2,online,55.0,65.0,2.0,False,winner,,1300.0,False,7000,0.2211434639581261,0.6332722572118707,0.6379902662467792
1500.0,20.0,0.2,online,55.0,65.0,0.5,False,winner,,1300.0,False,7000,0.22114348493722483,0.6334976120732713,0.6440022902948754
1500.0,25.0,0.5,online,55.0,65.0,1.0,False,winner,2.0,1300.0,True,7000,0.22114400769549436,0.6330839801844486,0.6378471228170627
1500.0,25.0,0.35,online,55.0,65.0,1.0,False,winner,2.0,1300.0,False,7000,0.2211445390022156,0.6331484561502849,0.6399942742628113
1500.0,20.0,0.4,online,55.0,65.0,0.5,False,winner,2.0,1500.0,True,7000,0.22114662880121683,0.6331259191790322,0.6391354136845119
1500.0,20.0,0.2,online,55.0,65.0,0.5,False,winner,,1300.0,True,7000,0.22114862031146065,0.6336319776875416,0.6425708559977097
1500.0,25.0,0.35,online,55.0,65.0,1.0,False,winner,,1500.0,False,7000,0.22114891570322412,0.6332075156020748,0.6402805611222445
1500.0,25.0,0.4,fixed,55.0,65.0,1.0,False,winner,2.0,1500.0,False,7000,0.22115076299708866,0.6330214622134229,0.6427139994274262
1500.0,15.0,0.25,online,55.0,65.0,2.0,True,winner,,1500.0,True,7000,0.22115362085711243,0.6331499443412834,0.6387059833953621
1500.0,15.0,0.2,online,55.0,65.0,1.0,True,winner,,1300.0,True,7000,0.22115373303103927,0.6333894946576477,0.6374176925279129
1500.0,15.0,0.35,online,55.0,65.0,4.0,True,winner,,1300.0,True,7000,0.22115457843931602,0.6332374466473456,0.638419696535929
1500.0,20.0,0.4,online,55.0,65.0,1.0,False,winner,2.0,1300.0,False,7000,0.22115675000901688,0.6332560190797263,0.63670197537933
1500.0,20.0,0.25,online,55.0,65.0,1.0,True,winner,,1500.0,False,7000,0.2211571615205873,0.6332739507259892,0.6397079874033782
1500.0,25.0,0.35,online,55.0,65.0,1.0,True,winner,,1300.0,True,7000,0.22115847266416763,0.6335912896313515,0.6409962782708274
1500.0,15.0,0.35,fixed,35.0,65.0,1.0,False,winner,,1300.0,True,7000,0.22115882186542635,0.6333769205420912,0.6409962782708274
1500.0,20.0,0.35,fixed,55.0,65.0,1.0,False,winner,2.0,1500.0,False,7000,0.22116004571388817,0.6331833457311226,0.6411394217005439
1500.0,20.0,0.4,online,55.0,65.0,1.0,True,winner,2.0,1300.0,True,7000,0.22116193953485272,0.633248264863544,0.6368451188090467
1500.0,15.0,0.25,online,55.0,65.0,4.0,False,winner,,1500.0,False,7000,0.22116352213841217,0.6330926879244637,0.6369882622387633
1500.0,20.0,0.25,fixed,45.0,65.0,1.0,False,winner,,1300.0,False,7000,0.22116404862035116,0.6331975294388067,0.6375608359576296
1500.0,25.0,0.5,online,55.0,65.0,0.5,False,winner,2.0,1300.0,False,7000,0.22116415198557324,0.6331411595307889,0.6375608359576296
1500.0,20.0,0.3,fixed,55.0,65.0,1.0,False,winner,2.0,1500.0,True,7000,0.22116510453463598,0.6331551380418196,0.6387059833953621
1500.0,25.0,0.4,online,55.0,65.0,4.0,False,winner,,1300.0,False,7000,0.2211687187817334,0.6333050136689622,0.6407099914113942
1500.0,20.0,0.35,online,55.0,65.0,2.0,False,winner,2.0,1300.0,True,7000,0.22116872614924477,0.6332521550547529,0.6382765531062125
1500.0,20.0,0.25,fixed,45.0,65.0,1.0,False,winner,,1300.0,True,7000,0.22117184142406496,0.6332849906586769,0.6407099914113942
1500.0,25.0,0.5,fixed,65.0,65.0,1.0,False,winner,2.0,1500.0,True,7000,0.2211728076543709,0.6330632271360236,0.6379902662467792
1500.0,25.0,0.3,online,55.0,65.0,0.5,False,winner,,1300.0,True,7000,0.22117299732330273,0.6336945543366208,0.6424277125679931
1500.0,25.0,0.4,online,55.0,65.0,0.5,True,winner,2.0,1500.0,True,7000,0.2211750170311432,0.633076808236226,0.640137417692528
1500.0,25.0,0.5,online,55.0,65.0,4.0,False,winner,,1500.0,True,7000,0.22117576104333694,0.6330805558807279,0.6395648439736616
1500.0,25.0,0.4,online,55.0,65.0,2.0,True,winner,,1300.0,True,7000,0.22117655949059836,0.6334927163864097,0.6425708559977097
1500.0,15.0,0.4,online,55.0,65.0,4.0,True,winner,,1300.0,True,7000,0.2211767226432289,0.6332762243330771,0.6361294016604638
1500.0,20.0,0.35,online,55.0,65.0,4.0,True,winner,,1300.0,False,7000,0.22117742820118746,0.6333110633444221,0.6378471228170627
1500.0,25.0,0.4,online,55.0,65.0,0.5,False,winner,2.0,1500.0,False,7000,0.22117758775231564,0.6330672856384982,0.6409962782708274
1500.0,20.0,0.25,online,55.0,65.0,2.0,True,winner,,1300.0,True,7000,0.22117783961579368,0.6336116256871844,0.6402805611222445
1500.0,25.0,0.35,fixed,55.0,65.0,1.0,False,winner,2.0,1500.0,True,7000,0.221178197946747,0.6330913350745486,0.6409962782708274
1500.0,20.0,0.2,fixed,55.0,65.0,1.0,False,winner,,1300.0,False,7000,0.22117850294319263,0.6334202240200869,0.6430002862868595
1500.0,20.0,0.5,fixed,35.0,65.0,1.0,False,winner,,1300.0,True,7000,0.221183895796942,0.6332648159656729,0.6392785571142284
1500.0,25.0,0.3,online,55.0,65.0,0.5,False,winner,,1300.0,False,7000,0.22118420859850169,0.6335833557151938,0.64214142570856
1500.0,20.0,0.4,fixed,35.0,65.0,1.0,False,winner,,1300.0,True,7000,0.22118461513824872,0.6332093829568849,0.6387059833953621
1500.0,20.0,0.2,fixed,65.0,65.0,1.0,False,winner,,1500.0,False,7000,0.22118505524211013,0.6333977397061206,0.6444317205840252
1500.0,25.0,0.35,online,55.0,65.0,0.5,False,winner,2.0,1500.0,True,7000,0.22118573752080933,0.6331278669323328,0.6418551388491268
1500.0,20.0,0.25,fixed,65.0,65.0,1.0,False,winner,2.0,1300.0,True,7000,0.22118694259394878,0.6333366423169254,0.6387059833953621
1500.0,25.0,0.4,online,55.0,65.0,1.0,True,winner,2.0,1300.0,False,7000,0.22118694819081045,0.6332135285860386,0.6397079874033782
1500.0,25.0,0.35,online,55.0,65.0,0.5,True,winner,,1500.0,True,7000,0.22118700139811792,0.633474651683487,0.6402805611222445
1500.0,25.0,0.4,online,55.0,65.0,1.0,False,winner,2.0,1500.0,True,7000,0.22118728708923463,0.6330955135578573,0.6424277125679931
1500.0,20.0,0.4,fixed,55.0,65.0,1.0,False,winner,2.0,1500.0,False,7000,0.2211884993836673,0.6332934698694548,0.6412825651302605
1500.0,20.0,0.4,fixed,65.0,65.0,1.0,False,winner,2.0,1500.0,False,7000,0.22118906575970673,0.6332185203824782,0.6382765531062125
1500.0,20.0,0.4,online,55.0,65.0,2.0,False,winner,2.0,1300.0,True,7000,0.2211893025219746,0.6333029127675177,0.6381334096764959
1500.0,20.0,0.35,online,55.0,65.0,0.5,True,winner,2.0,1500.0,True,7000,0.22119122886715956,0.6331977793293555,0.6402805611222445
1500.0,25.0,0.5,online,55.0,65.0,2.0,True,winner,,1300.0,False,7000,0.2211915245323716,0.6332494638242815,0.6435728600057258
1500.0,20.0,0.4,online,55.0,65.0,4.0,True,winner,,1500.0,True,7000,0.2211936874773365,0.6331378240766842,0.6388491268250788
1500.0,15.0,0.5,online,55.0,65.0,2.0,True,winner,,1500.0,True,7000,0.22119429487972223,0.6332529377955968,0.6351273976524477
1500.0,20.0,0.5,online,55.0,65.0,4.0,True,winner,,1300.0,False,7000,0.22119474721210355,0.6331716016941277,0.638419696535929
1500.0,25.0,0.35,online,55.0,65.0,1.0,True,winner,2.0,1300.0,True,7000,0.22119679168874493,0.6333104335859843,0.6412825651302605
1500.0,15.0,0.2,online,55.0,65.0,0.5,True,winner,,1500.0,False,7000,0.2211972219631022,0.6332799867863098,0.6391354136845119
1500.0,20.0,0.3,online,55.0,65.0,0.5,True,winner,2.0,1300.0,False,7000,0.22119823914284303,0.6333372555243425,0.6387059833953621
1500.0,20.0,0.2,fixed,65.0,65.0,1.0,False,winner,,1500.0,True,7000,0.2211986277187926,0.6335234871393594,0.6442885771543087
1500.0,20.0,0.35,online,55.0,65.0,1.0,False,winner,2.0,1500.0,True,7000,0.2212012454385654,0.6332196418307621,0.6397079874033782
1500.0,20.0,0.2,fixed,55.0,65.0,1.0,False,winner,,1300.0,True,7000,0.22120191662681987,0.6335694469856881,0.6428571428571429
1500.0,25.0,0.3,online,55.0,65.0,0.5,False,winner,2.0,1300.0,True,7000,0.22120615827821646,0.6333871121393785,0.6412825651302605
1500.0,25.0,0.4,online,55.0,65.0,1.0,True,winner,,1500.0,False,7000,0.22120780873298646,0.6333112246725044,0.641425708559977
1500.0,15.0,0.2,online,55.0,65.0,2.0,False,winner,,1500.0,True,7000,0.2212089607032469,0.6333038973231472,0.6385628399656456
1500.0,25.0,0.35,online,55.0,65.0,1.0,True,winner,,1300.0,False,7000,0.22120907909966125,0.6335944322414822,0.6422845691382766
1500.0,20.0,0.3,online,55.0,65.0,0.5,False,winner,2.0,1500.0,True,7000,0.22120911764828,0.6332359817596189,0.6397079874033782
1500.0,25.0,0.5,fixed,55.0,65.0,1.0,False,winner,2.0,1500.0,True,7000,0.22120989192567433,0.6331918305902902,0.63670197537933
1500.0,20.0,0.3,fixed,65.0,65.0,1.0,False,winner,2.0,1500.0,False,7000,0.22121384978398012,0.6332405462396561,0.6405668479816776
1500.0,20.0,0.35,online,55.0,65.0,0.5,False,winner,2.0,1500.0,False,7000,0.22121717830488322,0.6332690070755828,0.6385628399656456
1500.0,25.0,0.35,online,55.0,65.0,0.5,True,winner,,1500.0,False,7000,0.2212178977233779,0.6334362846525259,0.6411394217005439
1500.0,20.0,0.3,online,55.0,65.0,1.0,False,winner,2.0,1300.0,False,7000,0.2212186290747493,0.6333773646757271,0.6369882622387633
1500.0,20.0,0.25,online,55.0,65.0,2.0,True,winner,,1300.0,False,7000,0.22121870624231033,0.6336123069389763,0.6389922702547953
1500.0,20.0,0.4,online,55.0,65.0,0.5,True,winner,2.0,1500.0,True,7000,0.221220983236168,0.6332796146581275,0.6385628399656456
1500.0,25.0,0.5,fixed,45.0,65.0,1.0,False,winner,,1500.0,True,7000,0.22122199684961763,0.6331225002602935,0.6408531348411108
1500.0,25.0,0.4,fixed,45.0,65.0,1.0,False,winner,,1300.0,True,7000,0.22122269897294844,0.6333077456356766,0.6434297165760091
1500.0,25.0,0.3,fixed,55.0,65.0,1.0,False,winner,2.0,1300.0,True,7000,0.22122272389034092,0.6333575844569498,0.6411394217005439
1500.0,25.0,0.5,online,55.0,65.0,0.5,True,winner,2.0,1300.0,False,7000,0.22122500035136253,0.6332707480554581,0.6385628399656456
1500.0,20.0,0.5,fixed,55.0,65.0,1.0,False,winner,2.0,1300.0,True,7000,0.22122615949684016,0.6335467863832679,0.6385628399656456
1500.0,25.0,0.35,online,55.0,65.0,2.0,False,winner,2.0,1300.0,True,7000,0.22122646904900725,0.6333567158001834,0.6419982822788434
1500.0,25.0,0.35,fixed,55.0,65.0,1.0,False,winner,2.0,1500.0,False,7000,0.22122660280726392,0.6331867848460416,0.6412825651302605
1500.0,25.0,0.4,online,55.0,65.0,2.0,False,winner,2.0,1300.0,False,7000,0.22122768761774741,0.6332860310218851,0.6402805611222445
1500.0,20.0,0.2,online,55.0,65.0,1.0,False,winner,,1300.0,False,7000,0.2212280323605786,0.6337064602423629,0.6424277125679931
1500.0,20.0,0.2,online,55.0,65.0,1.0,False,winner,,1300.0,True,7000,0.22122880540845258,0.6338345221082063,0.643143429716576
1500.0,20.0,0.4,online,55.0,65.0,1.0,False,winner,2.0,1500.0,True,7000,0.2212301350386261,0.6333025275023496,0.638419696535929
1500.0,15.0,0.2,online,55.0,65.0,1.0,True,winner,,1300.0,False,7000,0.22123136579667152,0.6335205705850513,0.6407099914113942
1500.0,15.0,0.5,online,55.0,65.0,4.0,False,winner,,1500.0,False,7000,0.22123521037927252,0.6333550034288647,0.6379902662467792
1500.0,25.0,0.3,fixed,65.0,65.0,1.0,False,winner,,1500.0,True,7000,0.22123974837294585,0.6336304252133155,0.6411394217005439
1500.0,25.0,0.3,fixed,65.0,65.0,1.0,False,winner,,1500.0,False,7000,0.22124019523658794,0.6335261953983203,0.6417119954194103
1500.0,25.0,0.35,online,55.0,65.0,0.5,False,winner,2.0,1500.0,False,7000,0.22124025077606713,0.6332291069210304,0.6415688519896937
1500.0,25.0,0.4,online,55.0,65.0,0.5,True,winner,2.0,1500.0,False,7000,0.22124082283529678,0.6332123779941757,0.6398511308330948
1500.0,20.0,0.35,online,55.0,65.0,1.0,True,winner,2.0,1300.0,False,7000,0.2212419738552937,0.6334240368150986,0.6374176925279129
1500.0,20.0,0.3,online,55.0,65.0,1.0,True,winner,2.0,1300.0,True,7000,0.2212421929324242,0.6334417876006824,0.6382765531062125
1500.0,15.0,0.25,online,55.0,65.0,2.0,True,winner,,1500.0,False,7000,0.22124393749191548,0.6333303292041338,0.63670197537933
1500.0,15.0,0.4,fixed,35.0,65.0,1.0,False,winner,,1300.0,False,7000,0.2212461095807636,0.6336472304615698,0.6412825651302605
1500.0,25.0,0.3,online,55.0,65.0,0.5,False,winner,2.0,1300.0,False,7000,0.22124612453133605,0.633437902418749,0.6408531348411108
1500.0,20.0,0.4,fixed,35.0,65.0,1.0,False,winner,,1300.0,False,7000,0.22124636239785858,0.6333249805730058,0.6387059833953621
1500.0,25.0,0.5,online,55.0,65.0,1.0,False,winner,2.0,1300.0,False,7000,0.22124720273803675,0.6333149055180555,0.6382765531062125
1500.0,15.0,0.2,fixed,45.0,65.0,1.0,False,winner,,1300.0,True,7000,0.22124821424944371,0.6334670944893731,0.6405668479816776
1500.0,25.0,0.35,online,55.0,65.0,2.0,False,winner,,1500.0,True,7000,0.2212482601056978,0.6335495447777435,0.6402805611222445
1500.0,25.0,0.3,online,55.0,65.0,1.0,False,winner,,1300.0,True,7000,0.22124830483052496,0.6338906896520131,0.6411394217005439
1500.0,20.0,0.3,fixed,55.0,65.0,1.0,False,winner,2.0,1500.0,False,7000,0.22125153642840834,0.6333476345505709,0.6405668479816776
1500.0,20.0,0.5,fixed,65.0,65.0,1.0,False,winner,2.0,1300.0,True,7000,0.22125228801955119,0.633494869407833,0.6371314056684798
1500.0,25.0,0.3,fixed,55.0,65.0,1.0,False,winner,2.0,1300.0,False,7000,0.22125345446418923,0.6334022273586849,0.6402805611222445
1500.0,25.0,0.35,online,55.0,65.0,0.5,True,winner,2.0,1500.0,True,7000,0.22125457547541416,0.6332964367176552,0.641425708559977
1500.0,15.0,0.3,online,55.0,65.0,4.0,True,winner,,1300.0,True,7000,0.2212550399905331,0.6334923408771896,0.6372745490981964
1500.0,25.0,0.35,online,55.0,65.0,1.0,True,winner,2.0,1300.0,False,7000,0.2212551445846028,0.6334107588499267,0.6409962782708274
1500.0,25.0,0.3,fixed,55.0,65.0,1.0,False,winner,,1300.0,False,7000,0.22125557351282474,0.6335702894304976,0.641425708559977
1500.0,20.0,0.4,online,55.0,65.0,0.5,False,winner,2.0,1500.0,False,7000,0.22125583030519008,0.633384064470371,0.6391354136845119
1500.0,15.0,0.35,fixed,35.0,65.0,1.0,False,winner,,1300.0,False,7000,0.22125678830045503,0.6335965560733974,0.6409962782708274
1500.0,25.0,0.4,online,55.0,65.0,2.0,True,winner,,1300.0,False,7000,0.22125793072578817,0.6335922115332632,0.6430002862868595
1500.0,25.0,0.5,online,55.0,65.0,0.5,False,winner,2.0,1500.0,True,7000,0.22125881669885908,0.6332436138732902,0.6381334096764959
1500.0,20.0,0.25,fixed,55.0,65.0,1.0,False,winner,2.0,1300.0,True,7000,0.2212596279132357,0.6334823277588829,0.6404237045519611
1500.0,25.0,0.4,fixed,45.0,65.0,1.0,False,winner,,1300.0,False,7000,0.22126029596249583,0.6333329614221938,0.6419982822788434
1500.0,25.0,0.5,online,55.0,65.0,1.0,True,winner,2.0,1300.0,True,7000,0.22126048882595004,0.6333428817031364,0.6371314056684798
1500.0,25.0,0.4,online,55.0,65.0,1.0,False,winner,2.0,1500.0,False,7000,0.22126218163370673,0.6332513216420919,0.6392785571142284
1500.0,25.0,0.3,fixed,55.0,65.0,1.0,False,winner,,1300.0,True,7000,0.22126343335880666,0.6336946104794845,0.6409962782708274
1500.0,25.0,0.3,online,55.0,65.0,1.0,False,winner,,1300.0,False,7000,0.22126488493038457,0.6337878049717807,0.6427139994274262
1500.0,25.0,0.35,online,55.0,65.0,1.0,False,winner,2.0,1500.0,True,7000,0.22126759269517748,0.6333137346195936,0.6409962782708274
1500.0,20.0,0.3,online,55.0,65.0,2.0,False,winner,2.0,1300.0,True,7000,0.22127114297205158,0.6334937937333117,0.6379902662467792
1500.0,20.0,0.4,online,55.0,65.0,1.0,True,winner,2.0,1300.0,False,7000,0.22127139813087324,0.6334985545153846,0.6362725450901804
1500.0,25.0,0.5,fixed,65.0,65.0,1.0,False,winner,2.0,1500.0,False,7000,0.2212721684427659,0.6332828537908162,0.6364156885198969
1500.0,25.0,0.3,online,55.0,65.0,0.5,True,winner,2.0,1300.0,True,7000,0.22127244067417592,0.6335616510766398,0.6404237045519611
1500.0,15.0,0.35,online,55.0,65.0,4.0,True,winner,,1300.0,False,7000,0.22127279413084772,0.6335016226326794,0.6381334096764959
1500.0,20.0,0.25,fixed,65.0,65.0,1.0,False,winner,2.0,1300.0,False,7000,0.2212745167675728,0.6335221052079191,0.6392785571142284
1500.0,25.0,0.5,online,55.0,65.0,2.0,True,winner,,1500.0,True,7000,0.22127464862702612,0.6333538097671572,0.6407099914113942
1500.0,25.0,0.4,online,55.0,65.0,4.0,False,winner,,1500.0,True,7000,0.22127717445528353,0.6334884729041541,0.638419696535929
1500.0,25.0,0.3,fixed,65.0,65.0,1.0,False,winner,2.0,1500.0,True,7000,0.22128028741334385,0.6334009461076712,0.641425708559977
1500.0,20.0,0.25,online,55.0,65.0,4.0,False,winner,,1500.0,True,7000,0.22128097192719448,0.6335785336091262,0.6387059833953621
1500.0,20.0,0.5,fixed,35.0,65.0,1.0,False,winner,,1300.0,False,7000,0.22128121185076272,0.6334703391770691,0.6398511308330948
1500.0,20.0,0.25,online,55.0,65.0,0.5,False,winner,2.0,1300.0,True,7000,0.2212815101564488,0.6335590895720337,0.6395648439736616
1500.0,20.0,0.4,fixed,45.0,65.0,1.0,False,winner,2.0,1300.0,True,7000,0.22128194736655302,0.6336424259893618,0.6412825651302605
1500.0,15.0,0.2,online,55.0,65.0,2.0,False,winner,,1500.0,False,7000,0.2212819792611207,0.633424550236537,0.6378471228170627
1500.0,20.0,0.35,online,55.0,65.0,2.0,False,winner,2.0,1300.0,False,7000,0.2212821717974932,0.633502297160673,0.6377039793873461
1500.0,20.0,0.3,online,55.0,65.0,0.5,True,winner,2.0,1500.0,True,7000,0.2212823481546804,0.6334020288185214,0.6411394217005439
1500.0,20.0,0.35,online,55.0,65.0,0.5,True,winner,2.0,1500.0,False,7000,0.22128352525766803,0.6334095510210537,0.6374176925279129
1500.0,25.0,0.5,online,55.0,65.0,4.0,False,winner,,1500.0,False,7000,0.22128428120446003,0.6332687511710373,0.6392785571142284
1500.0,25.0,0.3,online,55.0,65.0,1.0,False,winner,2.0,1300.0,True,7000,0.22128661925708262,0.6335769408790046,0.640137417692528
1500.0,20.0,0.35,fixed,45.0,65.0,1.0,False,winner,2.0,1300.0,True,7000,0.22128810644554145,0.6336030267385561,0.64214142570856
1500.0,25.0,0.5,online,55.0,65.0,2.0,False,winner,2.0,1300.0,True,7000,0.22128828758185365,0.6333930436385106,0.6389922702547953
1500.0,20.0,0.4,online,55.0,65.0,4.0,True,winner,,1500.0,False,7000,0.2212895436113754,0.6333269434733717,0.6389922702547953
1500.0,25.0,0.35,online,55.0,65.0,4.0,False,winner,,1300.0,True,7000,0.2212916061176583,0.6338296589959681,0.641425708559977
1500.0,20.0,0.5,online,55.0,65.0,4.0,True,winner,,1500.0,True,7000,0.2212930207757152,0.6332700426036895,0.6372745490981964
1500.0,20.0,0.3,online,55.0,65.0,1.0,False,winner,2.0,1500.0,True,7000,0.2212932208034298,0.6334224356873309,0.6405668479816776
1500.0,25.0,0.35,online,55.0,65.0,2.0,False,winner,,1500.0,False,7000,0.2212938519085322,0.6335432702246794,0.6395648439736616
1500.0,25.0,0.35,online,55.0,65.0,2.0,False,winner,2.0,1300.0,False,7000,0.22129604410819892,0.6334809587099117,0.6402805611222445
1500.0,20.0,0.3,online,55.0,65.0,0.5,False,winner,2.0,1500.0,False,7000,0.2212970564161024,0.6334303140801395,0.6385628399656456
1500.0,20.0,0.2,online,55.0,65.0,0.5,True,winner,,1300.0,False,7000,0.2212981291783722,0.6339369435076478,0.6424277125679931
1500.0,25.0,0.5,fixed,45.0,65.0,1.0,False,winner,,1500.0,False,7000,0.2212983996547913,0.6332621535501307,0.6398511308330948
1500.0,15.0,0.2,fixed,45.0,65.0,1.0,False,winner,,1300.0,False,7000,0.22129916211423503,0.633555211342877,0.6409962782708274
1500.0,15.0,0.4,online,55.0,65.0,4.0,True,winner,,1300.0,False,7000,0.22130007771409108,0.633555291784235,0.6362725450901804
1500.0,20.0,0.35,online,55.0,65.0,4.0,True,winner,,1500.0,True,7000,0.2213001776222811,0.6334583260558752,0.6392785571142284
1500.0,20.0,0.2,online,55.0,65.0,0.5,False,winner,,1500.0,False,7000,0.2213011329691061,0.6336732846977128,0.644145433724592
1500.0,20.0,0.35,online,55.0,65.0,1.0,False,winner,2.0,1500.0,False,7000,0.22130280323672935,0.6334514428060207,0.6377039793873461
1500.0,25.0,0.35,online,55.0,65.0,0.5,True,winner,2.0,1500.0,False,7000,0.2213034591741204,0.6333815752101402,0.6417119954194103
1500.0,20.0,0.2,online,55.0,65.0,0.5,True,winner,,1300.0,True,7000,0.22130424987362565,0.6340786040880162,0.6440022902948754
1500.0,15.0,0.2,online,55.0,65.0,1.0,True,winner,,1500.0,True,7000,0.22130628925064108,0.6335684346232037,0.6369882622387633
1500.0,15.0,0.4,fixed,35.0,65.0,1.0,False,winner,,1500.0,True,7000,0.22130677448888134,0.6336818167651619,0.6409962782708274
1500.0,25.0,0.5,fixed,55.0,65.0,1.0,False,winner,2.0,1500.0,False,7000,0.22130678149199126,0.6334072881033428,0.6378471228170627
1500.0,25.0,0.4,online,55.0,65.0,1.0,True,winner,2.0,1500.0,True,7000,0.22130699956776226,0.6333710947879192,0.6399942742628113
1500.0,25.0,0.3,online,55.0,65.0,0.5,True,winner,2.0,1300.0,False,7000,0.221307245591459,0.6335967274443794,0.6398511308330948
1500.0,15.0,0.3,fixed,35.0,65.0,1.0,False,winner,,1300.0,True,7000,0.22130787905587787,0.6336422007981368,0.6407099914113942
1500.0,20.0,0.5,online,55.0,65.0,0.5,False,winner,2.0,1300.0,True,7000,0.22131089768291326,0.6336370712957451,0.6381334096764959
1500.0,20.0,0.4,online,55.0,65.0,2.0,False,winner,2.0,1300.0,False,7000,0.2213113145801065,0.6335786534722347,0.6365588319496135
1500.0,20.0,0.2,online,55.0,65.0,0.5,False,winner,,1500.0,True,7000,0.2213133126992915,0.6338222242459253,0.6432865731462926
1500.0,20.0,0.25,online,55.0,65.0,4.0,False,winner,,1500.0,False,7000,0.2213139065512633,0.6335563735139775,0.6379902662467792
1500.0,25.0,0.4,online,55.0,65.0,2.0,True,winner,2.0,1300.0,True,7000,0.22131391508081935,0.6335189185370972,0.6388491268250788
1500.0,25.0,0.3,fixed,65.0,65.0,1.0,False,winner,2.0,1500.0,False,7000,0.2213144864183929,0.6334515813912784,0.6417119954194103
1500.0,15.0,0.2,online,55.0,65.0,4.0,False,winner,,1300.0,True,7000,0.22131528387794375,0.6336944200059828,0.6379902662467792
1500.0,20.0,0.25,fixed,45.0,65.0,1.0,False,winner,,1500.0,False,7000,0.2213190366367981,0.6333946965263975,0.6368451188090467
1500.0,20.0,0.3,online,55.0,65.0,4.0,True,winner,,1300.0,True,7000,0.22131944165163298,0.633801509479277,0.6397079874033782
1500.0,25.0,0.3,online,55.0,65.0,0.5,True,winner,,1300.0,True,7000,0.22132007499818454,0.6341414817608363,0.6418551388491268
1500.0,15.0,0.15,fixed,65.0,65.0,1.0,False,winner,,1300.0,True,7000,0.2213200867666822,0.6338261786577561,0.6398511308330948
1500.0,15.0,0.5,online,55.0,65.0,2.0,True,winner,,1500.0,False,7000,0.22132154981710467,0.6335485433733598,0.6368451188090467
1500.0,20.0,0.4,online,55.0,65.0,0.5,True,winner,2.0,1500.0,False,7000,0.22132224013074397,0.6335184698310827,0.6365588319496135
1500.0,15.0,0.35,fixed,35.0,65.0,1.0,False,winner,,1500.0,True,7000,0.22132446098830166,0.6336395478632219,0.6395648439736616
1500.0,25.0,0.35,online,55.0,65.0,1.0,False,winner,2.0,1500.0,False,7000,0.22132494203297598,0.6334180870668884,0.6404237045519611
1500.0,20.0,0.35,online,55.0,65.0,1.0,True,winner,2.0,1500.0,True,7000,0.22132659442965574,0.6334925453757316,0.6387059833953621
1500.0,25.0,0.5,online,55.0,65.0,0.5,True,winner,2.0,1500.0,True,7000,0.22132963600487762,0.6333954045800428,0.6387059833953621
1500.0,25.0,0.3,online,55.0,65.0,1.0,False,winner,2.0,1300.0,False,7000,0.22132970845333536,0.6336308342869906,0.640137417692528
1500.0,20.0,0.2,fixed,55.0,65.0,1.0,False,winner,,1500.0,False,7000,0.2213297726744879,0.6335924648719163,0.6417119954194103
1500.0,30.0,0.5,fixed,65.0,65.0,1.0,False,winner,2.0,1300.0,True,7000,0.22133081028013787,0.6335089552048796,0.6377039793873461
1500.0,25.0,0.3,online,55.0,65.0,0.5,True,winner,,1300.0,False,7000,0.22133173660655048,0.634024938843305,0.6402805611222445
1500.0,20.0,0.25,fixed,45.0,65.0,1.0,False,winner,,1500.0,True,7000,0.22133283583601437,0.6334938716864394,0.6391354136845119
1500.0,20.0,0.3,online,55.0,65.0,1.0,True,winner,2.0,1300.0,False,7000,0.2213336502752096,0.6336347558819827,0.6389922702547953
1500.0,25.0,0.4,online,55.0,65.0,2.0,False,winner,2.0,1500.0,True,7000,0.2213350334186555,0.6334178062066964,0.6405668479816776
1500.0,30.0,0.4,fixed,65.0,65.0,1.0,False,winner,2.0,1300.0,True,7000,0.22133689342634488,0.6336339062473814,0.638419696535929
1500.0,20.0,0.25,fixed,55.0,65.0,1.0,False,winner,2.0,1300.0,False,7000,0.2213378823518278,0.6336488197712814,0.6397079874033782
1500.0,25.0,0.5,online,55.0,65.0,1.0,False,winner,2.0,1500.0,True,7000,0.2213404563087327,0.6334161605511153,0.6377039793873461
1500.0,20.0,0.4,online,55.0,65.0,1.0,False,winner,2.0,1500.0,False,7000,0.22134127230680917,0.633562351578764,0.6368451188090467
1500.0,20.0,0.25,fixed,65.0,65.0,1.0,False,winner,2.0,1500.0,True,7000,0.22134372600558305,0.633552209857694,0.6387059833953621
1500.0,25.0,0.35,online,55.0,65.0,1.0,True,winner,,1500.0,True,7000,0.2213444545446942,0.6338526035808263,0.6407099914113942
1500.0,20.0,0.35,fixed,35.0,65.0,1.0,False,winner,,1300.0,True,7000,0.22134447020416634,0.6335577460856872,0.6377039793873461
1500.0,25.0,0.4,fixed,45.0,65.0,1.0,False,winner,2.0,1300.0,True,7000,0.22134822373366758,0.6335847076764829,0.6399942742628113
1500.0,25.0,0.3,online,55.0,65.0,0.5,False,winner,,1500.0,True,7000,0.22135040321895405,0.6339278811933682,0.641425708559977
1500.0,20.0,0.35,online,55.0,65.0,2.0,True,winner,2.0,1300.0,True,7000,0.2213508991660303,0.6336610195447056,0.6377039793873461
1500.0,25.0,0.35,online,55.0,65.0,4.0,False,winner,,1300.0,False,7000,0.22135151693149346,0.6338498063127952,0.6402805611222445
1500.0,20.0,0.25,online,55.0,65.0,0.5,True,winner,2.0,1300.0,True,7000,0.2213524789587131,0.6337322062483246,0.6387059833953621
1500.0,25.0,0.4,online,55.0,65.0,4.0,False,winner,,1500.0,False,7000,0.2213528700350014,0.6335714652499643,0.6405668479816776
1500.0,20.0,0.35,online,55.0,65.0,2.0,False,winner,2.0,1500.0,True,7000,0.221353680759198,0.6335447752201392,0.6385628399656456
1500.0,20.0,0.5,fixed,55.0,65.0,1.0,False,winner,2.0,1300.0,False,7000,0.22135490142809924,0.6338363099744184,0.6391354136845119
1500.0,20.0,0.4,fixed,35.0,65.0,1.0,False,winner,,1500.0,True,7000,0.2213553596268821,0.6334737424352394,0.6374176925279129
1500.0,25.0,0.5,online,55.0,65.0,0.5,False,winner,2.0,1500.0,False,7000,0.2213557828606104,0.6334651554954044,0.6372745490981964
1500.0,20.0,0.4,online,55.0,65.0,1.0,True,winner,2.0,1500.0,True,7000,0.22135599917188586,0.6335699020090938,0.6372745490981964
1500.0,25.0,0.3,online,55.0,65.0,0.5,False,winner,,1500.0,False,7000,0.22135642442369188,0.6338075246695317,0.6419982822788434
1500.0,25.0,0.5,online,55.0,65.0,1.0,True,winner,2.0,1300.0,False,7000,0.22135803225326636,0.6335574986676286,0.6388491268250788
1500.0,20.0,0.5,fixed,35.0,65.0,1.0,False,winner,,1500.0,True,7000,0.22135832325297725,0.633554417195673,0.6387059833953621
1500.0,20.0,0.2,fixed,55.0,65.0,1.0,False,winner,,1500.0,True,7000,0.2213597159186405,0.6337557293036469,0.6417119954194103
1500.0,15.0,0.35,online,55.0,65.0,4.0,True,winner,,1500.0,True,7000,0.2213612302132627,0.6335527088332465,0.6388491268250788
1500.0,20.0,0.3,online,55.0,65.0,0.5,True,winner,2.0,1500.0,False,7000,0.2213634984362709,0.6335783273428505,0.638419696535929
1500.0,20.0,0.25,online,55.0,65.0,1.0,False,winner,2.0,1300.0,True,7000,0.22136452124798997,0.6337502328260881,0.6395648439736616
1500.0,20.0,0.25,online,55.0,65.0,2.0,True,winner,,1500.0,True,7000,0.2213645513737857,0.6338548769172092,0.6398511308330948
1500.0,20.0,0.25,online,55.0,65.0,0.5,False,winner,2.0,1300.0,False,7000,0.22136476402429042,0.633727414454604,0.6375608359576296
1500.0,15.0,0.3,online,55.0,65.0,4.0,True,winner,,1300.0,False,7000,0.22136613189423304,0.6337345169369822,0.6382765531062125
1500.0,20.0,0.2,online,55.0,65.0,2.0,False,winner,,1300.0,True,7000,0.22136971139414333,0.6341643850196054,0.641425708559977
1500.0,25.0,0.4,online,55.0,65.0,2.0,True,winner,,1500.0,True,7000,0.22136983574754618,0.6337742329232501,0.6419982822788434
1500.0,20.0,0.4,online,55.0,65.0,2.0,True,winner,2.0,1300.0,True,7000,0.22137315555694667,0.6337078720235114,0.6358431148010306
1500.0,20.0,0.3,online,55.0,65.0,2.0,False,winner,2.0,1300.0,False,7000,0.22137404134839958,0.6337105696177051,0.6364156885198969
1500.0,15.0,0.2,online,55.0,65.0,1.0,True,winner,,1500.0,False,7000,0.22137546087264173,0.6336823572556902,0.6395648439736616
1500.0,25.0,0.35,online,55.0,65.0,2.0,True,winner,,1300.0,True,7000,0.22137757697167645,0.6341173519028833,0.6424277125679931
1500.0,25.0,0.4,online,55.0,65.0,1.0,True,winner,2.0,1500.0,False,7000,0.2213776686107235,0.6335131498656613,0.6399942742628113
1500.0,20.0,0.2,online,55.0,65.0,2.0,False,winner,,1300.0,False,7000,0.22137791872637935,0.634052490723565,0.6388491268250788
1500.0,30.0,0.4,fixed,65.0,65.0,1.0,False,winner,2.0,1300.0,False,7000,0.22137845667684905,0.6337015458495828,0.640137417692528
1500.0,25.0,0.5,online,55.0,65.0,2.0,True,winner,,1500.0,False,7000,0.221380952905494,0.6335431041112107,0.6432865731462926
1500.0,25.0,0.3,online,55.0,65.0,2.0,False,winner,,1300.0,True,7000,0.22138100720951773,0.6342101648672027,0.6412825651302605
1500.0,20.0,0.35,online,55.0,65.0,4.0,True,winner,,1500.0,False,7000,0.22138181312624605,0.6336047504166028,0.6378471228170627
1500.0,20.0,0.4,online,55.0,65.0,2.0,False,winner,2.0,1500.0,True,7000,0.2213822223946699,0.6336230519465066,0.6381334096764959
1500.0,15.0,0.2,fixed,45.0,65.0,1.0,False,winner,,1500.0,True,7000,0.221382499270163,0.6336242743722486,0.6402805611222445
1500.0,20.0,0.35,fixed,35.0,65.0,1.0,False,winner,,1300.0,False,7000,0.22138260750046151,0.6336091621853502,0.63670197537933
1500.0,20.0,0.5,fixed,65.0,65.0,1.0,False,winner,2.0,1300.0,False,7000,0.2213828288393095,0.6337870787229717,0.6349842542227312
1500.0,20.0,0.3,online,55.0,65.0,1.0,False,winner,2.0,1500.0,False,7000,0.2213829614520932,0.6336177179758968,0.6378471228170627
1500.0,15.0,0.15,fixed,65.0,65.0,1.0,False,winner,,1300.0,False,7000,0.22138395161428273,0.6339259904500845,0.6399942742628113
1500.0,20.0,0.5,online,55.0,65.0,0.5,True,winner,2.0,1300.0,True,7000,0.2213840774684052,0.6337789619040104,0.6377039793873461
1500.0,25.0,0.3,online,55.0,65.0,0.5,False,winner,2.0,1500.0,True,7000,0.22138413773316973,0.6336391661231511,0.6407099914113942
1500.0,20.0,0.2,online,55.0,65.0,1.0,False,winner,,1500.0,False,7000,0.22138664176764705,0.6338835908246836,0.6422845691382766
1500.0,25.0,0.35,online,55.0,65.0,1.0,True,winner,2.0,1500.0,True,7000,0.22138699827292546,0.6335964430355022,0.641425708559977
1500.0,20.0,0.35,fixed,45.0,65.0,1.0,False,winner,2.0,1300.0,False,7000,0.22138831638914722,0.6338311884921265,0.6404237045519611
1500.0,15.0,0.3,fixed,35.0,65.0,1.0,False,winner,,1300.0,False,7000,0.22138844172205321,0.6338179229558175,0.639421700543945
1500.0,20.0,0.3,online,55.0,65.0,4.0,True,winner,,1300.0,False,7000,0.22138844752955297,0.6339036522858813,0.6379902662467792
1500.0,25.0,0.4,online,55.0,65.0,2.0,True,winner,2.0,1300.0,False,7000,0.22139008604277494,0.6336670384928144,0.6424277125679931
1500.0,25.0,0.4,fixed,45.0,65.0,1.0,False,winner,,1500.0,True,7000,0.22139032304309403,0.6335520668866187,0.6419982822788434
1500.0,25.0,0.4,online,55.0,65.0,4.0,False,winner,2.0,1300.0,True,7000,0.22139040137149538,0.6336672327441156,0.6409962782708274
1500.0,25.0,0.35,online,55.0,65.0,1.0,True,winner,,1500.0,False,7000,0.22139060056784698,0.6338483159103793,0.6415688519896937
1500.0,15.0,0.4,online,55.0,65.0,4.0,True,winner,,1500.0,True,7000,0.22139087778525982,0.6336182420771452,0.6368451188090467
1500.0,15.0,0.2,online,55.0,65.0,2.0,True,winner,,1300.0,True,7000,0.22139156561360604,0.6339369134654219,0.6374176925279129
1500.0,20.0,0.5,online,55.0,65.0,1.0,False,winner,2.0,1300.0,True,7000,0.22139229075070924,0.6338038408370997,0.6374176925279129
1500.0,25.0,0.3,fixed,55.0,65.0,1.0,False,winner,2.0,1500.0,True,7000,0.2213933849795338,0.6336027366786645,0.6409962782708274
1500.0,20.0,0.4,fixed,45.0,65.0,1.0,False,winner,2.0,1300.0,False,7000,0.22139420580039249,0.6338986614435383,0.6415688519896937
1500.0,20.0,0.2,online,55.0,65.0,1.0,False,winner,,1500.0,True,7000,0.2213948790704058,0.6340267940030198,0.6430002862868595
1500.0,25.0,0.35,online,55.0,65.0,2.0,True,winner,2.0,1300.0,True,7000,0.22139761168980815,0.6337690200855092,0.6415688519896937
1500.0,25.0,0.5,online,55.0,65.0,2.0,False,winner,2.0,1300.0,False,7000,0.2213986248869128,0.6336340923594027,0.6398511308330948
1500.0,15.0,0.5,fixed,35.0,65.0,1.0,False,winner,,1300.0,True,7000,0.22139898828620258,0.634115583230003,0.6430002862868595
1500.0,20.0,0.25,online,55.0,65.0,2.0,True,winner,,1500.0,False,7000,0.22139989154814707,0.6338447695156613,0.6375608359576296
1500.0,25.0,0.3,online,55.0,65.0,1.0,True,winner,2.0,1300.0,True,7000,0.22140139923851684,0.633861895086659,0.6418551388491268
1500.0,15.0,0.2,online,55.0,65.0,4.0,False,winner,,1300.0,False,7000,0.22140559088913317,0.6338469883845426,0.6355568279415975
1500.0,20.0,0.5,online,55.0,65.0,4.0,True,winner,,1500.0,False,7000,0.2214073697403493,0.6335123197887764,0.6382765531062125
1500.0,25.0,0.3,online,55.0,65.0,2.0,False,winner,,1300.0,False,7000,0.22140760292132244,0.6341260218522027,0.6407099914113942
1500.0,30.0,0.5,fixed,65.0,65.0,1.0,False,winner,2.0,1300.0,False,7000,0.2214081764055252,0.6336708408430337,0.6374176925279129
1500.0,20.0,0.25,fixed,55.0,65.0,1.0,False,winner,2.0,1500.0,True,7000,0.22141071522946984,0.6336901496269415,0.6402805611222445
1500.0,20.0,0.4,fixed,35.0,65.0,1.0,False,winner,,1500.0,False,7000,0.22141293524124211,0.6335822768707784,0.6375608359576296
1500.0,15.0,0.4,fixed,35.0,65.0,1.0,False,winner,,1500.0,False,7000,0.22141522740733094,0.633928460250124,0.6395648439736616
1500.0,25.0,0.4,fixed,45.0,65.0,1.0,False,winner,2.0,1300.0,False,7000,0.22141559789801957,0.6337291379878859,0.640137417692528
1500.0,25.0,0.35,online,55.0,65.0,2.0,False,winner,2.0,1500.0,True,7000,0.22141560196768473,0.6336415073710302,0.6425708559977097
1500.0,25.0,0.4,online,55.0,65.0,2.0,False,winner,2.0,1500.0,False,7000,0.22141652123409125,0.6335830521575544,0.6402805611222445
1500.0,15.0,0.35,fixed,35.0,65.0,1.0,False,winner,,1500.0,False,7000,0.22141751857949604,0.6338503050933563,0.639421700543945
1500.0,25.0,0.3,online,55.0,65.0,0.5,False,winner,2.0,1500.0,False,7000,0.22141841727322326,0.6336782757185723,0.6405668479816776
1500.0,20.0,0.3,online,55.0,65.0,1.0,True,winner,2.0,1500.0,True,7000,0.22141844491107232,0.6337026864942259,0.638419696535929
1500.0,20.0,0.3,fixed,45.0,65.0,1.0,False,winner,2.0,1300.0,True,7000,0.2214186330075464,0.6338499565060821,0.6392785571142284
1500.0,25.0,0.3,fixed,55.0,65.0,1.0,False,winner,2.0,1500.0,False,7000,0.22141922786990953,0.6336362668101335,0.6398511308330948
1500.0,25.0,0.5,online,55.0,65.0,0.5,True,winner,2.0,1500.0,False,7000,0.22141938319007914,0.633598979196726,0.6375608359576296
1500.0,20.0,0.5,fixed,55.0,65.0,1.0,False,winner,2.0,1500.0,True,7000,0.22142035837649673,0.6338926373352549,0.6391354136845119
1500.0,25.0,0.3,fixed,55.0,65.0,1.0,False,winner,,1500.0,False,7000,0.22142062525541062,0.6337875650177175,0.6402805611222445
1500.0,20.0,0.35,online,55.0,65.0,1.0,True,winner,2.0,1500.0,False,7000,0.2214224836431227,0.6337077415103967,0.6368451188090467
1500.0,25.0,0.4,fixed,45.0,65.0,1.0,False,winner,,1500.0,False,7000,0.2214238798570624,0.6335704862141655,0.641425708559977
1500.0,20.0,0.25,fixed,65.0,65.0,1.0,False,winner,2.0,1500.0,False,7000,0.22142388559307627,0.6337199116300898,0.6395648439736616
1500.0,15.0,0.2,fixed,45.0,65.0,1.0,False,winner,,1500.0,False,7000,0.22142489477985647,0.6336943533922776,0.6412825651302605
1500.0,25.0,0.3,online,55.0,65.0,1.0,False,winner,,1500.0,True,7000,0.2214271012808225,0.6341264953531132,0.6409962782708274
1500.0,15.0,0.15,fixed,55.0,65.0,1.0,False,winner,,1300.0,True,7000,0.22142816852508979,0.633982368905163,0.6392785571142284
1500.0,20.0,0.35,online,55.0,65.0,4.0,False,winner,2.0,1300.0,True,7000,0.22142843682335556,0.6338159484981027,0.6365588319496135
1500.0,20.0,0.25,online,55.0,65.0,0.5,True,winner,2.0,1300.0,False,7000,0.22142951974436748,0.633882953802634,0.6379902662467792
1500.0,15.0,0.15,online,55.0,65.0,0.5,False,winner,,1300.0,True,7000,0.22143078879757583,0.6341010843421573,0.6387059833953621
1500.0,25.0,0.3,online,55.0,65.0,2.0,False,winner,2.0,1300.0,True,7000,0.22143157828442026,0.6339060097300568,0.6435728600057258
1500.0,30.0,0.5,online,55.0,65.0,0.5,False,winner,2.0,1300.0,True,7000,0.22143237015883843,0.6337207246917295,0.640137417692528
1500.0,25.0,0.3,fixed,55.0,65.0,1.0,False,winner,,1500.0,True,7000,0.2214331925405237,0.6339205536376319,0.6398511308330948
1500.0,20.0,0.5,online,55.0,65.0,0.5,False,winner,2.0,1300.0,False,7000,0.22143431533163577,0.6339313325785649,0.6362725450901804
1500.0,25.0,0.3,online,55.0,65.0,1.0,False,winner,,1500.0,False,7000,0.2214381082698955,0.634013897012776,0.6412825651302605
1500.0,30.0,0.5,fixed,55.0,65.0,1.0,False,winner,2.0,1300.0,True,7000,0.22143858681694475,0.6337252906869719,0.6374176925279129
1500.0,25.0,0.25,fixed,65.0,65.0,1.0,False,winner,2.0,1300.0,True,7000,0.22143914883225554,0.6340131685219258,0.640137417692528
1500.0,20.0,0.25,online,55.0,65.0,0.5,False,winner,2.0,1500.0,True,7000,0.22143936378595624,0.6337721993557086,0.6395648439736616
1500.0,25.0,0.35,online,55.0,65.0,2.0,True,winner,,1300.0,False,7000,0.22143959053554116,0.6341498825456545,0.6430002862868595
1500.0,25.0,0.5,online,55.0,65.0,1.0,False,winner,2.0,1500.0,False,7000,0.22144036521834917,0.6336416149555244,0.6381334096764959
1500.0,25.0,0.35,online,55.0,65.0,1.0,True,winner,2.0,1500.0,False,7000,0.22144049020747317,0.6336876116175377,0.6412825651302605
1500.0,25.0,0.3,online,55.0,65.0,1.0,True,winner,2.0,1300.0,False,7000,0.22144082582608485,0.6339028646256144,0.6399942742628113
1500.0,30.0,0.4,online,55.0,65.0,0.5,False,winner,2.0,1300.0,True,7000,0.22144133324310847,0.6338708284086879,0.6398511308330948
1500.0,25.0,0.5,fixed,45.0,65.0,1.0,False,winner,2.0,1300.0,True,7000,0.22144219171566373,0.633838098748297,0.6399942742628113
1500.0,15.0,0.15,fixed,65.0,65.0,1.0,False,winner,,1500.0,True,7000,0.22144620518838298,0.6339424775975263,0.6385628399656456
1500.0,20.0,0.3,online,55.0,65.0,2.0,False,winner,2.0,1500.0,True,7000,0.22144638431568,0.6337535790123887,0.6374176925279129
1500.0,25.0,0.4,online,55.0,65.0,2.0,True,winner,,1500.0,False,7000,0.22144727718923662,0.6338673512038542,0.6432865731462926
1500.0,20.0,0.4,online,55.0,65.0,4.0,False,winner,2.0,1300.0,True,7000,0.22144981689126758,0.6338633278832153,0.6368451188090467
1500.0,20.0,0.25,online,55.0,65.0,1.0,False,winner,2.0,1300.0,False,7000,0.22144990544878407,0.6339195108994533,0.6382765531062125
1500.0,20.0,0.3,online,55.0,65.0,2.0,True,winner,2.0,1300.0,True,7000,0.2214519624416133,0.6339084014997854,0.6388491268250788
1500.0,15.0,0.3,online,55.0,65.0,4.0,True,winner,,1500.0,True,7000,0.22145251516133962,0.6337756321396225,0.6374176925279129
1500.0,20.0,0.5,fixed,35.0,65.0,1.0,False,winner,,1500.0,False,7000,0.22145252859776454,0.6337548580705158,0.6387059833953621
1500.0,20.0,0.5,fixed,65.0,65.0,1.0,False,winner,2.0,1500.0,True,7000,0.22145262425803267,0.6338503765998207,0.6369882622387633
1500.0,25.0,0.3,online,55.0,65.0,0.5,True,winner,2.0,1500.0,True,7000,0.2214527829999844,0.6338163138490377,0.6407099914113942
1500.0,20.0,0.35,online,55.0,65.0,2.0,True,winner,2.0,1300.0,False,7000,0.22145294757601414,0.6338826168681381,0.6362725450901804
1500.0,25.0,0.25,fixed,65.0,65.0,1.0,False,winner,2.0,1300.0,False,7000,0.2214559211535774,0.6340093472064623,0.6407099914113942
1500.0,20.0,0.35,fixed,45.0,65.0,1.0,False,winner,2.0,1500.0,True,7000,0.2214568636005762,0.6338727742756088,0.6417119954194103
1500.0,25.0,0.35,online,55.0,65.0,2.0,True,winner,2.0,1300.0,False,7000,0.22145779861534884,0.6338697382005534,0.6409962782708274
1500.0,20.0,0.2,online,55.0,65.0,0.5,True,winner,,1500.0,False,7000,0.2214590477079957,0.6341173839463465,0.6424277125679931
1500.0,20.0,0.4,fixed,45.0,65.0,1.0,False,winner,2.0,1500.0,True,7000,0.2214590513543839,0.6339388372702489,0.6408531348411108
1500.0,20.0,0.35,online,55.0,65.0,2.0,False,winner,2.0,1500.0,False,7000,0.22146076872333814,0.6337833242501687,0.6377039793873461
1500.0,20.0,0.4,online,55.0,65.0,1.0,True,winner,2.0,1500.0,False,7000,0.22146101148191052,0.6338124296370246,0.6359862582307472
1500.0,25.0,0.5,online,55.0,65.0,1.0,True,winner,2.0,1500.0,True,7000,0.22146153787990078,0.6336816224240595,0.6362725450901804
1500.0,20.0,0.2,online,55.0,65.0,1.0,True,winner,,1300.0,True,7000,0.221461634400576,0.6344607665110094,0.6415688519896937
1500.0,25.0,0.35,fixed,45.0,65.0,1.0,False,winner,,1300.0,True,7000,0.22146210812047495,0.6339239657485567,0.64214142570856
1500.0,25.0,0.35,fixed,45.0,65.0,1.0,False,winner,2.0,1300.0,True,7000,0.22146241127223487,0.6338359902199807,0.6409962782708274
1500.0,15.0,0.3,fixed,35.0,65.0,1.0,False,winner,,1500.0,True,7000,0.22146442628062882,0.6338743483056878,0.639421700543945
1500.0,25.0,0.5,online,55.0,65.0,2.0,True,winner,2.0,1300.0,True,7000,0.22146480803506977,0.633793369129776,0.638419696535929
1500.0,25.0,0.3,online,55.0,65.0,1.0,False,winner,2.0,1500.0,True,7000,0.22146642532430694,0.6338316686757753,0.6399942742628113
1500.0,20.0,0.2,online,55.0,65.0,1.0,True,winner,,1300.0,False,7000,0.22146906642449837,0.6343490950607175,0.6415688519896937
1500.0,15.0,0.2,online,55.0,65.0,4.0,False,winner,,1500.0,True,7000,0.22147008119299919,0.6338722741085172,0.6379902662467792
1500.0,20.0,0.2,online,55.0,65.0,0.5,True,winner,,1500.0,True,7000,0.22147191331273078,0.6342732570047102,0.6437160034354423
1500.0,25.0,0.35,fixed,45.0,65.0,1.0,False,winner,,1300.0,False,7000,0.2214729124548162,0.6338676140244801,0.6424277125679931
1500.0,25.0,0.3,online,55.0,65.0,1.0,True,winner,,1300.0,True,7000,0.22147307391955678,0.6345189841724165,0.6417119954194103
1500.0,25.0,0.35,online,55.0,65.0,4.0,False,winner,2.0,1300.0,True,7000,0.2214746935586741,0.6339161441326416,0.6418551388491268
1500.0,15.0,0.15,fixed,55.0,65.0,1.0,False,winner,,1300.0,False,7000,0.22147517415501836,0.634043115744326,0.6389922702547953
1500.0,15.0,0.35,online,55.0,65.0,4.0,True,winner,,1500.0,False,7000,0.22147538849632348,0.6338091290658547,0.6371314056684798
1500.0,25.0,0.25,fixed,65.0,65.0,1.0,False,winner,,1300.0,False,7000,0.2214766051938313,0.6344180753115932,0.6438591468651589
1500.0,15.0,0.2,online,55.0,65.0,2.0,True,winner,,1300.0,False,7000,0.22147740029083682,0.6340869589903209,0.6362725450901804
1500.0,25.0,0.35,online,55.0,65.0,2.0,False,winner,2.0,1500.0,False,7000,0.22147957176933958,0.6337554488270727,0.6402805611222445
1500.0,30.0,0.4,fixed,55.0,65.0,1.0,False,winner,2.0,1300.0,True,7000,0.22147969426691608,0.6338852713729429,0.6417119954194103
1500.0,25.0,0.35,online,55.0,65.0,4.0,False,winner,,1500.0,True,7000,0.22148045565399363,0.634092211625437,0.6404237045519611
1500.0,25.0,0.4,online,55.0,65.0,4.0,False,winner,2.0,1300.0,False,7000,0.22148127420654373,0.6338450219334498,0.6408531348411108
1500.0,20.0,0.25,fixed,55.0,65.0,1.0,False,winner,2.0,1500.0,False,7000,0.22148147381123545,0.6338393736129656,0.6395648439736616
1500.0,25.0,0.3,online,55.0,65.0,2.0,False,winner,2.0,1300.0,False,7000,0.2214817830431377,0.6339701994903418,0.6397079874033782
1500.0,25.0,0.3,online,55.0,65.0,0.5,True,winner,2.0,1500.0,False,7000,0.22148196603456582,0.633839953346134,0.6402805611222445
1500.0,20.0,0.4,online,55.0,65.0,2.0,True,winner,2.0,1300.0,False,7000,0.2214830305723567,0.6339532784709406,0.6359862582307472
1500.0,20.0,0.25,online,55.0,65.0,1.0,True,winner,2.0,1300.0,True,7000,0.22148543105593752,0.6340340222496981,0.6378471228170627
1500.0,30.0,0.4,online,55.0,65.0,0.5,False,winner,2.0,1300.0,False,7000,0.22148784159970494,0.6339354424257372,0.6404237045519611
1500.0,25.0,0.5,online,55.0,65.0,2.0,False,winner,2.0,1500.0,True,7000,0.22148810105556868,0.6337301440208455,0.6377039793873461
1500.0,15.0,0.15,online,55.0,65.0,0.5,False,winner,,1300.0,False,7000,0.22149051285839122,0.6341712276954629,0.6374176925279129
1500.0,30.0,0.5,online,55.0,65.0,0.5,True,winner,2.0,1300.0,True,7000,0.22149556049930308,0.6338771723186609,0.6385628399656456
1500.0,15.0,0.25,online,55.0,65.0,4.0,True,winner,,1300.0,True,7000,0.22149680982024864,0.6340974661049165,0.6381334096764959
1500.0,30.0,0.35,fixed,65.0,65.0,1.0,False,winner,2.0,1300.0,True,7000,0.22149842960567848,0.6340947422605463,0.6392785571142284
1500.0,20.0,0.5,online,55.0,65.0,0.5,True,winner,2.0,1300.0,False,7000,0.2214985263439043,0.634052673019296,0.6356999713713141
1500.0,20.0,0.4,online,55.0,65.0,2.0,False,winner,2.0,1500.0,False,7000,0.22149897302011062,0.633889685593312,0.6369882622387633
1500.0,15.0,0.15,fixed,65.0,65.0,1.0,False,winner,,1500.0,False,7000,0.2215001721161889,0.6340187428294035,0.6398511308330948
1500.0,25.0,0.3,online,55.0,65.0,1.0,True,winner,,1300.0,False,7000,0.22150033435472966,0.6344376288135639,0.6409962782708274
1500.0,25.0,0.3,online,55.0,65.0,0.5,True,winner,,1500.0,True,7000,0.2215004780648437,0.634379848284021,0.6408531348411108
1500.0,25.0,0.25,fixed,65.0,65.0,1.0,False,winner,,1300.0,True,7000,0.2215010900313282,0.6346141528307379,0.6430002862868595
1500.0,20.0,0.3,online,55.0,65.0,1.0,True,winner,2.0,1500.0,False,7000,0.22150301461875685,0.6338821597368473,0.6395648439736616
1500.0,30.0,0.4,online,55.0,65.0,0.5,True,winner,2.0,1300.0,True,7000,0.22150334389621174,0.6340399932690417,0.6405668479816776
1500.0,25.0,0.3,online,55.0,65.0,1.0,False,winner,2.0,1500.0,False,7000,0.22150345327192641,0.6338734687144352,0.6402805611222445
1500.0,20.0,0.3,fixed,45.0,65.0,1.0,False,winner,2.0,1300.0,False,7000,0.22150462003915306,0.634042093073809,0.640137417692528
1500.0,25.0,0.3,online,55.0,65.0,0.5,True,winner,,1500.0,False,7000,0.22150720187842873,0.6342544429432452,0.6395648439736616
1500.0,25.0,0.35,fixed,45.0,65.0,1.0,False,winner,2.0,1300.0,False,7000,0.22150944547056292,0.6339277454609058,0.6397079874033782
1500.0,20.0,0.5,online,55.0,65.0,0.5,False,winner,2.0,1500.0,True,7000,0.22151010969018398,0.6339912347728314,0.63670197537933
1500.0,30.0,0.5,online,55.0,65.0,1.0,False,winner,2.0,1300.0,True,7000,0.2215105126028958,0.6338943350612553,0.6392785571142284
1500.0,15.0,0.4,online,55.0,65.0,4.0,True,winner,,1500.0,False,7000,0.2215110276724765,0.6338915020418325,0.6364156885198969
1500.0,20.0,0.35,fixed,35.0,65.0,1.0,False,winner,,1500.0,True,7000,0.22151218536357387,0.633805319471546,0.6359862582307472
1500.0,20.0,0.25,online,55.0,65.0,0.5,True,winner,2.0,1500.0,True,7000,0.22151252891411066,0.6339472242593386,0.6389922702547953
1500.0,30.0,0.5,online,55.0,65.0,0.5,False,winner,2.0,1300.0,False,7000,0.22151316413568273,0.6338846971042463,0.6399942742628113
1500.0,30.0,0.5,fixed,55.0,65.0,1.0,False,winner,2.0,1300.0,False,7000,0.22151334740225886,0.633881768236988,0.63670197537933
1500.0,20.0,0.25,online,55.0,65.0,0.5,False,winner,2.0,1500.0,False,7000,0.22151423560941588,0.6339228200386289,0.6379902662467792
1500.0,20.0,0.5,online,55.0,65.0,1.0,True,winner,2.0,1300.0,True,7000,0.22151496128566356,0.6340569031320104,0.6365588319496135
1500.0,20.0,0.25,online,55.0,65.0,2.0,False,winner,2.0,1300.0,True,7000,0.22151509142855086,0.6340838531490187,0.6379902662467792
1500.0,25.0,0.4,online,55.0,65.0,2.0,True,winner,2.0,1500.0,True,7000,0.2215154160425854,0.6338330301114234,0.6388491268250788
1500.0,15.0,0.15,online,55.0,65.0,1.0,False,winner,,1300.0,True,7000,0.22151574427448534,0.634303934245467,0.6375608359576296
1500.0,30.0,0.4,fixed,55.0,65.0,1.0,False,winner,2.0,1300.0,False,7000,0.22151629033957923,0.6339421597895883,0.6422845691382766
1500.0,30.0,0.35,fixed,65.0,65.0,1.0,False,winner,2.0,1300.0,False,7000,0.22151685579354216,0.6340973861314779,0.641425708559977
1500.0,20.0,0.5,online,55.0,65.0,1.0,False,winner,2.0,1300.0,False,7000,0.22151831475499276,0.6341012280994597,0.6371314056684798
1500.0,30.0,0.5,fixed,65.0,65.0,1.0,False,winner,2.0,1500.0,True,7000,0.22151904881428555,0.6338145490101237,0.6371314056684798
1500.0,30.0,0.4,online,55.0,65.0,1.0,False,winner,2.0,1300.0,True,7000,0.22151938401420415,0.634053989489693,0.6408531348411108
1500.0,30.0,0.4,fixed,65.0,65.0,1.0,False,winner,2.0,1500.0,True,7000,0.22152185807585445,0.6339155247884771,0.6382765531062125
1500.0,20.0,0.3,online,55.0,65.0,4.0,True,winner,,1500.0,True,7000,0.22152350996368497,0.6340819317935774,0.6389922702547953
1500.0,20.0,0.25,online,55.0,65.0,1.0,False,winner,2.0,1500.0,True,7000,0.22152420049828236,0.6339656338145427,0.6397079874033782
1500.0,25.0,0.4,fixed,45.0,65.0,1.0,False,winner,2.0,1500.0,True,7000,0.22152539296842436,0.633866147397937,0.6392785571142284
1500.0,20.0,0.3,online,55.0,65.0,4.0,False,winner,2.0,1300.0,True,7000,0.22153034310395894,0.6340623529965684,0.6371314056684798
1500.0,15.0,0.5,fixed,35.0,65.0,1.0,False,winner,,1300.0,False,7000,0.22153049670019842,0.6344089159225471,0.6418551388491268
1500.0,15.0,0.5,online,55.0,65.0,4.0,True,winner,,1300.0,True,7000,0.22153084691571606,0.6340671393808643,0.6332665330661322
1500.0,25.0,0.35,online,55.0,65.0,4.0,False,winner,,1500.0,False,7000,0.22153455025694777,0.6341028943221353,0.6395648439736616
1500.0,20.0,0.2,online,55.0,65.0,2.0,False,winner,,1500.0,True,7000,0.2215388622664329,0.6343618219833979,0.6398511308330948
1500.0,20.0,0.2,online,55.0,65.0,2.0,False,winner,,1500.0,False,7000,0.2215390270256426,0.6342340144512142,0.6377039793873461
1500.0,15.0,0.3,fixed,35.0,65.0,1.0,False,winner,,1500.0,False,7000,0.22153903365842995,0.6340388837137495,0.6379902662467792
1500.0,25.0,0.5,fixed,45.0,65.0,1.0,False,winner,2.0,1300.0,False,7000,0.22154000137735344,0.6340552329479532,0.640137417692528
1500.0,25.0,0.5,online,55.0,65.0,4.0,False,winner,2.0,1300.0,True,7000,0.22154004842847183,0.6339432354723901,0.639421700543945
1500.0,20.0,0.5,online,55.0,65.0,2.0,False,winner,2.0,1300.0,True,7000,0.22154091347010724,0.6341131276244342,0.6355568279415975
1500.0,20.0,0.3,online,55.0,65.0,2.0,False,winner,2.0,1500.0,False,7000,0.22154155938481954,0.6339555519170912,0.6359862582307472
1500.0,25.0,0.25,online,55.0,65.0,0.5,False,winner,2.0,1300.0,True,7000,0.2215429989669811,0.6342722767831522,0.6411394217005439
1500.0,20.0,0.35,online,55.0,65.0,2.0,True,winner,2.0,1500.0,True,7000,0.22154399768051625,0.6339623252612925,0.6365588319496135
1500.0,20.0,0.3,online,55.0,65.0,2.0,True,winner,2.0,1300.0,False,7000,0.22154429745865883,0.6340987439710303,0.6368451188090467
1500.0,30.0,0.4,online,55.0,65.0,0.5,True,winner,2.0,1300.0,False,7000,0.2215450262048461,0.6340895007255883,0.6412825651302605
1500.0,20.0,0.35,fixed,35.0,65.0,1.0,False,winner,,1500.0,False,7000,0.2215455147716949,0.6338483810696247,0.6351273976524477
1500.0,20.0,0.35,online,55.0,65.0,4.0,False,winner,2.0,1300.0,False,7000,0.221545744988615,0.6340675655750703,0.6359862582307472
1500.0,20.0,0.5,fixed,55.0,65.0,1.0,False,winner,2.0,1500.0,False,7000,0.22154692662947886,0.6341775130226701,0.640137417692528
1500.0,25.0,0.35,online,55.0,65.0,4.0,False,winner,2.0,1300.0,False,7000,0.2215490955087114,0.6340458944703166,0.6405668479816776
1500.0,15.0,0.15,fixed,55.0,65.0,1.0,False,winner,,1500.0,True,7000,0.22154964475034167,0.6340928164947413,0.638419696535929
1500.0,15.0,0.2,online,55.0,65.0,4.0,False,winner,,1500.0,False,7000,0.22154975974943494,0.6340042109181396,0.6361294016604638
1500.0,15.0,0.2,online,55.0,65.0,2.0,True,winner,,1500.0,True,7000,0.22155188325281666,0.6341245827171388,0.63670197537933
1500.0,20.0,0.35,fixed,45.0,65.0,1.0,False,winner,2.0,1500.0,False,7000,0.2215523662385719,0.6340908885427626,0.6405668479816776
1500.0,25.0,0.5,online,55.0,65.0,1.0,True,winner,2.0,1500.0,False,7000,0.22155614854338537,0.633891646897047,0.6388491268250788
1500.0,15.0,0.3,online,55.0,65.0,4.0,True,winner,,1500.0,False,7000,0.22155847801497427,0.6340075056521873,0.638419696535929
1500.0,15.0,0.15,online,55.0,65.0,0.5,False,winner,,1500.0,True,7000,0.22155855002178435,0.6342125405374811,0.6388491268250788
1500.0,30.0,0.4,fixed,65.0,65.0,1.0,False,winner,2.0,1500.0,False,7000,0.22156046751848552,0.6339765646191339,0.639421700543945
1500.0,25.0,0.25,online,55.0,65.0,0.5,False,winner,2.0,1300.0,False,7000,0.22156158359200756,0.634252616601835,0.6399942742628113
1500.0,25.0,0.3,online,55.0,65.0,2.0,False,winner,,1500.0,True,7000,0.22156268520221561,0.6344511547870346,0.6408531348411108
1500.0,25.0,0.5,online,55.0,65.0,2.0,True,winner,2.0,1300.0,False,7000,0.22156345858171198,0.6340051315941134,0.639421700543945
1500.0,20.0,0.25,online,55.0,65.0,1.0,True,winner,2.0,1300.0,False,7000,0.22156586254729704,0.63418766060437,0.6368451188090467
1500.0,20.0,0.4,fixed,45.0,65.0,1.0,False,winner,2.0,1500.0,False,7000,0.22156762484475812,0.6341873310901885,0.6415688519896937
1500.0,30.0,0.4,online,55.0,65.0,1.0,False,winner,2.0,1300.0,False,7000,0.22156998715700113,0.634124177574599,0.6418551388491268
1500.0,25.0,0.35,online,55.0,65.0,2.0,True,winner,,1500.0,True,7000,0.22157032542597768,0.6343870091534359,0.6424277125679931
1500.0,30.0,0.5,online,55.0,65.0,0.5,True,winner,2.0,1300.0,False,7000,0.2215705400833282,0.6340248067495275,0.6377039793873461
1500.0,20.0,0.4,online,55.0,65.0,2.0,True,winner,2.0,1500.0,True,7000,0.22157414374274134,0.6340366594783045,0.6362725450901804
1500.0,20.0,0.4,online,55.0,65.0,4.0,False,winner,2.0,1300.0,False,7000,0.2215755239194131,0.6341395212216755,0.6364156885198969
1500.0,20.0,0.3,fixed,45.0,65.0,1.0,False,winner,2.0,1500.0,True,7000,0.22157737098263247,0.634088168264327,0.6395648439736616
1500.0,25.0,0.25,fixed,55.0,65.0,1.0,False,winner,2.0,1300.0,True,7000,0.2215779620760438,0.6342371453548146,0.6411394217005439
1500.0,15.0,0.15,online,55.0,65.0,1.0,False,winner,,1300.0,False,7000,0.22157855662615233,0.6343775075319027,0.6381334096764959
1500.0,20.0,0.5,fixed,65.0,65.0,1.0,False,winner,2.0,1500.0,False,7000,0.22158102240701172,0.6341377623483487,0.6342685370741483
1500.0,20.0,0.25,online,55.0,65.0,0.5,True,winner,2.0,1500.0,False,7000,0.22158121089872013,0.6340804524194078,0.6374176925279129
1500.0,15.0,0.5,fixed,35.0,65.0,1.0,False,winner,,1500.0,True,7000,0.2215831938086826,0.6344432109203246,0.6411394217005439
1500.0,25.0,0.3,online,55.0,65.0,2.0,False,winner,,1500.0,False,7000,0.22158323936855479,0.6343566464473248,0.6405668479816776
1500.0,30.0,0.5,fixed,65.0,65.0,1.0,False,winner,,1300.0,True,7000,0.22158412530244628,0.6344388302123738,0.6371314056684798
1500.0,25.0,0.25,fixed,55.0,65.0,1.0,False,winner,2.0,1300.0,False,7000,0.22158473421833397,0.6342110797378537,0.6391354136845119
1500.0,25.0,0.3,online,55.0,65.0,1.0,True,winner,2.0,1500.0,True,7000,0.22158583818148583,0.6341230487547131,0.64214142570856
1500.0,20.0,0.5,online,55.0,65.0,0.5,True,winner,2.0,1500.0,True,7000,0.22158596673509695,0.6341371969197906,0.6369882622387633
1500.0,15.0,0.15,fixed,55.0,65.0,1.0,False,winner,,1500.0,False,7000,0.22158644884735335,0.6341303366697776,0.6381334096764959
1500.0,20.0,0.5,fixed,45.0,65.0,1.0,False,winner,2.0,1300.0,True,7000,0.2215865569048912,0.6344208907093736,0.6391354136845119
1500.0,25.0,0.4,online,55.0,65.0,2.0,True,winner,2.0,1500.0,False,7000,0.22158753224576427,0.6339742412915217,0.6425708559977097
1500.0,20.0,0.2,fixed,65.0,65.0,1.0,False,winner,2.0,1300.0,True,7000,0.22158789342394775,0.6343076499515903,0.638419696535929
1500.0,20.0,0.3,online,55.0,65.0,4.0,True,winner,,1500.0,False,7000,0.22158807728414273,0.634174580633579,0.6377039793873461
1500.0,25.0,0.4,fixed,45.0,65.0,1.0,False,winner,2.0,1500.0,False,7000,0.22158937205342463,0.6340035206526936,0.6387059833953621
1500.0,25.0,0.25,online,55.0,65.0,0.5,False,winner,,1300.0,False,7000,0.2215896720737927,0.6347218177079463,0.6412825651302605
1500.0,25.0,0.4,online,55.0,65.0,4.0,False,winner,2.0,1500.0,True,7000,0.221590946979983,0.6339794517815779,0.6404237045519611
1500.0,20.0,0.5,online,55.0,65.0,1.0,False,winner,2.0,1500.0,True,7000,0.22159345211176804,0.6341612857476087,0.6369882622387633
1500.0,30.0,0.5,fixed,65.0,65.0,1.0,False,winner,2.0,1500.0,False,7000,0.22159428085334762,0.6339718135411829,0.6369882622387633
1500.0,25.0,0.35,online,55.0,65.0,2.0,True,winner,2.0,1500.0,True,7000,0.22159461903437186,0.6340625181572439,0.6419982822788434
1500.0,25.0,0.5,online,55.0,65.0,2.0,False,winner,2.0,1500.0,False,7000,0.221594777195041,0.6339653731804157,0.6391354136845119
1500.0,30.0,0.5,online,55.0,65.0,1.0,False,winner,2.0,1300.0,False,7000,0.22159543531717477,0.6340643078175837,0.6387059833953621
1500.0,15.0,0.15,online,55.0,65.0,0.5,True,winner,,1300.0,True,7000,0.22159630349854414,0.6345341820914155,0.638419696535929
1500.0,15.0,0.25,fixed,35.0,65.0,1.0,False,winner,,1300.0,True,7000,0.22159860948179555,0.6342419211908802,0.6378471228170627
1500.0,15.0,0.25,online,55.0,65.0,4.0,True,winner,,1300.0,False,7000,0.22159941469908417,0.6343109069748644,0.638419696535929
1500.0,20.0,0.25,online,55.0,65.0,1.0,False,winner,2.0,1500.0,False,7000,0.2216007778904794,0.6341167323682999,0.6382765531062125
1500.0,25.0,0.5,online,55.0,65.0,4.0,True,winner,,1300.0,True,7000,0.22160157887607218,0.6342414385981002,0.640137417692528
1500.0,25.0,0.3,online,55.0,65.0,2.0,True,winner,2.0,1300.0,True,7000,0.2216016648489611,0.6343257847804916,0.6412825651302605
1500.0,30.0,0.35,online,55.0,65.0,0.5,False,winner,2.0,1300.0,True,7000,0.22160297972011583,0.6343467985757723,0.6424277125679931
1500.0,25.0,0.3,online,55.0,65.0,4.0,False,winner,,1300.0,True,7000,0.22160612805432653,0.6347520001563152,0.643143429716576
1500.0,25.0,0.25,online,55.0,65.0,0.5,False,winner,,1300.0,True,7000,0.22160614249005448,0.6349358324324424,0.6434297165760091
1500.0,15.0,0.3,fixed,55.0,65.0,1.0,False,winner,2.0,1300.0,True,7000,0.22160634938708362,0.6344564527305745,0.6368451188090467
1500.0,20.0,0.25,online,55.0,65.0,2.0,False,winner,2.0,1300.0,False,7000,0.22160637315275653,0.6342603991527,0.6356999713713141
1500.0,15.0,0.15,online,55.0,65.0,0.5,False,winner,,1500.0,False,7000,0.2216073793101127,0.6342589654677628,0.6375608359576296
1500.0,25.0,0.25,fixed,65.0,65.0,1.0,False,winner,2.0,1500.0,True,7000,0.22160781588978615,0.6342379712625432,0.6404237045519611
1500.0,20.0,0.2,online,55.0,65.0,4.0,False,winner,,1300.0,True,7000,0.22160821791042026,0.6347218774253389,0.6388491268250788
1500.0,25.0,0.25,online,55.0,65.0,0.5,True,winner,2.0,1300.0,True,7000,0.22160946333392337,0.6344576634157999,0.6411394217005439
1500.0,25.0,0.3,online,55.0,65.0,2.0,False,winner,2.0,1500.0,True,7000,0.22161501154029797,0.6341661850440886,0.6432865731462926
1500.0,25.0,0.25,fixed,65.0,65.0,1.0,False,winner,2.0,1500.0,False,7000,0.2216188716584072,0.6342201349071286,0.6405668479816776
1500.0,25.0,0.3,online,55.0,65.0,1.0,True,winner,2.0,1500.0,False,7000,0.22161950236801972,0.6341525854081309,0.6405668479816776
1500.0,20.0,0.35,online,55.0,65.0,4.0,False,winner,2.0,1500.0,True,7000,0.22162053019525396,0.6341153189614069,0.6361294016604638
1500.0,30.0,0.5,fixed,55.0,65.0,1.0,False,winner,2.0,1500.0,True,7000,0.2216209779558535,0.6340216752792842,0.6365588319496135
1500.0,30.0,0.5,online,55.0,65.0,1.0,True,winner,2.0,1300.0,True,7000,0.22162151163523175,0.6341621432923689,0.6385628399656456
1500.0,30.0,0.5,online,55.0,65.0,0.5,False,winner,2.0,1500.0,True,7000,0.22162170748275334,0.6340265954917356,0.639421700543945
1500.0,20.0,0.3,fixed,35.0,65.0,1.0,False,winner,,1300.0,True,7000,0.22162269091948913,0.6341992670809252,0.6381334096764959
1500.0,25.0,0.25,online,55.0,65.0,0.5,True,winner,2.0,1300.0,False,7000,0.2216236329597895,0.6344234797359894,0.6407099914113942
1500.0,25.0,0.25,online,55.0,65.0,1.0,False,winner,2.0,1300.0,True,7000,0.2216241308392877,0.6344702820199006,0.64214142570856
1500.0,20.0,0.2,online,55.0,65.0,4.0,False,winner,,1300.0,False,7000,0.22162529332175848,0.6346286936909117,0.6387059833953621
1500.0,25.0,0.5,fixed,45.0,65.0,1.0,False,winner,2.0,1500.0,True,7000,0.22162611672204038,0.6341500767178222,0.6398511308330948
1500.0,30.0,0.35,online,55.0,65.0,0.5,False,winner,2.0,1300.0,False,7000,0.22162698010258158,0.6343427107130907,0.6404237045519611
1500.0,25.0,0.35,online,55.0,65.0,2.0,True,winner,,1500.0,False,7000,0.2216280547646363,0.6344122304772793,0.6417119954194103
1500.0,30.0,0.4,online,55.0,65.0,0.5,False,winner,2.0,1500.0,True,7000,0.22162825997823296,0.6341525946846551,0.640137417692528
1500.0,30.0,0.4,online,55.0,65.0,1.0,True,winner,2.0,1300.0,True,7000,0.22162904967731656,0.6343341238492437,0.6391354136845119
1500.0,25.0,0.35,fixed,45.0,65.0,1.0,False,winner,,1500.0,True,7000,0.22162916353050852,0.6341567612459734,0.6397079874033782
1500.0,15.0,0.2,online,55.0,65.0,2.0,True,winner,,1500.0,False,7000,0.22162942773133687,0.6342578368888951,0.6359862582307472
1500.0,20.0,0.5,online,55.0,65.0,0.5,False,winner,2.0,1500.0,False,7000,0.22163060524044878,0.6342805174661722,0.6365588319496135
1500.0,15.0,0.3,fixed,65.0,65.0,1.0,False,winner,2.0,1300.0,True,7000,0.22163097340106394,0.6344204724967045,0.6332665330661322
1500.0,20.0,0.5,online,55.0,65.0,1.0,True,winner,2.0,1300.0,False,7000,0.22163358805960223,0.6343348215182294,0.6361294016604638
1500.0,20.0,0.3,fixed,35.0,65.0,1.0,False,winner,,1300.0,False,7000,0.22163381657894957,0.6341729522589734,0.6377039793873461
1500.0,20.0,0.2,online,55.0,65.0,1.0,True,winner,,1500.0,True,7000,0.2216344388813609,0.6346646974996065,0.6407099914113942
1500.0,25.0,0.35,fixed,45.0,65.0,1.0,False,winner,2.0,1500.0,True,7000,0.2216347209442197,0.6340975173754515,0.6395648439736616
1500.0,20.0,0.2,online,55.0,65.0,1.0,True,winner,,1500.0,False,7000,0.22163522281364906,0.634539287930994,0.6407099914113942
1500.0,25.0,0.35,fixed,45.0,65.0,1.0,False,winner,,1500.0,False,7000,0.2216354238118245,0.6340926346427853,0.6408531348411108
1500.0,20.0,0.3,online,55.0,65.0,2.0,True,winner,2.0,1500.0,True,7000,0.22163543010747758,0.6341769039446632,0.638419696535929
1500.0,20.0,0.3,online,55.0,65.0,4.0,False,winner,2.0,1300.0,False,7000,0.221637459512823,0.6342821978126154,0.6372745490981964
1500.0,20.0,0.35,online,55.0,65.0,2.0,True,winner,2.0,1500.0,False,7000,0.2216404771463086,0.6341739568752902,0.6358431148010306
1500.0,15.0,0.35,fixed,55.0,65.0,1.0,False,winner,2.0,1300.0,True,7000,0.22164129952149111,0.6346034047150833,0.6381334096764959
1500.0,25.0,0.3,online,55.0,65.0,4.0,False,winner,,1300.0,False,7000,0.22164190137964485,0.6346873886884618,0.6407099914113942
1500.0,25.0,0.3,online,55.0,65.0,2.0,True,winner,2.0,1300.0,False,7000,0.22164313136853883,0.6343684150697088,0.6398511308330948
1500.0,25.0,0.25,fixed,65.0,65.0,1.0,False,winner,,1500.0,False,7000,0.22164412993899593,0.634625102145782,0.6424277125679931
1500.0,15.0,0.15,online,55.0,65.0,1.0,False,winner,,1500.0,True,7000,0.22164490772661766,0.6344167535607796,0.6377039793873461
1500.0,25.0,0.25,online,55.0,65.0,1.0,False,winner,2.0,1300.0,False,7000,0.22164590863881592,0.6344536277893684,0.6402805611222445
1500.0,20.0,0.4,online,55.0,65.0,4.0,False,winner,2.0,1500.0,True,7000,0.22164980171144694,0.6341901530511183,0.6372745490981964
1500.0,20.0,0.25,online,55.0,65.0,1.0,True,winner,2.0,1500.0,True,7000,0.22164981983530094,0.6342554454823139,0.6379902662467792
1500.0,25.0,0.35,online,55.0,65.0,2.0,True,winner,2.0,1500.0,False,7000,0.2216499799620546,0.6341544101934687,0.6405668479816776
1500.0,15.0,0.15,online,55.0,65.0,0.5,True,winner,,1300.0,False,7000,0.22165132750339797,0.6345892997276696,0.6382765531062125
1500.0,30.0,0.5,online,55.0,65.0,2.0,False,winner,2.0,1300.0,True,7000,0.22165151204006645,0.6342058024832222,0.638419696535929
1500.0,25.0,0.5,online,55.0,65.0,4.0,False,winner,2.0,1300.0,False,7000,0.22165438616582195,0.6341861381182443,0.640137417692528
1500.0,15.0,0.5,online,55.0,65.0,4.0,True,winner,,1300.0,False,7000,0.22165687774813117,0.6343540645545617,0.6365588319496135
1500.0,20.0,0.3,fixed,45.0,65.0,1.0,False,winner,2.0,1500.0,False,7000,0.22165740017226926,0.6342673407136568,0.6398511308330948
1500.0,25.0,0.3,online,55.0,65.0,1.0,True,winner,,1500.0,True,7000,0.22165782334283643,0.634765472044529,0.6411394217005439
1500.0,25.0,0.3,online,55.0,65.0,2.0,False,winner,2.0,1500.0,False,7000,0.22165867868565764,0.6342177730531522,0.639421700543945
1500.0,30.0,0.4,fixed,55.0,65.0,1.0,False,winner,2.0,1500.0,True,7000,0.2216590553736054,0.6341582642492659,0.6405668479816776
1500.0,15.0,0.25,fixed,35.0,65.0,1.0,False,winner,,1300.0,False,7000,0.2216594395973985,0.6343636816959051,0.639421700543945
1500.0,30.0,0.35,fixed,55.0,65.0,1.0,False,winner,2.0,1300.0,True,7000,0.22165979199641958,0.6343624761435743,0.64214142570856
1500.0,30.0,0.4,online,55.0,65.0,2.0,False,winner,2.0,1300.0,True,7000,0.22166000899492772,0.6343744926879764,0.6399942742628113
1500.0,20.0,0.2,fixed,65.0,65.0,1.0,False,winner,2.0,1300.0,False,7000,0.2216634230926791,0.634453478450427,0.6387059833953621
1500.0,30.0,0.35,online,55.0,65.0,0.5,True,winner,2.0,1300.0,True,7000,0.221664529603621,0.6345241466993286,0.6404237045519611
1500.0,30.0,0.5,fixed,65.0,65.0,1.0,False,winner,,1300.0,False,7000,0.2216651303139091,0.6345581772648534,0.6371314056684798
1500.0,15.0,0.15,online,55.0,65.0,2.0,False,winner,,1300.0,True,7000,0.2216663370943676,0.6346406497913917,0.6395648439736616
1500.0,20.0,0.15,fixed,65.0,65.0,1.0,False,winner,,1300.0,False,7000,0.22166983116821853,0.6349063302408509,0.643143429716576
1500.0,25.0,0.35,online,55.0,65.0,4.0,False,winner,2.0,1500.0,True,7000,0.22167071726794663,0.6342077428215565,0.6418551388491268
1500.0,25.0,0.25,online,55.0,65.0,1.0,False,winner,,1300.0,False,7000,0.22167080637653622,0.6349352515808977,0.6418551388491268
1500.0,30.0,0.4,online,55.0,65.0,0.5,False,winner,2.0,1500.0,False,7000,0.22167095489561392,0.6342101970887322,0.6402805611222445
1500.0,30.0,0.35,fixed,55.0,65.0,1.0,False,winner,2.0,1300.0,False,7000,0.22167150045274908,0.6343499323061933,0.6418551388491268
1500.0,25.0,0.5,online,55.0,65.0,2.0,True,winner,2.0,1500.0,True,7000,0.22167232320227692,0.6341388567425017,0.6369882622387633
1500.0,20.0,0.5,online,55.0,65.0,2.0,False,winner,2.0,1300.0,False,7000,0.22167308545919914,0.6344178524539279,0.6341253936444318
1500.0,25.0,0.25,fixed,65.0,65.0,1.0,False,winner,,1500.0,True,7000,0.22167342375759547,0.6348309796419079,0.6424277125679931
1500.0,20.0,0.2,fixed,45.0,65.0,1.0,False,winner,,1300.0,False,7000,0.22167629145135304,0.6344483879633767,0.6382765531062125
1500.0,30.0,0.4,online,55.0,65.0,1.0,True,winner,2.0,1300.0,False,7000,0.22167656703056804,0.6343926532324158,0.64214142570856
1500.0,25.0,0.4,online,55.0,65.0,4.0,False,winner,2.0,1500.0,False,7000,0.2216767220977447,0.6341487485478654,0.6404237045519611
1500.0,20.0,0.25,online,55.0,65.0,4.0,True,winner,,1300.0,True,7000,0.221676911132954,0.6347978354464059,0.6397079874033782
1500.0,25.0,0.35,fixed,45.0,65.0,1.0,False,winner,2.0,1500.0,False,7000,0.2216776506888601,0.634180570721157,0.6387059833953621
1500.0,20.0,0.25,online,55.0,65.0,2.0,False,winner,2.0,1500.0,True,7000,0.2216785732640448,0.6343045132540006,0.638419696535929
1500.0,25.0,0.3,online,55.0,65.0,4.0,False,winner,2.0,1300.0,True,7000,0.2216793720900366,0.6344715425627198,0.6412825651302605
1500.0,20.0,0.4,online,55.0,65.0,2.0,True,winner,2.0,1500.0,False,7000,0.22167955554942942,0.6342746452450013,0.6354136845118808
1500.0,25.0,0.25,fixed,55.0,65.0,1.0,False,winner,,1300.0,False,7000,0.22167989805291874,0.6346950405587504,0.6419982822788434
1500.0,25.0,0.3,online,55.0,65.0,1.0,True,winner,,1500.0,False,7000,0.22168020660559606,0.6346755154669947,0.640137417692528
1500.0,30.0,0.35,fixed,65.0,65.0,1.0,False,winner,2.0,1500.0,True,7000,0.22168074561318918,0.6343607970425655,0.6388491268250788
1500.0,30.0,0.35,online,55.0,65.0,1.0,False,winner,2.0,1300.0,True,7000,0.22168106053109704,0.6345360354923503,0.6409962782708274
1500.0,25.0,0.25,online,55.0,65.0,1.0,False,winner,,1300.0,True,7000,0.2216816718636998,0.6351403942790658,0.6419982822788434
1500.0,20.0,0.2,fixed,55.0,65.0,1.0,False,winner,2.0,1300.0,True,7000,0.22168298219668578,0.6344678684885892,0.6389922702547953
1500.0,15.0,0.25,online,55.0,65.0,4.0,True,winner,,1500.0,True,7000,0.22168312918116395,0.6343425424377541,0.6377039793873461
1500.0,25.0,0.4,online,55.0,65.0,4.0,True,winner,,1300.0,True,7000,0.22168352961553273,0.6346813953301986,0.6409962782708274
1500.0,30.0,0.35,online,55.0,65.0,0.5,True,winner,2.0,1300.0,False,7000,0.22168441552827894,0.6345060518510148,0.6425708559977097
1500.0,20.0,0.2,online,55.0,65.0,2.0,True,winner,,1300.0,True,7000,0.2216849235569921,0.6350044484791171,0.6405668479816776
1500.0,15.0,0.35,fixed,65.0,65.0,1.0,False,winner,2.0,1300.0,True,7000,0.22168724332801412,0.6345877940133349,0.6324076724878328
1500.0,30.0,0.5,online,55.0,65.0,0.5,True,winner,2.0,1500.0,True,7000,0.22168753241288763,0.6341866639150351,0.6385628399656456
1500.0,20.0,0.2,online,55.0,65.0,0.5,False,winner,2.0,1300.0,True,7000,0.2216875936667621,0.6345522001727539,0.6387059833953621
1500.0,25.0,0.3,online,55.0,65.0,2.0,True,winner,,1300.0,True,7000,0.22168943312163075,0.6350505327760685,0.644145433724592
1500.0,15.0,0.3,online,55.0,65.0,0.5,False,winner,2.0,1300.0,True,7000,0.22169009277154755,0.6345764170762852,0.6334096764958489
1500.0,30.0,0.5,online,55.0,65.0,0.5,False,winner,,1300.0,True,7000,0.22169178296458283,0.6347099743974502,0.6411394217005439
1500.0,20.0,0.25,fixed,45.0,65.0,1.0,False,winner,2.0,1300.0,True,7000,0.22169183461714972,0.6344373372207165,0.6382765531062125
1500.0,30.0,0.4,fixed,55.0,65.0,1.0,False,winner,2.0,1500.0,False,7000,0.22169250647510644,0.6342085135997197,0.6418551388491268
1500.0,30.0,0.4,online,55.0,65.0,0.5,True,winner,2.0,1500.0,True,7000,0.22169277589491393,0.6343249641536222,0.6402805611222445
1500.0,30.0,0.5,fixed,55.0,65.0,1.0,False,winner,2.0,1500.0,False,7000,0.22169352717160298,0.6341735945557893,0.6358431148010306
1500.0,20.0,0.25,online,55.0,65.0,2.0,True,winner,2.0,1300.0,True,7000,0.22169506140878859,0.6345065918625805,0.6385628399656456
1500.0,30.0,0.35,fixed,65.0,65.0,1.0,False,winner,2.0,1500.0,False,7000,0.2216956513519279,0.6343554001063177,0.6411394217005439
1500.0,15.0,0.15,online,55.0,65.0,1.0,False,winner,,1500.0,False,7000,0.221696356190964,0.6344660160228226,0.6368451188090467
1500.0,20.0,0.5,online,55.0,65.0,0.5,True,winner,2.0,1500.0,False,7000,0.22169761846636032,0.6344064374629956,0.6349842542227312
1500.0,25.0,0.3,fixed,45.0,65.0,1.0,False,winner,2.0,1300.0,True,7000,0.2216977654520939,0.6343852474182562,0.6402805611222445
1500.0,30.0,0.5,online,55.0,65.0,0.5,False,winner,2.0,1500.0,False,7000,0.22169956422110862,0.6341855564018005,0.6392785571142284
1500.0,30.0,0.5,online,55.0,65.0,1.0,False,winner,2.0,1500.0,True,7000,0.22170166818574152,0.6342032172417897,0.6391354136845119
1500.0,30.0,0.5,online,55.0,65.0,1.0,True,winner,2.0,1300.0,False,7000,0.22170229795480484,0.6343186893183104,0.6387059833953621
1500.0,20.0,0.2,online,55.0,65.0,2.0,True,winner,,1300.0,False,7000,0.22170387040303652,0.6349235349800375,0.6387059833953621
1500.0,20.0,0.15,fixed,65.0,65.0,1.0,False,winner,,1300.0,True,7000,0.22170426818391967,0.635115193041832,0.6425708559977097
1500.0,30.0,0.4,online,55.0,65.0,1.0,False,winner,2.0,1500.0,True,7000,0.2217080968936824,0.6343386383386821,0.6402805611222445
1500.0,30.0,0.35,online,55.0,65.0,1.0,False,winner,2.0,1300.0,False,7000,0.2217092920630986,0.634537631087387,0.6422845691382766
1500.0,15.0,0.5,fixed,35.0,65.0,1.0,False,winner,,1500.0,False,7000,0.22171195650693998,0.6347320724725916,0.6404237045519611
1500.0,20.0,0.3,online,55.0,65.0,4.0,False,winner,2.0,1500.0,True,7000,0.22171279815523595,0.6343289833551106,0.6356999713713141
1500.0,25.0,0.25,online,55.0,65.0,0.5,False,winner,2.0,1500.0,True,7000,0.22171394873790717,0.6344953092856701,0.6411394217005439
1500.0,20.0,0.2,fixed,45.0,65.0,1.0,False,winner,,1300.0,True,7000,0.2217143954404721,0.6346353647619815,0.638419696535929
1500.0,20.0,0.5,fixed,45.0,65.0,1.0,False,winner,2.0,1300.0,False,7000,0.22171440931392122,0.6347088501422724,0.6404237045519611
1500.0,20.0,0.5,online,55.0,65.0,1.0,False,winner,2.0,1500.0,False,7000,0.22171621194104188,0.6344533218910505,0.6359862582307472
1500.0,25.0,0.5,online,55.0,65.0,4.0,True,winner,,1300.0,False,7000,0.221717218170374,0.6344567328578418,0.6399942742628113
1500.0,30.0,0.4,online,55.0,65.0,2.0,False,winner,2.0,1300.0,False,7000,0.22171864263192265,0.6344575508555198,0.6422845691382766
1500.0,15.0,0.25,fixed,55.0,65.0,1.0,False,winner,2.0,1300.0,True,7000,0.22171874572218153,0.6346374813181195,0.6371314056684798
1500.0,25.0,0.25,fixed,55.0,65.0,1.0,False,winner,,1300.0,True,7000,0.22171903535840148,0.6349260274708151,0.6405668479816776
1500.0,15.0,0.25,fixed,65.0,65.0,1.0,False,winner,2.0,1300.0,True,7000,0.22172076302710614,0.6345826437618328,0.6339822502147151
1500.0,20.0,0.5,online,55.0,65.0,1.0,True,winner,2.0,1500.0,True,7000,0.22172080677441156,0.6344210847110018,0.6358431148010306
1500.0,20.0,0.3,online,55.0,65.0,2.0,True,winner,2.0,1500.0,False,7000,0.22172082471039037,0.6343540141394686,0.6364156885198969
1500.0,25.0,0.3,fixed,45.0,65.0,1.0,False,winner,2.0,1300.0,False,7000,0.2217216549337477,0.634413232932766,0.6402805611222445
1500.0,20.0,0.25,online,55.0,65.0,1.0,True,winner,2.0,1500.0,False,7000,0.22172167155098702,0.6343914642023155,0.63670197537933
1500.0,25.0,0.5,fixed,45.0,65.0,1.0,False,winner,2.0,1500.0,False,7000,0.2217217168343398,0.6343627535712782,0.6392785571142284
1500.0,25.0,0.25,online,55.0,65.0,0.5,False,winner,2.0,1500.0,False,7000,0.22172581031205787,0.6344612409477044,0.6398511308330948
1500.0,15.0,0.15,online,55.0,65.0,0.5,True,winner,,1500.0,True,7000,0.22172686079407627,0.6346485561764215,0.6371314056684798
1500.0,20.0,0.25,online,55.0,65.0,4.0,True,winner,,1300.0,False,7000,0.2217272085956505,0.634837056630333,0.6405668479816776
1500.0,25.0,0.3,online,55.0,65.0,2.0,True,winner,,1300.0,False,7000,0.22172905864631906,0.6350024824943817,0.6424277125679931
1500.0,20.0,0.5,online,55.0,65.0,2.0,True,winner,2.0,1300.0,True,7000,0.2217290696274926,0.6345151284406235,0.6365588319496135
1500.0,20.0,0.2,fixed,65.0,65.0,1.0,False,winner,2.0,1500.0,True,7000,0.22173005405389237,0.6344778915806919,0.638419696535929
1500.0,30.0,0.4,online,55.0,65.0,0.5,True,winner,2.0,1500.0,False,7000,0.22173069660428954,0.6343676898343832,0.6409962782708274
1500.0,20.0,0.35,online,55.0,65.0,4.0,False,winner,2.0,1500.0,False,7000,0.2217311250010042,0.6343552219904456,0.6355568279415975
1500.0,25.0,0.3,online,55.0,65.0,4.0,False,winner,2.0,1300.0,False,7000,0.221734631010456,0.6345426950290117,0.640137417692528
1500.0,15.0,0.35,online,55.0,65.0,0.5,False,winner,2.0,1300.0,True,7000,0.2217357030788533,0.6347260817857026,0.6334096764958489
1500.0,15.0,0.15,online,55.0,65.0,2.0,False,winner,,1300.0,False,7000,0.2217368187539543,0.6347268532905739,0.6374176925279129
1500.0,25.0,0.25,online,55.0,65.0,0.5,True,winner,,1300.0,False,7000,0.2217381730281815,0.635186518206971,0.6412825651302605
1500.0,25.0,0.4,online,55.0,65.0,4.0,True,winner,2.0,1300.0,True,7000,0.22173825650745813,0.6344829115622781,0.6395648439736616
1500.0,25.0,0.35,online,55.0,65.0,4.0,False,winner,2.0,1500.0,False,7000,0.22173924195133513,0.6343270809835146,0.6407099914113942
1500.0,25.0,0.25,online,55.0,65.0,1.0,True,winner,2.0,1300.0,True,7000,0.2217393880070088,0.6347659981773472,0.6428571428571429
1500.0,25.0,0.25,fixed,55.0,65.0,1.0,False,winner,2.0,1500.0,True,7000,0.22174135195229958,0.6344545398958035,0.6419982822788434
1500.0,25.0,0.25,fixed,55.0,65.0,1.0,False,winner,2.0,1500.0,False,7000,0.2217421700474324,0.6344146544418995,0.6389922702547953
1500.0,15.0,0.25,fixed,35.0,65.0,1.0,False,winner,,1500.0,True,7000,0.221744259795152,0.6344379194094607,0.6364156885198969
1500.0,30.0,0.5,online,55.0,65.0,2.0,False,winner,2.0,1300.0,False,7000,0.22174433691488393,0.6343882576779037,0.6382765531062125
1500.0,20.0,0.5,online,55.0,65.0,2.0,False,winner,2.0,1500.0,True,7000,0.2217455007054441,0.6344755501131674,0.6348411107930146
1500.0,20.0,0.2,fixed,55.0,65.0,1.0,False,winner,2.0,1300.0,False,7000,0.2217465926081206,0.6345880581405472,0.6385628399656456
1500.0,25.0,0.5,online,55.0,65.0,4.0,False,winner,2.0,1500.0,True,7000,0.2217466562246821,0.6342869015041513,0.6377039793873461
1500.0,30.0,0.5,fixed,65.0,65.0,1.0,False,winner,,1500.0,True,7000,0.22175158560732175,0.6346865133822518,0.6369882622387633
1500.0,25.0,0.25,online,55.0,65.0,0.5,True,winner,,1300.0,True,7000,0.2217528883974929,0.6354030733984699,0.6424277125679931
1500.0,15.0,0.3,fixed,55.0,65.0,1.0,False,winner,2.0,1500.0,True,7000,0.22175446428969112,0.6346926800019312,0.6369882622387633
1500.0,30.0,0.4,online,55.0,65.0,1.0,False,winner,2.0,1500.0,False,7000,0.22175452049199942,0.6344013641542905,0.6409962782708274
1500.0,15.0,0.5,online,55.0,65.0,4.0,True,winner,,1500.0,True,7000,0.22175582466635624,0.6344499432616914,0.6338391067849986
1500.0,25.0,0.25,online,55.0,65.0,1.0,True,winner,2.0,1300.0,False,7000,0.2217581107979882,0.6347377669318659,0.6409962782708274
1500.0,20.0,0.2,online,55.0,65.0,0.5,True,winner,2.0,1300.0,True,7000,0.22175906056162076,0.6347373475916249,0.6374176925279129
1500.0,20.0,0.2,online,55.0,65.0,0.5,False,winner,2.0,1300.0,False,7000,0.22175930533469657,0.6346745909777983,0.6395648439736616
1500.0,25.0,0.25,online,55.0,65.0,0.5,False,winner,,1500.0,False,7000,0.2217594295975046,0.6349266006553203,0.6409962782708274
1500.0,30.0,0.5,online,55.0,65.0,0.5,True,winner,2.0,1500.0,False,7000,0.22175962836305854,0.6343295748337677,0.6371314056684798
1500.0,15.0,0.15,online,55.0,65.0,1.0,True,winner,,1300.0,True,7000,0.2217598168115241,0.6349160705874474,0.6378471228170627
1500.0,20.0,0.25,online,55.0,65.0,2.0,False,winner,2.0,1500.0,False,7000,0.2217604283845092,0.6344621591092574,0.6354136845118808
1500.0,20.0,0.25,fixed,45.0,65.0,1.0,False,winner,2.0,1300.0,False,7000,0.22176192594883895,0.6345852543828219,0.6365588319496135
1500.0,30.0,0.5,online,55.0,65.0,1.0,False,winner,,1300.0,True,7000,0.2217654285765045,0.634896817715845,0.6408531348411108
1500.0,15.0,0.3,online,55.0,65.0,0.5,True,winner,2.0,1300.0,True,7000,0.22176576680230778,0.6347316905607391,0.6328371027769826
1500.0,30.0,0.3,fixed,65.0,65.0,1.0,False,winner,2.0,1300.0,False,7000,0.22176804017744767,0.6347867008532966,0.6415688519896937
1500.0,25.0,0.5,online,55.0,65.0,2.0,True,winner,2.0,1500.0,False,7000,0.22176810191923044,0.6343464677386293,0.6381334096764959
1500.0,20.0,0.4,online,55.0,65.0,4.0,False,winner,2.0,1500.0,False,7000,0.22176990416373532,0.6344571488740686,0.6365588319496135
1500.0,25.0,0.25,online,55.0,65.0,2.0,False,winner,2.0,1300.0,True,7000,0.22177005450692985,0.6348076228400414,0.6424277125679931
1500.0,15.0,0.15,online,55.0,65.0,0.5,True,winner,,1500.0,False,7000,0.22177133378405525,0.6346805493858465,0.6371314056684798
1500.0,20.0,0.2,online,55.0,65.0,1.0,False,winner,2.0,1300.0,True,7000,0.22177172387159486,0.6347523639967653,0.6387059833953621
1500.0,15.0,0.3,fixed,55.0,65.0,1.0,False,winner,2.0,1300.0,False,7000,0.22177304014896632,0.6348370684410111,0.6358431148010306
1500.0,25.0,0.4,online,55.0,65.0,4.0,True,winner,,1300.0,False,7000,0.2217734079441074,0.6348140658818542,0.6412825651302605
1500.0,15.0,0.3,online,55.0,65.0,1.0,False,winner,2.0,1300.0,True,7000,0.22177371800650073,0.6347554016759704,0.6324076724878328
1500.0,20.0,0.25,online,55.0,65.0,4.0,False,winner,2.0,1300.0,True,7000,0.22177425222515454,0.6346591073974017,0.6389922702547953
1500.0,30.0,0.3,fixed,65.0,65.0,1.0,False,winner,2.0,1300.0,True,7000,0.22177592421282985,0.6348618658843148,0.6408531348411108
1500.0,20.0,0.5,fixed,45.0,65.0,1.0,False,winner,2.0,1500.0,True,7000,0.22177616384063006,0.6347586126524238,0.6397079874033782
1500.0,20.0,0.25,online,55.0,65.0,2.0,True,winner,2.0,1300.0,False,7000,0.2217767257229369,0.6346591565220863,0.6381334096764959
1500.0,15.0,0.25,online,55.0,65.0,4.0,True,winner,,1500.0,False,7000,0.22177924746253969,0.634542348726336,0.6378471228170627
1500.0,30.0,0.5,online,55.0,65.0,0.5,False,winner,,1300.0,False,7000,0.2217798846456154,0.6348204988250243,0.6404237045519611
1500.0,30.0,0.5,fixed,55.0,65.0,1.0,False,winner,,1300.0,True,7000,0.22178077769173854,0.6347548975949074,0.6399942742628113
1500.0,25.0,0.25,online,55.0,65.0,0.5,False,winner,,1500.0,True,7000,0.22178156078467984,0.6351512011928272,0.643143429716576
1500.0,25.0,0.25,online,55.0,65.0,0.5,True,winner,2.0,1500.0,True,7000,0.22178264510922488,0.6346827821210295,0.6409962782708274
1500.0,30.0,0.5,online,55.0,65.0,1.0,False,winner,2.0,1500.0,False,7000,0.22178328239788248,0.6343677112190104,0.6379902662467792
1500.0,20.0,0.2,online,55.0,65.0,4.0,False,winner,,1500.0,True,7000,0.22178332270904164,0.634925848669069,0.6379902662467792
1500.0,20.0,0.15,online,55.0,65.0,0.5,False,winner,,1300.0,False,7000,0.2217854728098167,0.6352131853256611,0.6424277125679931
1500.0,15.0,0.3,fixed,65.0,65.0,1.0,False,winner,2.0,1500.0,True,7000,0.221785666440685,0.6346657526934856,0.6335528199255654
1500.0,20.0,0.3,fixed,35.0,65.0,1.0,False,winner,,1500.0,True,7000,0.2217864764581081,0.6344268216244299,0.6355568279415975
1500.0,30.0,0.35,online,55.0,65.0,0.5,False,winner,2.0,1500.0,True,7000,0.22178770273458173,0.6346127020726728,0.641425708559977
1500.0,25.0,0.25,online,55.0,65.0,0.5,True,winner,2.0,1500.0,False,7000,0.22179005640525748,0.6346341482884426,0.6407099914113942
1500.0,20.0,0.35,online,55.0,65.0,4.0,True,winner,2.0,1300.0,True,7000,0.22179022048818764,0.6346387409316095,0.6374176925279129
1500.0,15.0,0.25,online,55.0,65.0,0.5,False,winner,2.0,1300.0,True,7000,0.22179024367465308,0.6347572638044807,0.6328371027769826
1500.0,30.0,0.35,online,55.0,65.0,1.0,True,winner,2.0,1300.0,True,7000,0.2217904623032139,0.6348244569786394,0.6405668479816776
1500.0,20.0,0.2,online,55.0,65.0,4.0,False,winner,,1500.0,False,7000,0.2217919694459313,0.6348161054539843,0.6378471228170627
1500.0,20.0,0.3,fixed,35.0,65.0,1.0,False,winner,,1500.0,False,7000,0.22179207015210464,0.6343905873641357,0.6356999713713141
1500.0,25.0,0.3,online,55.0,65.0,2.0,True,winner,2.0,1500.0,True,7000,0.2217930130523036,0.6345947237637964,0.6407099914113942
1500.0,25.0,0.3,fixed,45.0,65.0,1.0,False,winner,,1300.0,False,7000,0.22179352917622386,0.6346841596304433,0.6407099914113942
1500.0,25.0,0.3,online,55.0,65.0,4.0,False,winner,,1500.0,True,7000,0.2217936523606564,0.6349996971166801,0.6424277125679931
1500.0,20.0,0.2,fixed,65.0,65.0,1.0,False,winner,2.0,1500.0,False,7000,0.22179611232489496,0.6346007478469767,0.6387059833953621
1500.0,25.0,0.25,online,55.0,65.0,1.0,False,winner,2.0,1500.0,True,7000,0.2217968446372576,0.6346957439206155,0.6411394217005439
1500.0,15.0,0.4,fixed,55.0,65.0,1.0,False,winner,2.0,1300.0,True,7000,0.22179777885475485,0.6350127811057145,0.6359862582307472
1500.0,15.0,0.25,fixed,35.0,65.0,1.0,False,winner,,1500.0,False,7000,0.22179785524589715,0.6345455565331455,0.638419696535929
1500.0,15.0,0.15,online,55.0,65.0,2.0,False,winner,,1500.0,True,7000,0.22179874451121753,0.634757963880825,0.6388491268250788
1500.0,25.0,0.25,online,55.0,65.0,2.0,False,winner,2.0,1300.0,False,7000,0.22179891472677055,0.6348014001467698,0.6399942742628113
1500.0,15.0,0.3,fixed,65.0,65.0,1.0,False,winner,2.0,1300.0,False,7000,0.2218037217732905,0.6348121510201763,0.6322645290581163
1500.0,20.0,0.5,online,55.0,65.0,4.0,False,winner,2.0,1300.0,True,7000,0.22180431215996121,0.6346715085197875,0.6356999713713141
1500.0,25.0,0.4,online,55.0,65.0,4.0,True,winner,2.0,1300.0,False,7000,0.2218054802330493,0.6346138639431057,0.6385628399656456
1500.0,15.0,0.35,fixed,55.0,65.0,1.0,False,winner,2.0,1500.0,True,7000,0.22180590393703858,0.6348837650775526,0.6379902662467792
1500.0,25.0,0.5,online,55.0,65.0,4.0,True,winner,,1500.0,True,7000,0.22180616773698755,0.6345518106847753,0.6392785571142284
1500.0,30.0,0.35,online,55.0,65.0,0.5,False,winner,2.0,1500.0,False,7000,0.2218073275492657,0.634600218776149,0.640137417692528
1500.0,15.0,0.35,fixed,55.0,65.0,1.0,False,winner,2.0,1300.0,False,7000,0.22180873712228144,0.6349842560470471,0.6365588319496135
1500.0,25.0,0.25,online,55.0,65.0,1.0,False,winner,2.0,1500.0,False,7000,0.22181144384320384,0.6346640960167421,0.640137417692528
1500.0,20.0,0.3,online,55.0,65.0,4.0,False,winner,2.0,1500.0,False,7000,0.22181180020758276,0.6345338239688492,0.6365588319496135
1500.0,15.0,0.35,online,55.0,65.0,0.5,True,winner,2.0,1300.0,True,7000,0.22181198168686764,0.6348756242733743,0.6328371027769826
1500.0,25.0,0.3,fixed,45.0,65.0,1.0,False,winner,,1300.0,True,7000,0.22181292566980312,0.6348374902984124,0.6389922702547953
1500.0,25.0,0.25,online,55.0,65.0,2.0,False,winner,,1300.0,False,7000,0.22181407800132022,0.6352819688541713,0.6404237045519611
1500.0,25.0,0.25,online,55.0,65.0,2.0,False,winner,,1300.0,True,7000,0.22181463266652007,0.6354673048441907,0.643143429716576
1500.0,20.0,0.15,online,55.0,65.0,0.5,False,winner,,1300.0,True,7000,0.22181595557691722,0.6354481347452771,0.6438591468651589
1500.0,30.0,0.35,online,55.0,65.0,1.0,True,winner,2.0,1300.0,False,7000,0.22181609034532954,0.634815310131693,0.6415688519896937
1500.0,20.0,0.15,fixed,65.0,65.0,1.0,False,winner,,1500.0,False,7000,0.22181656952966178,0.6350482560959744,0.6432865731462926
1500.0,20.0,0.4,online,55.0,65.0,4.0,True,winner,2.0,1300.0,True,7000,0.22181679876111335,0.6346856178453114,0.63670197537933
1500.0,30.0,0.5,online,55.0,65.0,1.0,True,winner,2.0,1500.0,True,7000,0.22181716459439063,0.6344774590646463,0.6379902662467792
1500.0,25.0,0.35,online,55.0,65.0,4.0,True,winner,2.0,1300.0,True,7000,0.22181774585900205,0.6347347206175336,0.6405668479816776
1500.0,30.0,0.5,online,55.0,65.0,2.0,True,winner,2.0,1300.0,True,7000,0.22181818857144137,0.6346103143946472,0.6371314056684798
1500.0,15.0,0.35,online,55.0,65.0,1.0,False,winner,2.0,1300.0,True,7000,0.22181898449307677,0.6349005405977197,0.6324076724878328
1500.0,20.0,0.2,fixed,55.0,65.0,1.0,False,winner,2.0,1500.0,True,7000,0.22181962277795617,0.6346309244554259,0.6389922702547953
1500.0,30.0,0.35,online,55.0,65.0,2.0,False,winner,2.0,1300.0,True,7000,0.22182186342317814,0.6348627756811629,0.6405668479816776
1500.0,30.0,0.4,online,55.0,65.0,1.0,True,winner,2.0,1500.0,True,7000,0.22182226969049668,0.6346252664726227,0.6389922702547953
1500.0,30.0,0.4,online,55.0,65.0,2.0,True,winner,2.0,1300.0,True,7000,0.22182288117092824,0.6347882174135872,0.6408531348411108
1500.0,25.0,0.3,online,55.0,65.0,4.0,False,winner,,1500.0,False,7000,0.22182315597629523,0.6349243315532875,0.6398511308330948
1500.0,30.0,0.4,fixed,65.0,65.0,1.0,False,winner,,1300.0,True,7000,0.22182357287368676,0.6352536050248613,0.6419982822788434
1500.0,20.0,0.2,fixed,45.0,65.0,1.0,False,winner,,1500.0,False,7000,0.22182395667136698,0.6346148399357348,0.6368451188090467
1500.0,20.0,0.2,online,55.0,65.0,0.5,True,winner,2.0,1300.0,False,7000,0.22182532797932084,0.6348432606756794,0.638419696535929
1500.0,15.0,0.15,online,55.0,65.0,1.0,True,winner,,1300.0,False,7000,0.22182573468513758,0.6349942046631034,0.638419696535929
1500.0,25.0,0.3,online,55.0,65.0,2.0,True,winner,2.0,1500.0,False,7000,0.22182871955131078,0.6346261404711543,0.6397079874033782
1500.0,30.0,0.5,fixed,65.0,65.0,1.0,False,winner,,1500.0,False,7000,0.22182976361619675,0.6348010636287277,0.6374176925279129
1500.0,20.0,0.2,online,55.0,65.0,0.5,False,winner,2.0,1500.0,True,7000,0.22183128001105745,0.6347189843303994,0.639421700543945
1500.0,20.0,0.5,online,55.0,65.0,1.0,True,winner,2.0,1500.0,False,7000,0.22183654253540136,0.6346946084345984,0.6348411107930146
1500.0,30.0,0.35,fixed,55.0,65.0,1.0,False,winner,2.0,1500.0,True,7000,0.22183666287705525,0.6346202745669627,0.6407099914113942
1500.0,20.0,0.15,fixed,55.0,65.0,1.0,False,winner,,1300.0,False,7000,0.2218380823353546,0.6351090151843508,0.6411394217005439
1500.0,30.0,0.5,online,55.0,65.0,0.5,True,winner,,1300.0,True,7000,0.22183834062609012,0.6351489067356862,0.6385628399656456
1500.0,20.0,0.25,fixed,45.0,65.0,1.0,False,winner,2.0,1500.0,True,7000,0.2218386612725078,0.6346383262545817,0.6385628399656456
1500.0,25.0,0.25,online,55.0,65.0,1.0,False,winner,,1500.0,False,7000,0.22184151626818902,0.6351417652309829,0.6411394217005439
1500.0,25.0,0.25,fixed,55.0,65.0,1.0,False,winner,,1500.0,False,7000,0.22184236284359474,0.6348940805122752,0.6407099914113942
1500.0,15.0,0.3,online,55.0,65.0,0.5,False,winner,2.0,1500.0,True,7000,0.22184389392252343,0.6348187225885888,0.6341253936444318
1500.0,30.0,0.35,fixed,55.0,65.0,1.0,False,winner,2.0,1500.0,False,7000,0.2218446500165412,0.6345997408231852,0.6404237045519611
1500.0,20.0,0.2,online,55.0,65.0,1.0,False,winner,2.0,1300.0,False,7000,0.22184555194071226,0.6348753628313547,0.6378471228170627
1500.0,30.0,0.5,online,55.0,65.0,2.0,False,winner,2.0,1500.0,True,7000,0.2218459663740028,0.6345196245416778,0.6378471228170627
1500.0,15.0,0.25,fixed,55.0,65.0,1.0,False,winner,2.0,1500.0,True,7000,0.22184697331399583,0.6348205508400955,0.6364156885198969
1500.0,20.0,0.5,online,55.0,65.0,2.0,True,winner,2.0,1300.0,False,7000,0.22184741644772815,0.6347858001131399,0.6351273976524477
1500.0,15.0,0.3,online,55.0,65.0,0.5,False,winner,2.0,1300.0,False,7000,0.2218515428179883,0.6349561979754952,0.6326939593472659
1500.0,30.0,0.35,online,55.0,65.0,0.5,True,winner,2.0,1500.0,True,7000,0.22185166799022435,0.6347929574274866,0.6402805611222445
1500.0,30.0,0.4,online,55.0,65.0,2.0,False,winner,2.0,1500.0,True,7000,0.22185215411254336,0.6346644557427552,0.6395648439736616
1500.0,30.0,0.5,fixed,55.0,65.0,1.0,False,winner,,1300.0,False,7000,0.22185546249136048,0.6348616253258371,0.6389922702547953
1500.0,15.0,0.25,fixed,65.0,65.0,1.0,False,winner,2.0,1500.0,True,7000,0.22185546566616288,0.6347741625551724,0.6345548239335814
1500.0,25.0,0.5,online,55.0,65.0,4.0,False,winner,2.0,1500.0,False,7000,0.22185711075131218,0.6345240772259544,0.6389922702547953
1500.0,15.0,0.15,online,55.0,65.0,2.0,False,winner,,1500.0,False,7000,0.22185713385193795,0.6348188924169809,0.6361294016604638
1500.0,30.0,0.35,online,55.0,65.0,2.0,False,winner,2.0,1300.0,False,7000,0.22185810859317248,0.634877310730094,0.6418551388491268
1500.0,20.0,0.15,fixed,65.0,65.0,1.0,False,winner,,1500.0,True,7000,0.2218581265743793,0.6352741882240399,0.6424277125679931
1500.0,25.0,0.25,online,55.0,65.0,1.0,False,winner,,1500.0,True,7000,0.22185843249239795,0.6353580695255859,0.6418551388491268
1500.0,15.0,0.35,fixed,65.0,65.0,1.0,False,winner,2.0,1500.0,True,7000,0.22185844080783065,0.6348775905293582,0.6324076724878328
1500.0,15.0,0.35,fixed,65.0,65.0,1.0,False,winner,2.0,1300.0,False,7000,0.22185895839927844,0.6349759212803503,0.6326939593472659
1500.0,30.0,0.5,online,55.0,65.0,1.0,False,winner,,1300.0,False,7000,0.2218590010857708,0.6350156427385664,0.6392785571142284
1500.0,30.0,0.5,online,55.0,65.0,0.5,False,winner,,1500.0,True,7000,0.22186175408621822,0.6349585679725644,0.6409962782708274
1500.0,15.0,0.4,fixed,65.0,65.0,1.0,False,winner,2.0,1300.0,True,7000,0.2218632814647727,0.6350176953402199,0.6312625250501002
1500.0,25.0,0.3,fixed,45.0,65.0,1.0,False,winner,2.0,1500.0,True,7000,0.22186418064467384,0.6346234264646854,0.6392785571142284
1500.0,30.0,0.4,fixed,65.0,65.0,1.0,False,winner,,1300.0,False,7000,0.22186503211165406,0.6352429067415774,0.6395648439736616
1500.0,20.0,0.2,online,55.0,65.0,2.0,True,winner,,1500.0,True,7000,0.2218651142918281,0.6352177477332416,0.6398511308330948
1500.0,15.0,0.25,online,55.0,65.0,0.5,True,winner,2.0,1300.0,True,7000,0.2218656707870514,0.6349203862189264,0.6334096764958489
1500.0,30.0,0.4,online,55.0,65.0,1.0,True,winner,2.0,1500.0,False,7000,0.2218659267393574,0.6346770400240541,0.6405668479816776
1500.0,20.0,0.25,online,55.0,65.0,2.0,True,winner,2.0,1500.0,True,7000,0.22186679879296206,0.6347358427957456,0.6389922702547953
1500.0,30.0,0.35,online,55.0,65.0,0.5,True,winner,2.0,1500.0,False,7000,0.22186722875130435,0.6347666495062855,0.6415688519896937
1500.0,30.0,0.35,online,55.0,65.0,1.0,False,winner,2.0,1500.0,True,7000,0.22186753853173571,0.6348047172059951,0.641425708559977
1500.0,20.0,0.2,fixed,45.0,65.0,1.0,False,winner,,1500.0,True,7000,0.22186898740083044,0.6348159146930102,0.6377039793873461
1500.0,25.0,0.3,online,55.0,65.0,4.0,False,winner,2.0,1500.0,True,7000,0.2218697150800102,0.634738642962117,0.6409962782708274
1500.0,25.0,0.35,online,55.0,65.0,4.0,True,winner,2.0,1300.0,False,7000,0.22186983387722617,0.6348223265303878,0.6391354136845119
1500.0,20.0,0.25,online,55.0,65.0,4.0,False,winner,2.0,1300.0,False,7000,0.22187019539540032,0.6348406798392393,0.6372745490981964
1500.0,20.0,0.15,online,55.0,65.0,1.0,False,winner,,1300.0,False,7000,0.22187145737213557,0.6354341798272256,0.6424277125679931
1500.0,30.0,0.4,online,55.0,65.0,2.0,True,winner,2.0,1300.0,False,7000,0.22187311633927115,0.6348498296205775,0.6409962782708274
1500.0,20.0,0.2,fixed,55.0,65.0,1.0,False,winner,2.0,1500.0,False,7000,0.22187368172327185,0.634728813426289,0.6388491268250788
1500.0,20.0,0.5,online,55.0,65.0,2.0,False,winner,2.0,1500.0,False,7000,0.2218740009514197,0.6347745566003056,0.6338391067849986
1500.0,15.0,0.25,online,55.0,65.0,1.0,False,winner,2.0,1300.0,True,7000,0.2218745718316249,0.6349422723060925,0.633695963355282
1500.0,20.0,0.25,online,55.0,65.0,4.0,True,winner,,1500.0,True,7000,0.22187568582361789,0.6350531257635058,0.6391354136845119
1500.0,20.0,0.2,online,55.0,65.0,2.0,True,winner,,1500.0,False,7000,0.22187764331632062,0.6351234234878671,0.6377039793873461
1500.0,30.0,0.3,online,55.0,65.0,0.5,False,winner,2.0,1300.0,False,7000,0.2218777916226779,0.6350454336076764,0.641425708559977
1500.0,25.0,0.35,online,55.0,65.0,4.0,True,winner,,1300.0,True,7000,0.22187855388028416,0.635310894768505,0.6419982822788434
1500.0,30.0,0.3,online,55.0,65.0,0.5,False,winner,2.0,1300.0,True,7000,0.22187940874969822,0.6351313485365779,0.640137417692528
1500.0,15.0,0.5,online,55.0,65.0,4.0,True,winner,,1500.0,False,7000,0.22187988224769867,0.634733680723714,0.6365588319496135
1500.0,25.0,0.3,online,55.0,65.0,2.0,True,winner,,1500.0,True,7000,0.2218810350481153,0.6353057701707002,0.6435728600057258
1500.0,20.0,0.35,online,55.0,65.0,4.0,True,winner,2.0,1300.0,False,7000,0.22188229287534655,0.6348387802721787,0.6348411107930146
1500.0,25.0,0.3,fixed,45.0,65.0,1.0,False,winner,2.0,1500.0,False,7000,0.22188310977615028,0.634640676467642,0.6389922702547953
1500.0,15.0,0.25,fixed,55.0,65.0,1.0,False,winner,2.0,1300.0,False,7000,0.22188453991875604,0.6350153357460808,0.6356999713713141
1500.0,15.0,0.15,fixed,45.0,65.0,1.0,False,winner,,1300.0,True,7000,0.22188526610067752,0.6349499456589225,0.6379902662467792
1500.0,25.0,0.25,fixed,55.0,65.0,1.0,False,winner,,1500.0,True,7000,0.22188674795190996,0.6351350889245985,0.6391354136845119
1500.0,20.0,0.3,online,55.0,65.0,4.0,True,winner,2.0,1300.0,True,7000,0.22188712221965085,0.634887851107947,0.6364156885198969
1500.0,25.0,0.4,online,55.0,65.0,4.0,True,winner,,1500.0,True,7000,0.22188859803831396,0.6349749149724371,0.6395648439736616
1500.0,20.0,0.15,fixed,55.0,65.0,1.0,False,winner,,1300.0,True,7000,0.2218909609332057,0.6353637142962996,0.6404237045519611
1500.0,30.0,0.35,online,55.0,65.0,1.0,False,winner,2.0,1500.0,False,7000,0.2218910046548788,0.6347974205798335,0.641425708559977
1500.0,20.0,0.2,online,55.0,65.0,0.5,False,winner,2.0,1500.0,False,7000,0.22189259202165282,0.6348186203996566,0.640137417692528
1500.0,20.0,0.2,online,55.0,65.0,1.0,True,winner,2.0,1300.0,True,7000,0.22189363094364306,0.6350486098534961,0.6368451188090467
1500.0,30.0,0.5,online,55.0,65.0,4.0,False,winner,2.0,1300.0,True,7000,0.2218937019008566,0.6347529202127714,0.6379902662467792
1500.0,15.0,0.25,fixed,65.0,65.0,1.0,False,winner,2.0,1300.0,False,7000,0.22189455270881558,0.6349759387549561,0.631978242198683
1500.0,30.0,0.5,online,55.0,65.0,1.0,True,winner,2.0,1500.0,False,7000,0.22189495989997002,0.6346292910766014,0.6378471228170627
1500.0,30.0,0.5,online,55.0,65.0,2.0,False,winner,,1300.0,True,7000,0.22189559938200856,0.6352060737986543,0.6377039793873461
1500.0,15.0,0.35,online,55.0,65.0,0.5,False,winner,2.0,1300.0,False,7000,0.22189563361912873,0.6351068091117753,0.634697967363298
1500.0,15.0,0.15,online,55.0,65.0,1.0,True,winner,,1500.0,True,7000,0.22189612255325736,0.6350398459192492,0.6372745490981964
1500.0,20.0,0.15,online,55.0,65.0,1.0,False,winner,,1300.0,True,7000,0.22189737691326217,0.6356623684796241,0.6422845691382766
1500.0,25.0,0.5,online,55.0,65.0,4.0,True,winner,2.0,1300.0,True,7000,0.22189861456219614,0.6347596786758418,0.6365588319496135
1500.0,30.0,0.4,online,55.0,65.0,4.0,False,winner,2.0,1300.0,True,7000,0.22189932970683673,0.6349282582445058,0.6417119954194103
1500.0,15.0,0.3,online,55.0,65.0,1.0,True,winner,2.0,1300.0,True,7000,0.22190069987769895,0.6350221676358165,0.6324076724878328
1500.0,20.0,0.25,fixed,45.0,65.0,1.0,False,winner,2.0,1500.0,False,7000,0.22190120799324659,0.6347695239318274,0.6361294016604638
1500.0,30.0,0.5,online,55.0,65.0,2.0,True,winner,2.0,1300.0,False,7000,0.22190124190512314,0.6347676892082605,0.6362725450901804
1500.0,15.0,0.4,online,55.0,65.0,0.5,False,winner,2.0,1300.0,True,7000,0.22190134006736523,0.6351396591348738,0.6341253936444318
1500.0,20.0,0.5,fixed,45.0,65.0,1.0,False,winner,2.0,1500.0,False,7000,0.22190179139167546,0.6350420387173701,0.6399942742628113
1500.0,15.0,0.2,online,55.0,65.0,4.0,True,winner,,1300.0,True,7000,0.22190330130601482,0.6351264076947797,0.638419696535929
1500.0,20.0,0.2,online,55.0,65.0,0.5,True,winner,2.0,1500.0,True,7000,0.221904738734145,0.6349051794913955,0.6382765531062125
1500.0,15.0,0.35,online,55.0,65.0,0.5,False,winner,2.0,1500.0,True,7000,0.22190557491519608,0.6350132044992629,0.6335528199255654
1500.0,25.0,0.25,online,55.0,65.0,1.0,True,winner,,1300.0,True,7000,0.2219059787121322,0.6357894412205094,0.6437160034354423
1500.0,30.0,0.4,online,55.0,65.0,2.0,False,winner,2.0,1500.0,False,7000,0.22190617482727798,0.6347395476396479,0.6415688519896937
1500.0,25.0,0.25,online,55.0,65.0,1.0,True,winner,,1300.0,False,7000,0.2219072654936853,0.6356094114885783,0.641425708559977
1500.0,25.0,0.25,online,55.0,65.0,0.5,True,winner,,1500.0,False,7000,0.22191104695528097,0.6353962611101126,0.6405668479816776
1500.0,15.0,0.3,fixed,55.0,65.0,1.0,False,winner,2.0,1500.0,False,7000,0.2219137982287468,0.635057092999487,0.6359862582307472
1500.0,30.0,0.5,fixed,45.0,65.0,1.0,False,winner,2.0,1300.0,True,7000,0.22191579681441403,0.6347766728615206,0.6379902662467792
1500.0,20.0,0.4,online,55.0,65.0,4.0,True,winner,2.0,1300.0,False,7000,0.22191584086635482,0.6349058906921601,0.6342685370741483
1500.0,25.0,0.3,online,55.0,65.0,2.0,True,winner,,1500.0,False,7000,0.22191598428342618,0.6352492732375311,0.6419982822788434
1500.0,25.0,0.25,online,55.0,65.0,1.0,True,winner,2.0,1500.0,True,7000,0.22191669256586247,0.6349976916479511,0.6427139994274262
1500.0,15.0,0.15,fixed,45.0,65.0,1.0,False,winner,,1300.0,False,7000,0.2219167351806685,0.6349718887546355,0.6399942742628113
1500.0,20.0,0.2,online,55.0,65.0,1.0,False,winner,2.0,1500.0,True,7000,0.22191714392414041,0.6349210203767305,0.6379902662467792
1500.0,25.0,0.2,fixed,65.0,65.0,1.0,False,winner,2.0,1300.0,False,7000,0.2219177707612104,0.635204204000885,0.6407099914113942
1500.0,25.0,0.3,online,55.0,65.0,4.0,False,winner,2.0,1500.0,False,7000,0.22191812460418736,0.6347969441248162,0.6402805611222445
1500.0,15.0,0.3,online,55.0,65.0,0.5,True,winner,2.0,1300.0,False,7000,0.2219182901212665,0.6350899343494526,0.6329802462066991
1500.0,25.0,0.5,online,55.0,65.0,4.0,True,winner,,1500.0,False,7000,0.2219188386492047,0.63476159678738,0.639421700543945
1500.0,20.0,0.25,online,55.0,65.0,4.0,True,winner,,1500.0,False,7000,0.22192080654995686,0.6350807075581917,0.6397079874033782
1500.0,15.0,0.3,online,55.0,65.0,0.5,True,winner,2.0,1500.0,True,7000,0.22192190957501043,0.6349765687292134,0.6335528199255654
1500.0,15.0,0.15,online,55.0,65.0,4.0,False,winner,,1300.0,True,7000,0.22192233112460658,0.6352135519698453,0.6377039793873461
1500.0,20.0,0.2,online,55.0,65.0,2.0,False,winner,2.0,1300.0,True,7000,0.22192400268017587,0.6350957633788712,0.6378471228170627
1500.0,30.0,0.5,online,55.0,65.0,0.5,True,winner,,1300.0,False,7000,0.22192411126883754,0.635247280515615,0.638419696535929
1500.0,25.0,0.2,fixed,65.0,65.0,1.0,False,winner,2.0,1300.0,True,7000,0.22192434270139952,0.6352835255818777,0.6389922702547953
1500.0,15.0,0.25,online,55.0,65.0,0.5,False,winner,2.0,1500.0,True,7000,0.2219245913791377,0.6349454230316374,0.6341253936444318
1500.0,30.0,0.4,online,55.0,65.0,0.5,False,winner,,1300.0,True,7000,0.22192498117892742,0.635553560481294,0.6415688519896937
1500.0,15.0,0.3,online,55.0,65.0,2.0,False,winner,2.0,1300.0,True,7000,0.22192809674844105,0.6350802551657622,0.6324076724878328
1500.0,25.0,0.25,online,55.0,65.0,1.0,True,winner,2.0,1500.0,False,7000,0.22192849755047564,0.6349550061011526,0.6409962782708274
1500.0,15.0,0.3,online,55.0,65.0,1.0,False,winner,2.0,1500.0,True,7000,0.22192954188257524,0.6350003795465621,0.6334096764958489
1500.0,25.0,0.5,fixed,35.0,65.0,1.0,False,winner,,1300.0,True,7000,0.22192968212147005,0.6348042560792392,0.6389922702547953
1500.0,25.0,0.25,online,55.0,65.0,0.5,True,winner,,1500.0,True,7000,0.22193116392137732,0.6356231682767464,0.6419982822788434
1500.0,20.0,0.15,online,55.0,65.0,0.5,False,winner,,1500.0,False,7000,0.22193401802452992,0.6353501465312972,0.6419982822788434
1500.0,30.0,0.5,online,55.0,65.0,2.0,False,winner,2.0,1500.0,False,7000,0.2219350952562152,0.6346961959874594,0.6378471228170627
1500.0,30.0,0.3,online,55.0,65.0,0.5,True,winner,2.0,1300.0,False,7000,0.22193575689864248,0.6352198356059677,0.6425708559977097
1500.0,15.0,0.3,online,55.0,65.0,1.0,False,winner,2.0,1300.0,False,7000,0.22193657768266234,0.6351352179795393,0.6344116805038649
1500.0,30.0,0.5,online,55.0,65.0,1.0,False,winner,,1500.0,True,7000,0.22193682464621367,0.6351480891359388,0.6408531348411108
1500.0,20.0,0.5,online,55.0,65.0,4.0,False,winner,2.0,1300.0,False,7000,0.22193939194597162,0.6349740928243803,0.6362725450901804
1500.0,25.0,0.25,online,55.0,65.0,2.0,True,winner,2.0,1300.0,True,7000,0.22193957700070632,0.635237076438153,0.6407099914113942
1500.0,30.0,0.3,fixed,55.0,65.0,1.0,False,winner,2.0,1300.0,False,7000,0.22193970831868964,0.6350491167106642,0.6398511308330948
1500.0,20.0,0.25,online,55.0,65.0,2.0,True,winner,2.0,1500.0,False,7000,0.22193985996673077,0.634871116511915,0.6375608359576296
1500.0,30.0,0.3,online,55.0,65.0,0.5,True,winner,2.0,1300.0,True,7000,0.2219409203830574,0.6353188812110683,0.6419982822788434
1500.0,20.0,0.5,online,55.0,65.0,2.0,True,winner,2.0,1500.0,True,7000,0.22194153166776381,0.6348859852600577,0.6364156885198969
1500.0,30.0,0.5,fixed,55.0,65.0,1.0,False,winner,,1500.0,True,7000,0.2219423683086897,0.634992909962998,0.6389922702547953
1500.0,30.0,0.3,fixed,65.0,65.0,1.0,False,winner,2.0,1500.0,False,7000,0.22194275646812445,0.6350246311037604,0.6412825651302605
1500.0,20.0,0.15,online,55.0,65.0,0.5,True,winner,,1300.0,False,7000,0.22194306760536311,0.6356840770193288,0.6418551388491268
1500.0,20.0,0.25,online,55.0,65.0,4.0,False,winner,2.0,1500.0,True,7000,0.22194499632610165,0.6348866767695833,0.6389922702547953
1500.0,30.0,0.5,online,55.0,65.0,0.5,False,winner,,1500.0,False,7000,0.22194608137151733,0.6350634119468009,0.6404237045519611
1500.0,25.0,0.25,online,55.0,65.0,2.0,False,winner,2.0,1500.0,True,7000,0.22194642828879496,0.6350386168167118,0.6419982822788434
1500.0,15.0,0.35,online,55.0,65.0,1.0,True,winner,2.0,1300.0,True,7000,0.2219464433528214,0.6351616138038176,0.6328371027769826
1500.0,25.0,0.35,online,55.0,65.0,4.0,True,winner,,1300.0,False,7000,0.22195026000750853,0.6353831615175363,0.6415688519896937
1500.0,25.0,0.4,online,55.0,65.0,4.0,True,winner,2.0,1500.0,True,7000,0.22195054823634694,0.6348043971161753,0.6381334096764959
1500.0,15.0,0.3,fixed,65.0,65.0,1.0,False,winner,2.0,1500.0,False,7000,0.2219509910833975,0.6350405055961564,0.6328371027769826
1500.0,15.0,0.15,online,55.0,65.0,1.0,True,winner,,1500.0,False,7000,0.2219515578718522,0.6350954273765985,0.6374176925279129
1500.0,15.0,0.25,online,55.0,65.0,0.5,False,winner,2.0,1300.0,False,7000,0.22195332677363402,0.6351334349997363,0.6329802462066991
1500.0,25.0,0.3,fixed,45.0,65.0,1.0,False,winner,,1500.0,False,7000,0.2219543641821381,0.6348941628805566,0.6397079874033782
1500.0,30.0,0.3,fixed,65.0,65.0,1.0,False,winner,2.0,1500.0,True,7000,0.2219548253895927,0.6351095988066625,0.6399942742628113
1500.0,30.0,0.3,fixed,55.0,65.0,1.0,False,winner,2.0,1300.0,True,7000,0.22195586506773243,0.6351437801570757,0.6408531348411108
1500.0,30.0,0.3,online,55.0,65.0,1.0,False,winner,2.0,1300.0,True,7000,0.22195775227901346,0.6353280583731782,0.6395648439736616
1500.0,15.0,0.3,fixed,45.0,65.0,1.0,False,winner,2.0,1300.0,True,7000,0.22195807060764394,0.6352983031395076,0.6388491268250788
1500.0,30.0,0.3,online,55.0,65.0,1.0,False,winner,2.0,1300.0,False,7000,0.22196036831972932,0.6352476405290074,0.6405668479816776
1500.0,20.0,0.2,online,55.0,65.0,0.5,True,winner,2.0,1500.0,False,7000,0.2219606046431261,0.6349884109064962,0.6379902662467792
1500.0,25.0,0.25,online,55.0,65.0,2.0,True,winner,2.0,1300.0,False,7000,0.22196063898237178,0.6352119984391214,0.6395648439736616
1500.0,15.0,0.35,online,55.0,65.0,0.5,True,winner,2.0,1300.0,False,7000,0.22196238643389546,0.6352342103930188,0.6335528199255654
1500.0,20.0,0.2,online,55.0,65.0,1.0,True,winner,2.0,1300.0,False,7000,0.22196307816896432,0.6351570952293683,0.6354136845118808
1500.0,30.0,0.4,online,55.0,65.0,4.0,False,winner,2.0,1300.0,False,7000,0.2219634133238365,0.6350191569230371,0.6407099914113942
1500.0,15.0,0.4,fixed,55.0,65.0,1.0,False,winner,2.0,1300.0,False,7000,0.22196492337368132,0.6353903061131082,0.6356999713713141
1500.0,25.0,0.25,online,55.0,65.0,2.0,False,winner,2.0,1500.0,False,7000,0.22196760707027444,0.6350168590881956,0.6402805611222445
1500.0,15.0,0.35,fixed,55.0,65.0,1.0,False,winner,2.0,1500.0,False,7000,0.22196786975935429,0.6352526897927097,0.6358431148010306
1500.0,20.0,0.3,online,55.0,65.0,4.0,True,winner,2.0,1300.0,False,7000,0.22197059479577916,0.6350610395970075,0.634697967363298
1500.0,20.0,0.15,online,55.0,65.0,0.5,False,winner,,1500.0,True,7000,0.22197255025945645,0.635602893769057,0.6435728600057258
1500.0,15.0,0.35,online,55.0,65.0,2.0,False,winner,2.0,1300.0,True,7000,0.22197285231454075,0.6352206606952274,0.631978242198683
1500.0,20.0,0.15,online,55.0,65.0,0.5,True,winner,,1300.0,True,7000,0.2219732694920751,0.6359235551710787,0.6418551388491268
1500.0,25.0,0.4,online,55.0,65.0,4.0,True,winner,,1500.0,False,7000,0.22197491988053206,0.6351005668378968,0.6402805611222445
1500.0,15.0,0.4,fixed,55.0,65.0,1.0,False,winner,2.0,1500.0,True,7000,0.2219761306686576,0.6353300424876686,0.6356999713713141
1500.0,30.0,0.4,online,55.0,65.0,0.5,False,winner,,1300.0,False,7000,0.2219762896285031,0.6355306870754129,0.641425708559977
1500.0,15.0,0.35,fixed,45.0,65.0,1.0,False,winner,2.0,1300.0,True,7000,0.22197741357363435,0.6354278888258728,0.6372745490981964
1500.0,15.0,0.4,online,55.0,65.0,0.5,True,winner,2.0,1300.0,True,7000,0.22197830440118466,0.6352847592286,0.631978242198683
1500.0,25.0,0.3,fixed,45.0,65.0,1.0,False,winner,,1500.0,True,7000,0.22197885033171827,0.6350564118733432,0.6378471228170627
1500.0,20.0,0.2,online,55.0,65.0,1.0,False,winner,2.0,1500.0,False,7000,0.22198012436312628,0.6350207675973378,0.6379902662467792
1500.0,20.0,0.15,fixed,55.0,65.0,1.0,False,winner,,1500.0,False,7000,0.22198023660539343,0.63524471005783,0.6398511308330948
1500.0,15.0,0.35,online,55.0,65.0,1.0,False,winner,2.0,1300.0,False,7000,0.22198048358314243,0.6352819014558895,0.6345548239335814
1500.0,30.0,0.35,online,55.0,65.0,1.0,True,winner,2.0,1500.0,True,7000,0.22198141441046598,0.635099579035345,0.640137417692528
1500.0,30.0,0.4,fixed,45.0,65.0,1.0,False,winner,2.0,1300.0,True,7000,0.22198194489710626,0.6349666223095981,0.6381334096764959
1500.0,30.0,0.35,online,55.0,65.0,2.0,True,winner,2.0,1300.0,True,7000,0.22198326265567578,0.635283358070463,0.6422845691382766
1500.0,15.0,0.35,online,55.0,65.0,0.5,True,winner,2.0,1500.0,True,7000,0.22198429055199903,0.6351658628106275,0.6334096764958489
1500.0,15.0,0.4,online,55.0,65.0,1.0,False,winner,2.0,1300.0,True,7000,0.22198439979821186,0.6353104547902187,0.6344116805038649
1500.0,25.0,0.5,online,55.0,65.0,4.0,True,winner,2.0,1300.0,False,7000,0.2219869360210515,0.6349477692651662,0.6362725450901804
1500.0,25.0,0.25,online,55.0,65.0,2.0,False,winner,,1500.0,False,7000,0.22198721092296417,0.6354931346691265,0.6392785571142284
1500.0,30.0,0.5,fixed,45.0,65.0,1.0,False,winner,2.0,1300.0,False,7000,0.22198889072686256,0.634928466810217,0.6385628399656456
1500.0,15.0,0.2,fixed,65.0,65.0,1.0,False,winner,2.0,1300.0,True,7000,0.22199042745336317,0.6351635709077089,0.6352705410821643
1500.0,15.0,0.35,online,55.0,65.0,1.0,False,winner,2.0,1500.0,True,7000,0.22199086087664593,0.6351905455883095,0.6326939593472659
1500.0,30.0,0.5,online,55.0,65.0,4.0,False,winner,2.0,1300.0,False,7000,0.22199153421184467,0.6349409128178773,0.6371314056684798
1500.0,30.0,0.4,fixed,65.0,65.0,1.0,False,winner,,1500.0,True,7000,0.22199329792728487,0.6354892850724421,0.6411394217005439
1500.0,30.0,0.5,online,55.0,65.0,1.0,True,winner,,1300.0,True,7000,0.22199336477393963,0.6355199822542403,0.640137417692528
1500.0,25.0,0.25,online,55.0,65.0,2.0,False,winner,,1500.0,True,7000,0.22199430386050178,0.6356903219811668,0.6425708559977097
1500.0,20.0,0.35,online,55.0,65.0,4.0,True,winner,2.0,1500.0,True,7000,0.2219945576732695,0.6349474490519293,0.6369882622387633
1500.0,15.0,0.2,online,55.0,65.0,4.0,True,winner,,1300.0,False,7000,0.22199692030499427,0.6353050504939776,0.6382765531062125
1500.0,15.0,0.15,online,55.0,65.0,2.0,True,winner,,1300.0,True,7000,0.22199693254233885,0.6354736053594479,0.6371314056684798
1500.0,15.0,0.3,online,55.0,65.0,0.5,False,winner,2.0,1500.0,False,7000,0.22199708125411377,0.6351821971057772,0.6329802462066991
1500.0,30.0,0.4,online,55.0,65.0,1.0,False,winner,,1300.0,True,7000,0.22199724899605047,0.6357492988248152,0.6391354136845119
1500.0,30.0,0.5,online,55.0,65.0,2.0,False,winner,,1300.0,False,7000,0.22199956731039042,0.6353443766251544,0.6385628399656456
1500.0,15.0,0.15,online,55.0,65.0,4.0,False,winner,,1300.0,False,7000,0.22200087170316418,0.635315247296438,0.6372745490981964
1500.0,15.0,0.25,online,55.0,65.0,1.0,True,winner,2.0,1300.0,True,7000,0.22200148227150918,0.6352169230848451,0.6318350987689665
1500.0,15.0,0.25,online,55.0,65.0,0.5,True,winner,2.0,1500.0,True,7000,0.22200223055138618,0.6351103989514936,0.6342685370741483
1500.0,30.0,0.35,online,55.0,65.0,1.0,True,winner,2.0,1500.0,False,7000,0.22200261632392598,0.6350822491655079,0.6407099914113942
1500.0,15.0,0.25,fixed,55.0,65.0,1.0,False,winner,2.0,1500.0,False,7000,0.22200301106687423,0.6351766340178713,0.6364156885198969
1500.0,20.0,0.2,online,55.0,65.0,2.0,False,winner,2.0,1300.0,False,7000,0.22200355150230028,0.635225860544858,0.6362725450901804
1500.0,15.0,0.15,fixed,45.0,65.0,1.0,False,winner,,1500.0,True,7000,0.22200377033533947,0.6350557747540913,0.6372745490981964
1500.0,25.0,0.5,fixed,35.0,65.0,1.0,False,winner,,1300.0,False,7000,0.22200515909876928,0.6349385616484307,0.6379902662467792
1500.0,25.0,0.2,fixed,65.0,65.0,1.0,False,winner,,1300.0,False,7000,0.22200891926368735,0.6358962597073445,0.6427139994274262
1500.0,15.0,0.25,online,55.0,65.0,1.0,False,winner,2.0,1500.0,True,7000,0.22201092539839637,0.635132783069361,0.6341253936444318
1500.0,30.0,0.5,online,55.0,65.0,0.5,True,winner,,1500.0,True,7000,0.22201135107605685,0.6354024620976723,0.6377039793873461
1500.0,20.0,0.25,fixed,35.0,65.0,1.0,False,winner,,1300.0,False,7000,0.22201173692492343,0.6350570491803275,0.6382765531062125
1500.0,30.0,0.35,online,55.0,65.0,2.0,False,winner,2.0,1500.0,True,7000,0.22201179325949677,0.6351368950151064,0.6402805611222445
1500.0,30.0,0.35,online,55.0,65.0,2.0,True,winner,2.0,1300.0,False,7000,0.22201189379098643,0.635278725757295,0.6424277125679931
1500.0,15.0,0.2,fixed,55.0,65.0,1.0,False,winner,2.0,1300.0,True,7000,0.22201211031210102,0.6352349620838555,0.6358431148010306
1500.0,25.0,0.4,online,55.0,65.0,4.0,True,winner,2.0,1500.0,False,7000,0.222013950734282,0.6349285409006993,0.638419696535929
1500.0,30.0,0.5,fixed,55.0,65.0,1.0,False,winner,,1500.0,False,7000,0.222014009108735,0.6350945919573088,0.6388491268250788
1500.0,30.0,0.4,fixed,45.0,65.0,1.0,False,winner,2.0,1300.0,False,7000,0.22201403333592917,0.6350117507457983,0.640137417692528
1500.0,20.0,0.5,online,55.0,65.0,4.0,False,winner,2.0,1500.0,True,7000,0.222015770112082,0.6350404107437371,0.6354136845118808
1500.0,25.0,0.25,online,55.0,65.0,4.0,False,winner,2.0,1300.0,True,7000,0.2220178485124172,0.6353811211913937,0.6415688519896937
1500.0,25.0,0.3,online,55.0,65.0,4.0,True,winner,2.0,1300.0,True,7000,0.22201804187871835,0.6352955740836805,0.6407099914113942
1500.0,15.0,0.25,fixed,65.0,65.0,1.0,False,winner,2.0,1500.0,False,7000,0.2220194103069867,0.6351447787269754,0.6329802462066991
1500.0,30.0,0.5,online,55.0,65.0,2.0,True,winner,2.0,1500.0,True,7000,0.22202015522844118,0.6349324662684204,0.6371314056684798
1500.0,15.0,0.25,online,55.0,65.0,0.5,True,winner,2.0,1300.0,False,7000,0.22202039485067043,0.63527550130309,0.6329802462066991
1500.0,20.0,0.15,online,55.0,65.0,1.0,False,winner,,1500.0,False,7000,0.2220208503536935,0.6355721742077631,0.6417119954194103
1500.0,30.0,0.4,online,55.0,65.0,2.0,True,winner,2.0,1500.0,True,7000,0.22202258296503058,0.6350866929793232,0.6405668479816776
1500.0,20.0,0.15,online,55.0,65.0,2.0,False,winner,,1300.0,False,7000,0.22202335138227708,0.6357923129088444,0.6407099914113942
1500.0,15.0,0.35,fixed,65.0,65.0,1.0,False,winner,2.0,1500.0,False,7000,0.22202460384560177,0.635253187446159,0.6325508159175494
1500.0,25.0,0.2,online,55.0,65.0,0.5,False,winner,2.0,1300.0,False,7000,0.22202472218724817,0.6354658105003842,0.6397079874033782
1500.0,15.0,0.15,fixed,45.0,65.0,1.0,False,winner,,1500.0,False,7000,0.22202475085739168,0.6350547744693842,0.6398511308330948
1500.0,25.0,0.35,online,55.0,65.0,4.0,True,winner,2.0,1500.0,True,7000,0.22202551037801604,0.6350355106174318,0.6398511308330948
1500.0,30.0,0.5,online,55.0,65.0,1.0,False,winner,,1500.0,False,7000,0.22202623732049107,0.6352606752820481,0.6389922702547953
1500.0,25.0,0.2,online,55.0,65.0,0.5,False,winner,2.0,1300.0,True,7000,0.2220288958097953,0.635566527037028,0.6398511308330948
1500.0,20.0,0.4,online,55.0,65.0,4.0,True,winner,2.0,1500.0,True,7000,0.2220289951551158,0.635021833491881,0.6364156885198969
1500.0,15.0,0.25,online,55.0,65.0,2.0,False,winner,2.0,1300.0,True,7000,0.22202980259005417,0.6352732874925631,0.6342685370741483
1500.0,20.0,0.25,fixed,35.0,65.0,1.0,False,winner,,1300.0,True,7000,0.22203056271977148,0.6351752575980811,0.6392785571142284
1500.0,20.0,0.25,online,55.0,65.0,4.0,False,winner,2.0,1500.0,False,7000,0.2220310523619386,0.635048953767862,0.6369882622387633
1500.0,30.0,0.4,fixed,65.0,65.0,1.0,False,winner,,1500.0,False,7000,0.22203123813419298,0.6354725062900444,0.638419696535929
1500.0,15.0,0.4,fixed,65.0,65.0,1.0,False,winner,2.0,1300.0,False,7000,0.2220331531696902,0.6353994056605246,0.6316919553392499
1500.0,15.0,0.25,online,55.0,65.0,1.0,False,winner,2.0,1300.0,False,7000,0.22203883085283269,0.6353176896219692,0.6352705410821643
1500.0,25.0,0.25,online,55.0,65.0,4.0,False,winner,,1300.0,True,7000,0.22203897007910775,0.6360166337681588,0.6442885771543087
1500.0,20.0,0.15,online,55.0,65.0,2.0,False,winner,,1300.0,True,7000,0.2220399394679078,0.6360031011570123,0.6404237045519611
1500.0,20.0,0.15,fixed,55.0,65.0,1.0,False,winner,,1500.0,True,7000,0.22204067716899487,0.6355164466925098,0.6397079874033782
1500.0,30.0,0.35,online,55.0,65.0,2.0,False,winner,2.0,1500.0,False,7000,0.2220428492990762,0.6351420550602168,0.6404237045519611
1500.0,20.0,0.2,online,55.0,65.0,1.0,True,winner,2.0,1500.0,True,7000,0.2220436534244594,0.6352227706792151,0.63670197537933
1500.0,25.0,0.25,online,55.0,65.0,4.0,False,winner,,1300.0,False,7000,0.22204807781830796,0.6358533144718029,0.6408531348411108
1500.0,15.0,0.4,fixed,65.0,65.0,1.0,False,winner,2.0,1500.0,True,7000,0.22204815298068095,0.6353446007176988,0.6315488119095334
1500.0,25.0,0.3,online,55.0,65.0,4.0,True,winner,2.0,1300.0,False,7000,0.22205213120757974,0.6353290452861646,0.6402805611222445
1500.0,25.0,0.25,online,55.0,65.0,4.0,False,winner,2.0,1300.0,False,7000,0.22205219739906384,0.6353838495705287,0.6405668479816776
1500.0,15.0,0.2,fixed,35.0,65.0,1.0,False,winner,,1300.0,True,7000,0.22205316255933413,0.6352439809642672,0.6377039793873461
1500.0,30.0,0.3,online,55.0,65.0,0.5,False,winner,2.0,1500.0,False,7000,0.22205449499227173,0.6352823795674841,0.6409962782708274
1500.0,30.0,0.4,online,55.0,65.0,1.0,False,winner,,1300.0,False,7000,0.2220546281016139,0.6357358512489154,0.6409962782708274
1500.0,20.0,0.4,fixed,35.0,65.0,1.0,False,winner,2.0,1300.0,True,7000,0.22205463946794723,0.6353754642422097,0.6389922702547953
1500.0,30.0,0.4,fixed,55.0,65.0,1.0,False,winner,,1300.0,True,7000,0.22205490166993452,0.6356034180477973,0.6395648439736616
1500.0,20.0,0.15,online,55.0,65.0,1.0,False,winner,,1500.0,True,7000,0.22205526104734988,0.6358187710813082,0.6425708559977097
1500.0,15.0,0.3,online,55.0,65.0,1.0,True,winner,2.0,1300.0,False,7000,0.2220559465812861,0.6353811069189268,0.6339822502147151
1500.0,20.0,0.5,online,55.0,65.0,2.0,True,winner,2.0,1500.0,False,7000,0.22205703631992896,0.6351527622685168,0.6342685370741483
1500.0,15.0,0.4,online,55.0,65.0,0.5,False,winner,2.0,1300.0,False,7000,0.2220589784056959,0.6355176410018529,0.633695963355282
1500.0,15.0,0.35,online,55.0,65.0,0.5,False,winner,2.0,1500.0,False,7000,0.2220591268336549,0.6353818307906284,0.6342685370741483
1500.0,30.0,0.35,online,55.0,65.0,4.0,False,winner,2.0,1300.0,True,7000,0.22206010232682086,0.6354217787520923,0.643143429716576
1500.0,15.0,0.15,online,55.0,65.0,4.0,False,winner,,1500.0,True,7000,0.22206089265485116,0.6353365735752924,0.6371314056684798
1500.0,30.0,0.3,online,55.0,65.0,0.5,False,winner,2.0,1500.0,True,7000,0.22206115797519513,0.6353784517303708,0.6402805611222445
1500.0,15.0,0.3,online,55.0,65.0,1.0,True,winner,2.0,1500.0,True,7000,0.22206130041606553,0.6352732322688689,0.6329802462066991
1500.0,25.0,0.2,fixed,55.0,65.0,1.0,False,winner,2.0,1300.0,False,7000,0.22206498925604923,0.635411885950067,0.6378471228170627
1500.0,25.0,0.2,fixed,65.0,65.0,1.0,False,winner,,1300.0,True,7000,0.2220649898753723,0.6362078048784975,0.6430002862868595
1500.0,25.0,0.25,fixed,45.0,65.0,1.0,False,winner,2.0,1300.0,False,7000,0.22206537269948778,0.6352298253536535,0.6387059833953621
1500.0,15.0,0.3,online,55.0,65.0,0.5,True,winner,2.0,1500.0,False,7000,0.2220662741222209,0.6353189987223546,0.6328371027769826
1500.0,30.0,0.4,online,55.0,65.0,0.5,True,winner,,1300.0,True,7000,0.22206695676786736,0.6360144387945743,0.6397079874033782
1500.0,25.0,0.25,fixed,45.0,65.0,1.0,False,winner,2.0,1300.0,True,7000,0.22206698051034404,0.6352771674524368,0.6397079874033782
1500.0,30.0,0.3,online,55.0,65.0,1.0,True,winner,2.0,1300.0,True,7000,0.2220672361284249,0.6356263367003729,0.6417119954194103
1500.0,30.0,0.3,online,55.0,65.0,1.0,True,winner,2.0,1300.0,False,7000,0.22206785199547668,0.6355364944359769,0.6404237045519611
1500.0,30.0,0.4,online,55.0,65.0,2.0,True,winner,2.0,1500.0,False,7000,0.22206898045177162,0.6351418015098982,0.6404237045519611
1500.0,30.0,0.5,online,55.0,65.0,2.0,False,winner,,1500.0,True,7000,0.2220696081051088,0.63546190703623,0.6375608359576296
1500.0,20.0,0.35,fixed,35.0,65.0,1.0,False,winner,2.0,1300.0,True,7000,0.22206965833114997,0.6353495781868322,0.6391354136845119
1500.0,15.0,0.2,online,55.0,65.0,0.5,False,winner,2.0,1300.0,True,7000,0.222069984852915,0.6353592812848352,0.6345548239335814
1500.0,25.0,0.2,fixed,65.0,65.0,1.0,False,winner,2.0,1500.0,False,7000,0.22207040588155724,0.6353782581681545,0.6395648439736616
1500.0,15.0,0.15,online,55.0,65.0,2.0,True,winner,,1300.0,False,7000,0.2220722425431831,0.635575038490811,0.6369882622387633
1500.0,25.0,0.35,online,55.0,65.0,4.0,True,winner,2.0,1500.0,False,7000,0.2220730210525194,0.6351143392368285,0.6387059833953621
1500.0,20.0,0.2,online,55.0,65.0,2.0,False,winner,2.0,1500.0,True,7000,0.22207322201747592,0.6352695635789918,0.6372745490981964
1500.0,15.0,0.2,online,55.0,65.0,4.0,True,winner,,1500.0,True,7000,0.22207608512650961,0.6353257005083285,0.638419696535929
1500.0,15.0,0.25,online,55.0,65.0,0.5,False,winner,2.0,1500.0,False,7000,0.22207693870120185,0.635299609571547,0.6345548239335814
1500.0,20.0,0.35,online,55.0,65.0,4.0,True,winner,2.0,1500.0,False,7000,0.2220812041271957,0.6351375471823514,0.6352705410821643
1500.0,20.0,0.3,online,55.0,65.0,4.0,True,winner,2.0,1500.0,True,7000,0.2220818426532284,0.6351637254075628,0.6359862582307472
1500.0,25.0,0.35,online,55.0,65.0,4.0,True,winner,,1500.0,True,7000,0.22208304429027648,0.6355926865827833,0.6422845691382766
1500.0,25.0,0.2,fixed,55.0,65.0,1.0,False,winner,2.0,1300.0,True,7000,0.2220836708400844,0.6355195566764308,0.6412825651302605
1500.0,15.0,0.3,online,55.0,65.0,1.0,False,winner,2.0,1500.0,False,7000,0.2220837399001501,0.6353635067393301,0.6344116805038649
1500.0,25.0,0.2,fixed,65.0,65.0,1.0,False,winner,2.0,1500.0,True,7000,0.22208403341539393,0.6354752079305649,0.6397079874033782
1500.0,15.0,0.4,online,55.0,65.0,0.5,False,winner,2.0,1500.0,True,7000,0.2220845032988993,0.6354640430703301,0.6344116805038649
1500.0,25.0,0.25,online,55.0,65.0,1.0,True,winner,,1500.0,False,7000,0.2220847197536632,0.6358280867777906,0.6407099914113942
1500.0,30.0,0.4,fixed,55.0,65.0,1.0,False,winner,,1300.0,False,7000,0.22208672391532677,0.6355717481117483,0.6397079874033782
1500.0,15.0,0.25,fixed,45.0,65.0,1.0,False,winner,2.0,1300.0,True,7000,0.22208684268097464,0.6354956411279874,0.6355568279415975
1500.0,15.0,0.3,online,55.0,65.0,2.0,False,winner,2.0,1500.0,True,7000,0.2220877766376999,0.6353302318498703,0.6329802462066991
1500.0,25.0,0.2,online,55.0,65.0,0.5,True,winner,2.0,1300.0,False,7000,0.222088191130593,0.6356513595134737,0.6411394217005439
1500.0,25.0,0.25,online,55.0,65.0,1.0,True,winner,,1500.0,True,7000,0.22208877164023058,0.6360181571175364,0.6428571428571429
1500.0,30.0,0.35,fixed,65.0,65.0,1.0,False,winner,,1300.0,True,7000,0.22209234360878197,0.6360664801856933,0.6409962782708274
1500.0,15.0,0.2,fixed,35.0,65.0,1.0,False,winner,,1300.0,False,7000,0.22209267427739002,0.6353016314267064,0.6361294016604638
1500.0,25.0,0.5,fixed,35.0,65.0,1.0,False,winner,,1500.0,True,7000,0.22209342100426588,0.6350584067402729,0.6381334096764959
1500.0,30.0,0.5,online,55.0,65.0,0.5,True,winner,,1500.0,False,7000,0.22209346057697646,0.6354953486995639,0.6385628399656456
1500.0,30.0,0.5,fixed,45.0,65.0,1.0,False,winner,2.0,1500.0,True,7000,0.2220935120016121,0.6350650456859899,0.6372745490981964
1500.0,20.0,0.15,online,55.0,65.0,0.5,True,winner,,1500.0,False,7000,0.22209457923342688,0.6358247467078656,0.641425708559977
1500.0,30.0,0.5,online,55.0,65.0,4.0,False,winner,2.0,1500.0,True,7000,0.22209481965145395,0.6350733478474095,0.6378471228170627
1500.0,30.0,0.5,online,55.0,65.0,1.0,True,winner,,1300.0,False,7000,0.2220949681293687,0.6356538074188749,0.6388491268250788
1500.0,15.0,0.3,online,55.0,65.0,2.0,False,winner,2.0,1300.0,False,7000,0.2220959725260296,0.6354646096978142,0.6338391067849986
1500.0,25.0,0.2,online,55.0,65.0,0.5,True,winner,2.0,1300.0,True,7000,0.222096072676465,0.6357653279058937,0.6411394217005439
1500.0,30.0,0.4,online,55.0,65.0,0.5,False,winner,,1500.0,True,7000,0.22209788398846078,0.6357898236259287,0.6399942742628113
1500.0,30.0,0.4,online,55.0,65.0,4.0,False,winner,2.0,1500.0,True,7000,0.2220981438529269,0.6352249937453999,0.6415688519896937
1500.0,30.0,0.3,online,55.0,65.0,2.0,False,winner,2.0,1300.0,True,7000,0.22209895683006164,0.6356621479192948,0.6402805611222445
1500.0,15.0,0.35,online,55.0,65.0,1.0,True,winner,2.0,1300.0,False,7000,0.22209976691520303,0.6355212256325344,0.6334096764958489
1500.0,30.0,0.5,online,55.0,65.0,2.0,True,winner,2.0,1500.0,False,7000,0.22210024681367938,0.6350854629377677,0.6352705410821643
1500.0,15.0,0.2,fixed,65.0,65.0,1.0,False,winner,2.0,1500.0,True,7000,0.22210090084679637,0.6352898278236456,0.6356999713713141
1500.0,15.0,0.3,fixed,45.0,65.0,1.0,False,winner,2.0,1500.0,True,7000,0.22210148214106512,0.6355269263317765,0.6385628399656456
1500.0,30.0,0.35,online,55.0,65.0,4.0,False,winner,2.0,1300.0,False,7000,0.2221019954890841,0.6354454616635554,0.6412825651302605
1500.0,20.0,0.2,online,55.0,65.0,1.0,True,winner,2.0,1500.0,False,7000,0.22210249769034052,0.6353085579380495,0.6345548239335814
1500.0,20.0,0.2,online,55.0,65.0,2.0,True,winner,2.0,1300.0,True,7000,0.22210375947566255,0.6355295549081009,0.6381334096764959
1500.0,30.0,0.35,fixed,65.0,65.0,1.0,False,winner,,1300.0,False,7000,0.22210866369098964,0.6359684431824008,0.6402805611222445
1500.0,30.0,0.3,fixed,55.0,65.0,1.0,False,winner,2.0,1500.0,False,7000,0.22210903773607918,0.6352795932910815,0.6382765531062125
1500.0,30.0,0.3,online,55.0,65.0,2.0,False,winner,2.0,1300.0,False,7000,0.22210965877391475,0.6355950044104665,0.6402805611222445
1500.0,25.0,0.2,online,55.0,65.0,1.0,False,winner,2.0,1300.0,False,7000,0.22211019752245575,0.6356769258289257,0.6389922702547953
1500.0,25.0,0.2,online,55.0,65.0,1.0,False,winner,2.0,1300.0,True,7000,0.22211114607813537,0.6357747803746948,0.6407099914113942
1500.0,15.0,0.4,online,55.0,65.0,1.0,True,winner,2.0,1300.0,True,7000,0.22211257162486786,0.6355673949890838,0.6311193816203836
1500.0,25.0,0.4,fixed,35.0,65.0,1.0,False,winner,,1300.0,True,7000,0.22211443876682618,0.6352784244603388,0.6358431148010306
1500.0,30.0,0.3,online,55.0,65.0,0.5,True,winner,2.0,1500.0,False,7000,0.22211479336565812,0.6354594202707057,0.6422845691382766
1500.0,20.0,0.15,online,55.0,65.0,1.0,True,winner,,1300.0,False,7000,0.2221157601612319,0.6361097066473451,0.6417119954194103
1500.0,15.0,0.2,fixed,55.0,65.0,1.0,False,winner,2.0,1500.0,True,7000,0.22211625257734555,0.6353534684277246,0.6351273976524477
1500.0,25.0,0.5,online,55.0,65.0,4.0,True,winner,2.0,1500.0,True,7000,0.22211690117003755,0.6351126065308865,0.6356999713713141
1500.0,30.0,0.5,online,55.0,65.0,4.0,False,winner,,1300.0,True,7000,0.2221174317931213,0.6357361166650901,0.6389922702547953
1500.0,30.0,0.4,online,55.0,65.0,0.5,True,winner,,1300.0,False,7000,0.2221190264370774,0.6359849582155173,0.6408531348411108
1500.0,15.0,0.4,fixed,45.0,65.0,1.0,False,winner,2.0,1300.0,True,7000,0.2221193845569949,0.6358196952569618,0.6389922702547953
1500.0,25.0,0.2,online,55.0,65.0,0.5,False,winner,,1300.0,False,7000,0.2221195399999999,0.6362261441319481,0.6430002862868595
1500.0,25.0,0.25,online,55.0,65.0,2.0,True,winner,,1300.0,True,7000,0.22211999001202515,0.636328636100432,0.6428571428571429
1500.0,15.0,0.3,fixed,45.0,65.0,1.0,False,winner,2.0,1300.0,False,7000,0.22212017919651414,0.6356697890437419,0.6392785571142284
1500.0,15.0,0.3,online,55.0,65.0,2.0,True,winner,2.0,1300.0,True,7000,0.2221219894618158,0.6354976070737434,0.6309762381906671
1500.0,15.0,0.35,online,55.0,65.0,1.0,True,winner,2.0,1500.0,True,7000,0.22212307947691812,0.6354579639233775,0.6335528199255654
1500.0,20.0,0.4,online,55.0,65.0,4.0,True,winner,2.0,1500.0,False,7000,0.2221237191320662,0.6352347555351973,0.6345548239335814
1500.0,25.0,0.25,online,55.0,65.0,2.0,True,winner,2.0,1500.0,True,7000,0.22212387955833257,0.6354768174042882,0.6409962782708274
1500.0,30.0,0.3,online,55.0,65.0,0.5,True,winner,2.0,1500.0,True,7000,0.22212496600221218,0.635568493769958,0.6418551388491268
1500.0,30.0,0.4,online,55.0,65.0,2.0,False,winner,,1300.0,True,7000,0.22212554267064621,0.6360656077621671,0.638419696535929
1500.0,15.0,0.4,online,55.0,65.0,0.5,True,winner,2.0,1300.0,False,7000,0.22212584540673863,0.6356400318231429,0.6329802462066991
1500.0,20.0,0.25,online,55.0,65.0,4.0,True,winner,2.0,1300.0,True,7000,0.22212641728810123,0.6354902712821734,0.6379902662467792
1500.0,15.0,0.15,online,55.0,65.0,4.0,False,winner,,1500.0,False,7000,0.22212666976682366,0.635411939885001,0.6365588319496135
1500.0,15.0,0.35,online,55.0,65.0,0.5,True,winner,2.0,1500.0,False,7000,0.2221284165597365,0.6355128649871773,0.6341253936444318
1500.0,30.0,0.3,fixed,55.0,65.0,1.0,False,winner,2.0,1500.0,True,7000,0.22212948670454,0.6353836631375873,0.6398511308330948
1500.0,20.0,0.2,fixed,45.0,65.0,1.0,False,winner,2.0,1300.0,True,7000,0.2221307631311085,0.6354357014985045,0.6378471228170627
1500.0,20.0,0.15,online,55.0,65.0,1.0,True,winner,,1300.0,True,7000,0.22213216506347733,0.6363182732854646,0.6417119954194103
1500.0,20.0,0.15,online,55.0,65.0,0.5,True,winner,,1500.0,True,7000,0.2221325601959413,0.6360818162654484,0.6417119954194103
1500.0,25.0,0.25,online,55.0,65.0,2.0,True,winner,,1300.0,False,7000,0.2221346130766131,0.6361859528682395,0.6419982822788434
1500.0,15.0,0.35,fixed,45.0,65.0,1.0,False,winner,2.0,1500.0,True,7000,0.22213728000256555,0.635700306774946,0.6378471228170627
1500.0,25.0,0.25,online,55.0,65.0,2.0,True,winner,2.0,1500.0,False,7000,0.2221380175671856,0.6354374680928758,0.6389922702547953
1500.0,15.0,0.4,online,55.0,65.0,2.0,False,winner,2.0,1300.0,True,7000,0.22213815359332775,0.6356272595279819,0.6332665330661322
1500.0,30.0,0.3,online,55.0,65.0,1.0,False,winner,2.0,1500.0,False,7000,0.22213842386940214,0.6354867940297616,0.6398511308330948
1500.0,15.0,0.4,fixed,55.0,65.0,1.0,False,winner,2.0,1500.0,False,7000,0.22213918896263302,0.6356987582719706,0.6352705410821643
1500.0,15.0,0.35,online,55.0,65.0,2.0,False,winner,2.0,1300.0,False,7000,0.22213954270667785,0.635606804156446,0.6332665330661322
1500.0,15.0,0.15,online,55.0,65.0,2.0,True,winner,,1500.0,True,7000,0.22214111836145106,0.6356065018802212,0.6359862582307472
1500.0,30.0,0.3,online,55.0,65.0,1.0,False,winner,2.0,1500.0,True,7000,0.222141228951993,0.6355778246794372,0.6397079874033782
1500.0,20.0,0.2,online,55.0,65.0,2.0,False,winner,2.0,1500.0,False,7000,0.22214129729445883,0.635375709536985,0.6359862582307472
1500.0,15.0,0.35,fixed,45.0,65.0,1.0,False,winner,2.0,1300.0,False,7000,0.22214177858977227,0.6358029863947199,0.6375608359576296
1500.0,30.0,0.25,fixed,65.0,65.0,1.0,False,winner,2.0,1300.0,False,7000,0.22214222765725225,0.6358085991054616,0.6399942742628113
1500.0,15.0,0.25,online,55.0,65.0,1.0,True,winner,2.0,1500.0,True,7000,0.22214259645330067,0.6354130944455668,0.6329802462066991
1500.0,15.0,0.4,online,55.0,65.0,1.0,False,winner,2.0,1300.0,False,7000,0.2221437980218625,0.6356896975346354,0.6342685370741483
1500.0,30.0,0.4,online,55.0,65.0,0.5,False,winner,,1500.0,False,7000,0.22214477410090266,0.6357599866756825,0.6399942742628113
1500.0,25.0,0.4,fixed,35.0,65.0,1.0,False,winner,,1300.0,False,7000,0.2221451752253521,0.6352850425416516,0.6358431148010306
1500.0,15.0,0.2,online,55.0,65.0,0.5,True,winner,2.0,1300.0,True,7000,0.222145397673425,0.635532335082839,0.6335528199255654
1500.0,15.0,0.35,online,55.0,65.0,1.0,False,winner,2.0,1500.0,False,7000,0.22214558707452145,0.6355594151368771,0.6341253936444318
1500.0,15.0,0.25,online,55.0,65.0,0.5,True,winner,2.0,1500.0,False,7000,0.22214629542444583,0.6354439286065984,0.6349842542227312
1500.0,20.0,0.5,online,55.0,65.0,4.0,False,winner,2.0,1500.0,False,7000,0.22214693363926388,0.6353374411788885,0.6355568279415975
1500.0,15.0,0.1,fixed,65.0,65.0,1.0,False,winner,,1300.0,True,7000,0.2221474131857841,0.6359103542728374,0.6364156885198969
1500.0,15.0,0.35,online,55.0,65.0,2.0,False,winner,2.0,1500.0,True,7000,0.2221484784671094,0.6355157040453933,0.6334096764958489
1500.0,25.0,0.35,online,55.0,65.0,4.0,True,winner,,1500.0,False,7000,0.22215086629965922,0.6356569595067539,0.6407099914113942
1500.0,15.0,0.2,online,55.0,65.0,1.0,False,winner,2.0,1300.0,True,7000,0.2221552160806246,0.6355516383172671,0.6334096764958489
1500.0,30.0,0.4,fixed,45.0,65.0,1.0,False,winner,2.0,1500.0,True,7000,0.2221569005600165,0.6352322941041174,0.6365588319496135
1500.0,30.0,0.4,online,55.0,65.0,4.0,False,winner,2.0,1500.0,False,7000,0.22215741342920664,0.6353078872153844,0.6395648439736616
1500.0,20.0,0.3,online,55.0,65.0,4.0,True,winner,2.0,1500.0,False,7000,0.22215852620249305,0.635323677580047,0.6344116805038649
1500.0,15.0,0.25,online,55.0,65.0,1.0,True,winner,2.0,1300.0,False,7000,0.22215871004742666,0.6355724109873003,0.6338391067849986
1500.0,15.0,0.2,online,55.0,65.0,4.0,True,winner,,1500.0,False,7000,0.22216148486035386,0.6354863355913666,0.6375608359576296
1500.0,15.0,0.4,online,55.0,65.0,0.5,True,winner,2.0,1500.0,True,7000,0.22216397320096362,0.6356126799922169,0.6328371027769826
1500.0,15.0,0.25,online,55.0,65.0,1.0,False,winner,2.0,1500.0,False,7000,0.22216402970360066,0.6354858036301518,0.6358431148010306
1500.0,20.0,0.25,fixed,35.0,65.0,1.0,False,winner,,1500.0,False,7000,0.22216421704685058,0.6352490830416193,0.6364156885198969
1500.0,30.0,0.5,fixed,45.0,65.0,1.0,False,winner,2.0,1500.0,False,7000,0.2221643292500216,0.6352123901278033,0.6371314056684798
1500.0,20.0,0.4,fixed,35.0,65.0,1.0,False,winner,2.0,1300.0,False,7000,0.22216443632136879,0.6356252547914247,0.6405668479816776
1500.0,25.0,0.5,fixed,35.0,65.0,1.0,False,winner,,1500.0,False,7000,0.22216554267111027,0.6351872852877517,0.6377039793873461
1500.0,25.0,0.2,online,55.0,65.0,0.5,False,winner,,1300.0,True,7000,0.22216583963684441,0.6365578872398013,0.6427139994274262
1500.0,20.0,0.35,fixed,35.0,65.0,1.0,False,winner,2.0,1300.0,False,7000,0.2221660633824776,0.6355679307801534,0.6399942742628113
1500.0,15.0,0.2,fixed,65.0,65.0,1.0,False,winner,2.0,1300.0,False,7000,0.2221663197988733,0.6355577564095503,0.6344116805038649
1500.0,15.0,0.35,online,55.0,65.0,2.0,True,winner,2.0,1300.0,True,7000,0.22216858940441858,0.6356344766359316,0.6312625250501002
1500.0,30.0,0.5,online,55.0,65.0,2.0,False,winner,,1500.0,False,7000,0.22216899784307628,0.6355933864829141,0.6381334096764959
1500.0,15.0,0.4,online,55.0,65.0,1.0,False,winner,2.0,1500.0,True,7000,0.22216954919625345,0.6356379070298661,0.6339822502147151
1500.0,30.0,0.5,online,55.0,65.0,1.0,True,winner,,1500.0,True,7000,0.22216971079154002,0.635779705848207,0.6399942742628113
1500.0,15.0,0.25,online,55.0,65.0,2.0,False,winner,2.0,1500.0,True,7000,0.22217011239391343,0.6354687203691969,0.6345548239335814
1500.0,30.0,0.4,online,55.0,65.0,1.0,False,winner,,1500.0,True,7000,0.22217152638990456,0.6359881402686172,0.6378471228170627
1500.0,25.0,0.4,fixed,35.0,65.0,1.0,False,winner,2.0,1300.0,True,7000,0.22217152917798363,0.6354147602496611,0.6372745490981964
1500.0,25.0,0.2,fixed,65.0,65.0,1.0,False,winner,,1500.0,False,7000,0.22217278740335739,0.636081384897582,0.64214142570856
1500.0,30.0,0.35,fixed,45.0,65.0,1.0,False,winner,2.0,1300.0,True,7000,0.22217469000931359,0.6354569377099525,0.6371314056684798
1500.0,20.0,0.2,online,55.0,65.0,2.0,True,winner,2.0,1300.0,False,7000,0.2221747529132918,0.6356385451013855,0.6374176925279129
1500.0,20.0,0.15,online,55.0,65.0,2.0,False,winner,,1500.0,False,7000,0.22217519994697882,0.6359346457486582,0.6398511308330948
1500.0,15.0,0.2,fixed,55.0,65.0,1.0,False,winner,2.0,1300.0,False,7000,0.22217799379520206,0.6356087592748184,0.6362725450901804
1500.0,30.0,0.25,fixed,65.0,65.0,1.0,False,winner,2.0,1300.0,True,7000,0.22217906181227934,0.6359745448243862,0.6398511308330948
1500.0,25.0,0.2,online,55.0,65.0,0.5,False,winner,2.0,1500.0,False,7000,0.2221790892748125,0.6356367182136283,0.6398511308330948
1500.0,20.0,0.2,online,55.0,65.0,4.0,True,winner,,1300.0,True,7000,0.2221792633533131,0.6362026948698228,0.6405668479816776
1500.0,15.0,0.2,online,55.0,65.0,0.5,False,winner,2.0,1500.0,True,7000,0.2221805958888226,0.6354813065413712,0.6352705410821643
1500.0,30.0,0.35,fixed,45.0,65.0,1.0,False,winner,2.0,1300.0,False,7000,0.2221807699552361,0.6354294014821384,0.6377039793873461
1500.0,30.0,0.35,online,55.0,65.0,2.0,True,winner,2.0,1500.0,True,7000,0.22218080774380944,0.6355661717548388,0.6417119954194103
1500.0,20.0,0.5,online,55.0,65.0,4.0,True,winner,2.0,1300.0,True,7000,0.22218221667340127,0.6354984713582956,0.6338391067849986
1500.0,20.0,0.2,online,55.0,65.0,4.0,False,winner,2.0,1300.0,True,7000,0.22218367335012792,0.6356800278525966,0.6379902662467792
1500.0,20.0,0.15,fixed,65.0,65.0,1.0,False,winner,2.0,1300.0,True,7000,0.22218391267177695,0.6357888102131009,0.6374176925279129
1500.0,20.0,0.2,fixed,45.0,65.0,1.0,False,winner,2.0,1300.0,False,7000,0.22218407693967712,0.6355313333304149,0.6371314056684798
1500.0,25.0,0.3,online,55.0,65.0,4.0,True,winner,,1300.0,True,7000,0.22218473251904125,0.6362517780706959,0.6409962782708274
1500.0,30.0,0.4,fixed,45.0,65.0,1.0,False,winner,2.0,1500.0,False,7000,0.22218574701453794,0.6352709356014216,0.6382765531062125
1500.0,15.0,0.2,fixed,35.0,65.0,1.0,False,winner,,1500.0,True,7000,0.22218581714935837,0.6353971158838366,0.6355568279415975
1500.0,30.0,0.5,online,55.0,65.0,4.0,False,winner,2.0,1500.0,False,7000,0.22218874996789012,0.6352554979131583,0.6362725450901804
1500.0,30.0,0.35,online,55.0,65.0,0.5,False,winner,,1300.0,True,7000,0.22218895273269249,0.6363845277527165,0.6408531348411108
1500.0,20.0,0.25,fixed,35.0,65.0,1.0,False,winner,,1500.0,True,7000,0.2221894037773942,0.63537912346882,0.6371314056684798
1500.0,25.0,0.2,online,55.0,65.0,0.5,False,winner,2.0,1500.0,True,7000,0.2221912773980806,0.6357553642325201,0.6402805611222445
1500.0,30.0,0.4,online,55.0,65.0,2.0,False,winner,,1300.0,False,7000,0.22219387313841496,0.6360732079946069,0.6402805611222445
1500.0,15.0,0.25,online,55.0,65.0,2.0,False,winner,2.0,1300.0,False,7000,0.22219896218176824,0.6356532097711696,0.6325508159175494
1500.0,15.0,0.1,fixed,65.0,65.0,1.0,False,winner,,1300.0,False,7000,0.2221989983289803,0.6359557035357105,0.6375608359576296
1500.0,20.0,0.25,online,55.0,65.0,4.0,True,winner,2.0,1300.0,False,7000,0.2222005639373522,0.6356308112024225,0.6352705410821643
1500.0,15.0,0.3,online,55.0,65.0,4.0,False,winner,2.0,1300.0,True,7000,0.2222008139386794,0.6356580390804327,0.6334096764958489
1500.0,20.0,0.15,online,55.0,65.0,2.0,False,winner,,1500.0,True,7000,0.2222009055299734,0.6361646970154246,0.6397079874033782
1500.0,25.0,0.25,online,55.0,65.0,4.0,False,winner,2.0,1500.0,True,7000,0.22220112567763303,0.6356191222448719,0.6412825651302605
1500.0,25.0,0.2,online,55.0,65.0,1.0,False,winner,,1300.0,False,7000,0.2222014627880786,0.6364506845583762,0.6418551388491268
1500.0,25.0,0.5,online,55.0,65.0,4.0,True,winner,2.0,1500.0,False,7000,0.2222025626705037,0.6352967256980867,0.6355568279415975
1500.0,30.0,0.35,online,55.0,65.0,2.0,True,winner,2.0,1500.0,False,7000,0.2222050072210692,0.6355535175841468,0.6424277125679931
1500.0,15.0,0.15,online,55.0,65.0,2.0,True,winner,,1500.0,False,7000,0.22220604190886734,0.6356856595498258,0.6358431148010306
1500.0,15.0,0.3,online,55.0,65.0,1.0,True,winner,2.0,1500.0,False,7000,0.22220822421159905,0.6356164493379418,0.6342685370741483
1500.0,20.0,0.2,online,55.0,65.0,4.0,True,winner,,1300.0,False,7000,0.22220923238214085,0.6361681394046059,0.6418551388491268
1500.0,20.0,0.3,fixed,35.0,65.0,1.0,False,winner,2.0,1300.0,True,7000,0.22220931547081305,0.6356098187683822,0.6388491268250788
1500.0,15.0,0.25,fixed,45.0,65.0,1.0,False,winner,2.0,1500.0,True,7000,0.22221051309296141,0.6356716308098024,0.63670197537933
1500.0,25.0,0.2,fixed,55.0,65.0,1.0,False,winner,2.0,1500.0,False,7000,0.22221224596009162,0.6355792487052977,0.6377039793873461
1500.0,15.0,0.4,fixed,65.0,65.0,1.0,False,winner,2.0,1500.0,False,7000,0.22221391567947366,0.6357171180140996,0.6316919553392499
1500.0,15.0,0.2,fixed,35.0,65.0,1.0,False,winner,,1500.0,False,7000,0.22221651994824637,0.6354368889580962,0.6345548239335814
1500.0,30.0,0.5,online,55.0,65.0,2.0,True,winner,,1300.0,True,7000,0.22221658009333367,0.6360461926197996,0.6404237045519611
1500.0,30.0,0.35,online,55.0,65.0,0.5,False,winner,,1300.0,False,7000,0.22221671041731159,0.6362725377407797,0.641425708559977
1500.0,25.0,0.25,fixed,45.0,65.0,1.0,False,winner,2.0,1500.0,False,7000,0.222218572471849,0.6354271484439874,0.6371314056684798
1500.0,30.0,0.4,fixed,55.0,65.0,1.0,False,winner,,1500.0,True,7000,0.22221922320823315,0.6358300021547865,0.639421700543945
1500.0,30.0,0.4,online,55.0,65.0,1.0,True,winner,,1300.0,True,7000,0.22221946074373516,0.6363945155037054,0.6398511308330948
1500.0,25.0,0.3,online,55.0,65.0,4.0,True,winner,2.0,1500.0,True,7000,0.22222013287446946,0.6355718224687604,0.6398511308330948
1500.0,15.0,0.25,online,55.0,65.0,2.0,True,winner,2.0,1300.0,True,7000,0.22222218533146815,0.6356963836148378,0.6315488119095334
1500.0,25.0,0.2,online,55.0,65.0,1.0,True,winner,2.0,1300.0,False,7000,0.22222409296008563,0.6359758442167679,0.6389922702547953
1500.0,30.0,0.4,online,55.0,65.0,1.0,False,winner,,1500.0,False,7000,0.22222409971566348,0.6359671465356397,0.640137417692528
1500.0,25.0,0.25,online,55.0,65.0,4.0,False,winner,,1500.0,True,7000,0.22222444914944994,0.6362465862163884,0.6437160034354423
1500.0,25.0,0.25,fixed,45.0,65.0,1.0,False,winner,2.0,1500.0,True,7000,0.22222629732040425,0.6354880014257591,0.6381334096764959
1500.0,25.0,0.25,online,55.0,65.0,4.0,False,winner,,1500.0,False,7000,0.2222267891629037,0.6360709526311806,0.640137417692528
1500.0,25.0,0.2,online,55.0,65.0,1.0,True,winner,2.0,1300.0,True,7000,0.22222741035259305,0.6360836315554933,0.6415688519896937
1500.0,25.0,0.25,online,55.0,65.0,4.0,False,winner,2.0,1500.0,False,7000,0.22222743606453196,0.6356059244830341,0.6399942742628113
1500.0,20.0,0.4,fixed,35.0,65.0,1.0,False,winner,2.0,1500.0,True,7000,0.22222890897196645,0.6356656897089914,0.6382765531062125
1500.0,25.0,0.2,fixed,55.0,65.0,1.0,False,winner,,1300.0,False,7000,0.22222960546766074,0.6361773016516811,0.6415688519896937
1500.0,25.0,0.25,fixed,45.0,65.0,1.0,False,winner,,1300.0,False,7000,0.22222984494009632,0.6358153980621517,0.6389922702547953
1500.0,30.0,0.5,online,55.0,65.0,4.0,False,winner,,1300.0,False,7000,0.22223048766984949,0.6358915431263683,0.6408531348411108
1500.0,30.0,0.4,online,55.0,65.0,4.0,True,winner,2.0,1300.0,True,7000,0.22223223043447368,0.6357489298432952,0.6385628399656456
1500.0,25.0,0.2,fixed,65.0,65.0,1.0,False,winner,,1500.0,True,7000,0.22223419903572122,0.636404364193096,0.6424277125679931
1500.0,25.0,0.3,online,55.0,65.0,4.0,True,winner,,1300.0,False,7000,0.22223519169975653,0.6362503523817756,0.6404237045519611
1500.0,15.0,0.2,online,55.0,65.0,0.5,False,winner,2.0,1300.0,False,7000,0.222235638153854,0.6357297739321618,0.6339822502147151
1500.0,25.0,0.4,fixed,35.0,65.0,1.0,False,winner,2.0,1300.0,False,7000,0.22223567699059318,0.6355496480265104,0.6354136845118808
1500.0,20.0,0.35,fixed,35.0,65.0,1.0,False,winner,2.0,1500.0,True,7000,0.22223567742750291,0.6356134249369865,0.6374176925279129
1500.0,30.0,0.5,online,55.0,65.0,4.0,True,winner,2.0,1300.0,True,7000,0.22223717757909248,0.6355707608824055,0.6351273976524477
1500.0,15.0,0.4,online,55.0,65.0,0.5,False,winner,2.0,1500.0,False,7000,0.22223723351389416,0.6358331110296526,0.6341253936444318
1500.0,25.0,0.2,fixed,55.0,65.0,1.0,False,winner,2.0,1500.0,True,7000,0.22223822783093355,0.6357042130960777,0.6408531348411108
1500.0,25.0,0.2,online,55.0,65.0,1.0,False,winner,,1300.0,True,7000,0.22224190006738243,0.6367728687459803,0.644145433724592
1500.0,30.0,0.4,online,55.0,65.0,0.5,True,winner,,1500.0,True,7000,0.22224274079059975,0.6362555782655611,0.6387059833953621
1500.0,25.0,0.2,online,55.0,65.0,0.5,True,winner,2.0,1500.0,False,7000,0.2222445539354518,0.6358234852614133,0.6409962782708274
1500.0,15.0,0.25,fixed,45.0,65.0,1.0,False,winner,2.0,1300.0,False,7000,0.22224618050973477,0.6358599322296816,0.6377039793873461
1500.0,15.0,0.35,online,55.0,65.0,4.0,False,winner,2.0,1300.0,True,7000,0.22224639638172042,0.6357954445515458,0.6329802462066991
1500.0,15.0,0.3,online,55.0,65.0,2.0,False,winner,2.0,1500.0,False,7000,0.2222464009296496,0.6356973149748661,0.6341253936444318
1500.0,30.0,0.4,fixed,55.0,65.0,1.0,False,winner,,1500.0,False,7000,0.2222472147522767,0.6357919620619609,0.6392785571142284
1500.0,20.0,0.15,fixed,65.0,65.0,1.0,False,winner,2.0,1300.0,False,7000,0.22224860324994095,0.6358907203678668,0.6362725450901804
1500.0,25.0,0.3,online,55.0,65.0,4.0,True,winner,2.0,1500.0,False,7000,0.22224869980137657,0.6355939963639308,0.6399942742628113
1500.0,25.0,0.5,fixed,35.0,65.0,1.0,False,winner,2.0,1300.0,True,7000,0.22224934086073975,0.6356413508617067,0.6378471228170627
1500.0,30.0,0.25,online,55.0,65.0,0.5,False,winner,2.0,1300.0,False,7000,0.22225062239106805,0.6360842046863906,0.640137417692528
1500.0,30.0,0.3,online,55.0,65.0,1.0,True,winner,2.0,1500.0,False,7000,0.2222506537519939,0.6357826395964717,0.6408531348411108
1500.0,15.0,0.1,fixed,65.0,65.0,1.0,False,winner,,1500.0,True,7000,0.22225427754427995,0.6359650586470634,0.6375608359576296
1500.0,30.0,0.3,online,55.0,65.0,1.0,True,winner,2.0,1500.0,True,7000,0.22225516432600737,0.6358825097590208,0.6402805611222445
1500.0,15.0,0.3,fixed,45.0,65.0,1.0,False,winner,2.0,1500.0,False,7000,0.22225623467546482,0.6358826556349131,0.6399942742628113
1500.0,30.0,0.35,online,55.0,65.0,4.0,False,winner,2.0,1500.0,True,7000,0.22225676595417554,0.6357029431354598,0.6434297165760091
1500.0,15.0,0.2,online,55.0,65.0,0.5,True,winner,2.0,1500.0,True,7000,0.22225805820894812,0.6356553032659371,0.6339822502147151
1500.0,25.0,0.2,online,55.0,65.0,2.0,False,winner,2.0,1300.0,True,7000,0.2222584695795308,0.6361221951140625,0.6424277125679931
1500.0,30.0,0.3,online,55.0,65.0,2.0,True,winner,2.0,1300.0,True,7000,0.2222593686676952,0.6360915306097398,0.6438591468651589
1500.0,25.0,0.2,online,55.0,65.0,0.5,True,winner,2.0,1500.0,True,7000,0.22226049130292108,0.635955504959859,0.641425708559977
1500.0,30.0,0.35,online,55.0,65.0,1.0,False,winner,,1300.0,True,7000,0.22226071033123806,0.6365864804175752,0.6407099914113942
1500.0,20.0,0.2,online,55.0,65.0,2.0,True,winner,2.0,1500.0,True,7000,0.22226134935223757,0.6357119740045739,0.6374176925279129
1500.0,15.0,0.1,online,55.0,65.0,0.5,False,winner,,1300.0,True,7000,0.22226215616083378,0.6362201220280511,0.6377039793873461
1500.0,30.0,0.35,fixed,65.0,65.0,1.0,False,winner,,1500.0,True,7000,0.22226271394390906,0.6362937329411873,0.6402805611222445
1500.0,20.0,0.2,fixed,45.0,65.0,1.0,False,winner,2.0,1500.0,True,7000,0.22226330209908307,0.6355923726005233,0.6374176925279129
1500.0,15.0,0.4,online,55.0,65.0,1.0,True,winner,2.0,1300.0,False,7000,0.22226330519841608,0.6359242367316783,0.6321213856283997
1500.0,30.0,0.3,online,55.0,65.0,2.0,True,winner,2.0,1300.0,False,7000,0.22226334967269826,0.6360078215909346,0.6427139994274262
1500.0,15.0,0.2,fixed,65.0,65.0,1.0,False,winner,2.0,1500.0,False,7000,0.22226384287204798,0.6356538747780196,0.6334096764958489
1500.0,25.0,0.2,online,55.0,65.0,2.0,False,winner,2.0,1300.0,False,7000,0.22226472524347218,0.636035256352989,0.6387059833953621
1500.0,25.0,0.2,online,55.0,65.0,1.0,False,winner,2.0,1500.0,False,7000,0.22226577378673854,0.6358493162317417,0.6391354136845119
1500.0,30.0,0.5,online,55.0,65.0,1.0,True,winner,,1500.0,False,7000,0.22226760754194905,0.6359080122661523,0.6389922702547953
1500.0,15.0,0.2,online,55.0,65.0,1.0,False,winner,2.0,1500.0,True,7000,0.22226777068367964,0.635675542009814,0.6334096764958489
1500.0,20.0,0.2,online,55.0,65.0,4.0,False,winner,2.0,1300.0,False,7000,0.22226841858495228,0.635817522203367,0.6365588319496135
1500.0,15.0,0.2,fixed,55.0,65.0,1.0,False,winner,2.0,1500.0,False,7000,0.22226925347928583,0.6356981296126424,0.6371314056684798
1500.0,25.0,0.2,online,55.0,65.0,0.5,True,winner,,1300.0,False,7000,0.2222697850435429,0.6367188035545385,0.640137417692528
1500.0,15.0,0.35,online,55.0,65.0,1.0,True,winner,2.0,1500.0,False,7000,0.22227001881444625,0.6358061749645577,0.6332665330661322
1500.0,20.0,0.15,online,55.0,65.0,4.0,False,winner,,1300.0,False,7000,0.22227232030335217,0.6363830576923211,0.639421700543945
1500.0,20.0,0.15,online,55.0,65.0,1.0,True,winner,,1500.0,False,7000,0.22227265528505138,0.6362606521293189,0.6409962782708274
1500.0,30.0,0.4,online,55.0,65.0,4.0,True,winner,2.0,1300.0,False,7000,0.22227483240153534,0.6358000030840113,0.6395648439736616
1500.0,30.0,0.35,fixed,65.0,65.0,1.0,False,winner,,1500.0,False,7000,0.22227514274329363,0.6361888530842179,0.6399942742628113
1500.0,25.0,0.2,online,55.0,65.0,1.0,False,winner,2.0,1500.0,True,7000,0.2222751924525639,0.6359656782158115,0.640137417692528
1500.0,15.0,0.3,online,55.0,65.0,2.0,True,winner,2.0,1300.0,False,7000,0.2222768503649308,0.635849414013617,0.6311193816203836
1500.0,15.0,0.1,fixed,55.0,65.0,1.0,False,winner,,1300.0,True,7000,0.22227854203819444,0.6360724616366382,0.6382765531062125
1500.0,25.0,0.4,fixed,35.0,65.0,1.0,False,winner,,1500.0,True,7000,0.22227891552063386,0.6355162743794658,0.6355568279415975
1500.0,20.0,0.15,online,55.0,65.0,4.0,False,winner,,1300.0,True,7000,0.22227932496597153,0.6365720171341523,0.6391354136845119
1500.0,30.0,0.25,online,55.0,65.0,0.5,False,winner,2.0,1300.0,True,7000,0.22228046037811838,0.6362652468908835,0.6408531348411108
1500.0,25.0,0.25,fixed,45.0,65.0,1.0,False,winner,,1300.0,True,7000,0.22228244685336462,0.6360819154493969,0.638419696535929
1500.0,15.0,0.2,online,55.0,65.0,1.0,True,winner,2.0,1300.0,True,7000,0.22228247879961757,0.6358366788087203,0.6322645290581163
1500.0,15.0,0.4,fixed,45.0,65.0,1.0,False,winner,2.0,1300.0,False,7000,0.2222847041395881,0.6361941054280073,0.6392785571142284
1500.0,30.0,0.3,online,55.0,65.0,2.0,False,winner,2.0,1500.0,True,7000,0.22228590077403962,0.6359174800371986,0.6399942742628113
1500.0,25.0,0.2,online,55.0,65.0,0.5,False,winner,,1500.0,False,7000,0.22228598120004764,0.6364080243556082,0.6419982822788434
1500.0,20.0,0.15,online,55.0,65.0,0.5,False,winner,2.0,1300.0,True,7000,0.22228753070132518,0.6360599481101874,0.6375608359576296
1500.0,20.0,0.5,online,55.0,65.0,4.0,True,winner,2.0,1300.0,False,7000,0.22228808190243476,0.6357376765348056,0.633695963355282
1500.0,30.0,0.4,online,55.0,65.0,1.0,True,winner,,1300.0,False,7000,0.22228853253769348,0.6364037619967117,0.6402805611222445
1500.0,15.0,0.25,online,55.0,65.0,1.0,True,winner,2.0,1500.0,False,7000,0.22228897386460233,0.6357470531272673,0.6349842542227312
1500.0,20.0,0.3,fixed,35.0,65.0,1.0,False,winner,2.0,1300.0,False,7000,0.22229002611642928,0.6357881963114258,0.6379902662467792
1500.0,15.0,0.3,online,55.0,65.0,2.0,True,winner,2.0,1500.0,True,7000,0.22229011709379792,0.6357560896475573,0.631978242198683
1500.0,30.0,0.4,online,55.0,65.0,0.5,True,winner,,1500.0,False,7000,0.22229054354344688,0.6362193097860495,0.6404237045519611
1500.0,30.0,0.3,online,55.0,65.0,2.0,False,winner,2.0,1500.0,False,7000,0.22229074714270505,0.6358392376997798,0.6402805611222445
1500.0,15.0,0.4,fixed,45.0,65.0,1.0,False,winner,2.0,1500.0,True,7000,0.22229297003170784,0.6361286956374225,0.6402805611222445
1500.0,30.0,0.35,online,55.0,65.0,4.0,False,winner,2.0,1500.0,False,7000,0.22229325174636214,0.6357171309189988,0.6407099914113942
1500.0,15.0,0.1,fixed,65.0,65.0,1.0,False,winner,,1500.0,False,7000,0.22229360050814972,0.6359803165175094,0.6375608359576296
1500.0,25.0,0.35,fixed,35.0,65.0,1.0,False,winner,2.0,1300.0,True,7000,0.22229390171660993,0.635678608202684,0.6369882622387633
1500.0,30.0,0.35,online,55.0,65.0,1.0,False,winner,,1300.0,False,7000,0.22229485626169493,0.636484593486357,0.6397079874033782
1500.0,15.0,0.35,fixed,45.0,65.0,1.0,False,winner,2.0,1500.0,False,7000,0.22229611376395295,0.6360637213892075,0.6388491268250788
1500.0,20.0,0.15,online,55.0,65.0,1.0,True,winner,,1500.0,True,7000,0.22229676901282752,0.6364863031562212,0.641425708559977
1500.0,30.0,0.5,online,55.0,65.0,4.0,False,winner,,1500.0,True,7000,0.2222972323675884,0.6359981996794102,0.6389922702547953
1500.0,20.0,0.15,fixed,55.0,65.0,1.0,False,winner,2.0,1300.0,True,7000,0.2223016479340429,0.6359602865971098,0.63670197537933
1500.0,15.0,0.25,online,55.0,65.0,4.0,False,winner,2.0,1300.0,True,7000,0.22230212213648423,0.6358559809680008,0.6321213856283997
1500.0,25.0,0.2,fixed,55.0,65.0,1.0,False,winner,,1300.0,True,7000,0.22230246434004194,0.6365311037650677,0.640137417692528
1500.0,15.0,0.4,online,55.0,65.0,1.0,True,winner,2.0,1500.0,True,7000,0.22230247075168444,0.6359014056426682,0.6308330947609505
1500.0,30.0,0.4,online,55.0,65.0,2.0,False,winner,,1500.0,True,7000,0.22230249875469918,0.6363093577646753,0.6382765531062125
1500.0,15.0,0.4,online,55.0,65.0,2.0,False,winner,2.0,1300.0,False,7000,0.2223027874577298,0.6360113267899756,0.6321213856283997
1500.0,15.0,0.2,online,55.0,65.0,0.5,True,winner,2.0,1300.0,False,7000,0.22230346378955546,0.6358826911097554,0.6345548239335814
1500.0,25.0,0.4,fixed,35.0,65.0,1.0,False,winner,,1500.0,False,7000,0.22230532379132098,0.6355158415280387,0.6355568279415975
1500.0,15.0,0.4,online,55.0,65.0,0.5,True,winner,2.0,1500.0,False,7000,0.22230675176147163,0.6359596633236932,0.6334096764958489
1500.0,20.0,0.2,fixed,45.0,65.0,1.0,False,winner,2.0,1500.0,False,7000,0.22230704983001448,0.6356664242727654,0.6364156885198969
1500.0,15.0,0.35,online,55.0,65.0,2.0,False,winner,2.0,1500.0,False,7000,0.22230786688290746,0.6358888666522146,0.6334096764958489
1500.0,20.0,0.15,fixed,65.0,65.0,1.0,False,winner,2.0,1500.0,True,7000,0.22230851777877794,0.6359050154731597,0.6365588319496135
1500.0,20.0,0.25,online,55.0,65.0,4.0,True,winner,2.0,1500.0,True,7000,0.22230951469170226,0.6357271009823081,0.6372745490981964
1500.0,30.0,0.25,online,55.0,65.0,0.5,True,winner,2.0,1300.0,False,7000,0.22230954045484713,0.6362719826347643,0.6430002862868595
1500.0,25.0,0.25,online,55.0,65.0,2.0,True,winner,,1500.0,True,7000,0.22230972774355026,0.6365665632511718,0.6425708559977097
1500.0,15.0,0.1,fixed,55.0,65.0,1.0,False,winner,,1300.0,False,7000,0.22231020795251555,0.6360688556475697,0.6385628399656456
1500.0,15.0,0.1,online,55.0,65.0,0.5,False,winner,,1300.0,False,7000,0.22231101697410977,0.6362302754920542,0.6369882622387633
1500.0,30.0,0.5,online,55.0,65.0,4.0,True,winner,2.0,1300.0,False,7000,0.22231140520529655,0.6357106097440434,0.6351273976524477
1500.0,15.0,0.2,online,55.0,65.0,2.0,False,winner,2.0,1300.0,True,7000,0.22231171578961967,0.6358906102312294,0.6328371027769826
1500.0,30.0,0.25,fixed,65.0,65.0,1.0,False,winner,2.0,1500.0,False,7000,0.22231199779470395,0.6360232577253833,0.6399942742628113
1500.0,25.0,0.2,online,55.0,65.0,0.5,True,winner,,1300.0,True,7000,0.22231302586611543,0.6370499533872341,0.6444317205840252
1500.0,25.0,0.25,online,55.0,65.0,2.0,True,winner,,1500.0,False,7000,0.22231923525459726,0.6364140320870394,0.641425708559977
1500.0,15.0,0.35,online,55.0,65.0,2.0,True,winner,2.0,1300.0,False,7000,0.22232126595903212,0.6359858267257923,0.6314056684798168
1500.0,20.0,0.2,online,55.0,65.0,2.0,True,winner,2.0,1500.0,False,7000,0.22232159315094932,0.6357983127903682,0.6372745490981964
1500.0,15.0,0.2,online,55.0,65.0,1.0,False,winner,2.0,1300.0,False,7000,0.2223219847250642,0.6359209554546283,0.6354136845118808
1500.0,15.0,0.4,online,55.0,65.0,1.0,False,winner,2.0,1500.0,False,7000,0.22232367026847527,0.6360078683231264,0.6342685370741483
1500.0,15.0,0.4,online,55.0,65.0,2.0,False,winner,2.0,1500.0,True,7000,0.22232695977869038,0.6359597845984614,0.6332665330661322
1500.0,20.0,0.35,fixed,35.0,65.0,1.0,False,winner,2.0,1500.0,False,7000,0.22232725764058686,0.6358218801485676,0.6391354136845119
1500.0,15.0,0.25,online,55.0,65.0,2.0,False,winner,2.0,1500.0,False,7000,0.22232749295788756,0.6358256108218068,0.6324076724878328
1500.0,30.0,0.35,online,55.0,65.0,0.5,True,winner,,1300.0,True,7000,0.22232914799195103,0.6368603732030956,0.6398511308330948
1500.0,30.0,0.5,online,55.0,65.0,2.0,True,winner,,1300.0,False,7000,0.22232942020342258,0.6362069926760218,0.641425708559977
1500.0,30.0,0.25,fixed,55.0,65.0,1.0,False,winner,2.0,1300.0,False,7000,0.22233111331783317,0.6360785963073845,0.6405668479816776
1500.0,15.0,0.2,online,55.0,65.0,0.5,False,winner,2.0,1500.0,False,7000,0.22233238388398863,0.6358224332270511,0.6342685370741483
1500.0,30.0,0.25,online,55.0,65.0,1.0,False,winner,2.0,1300.0,False,7000,0.22233382611913766,0.6362955576007836,0.641425708559977
1500.0,20.0,0.4,fixed,35.0,65.0,1.0,False,winner,2.0,1500.0,False,7000,0.22233490137837497,0.635907823249047,0.6391354136845119
1500.0,15.0,0.4,online,55.0,65.0,2.0,True,winner,2.0,1300.0,True,7000,0.22233603211083053,0.6360394581034878,0.6321213856283997
1500.0,30.0,0.3,online,55.0,65.0,4.0,False,winner,2.0,1300.0,True,7000,0.2223365122132055,0.636227964251922,0.643143429716576
1500.0,25.0,0.35,fixed,35.0,65.0,1.0,False,winner,2.0,1300.0,False,7000,0.22233654612860648,0.6357575390855899,0.6365588319496135
1500.0,25.0,0.2,online,55.0,65.0,0.5,False,winner,,1500.0,True,7000,0.22233845569792843,0.6367521004625855,0.64214142570856
1500.0,20.0,0.2,online,55.0,65.0,4.0,False,winner,2.0,1500.0,True,7000,0.22234025640800362,0.6358609536817519,0.6368451188090467
1500.0,30.0,0.5,fixed,45.0,65.0,1.0,False,winner,,1300.0,True,7000,0.22234138050160324,0.6359385651868363,0.6399942742628113
1500.0,30.0,0.35,fixed,55.0,65.0,1.0,False,winner,,1300.0,True,7000,0.22234166743486106,0.6364318452344152,0.6408531348411108
1500.0,20.0,0.5,fixed,35.0,65.0,1.0,False,winner,2.0,1300.0,True,7000,0.22234226231424237,0.6361257318552156,0.6404237045519611
1500.0,30.0,0.25,online,55.0,65.0,0.5,True,winner,2.0,1300.0,True,7000,0.2223423163132626,0.6364650017262508,0.6418551388491268
1500.0,30.0,0.4,online,55.0,65.0,4.0,False,winner,,1300.0,True,7000,0.2223429556650836,0.636601425425187,0.638419696535929
1500.0,25.0,0.4,fixed,35.0,65.0,1.0,False,winner,2.0,1500.0,True,7000,0.22234568060332335,0.6356899940884279,0.6362725450901804
1500.0,25.0,0.2,online,55.0,65.0,2.0,False,winner,,1300.0,False,7000,0.2223457462121039,0.636807837086047,0.6411394217005439
1500.0,25.0,0.5,fixed,35.0,65.0,1.0,False,winner,2.0,1300.0,False,7000,0.22234623542231377,0.6358548697375396,0.6377039793873461
1500.0,30.0,0.35,fixed,55.0,65.0,1.0,False,winner,,1300.0,False,7000,0.22234654916561886,0.6363076905640275,0.6407099914113942
1500.0,30.0,0.35,fixed,45.0,65.0,1.0,False,winner,2.0,1500.0,True,7000,0.22234727762015813,0.6357077204722587,0.6358431148010306
1500.0,20.0,0.15,fixed,45.0,65.0,1.0,False,winner,,1300.0,False,7000,0.22234809799872315,0.6361385499405056,0.639421700543945
1500.0,20.0,0.15,online,55.0,65.0,0.5,False,winner,2.0,1300.0,False,7000,0.22234901478901034,0.6361316703434499,0.6375608359576296
1500.0,15.0,0.1,online,55.0,65.0,1.0,False,winner,,1300.0,True,7000,0.22234918520362,0.6364364265991976,0.6381334096764959
1500.0,30.0,0.35,fixed,45.0,65.0,1.0,False,winner,2.0,1500.0,False,7000,0.2223495344368343,0.6356724181214333,0.6362725450901804
1500.0,20.0,0.15,online,55.0,65.0,2.0,True,winner,,1300.0,False,7000,0.22235084945128802,0.6367002543233261,0.6391354136845119
1500.0,20.0,0.15,fixed,55.0,65.0,1.0,False,winner,2.0,1300.0,False,7000,0.2223515367224298,0.636028562384784,0.6362725450901804
1500.0,25.0,0.25,online,55.0,65.0,4.0,True,winner,2.0,1300.0,True,7000,0.2223525123861934,0.636213338343619,0.6399942742628113
1500.0,15.0,0.35,online,55.0,65.0,2.0,True,winner,2.0,1500.0,True,7000,0.22235258511254435,0.6359381295714466,0.631978242198683
1500.0,30.0,0.3,online,55.0,65.0,4.0,False,winner,2.0,1300.0,False,7000,0.22235334411744903,0.6361720191909264,0.6407099914113942
1500.0,30.0,0.25,fixed,65.0,65.0,1.0,False,winner,2.0,1500.0,True,7000,0.22235366979120946,0.636200861477185,0.6395648439736616
1500.0,20.0,0.15,online,55.0,65.0,2.0,True,winner,,1300.0,True,7000,0.22235464942023334,0.6368739121637401,0.6419982822788434
1500.0,30.0,0.35,online,55.0,65.0,0.5,True,winner,,1300.0,False,7000,0.22235920160731573,0.6367448081799981,0.6409962782708274
1500.0,30.0,0.25,online,55.0,65.0,1.0,False,winner,2.0,1300.0,True,7000,0.22235939975444569,0.6364711082619288,0.6405668479816776
1500.0,20.0,0.15,online,55.0,65.0,0.5,True,winner,2.0,1300.0,True,7000,0.222360112437155,0.6362602977363465,0.6365588319496135
1500.0,15.0,0.25,fixed,45.0,65.0,1.0,False,winner,2.0,1500.0,False,7000,0.2223601230595511,0.6360148009297136,0.6378471228170627
1500.0,20.0,0.15,fixed,65.0,65.0,1.0,False,winner,2.0,1500.0,False,7000,0.2223610665198661,0.6359771430893436,0.6356999713713141
1500.0,25.0,0.35,fixed,35.0,65.0,1.0,False,winner,,1300.0,True,7000,0.22236238487347365,0.6359082437079315,0.6355568279415975
1500.0,30.0,0.35,online,55.0,65.0,0.5,False,winner,,1500.0,True,7000,0.22236282830116263,0.6366120398547973,0.6398511308330948
1500.0,25.0,0.35,fixed,35.0,65.0,1.0,False,winner,,1300.0,False,7000,0.2223647515660686,0.6358282611849411,0.6344116805038649
1500.0,20.0,0.3,fixed,35.0,65.0,1.0,False,winner,2.0,1500.0,True,7000,0.22236548748100696,0.6358425275556193,0.6371314056684798
1500.0,30.0,0.4,online,55.0,65.0,2.0,False,winner,,1500.0,False,7000,0.22236558757154787,0.6363087792655007,0.6391354136845119
1500.0,25.0,0.25,online,55.0,65.0,4.0,True,winner,2.0,1300.0,False,7000,0.2223671021202163,0.6361837188411937,0.6408531348411108
1500.0,15.0,0.3,online,55.0,65.0,4.0,False,winner,2.0,1500.0,True,7000,0.2223679172458006,0.6359146388911029,0.6339822502147151
1500.0,25.0,0.2,online,55.0,65.0,1.0,False,winner,,1500.0,False,7000,0.2223687841506672,0.6366340382443241,0.6407099914113942
1500.0,15.0,0.25,online,55.0,65.0,2.0,True,winner,2.0,1500.0,True,7000,0.22237099479468303,0.6359000816028351,0.6311193816203836
1500.0,15.0,0.1,online,55.0,65.0,0.5,False,winner,,1500.0,True,7000,0.2223709973613776,0.6362679873557229,0.6379902662467792
1500.0,20.0,0.2,online,55.0,65.0,4.0,True,winner,,1500.0,True,7000,0.22237138581721377,0.6364281145026406,0.6408531348411108
1500.0,15.0,0.3,online,55.0,65.0,4.0,False,winner,2.0,1300.0,False,7000,0.22237192791865878,0.636041368902584,0.6316919553392499
1500.0,20.0,0.15,online,55.0,65.0,1.0,False,winner,2.0,1300.0,True,7000,0.2223733571784165,0.6362717307523882,0.6365588319496135
1500.0,20.0,0.25,online,55.0,65.0,4.0,True,winner,2.0,1500.0,False,7000,0.22237505831264362,0.6358499393958505,0.6351273976524477
1500.0,25.0,0.2,online,55.0,65.0,2.0,False,winner,,1300.0,True,7000,0.22237553595648638,0.637108979407948,0.6440022902948754
1500.0,30.0,0.25,fixed,55.0,65.0,1.0,False,winner,2.0,1300.0,True,7000,0.22237757715925754,0.6362685013814919,0.6398511308330948
1500.0,15.0,0.25,online,55.0,65.0,2.0,True,winner,2.0,1300.0,False,7000,0.22237952353860438,0.6360465545192668,0.6331233896364157
1500.0,15.0,0.1,fixed,55.0,65.0,1.0,False,winner,,1500.0,True,7000,0.222381228158202,0.6361222974318488,0.6374176925279129
1500.0,25.0,0.2,online,55.0,65.0,1.0,True,winner,2.0,1500.0,False,7000,0.22238441158623645,0.6361545556584218,0.6392785571142284
1500.0,30.0,0.35,online,55.0,65.0,0.5,False,winner,,1500.0,False,7000,0.22238582701115364,0.6364923022793469,0.6408531348411108
1500.0,25.0,0.3,online,55.0,65.0,4.0,True,winner,,1500.0,True,7000,0.22238801192995306,0.6365192967430496,0.6407099914113942
1500.0,30.0,0.35,online,55.0,65.0,2.0,False,winner,,1300.0,True,7000,0.2223883215367274,0.6369079287626404,0.6408531348411108
1500.0,25.0,0.25,fixed,45.0,65.0,1.0,False,winner,,1500.0,False,7000,0.22238832159197408,0.6360075712789676,0.6372745490981964
1500.0,30.0,0.35,online,55.0,65.0,4.0,True,winner,2.0,1300.0,True,7000,0.22238843102625053,0.6362474171361601,0.6391354136845119
1500.0,25.0,0.2,fixed,55.0,65.0,1.0,False,winner,,1500.0,False,7000,0.22238867985375527,0.6363549303137969,0.640137417692528
1500.0,20.0,0.2,online,55.0,65.0,4.0,True,winner,,1500.0,False,7000,0.2223952735461024,0.6363791904115749,0.6408531348411108
1500.0,25.0,0.2,online,55.0,65.0,1.0,True,winner,2.0,1500.0,True,7000,0.22239594414394936,0.6362803926915156,0.6408531348411108
1500.0,15.0,0.2,fixed,45.0,65.0,1.0,False,winner,2.0,1300.0,True,7000,0.22239727446363589,0.6361081472716643,0.6362725450901804
1500.0,15.0,0.5,fixed,55.0,65.0,1.0,False,winner,2.0,1300.0,True,7000,0.2223980775112683,0.636430777110977,0.6344116805038649
1500.0,30.0,0.4,online,55.0,65.0,1.0,True,winner,,1500.0,True,7000,0.22239886311036006,0.6366426021934966,0.6391354136845119
1500.0,30.0,0.5,online,55.0,65.0,2.0,True,winner,,1500.0,True,7000,0.22239920586493794,0.6363133878864567,0.6405668479816776
1500.0,15.0,0.2,online,55.0,65.0,1.0,True,winner,2.0,1500.0,True,7000,0.2223997723574831,0.6359656892431833,0.6339822502147151
1500.0,15.0,0.1,fixed,55.0,65.0,1.0,False,winner,,1500.0,False,7000,0.22240030951634815,0.6360890547749194,0.6374176925279129
1500.0,15.0,0.1,online,55.0,65.0,1.0,False,winner,,1300.0,False,7000,0.22240127513492844,0.6364502004355057,0.6364156885198969
1500.0,15.0,0.2,online,55.0,65.0,0.5,True,winner,2.0,1500.0,False,7000,0.2224022910115397,0.635976534110667,0.6349842542227312
1500.0,30.0,0.5,online,55.0,65.0,4.0,False,winner,,1500.0,False,7000,0.22240547854378545,0.6361465292556517,0.6402805611222445
1500.0,20.0,0.5,online,55.0,65.0,4.0,True,winner,2.0,1500.0,True,7000,0.22240579697296042,0.635876776606796,0.6339822502147151
1500.0,25.0,0.4,fixed,35.0,65.0,1.0,False,winner,2.0,1500.0,False,7000,0.2224063016539172,0.63581791895094,0.6342685370741483
1500.0,15.0,0.1,online,55.0,65.0,0.5,False,winner,,1500.0,False,7000,0.2224065642022096,0.6362476229602565,0.6378471228170627
1500.0,30.0,0.35,online,55.0,65.0,4.0,True,winner,2.0,1300.0,False,7000,0.22240980828161794,0.6362356451682094,0.639421700543945
1500.0,30.0,0.5,fixed,45.0,65.0,1.0,False,winner,,1300.0,False,7000,0.22241050485449723,0.6360325331768919,0.6368451188090467
1500.0,20.0,0.2,online,55.0,65.0,4.0,False,winner,2.0,1500.0,False,7000,0.22241293192207154,0.6359737428096726,0.6361294016604638
1500.0,15.0,0.4,online,55.0,65.0,4.0,False,winner,2.0,1300.0,True,7000,0.22241294582108292,0.6362007855733074,0.6328371027769826
1500.0,20.0,0.15,online,55.0,65.0,0.5,False,winner,2.0,1500.0,True,7000,0.2224141410831579,0.6361713552468763,0.6385628399656456
1500.0,25.0,0.2,online,55.0,65.0,1.0,False,winner,,1500.0,True,7000,0.2224157948853825,0.6369691558582061,0.6437160034354423
1500.0,15.0,0.35,online,55.0,65.0,4.0,False,winner,2.0,1300.0,False,7000,0.2224159175812495,0.6361789676555614,0.6318350987689665
1500.0,20.0,0.15,online,55.0,65.0,0.5,True,winner,2.0,1300.0,False,7000,0.22241687962320747,0.6363165849671246,0.6378471228170627
1500.0,20.0,0.15,fixed,45.0,65.0,1.0,False,winner,,1300.0,True,7000,0.22241801940169242,0.6364393970343333,0.6369882622387633
1500.0,15.0,0.2,online,55.0,65.0,1.0,False,winner,2.0,1500.0,False,7000,0.22242025561389628,0.6360150910971077,0.6361294016604638
1500.0,20.0,0.15,fixed,55.0,65.0,1.0,False,winner,2.0,1500.0,True,7000,0.22242089898701076,0.6360698296323175,0.6374176925279129
1500.0,30.0,0.4,online,55.0,65.0,4.0,False,winner,,1300.0,False,7000,0.222421041723141,0.6366296328647645,0.6411394217005439
1500.0,30.0,0.25,online,55.0,65.0,0.5,False,winner,2.0,1500.0,False,7000,0.22242276308799508,0.6362970330543924,0.6395648439736616
1500.0,25.0,0.2,online,55.0,65.0,2.0,False,winner,2.0,1500.0,False,7000,0.22242341336220336,0.63621257022153,0.6391354136845119
1500.0,25.0,0.2,online,55.0,65.0,2.0,False,winner,2.0,1500.0,True,7000,0.22242616035104795,0.6363186042814971,0.6418551388491268
1500.0,25.0,0.2,online,55.0,65.0,2.0,True,winner,2.0,1300.0,False,7000,0.2224275106805902,0.6364612801532915,0.6397079874033782
1500.0,25.0,0.2,online,55.0,65.0,2.0,True,winner,2.0,1300.0,True,7000,0.2224280939407124,0.636564170699188,0.64214142570856
1500.0,15.0,0.2,online,55.0,65.0,2.0,False,winner,2.0,1500.0,True,7000,0.22242831074911595,0.6360192947545595,0.6341253936444318
1500.0,15.0,0.35,online,55.0,65.0,4.0,False,winner,2.0,1500.0,True,7000,0.22242936774590674,0.6360971716361128,0.6332665330661322
1500.0,20.0,0.15,online,55.0,65.0,4.0,False,winner,,1500.0,False,7000,0.22242961968037325,0.6365312832552019,0.6374176925279129
1500.0,25.0,0.5,fixed,35.0,65.0,1.0,False,winner,2.0,1500.0,True,7000,0.22243013806898254,0.635946843064033,0.63670197537933
1500.0,15.0,0.1,online,55.0,65.0,0.5,True,winner,,1300.0,True,7000,0.22243098392924798,0.6366882887799677,0.6389922702547953
1500.0,30.0,0.35,online,55.0,65.0,2.0,False,winner,,1300.0,False,7000,0.22243372995069027,0.6368280826977594,0.640137417692528
1500.0,25.0,0.3,online,55.0,65.0,4.0,True,winner,,1500.0,False,7000,0.22243422549762776,0.6365086963425074,0.6395648439736616
1500.0,30.0,0.4,online,55.0,65.0,2.0,True,winner,,1300.0,True,7000,0.22243515819154247,0.636925257193065,0.6417119954194103
1500.0,30.0,0.35,online,55.0,65.0,1.0,False,winner,,1500.0,True,7000,0.22243592617728142,0.6368164861723697,0.6398511308330948
1500.0,15.0,0.3,online,55.0,65.0,2.0,True,winner,2.0,1500.0,False,7000,0.22243656461035757,0.6360924983975659,0.6316919553392499
1500.0,20.0,0.15,online,55.0,65.0,1.0,False,winner,2.0,1300.0,False,7000,0.22243672504604067,0.636343168025555,0.6369882622387633
1500.0,25.0,0.2,online,55.0,65.0,0.5,True,winner,,1500.0,False,7000,0.22243916581124323,0.6369050963895972,0.639421700543945
1500.0,25.0,0.2,online,55.0,65.0,1.0,True,winner,,1300.0,False,7000,0.22243981915456756,0.6371538920674324,0.6427139994274262
1500.0,20.0,0.3,fixed,35.0,65.0,1.0,False,winner,2.0,1500.0,False,7000,0.22244010384023646,0.6360081594521992,0.6358431148010306
1500.0,30.0,0.4,online,55.0,65.0,4.0,True,winner,2.0,1500.0,True,7000,0.22244230932651524,0.6360547435113248,0.6388491268250788
1500.0,30.0,0.25,online,55.0,65.0,1.0,True,winner,2.0,1300.0,False,7000,0.22244231837436743,0.6365974616850139,0.6417119954194103
1500.0,15.0,0.2,online,55.0,65.0,1.0,True,winner,2.0,1300.0,False,7000,0.22244299378239948,0.63618750570684,0.6341253936444318
1500.0,20.0,0.15,online,55.0,65.0,4.0,False,winner,,1500.0,True,7000,0.2224461846891785,0.6367403279574472,0.6388491268250788
1500.0,25.0,0.25,fixed,45.0,65.0,1.0,False,winner,,1500.0,True,7000,0.22244660451079568,0.6362843586974278,0.6365588319496135
1500.0,15.0,0.4,online,55.0,65.0,1.0,True,winner,2.0,1500.0,False,7000,0.22244832631368458,0.6362500800882244,0.6329802462066991
1500.0,30.0,0.5,online,55.0,65.0,4.0,True,winner,2.0,1500.0,True,7000,0.22244948766816758,0.6359001719312463,0.6351273976524477
1500.0,15.0,0.25,online,55.0,65.0,4.0,False,winner,2.0,1500.0,True,7000,0.22244989692336523,0.6360578803195623,0.6329802462066991
1500.0,30.0,0.3,online,55.0,65.0,2.0,True,winner,2.0,1500.0,False,7000,0.22245287241186362,0.6362622181901486,0.6424277125679931
1500.0,30.0,0.3,fixed,65.0,65.0,1.0,False,winner,,1300.0,False,7000,0.2224536642654135,0.6369788462489778,0.6402805611222445
1500.0,30.0,0.3,online,55.0,65.0,2.0,True,winner,2.0,1500.0,True,7000,0.22245395416946484,0.6363556913676504,0.643143429716576
1500.0,15.0,0.4,fixed,45.0,65.0,1.0,False,winner,2.0,1500.0,False,7000,0.22245418945358728,0.6364945732726269,0.6398511308330948
1500.0,30.0,0.25,online,55.0,65.0,0.5,False,winner,2.0,1500.0,True,7000,0.22245831865377774,0.6364901376832396,0.6397079874033782
1500.0,20.0,0.15,fixed,55.0,65.0,1.0,False,winner,2.0,1500.0,False,7000,0.22245865605094334,0.6361093540741362,0.6365588319496135
1500.0,15.0,0.1,online,55.0,65.0,1.0,False,winner,,1500.0,True,7000,0.222459259271725,0.6364849714731468,0.6372745490981964
1500.0,30.0,0.3,fixed,45.0,65.0,1.0,False,winner,2.0,1300.0,False,7000,0.22246084608964725,0.6361373759203208,0.6374176925279129
1500.0,20.0,0.15,online,55.0,65.0,0.5,False,winner,2.0,1500.0,False,7000,0.22246252903617045,0.6362134339276984,0.6391354136845119
1500.0,25.0,0.35,fixed,35.0,65.0,1.0,False,winner,2.0,1500.0,True,7000,0.22246340740567913,0.6359344222688347,0.6358431148010306
1500.0,30.0,0.4,online,55.0,65.0,1.0,True,winner,,1500.0,False,7000,0.22246363764684682,0.6366450889475722,0.6392785571142284
1500.0,30.0,0.35,online,55.0,65.0,1.0,False,winner,,1500.0,False,7000,0.22246492623747574,0.6367062569361928,0.6391354136845119
1500.0,30.0,0.3,fixed,65.0,65.0,1.0,False,winner,,1300.0,True,7000,0.22246561034978254,0.6371800229321709,0.6424277125679931
1500.0,25.0,0.2,online,55.0,65.0,1.0,True,winner,,1300.0,True,7000,0.22246665433854926,0.6374471799213965,0.6427139994274262
1500.0,25.0,0.2,fixed,55.0,65.0,1.0,False,winner,,1500.0,True,7000,0.2224673743846697,0.6367203747755996,0.6382765531062125
1500.0,30.0,0.25,online,55.0,65.0,1.0,True,winner,2.0,1300.0,True,7000,0.22246933067643385,0.636781059709052,0.6428571428571429
1500.0,20.0,0.5,fixed,35.0,65.0,1.0,False,winner,2.0,1300.0,False,7000,0.222469594154256,0.6364118240122906,0.639421700543945
1500.0,15.0,0.25,online,55.0,65.0,4.0,False,winner,2.0,1300.0,False,7000,0.22247502254990056,0.6362368944784085,0.6322645290581163
1500.0,15.0,0.1,online,55.0,65.0,0.5,True,winner,,1300.0,False,7000,0.22247649098406405,0.6366857973998293,0.6369882622387633
1500.0,30.0,0.35,online,55.0,65.0,1.0,True,winner,,1300.0,True,7000,0.22248071021769114,0.6372467783259432,0.6405668479816776
1500.0,30.0,0.4,online,55.0,65.0,4.0,True,winner,2.0,1500.0,False,7000,0.22248135920613055,0.6360993946689996,0.6389922702547953
1500.0,15.0,0.2,online,55.0,65.0,2.0,False,winner,2.0,1300.0,False,7000,0.2224834997237351,0.6362649733461383,0.6338391067849986
1500.0,30.0,0.25,online,55.0,65.0,2.0,False,winner,2.0,1300.0,False,7000,0.2224838164989868,0.6366519315075383,0.6404237045519611
1500.0,30.0,0.25,online,55.0,65.0,0.5,True,winner,2.0,1500.0,False,7000,0.2224838315655917,0.6364868010680685,0.6417119954194103
1500.0,30.0,0.3,fixed,45.0,65.0,1.0,False,winner,2.0,1300.0,True,7000,0.22248385664644932,0.6362510461998019,0.6374176925279129
1500.0,15.0,0.15,fixed,65.0,65.0,1.0,False,winner,2.0,1300.0,True,7000,0.22248474257155157,0.6362862116517845,0.6331233896364157
1500.0,15.0,0.4,online,55.0,65.0,2.0,False,winner,2.0,1500.0,False,7000,0.22248580215554128,0.6363340811706538,0.6325508159175494
1500.0,15.0,0.4,online,55.0,65.0,2.0,True,winner,2.0,1300.0,False,7000,0.22248586412885826,0.6363870055387987,0.6331233896364157
1500.0,20.0,0.15,fixed,45.0,65.0,1.0,False,winner,,1500.0,False,7000,0.2224869642361096,0.636269095249069,0.6365588319496135
1500.0,25.0,0.2,online,55.0,65.0,0.5,True,winner,,1500.0,True,7000,0.2224883215204825,0.6372484353630499,0.6442885771543087
1500.0,20.0,0.15,online,55.0,65.0,0.5,True,winner,2.0,1500.0,True,7000,0.22248854629925235,0.6363718966306562,0.6369882622387633
1500.0,20.0,0.25,fixed,35.0,65.0,1.0,False,winner,2.0,1300.0,True,7000,0.22249148867107188,0.6362095430171056,0.6371314056684798
1500.0,20.0,0.1,fixed,65.0,65.0,1.0,False,winner,,1300.0,False,7000,0.22249468729853414,0.6371289059313738,0.6430002862868595
1500.0,30.0,0.25,fixed,55.0,65.0,1.0,False,winner,2.0,1500.0,False,7000,0.2224956099793951,0.6362862327695163,0.6395648439736616
1500.0,15.0,0.5,fixed,65.0,65.0,1.0,False,winner,2.0,1300.0,True,7000,0.22249673913727208,0.6364747857111175,0.6286859433152018
1500.0,20.0,0.15,online,55.0,65.0,1.0,True,winner,2.0,1300.0,True,7000,0.22249685828530935,0.6365833391391813,0.6364156885198969
1500.0,15.0,0.2,fixed,45.0,65.0,1.0,False,winner,2.0,1500.0,True,7000,0.2224970251573536,0.6362201310787506,0.6359862582307472
1500.0,15.0,0.1,online,55.0,65.0,1.0,False,winner,,1500.0,False,7000,0.22249755642823507,0.6364675636411826,0.6365588319496135
1500.0,30.0,0.5,fixed,45.0,65.0,1.0,False,winner,,1500.0,True,7000,0.2224981188452302,0.6361681408761904,0.639421700543945
1500.0,15.0,0.35,online,55.0,65.0,2.0,True,winner,2.0,1500.0,False,7000,0.2224987871324958,0.6362783781292853,0.6325508159175494
1500.0,30.0,0.25,online,55.0,65.0,2.0,False,winner,2.0,1300.0,True,7000,0.22250117053839033,0.6368136879928147,0.6412825651302605
1500.0,20.0,0.15,online,55.0,65.0,1.0,False,winner,2.0,1500.0,True,7000,0.22250160916327344,0.6363845870743364,0.6374176925279129
1500.0,25.0,0.35,fixed,35.0,65.0,1.0,False,winner,2.0,1500.0,False,7000,0.22250172319886535,0.6360046144634339,0.6354136845118808
1500.0,15.0,0.1,online,55.0,65.0,2.0,False,winner,,1300.0,True,7000,0.22250258637471285,0.6367864440158231,0.6387059833953621
1500.0,15.0,0.2,online,55.0,65.0,2.0,True,winner,2.0,1300.0,True,7000,0.22250327675999151,0.6363227726993453,0.6326939593472659
1500.0,15.0,0.15,online,55.0,65.0,4.0,True,winner,,1300.0,True,7000,0.2225043454483242,0.6366767473058654,0.6372745490981964
1500.0,30.0,0.35,online,55.0,65.0,0.5,True,winner,,1500.0,True,7000,0.22250580267307948,0.637092650046982,0.6388491268250788
1500.0,25.0,0.2,online,55.0,65.0,4.0,False,winner,2.0,1300.0,True,7000,0.22250674234544224,0.6367057634559388,0.6424277125679931
1500.0,30.0,0.35,fixed,55.0,65.0,1.0,False,winner,,1500.0,True,7000,0.2225068987387026,0.6366503295437165,0.640137417692528
1500.0,30.0,0.25,online,55.0,65.0,1.0,False,winner,2.0,1500.0,False,7000,0.22250720935109344,0.6365102810146838,0.6404237045519611
1500.0,30.0,0.35,fixed,55.0,65.0,1.0,False,winner,,1500.0,False,7000,0.2225075228907128,0.636519025279025,0.6398511308330948
1500.0,30.0,0.5,online,55.0,65.0,2.0,True,winner,,1500.0,False,7000,0.222508367061271,0.6364685413742299,0.6411394217005439
1500.0,20.0,0.5,online,55.0,65.0,4.0,True,winner,2.0,1500.0,False,7000,0.22250900452220554,0.6361123157301056,0.6338391067849986
1500.0,20.0,0.15,online,55.0,65.0,2.0,True,winner,,1500.0,False,7000,0.2225154460868293,0.6368614223119371,0.6381334096764959
1500.0,25.0,0.2,online,55.0,65.0,2.0,False,winner,,1500.0,False,7000,0.2225154876916369,0.6369959413873786,0.6407099914113942
1500.0,15.0,0.5,online,55.0,65.0,0.5,False,winner,2.0,1300.0,True,7000,0.22251561439591686,0.6365674007878824,0.6306899513312338
1500.0,30.0,0.4,online,55.0,65.0,2.0,True,winner,,1300.0,False,7000,0.22251732426341356,0.6369689940379448,0.6425708559977097
1500.0,15.0,0.25,online,55.0,65.0,2.0,True,winner,2.0,1500.0,False,7000,0.22251733999613865,0.6362289530421095,0.6338391067849986
1500.0,25.0,0.2,online,55.0,65.0,4.0,False,winner,2.0,1300.0,False,7000,0.2225190456999744,0.6366302087999328,0.640137417692528
1500.0,30.0,0.5,online,55.0,65.0,4.0,True,winner,2.0,1500.0,False,7000,0.22252103255603933,0.636035889431494,0.6345548239335814
1500.0,30.0,0.25,online,55.0,65.0,0.5,True,winner,2.0,1500.0,True,7000,0.2225223440193205,0.6366919466539439,0.641425708559977
1500.0,25.0,0.35,fixed,35.0,65.0,1.0,False,winner,,1500.0,False,7000,0.22252400661891722,0.6360468611268318,0.633695963355282
1500.0,25.0,0.5,fixed,35.0,65.0,1.0,False,winner,2.0,1500.0,False,7000,0.22252466522915476,0.6361558086241794,0.6371314056684798
1500.0,30.0,0.4,online,55.0,65.0,4.0,False,winner,,1500.0,True,7000,0.22252566300055254,0.6368517974821818,0.6379902662467792
1500.0,25.0,0.35,fixed,35.0,65.0,1.0,False,winner,,1500.0,True,7000,0.22252651473669416,0.6361348834684091,0.6348411107930146
1500.0,20.0,0.15,online,55.0,65.0,2.0,True,winner,,1500.0,True,7000,0.2225267490870088,0.6370518398043348,0.6417119954194103
1500.0,20.0,0.15,online,55.0,65.0,2.0,False,winner,2.0,1300.0,True,7000,0.22252776517600698,0.6366268768479107,0.6365588319496135
1500.0,30.0,0.35,online,55.0,65.0,1.0,True,winner,,1300.0,False,7000,0.22252834740654037,0.6371716493486799,0.6408531348411108
1500.0,20.0,0.5,fixed,35.0,65.0,1.0,False,winner,2.0,1500.0,True,7000,0.22252889943607787,0.6364568148251911,0.6397079874033782
1500.0,15.0,0.3,online,55.0,65.0,4.0,False,winner,2.0,1500.0,False,7000,0.22252929599372231,0.6362804387966355,0.6316919553392499
1500.0,30.0,0.3,online,55.0,65.0,4.0,False,winner,2.0,1500.0,True,7000,0.22253017825267254,0.6364905056117964,0.6432865731462926
1500.0,20.0,0.2,fixed,35.0,65.0,1.0,False,winner,,1300.0,False,7000,0.22253066046515407,0.6363125614085348,0.6371314056684798
1500.0,15.0,0.15,fixed,55.0,65.0,1.0,False,winner,2.0,1300.0,True,7000,0.22253103828177798,0.6363710546225614,0.6339822502147151
1500.0,30.0,0.35,online,55.0,65.0,0.5,True,winner,,1500.0,False,7000,0.22253126900387335,0.6369694916094261,0.6402805611222445
1500.0,20.0,0.2,online,55.0,65.0,4.0,True,winner,2.0,1300.0,True,7000,0.22253179657211677,0.6365205594616233,0.6387059833953621
1500.0,20.0,0.15,online,55.0,65.0,0.5,True,winner,2.0,1500.0,False,7000,0.22253222301409314,0.6363985260810964,0.6388491268250788
1500.0,15.0,0.4,online,55.0,65.0,2.0,True,winner,2.0,1500.0,True,7000,0.22253314339844726,0.6363806736111849,0.6324076724878328
1500.0,25.0,0.3,fixed,35.0,65.0,1.0,False,winner,2.0,1300.0,True,7000,0.22253727803467918,0.6362395922407332,0.6375608359576296
1500.0,30.0,0.25,online,55.0,65.0,1.0,False,winner,2.0,1500.0,True,7000,0.22253890689005645,0.636698419426691,0.6404237045519611
1500.0,30.0,0.3,online,55.0,65.0,4.0,False,winner,2.0,1500.0,False,7000,0.2225409397771399,0.6364232946009679,0.6395648439736616
1500.0,15.0,0.1,online,55.0,65.0,0.5,True,winner,,1500.0,True,7000,0.22254208703366365,0.6367371404950787,0.6377039793873461
1500.0,15.0,0.2,online,55.0,65.0,1.0,True,winner,2.0,1500.0,False,7000,0.22254620385247867,0.6362873414663512,0.6339822502147151
1500.0,30.0,0.25,fixed,55.0,65.0,1.0,False,winner,2.0,1500.0,True,7000,0.22254710488243454,0.6364874503775373,0.6388491268250788
1500.0,25.0,0.25,online,55.0,65.0,4.0,True,winner,2.0,1500.0,True,7000,0.22254753339784694,0.636460406182818,0.6402805611222445
1500.0,25.0,0.15,fixed,65.0,65.0,1.0,False,winner,2.0,1300.0,False,7000,0.22255054190680418,0.6368709322102425,0.6405668479816776
1500.0,20.0,0.15,online,55.0,65.0,1.0,False,winner,2.0,1500.0,False,7000,0.222551460101701,0.63642593752598,0.6381334096764959
1500.0,25.0,0.2,online,55.0,65.0,2.0,False,winner,,1500.0,True,7000,0.22255236051572935,0.6373107485250384,0.6434297165760091
1500.0,15.0,0.2,fixed,45.0,65.0,1.0,False,winner,2.0,1300.0,False,7000,0.22255453205133083,0.6364629095452721,0.6354136845118808
1500.0,20.0,0.25,fixed,35.0,65.0,1.0,False,winner,2.0,1300.0,False,7000,0.22255493479304583,0.6363395537564411,0.6359862582307472
1500.0,25.0,0.3,fixed,35.0,65.0,1.0,False,winner,2.0,1300.0,False,7000,0.22255536025848763,0.6362504850436514,0.6352705410821643
1500.0,25.0,0.25,online,55.0,65.0,4.0,True,winner,2.0,1500.0,False,7000,0.2225554464343273,0.6364163179114201,0.640137417692528
1500.0,30.0,0.3,online,55.0,65.0,0.5,False,winner,,1300.0,True,7000,0.22255618910011507,0.6375195545862872,0.6404237045519611
1500.0,20.0,0.1,fixed,65.0,65.0,1.0,False,winner,,1300.0,True,7000,0.2225563037250673,0.6374468322589351,0.6435728600057258
1500.0,20.0,0.15,online,55.0,65.0,1.0,True,winner,2.0,1300.0,False,7000,0.22255671385126635,0.636642235557169,0.6358431148010306
1500.0,30.0,0.3,online,55.0,65.0,0.5,False,winner,,1300.0,False,7000,0.22255742189881758,0.6373027417842694,0.6415688519896937
1500.0,25.0,0.2,fixed,45.0,65.0,1.0,False,winner,2.0,1300.0,False,7000,0.22255784303175122,0.6364358378512388,0.6377039793873461
1500.0,15.0,0.5,fixed,55.0,65.0,1.0,False,winner,2.0,1300.0,False,7000,0.2225593235371596,0.6367886843475355,0.6334096764958489
1500.0,15.0,0.1,online,55.0,65.0,2.0,False,winner,,1300.0,False,7000,0.22256272556446632,0.6368142371339967,0.634697967363298
1500.0,30.0,0.5,fixed,45.0,65.0,1.0,False,winner,,1500.0,False,7000,0.22256398234881966,0.6362568038169697,0.6362725450901804
1500.0,20.0,0.15,fixed,45.0,65.0,1.0,False,winner,,1500.0,True,7000,0.22256488148222098,0.6365869878258815,0.6352705410821643
1500.0,15.0,0.15,fixed,65.0,65.0,1.0,False,winner,2.0,1500.0,True,7000,0.22256572390895515,0.6363325962944988,0.6328371027769826
1500.0,30.0,0.35,online,55.0,65.0,2.0,False,winner,,1500.0,True,7000,0.22256624687331117,0.6371430232104945,0.6399942742628113
1500.0,15.0,0.15,online,55.0,65.0,0.5,False,winner,2.0,1300.0,True,7000,0.2225736905177503,0.6365064666449238,0.6344116805038649
1500.0,15.0,0.1,online,55.0,65.0,0.5,True,winner,,1500.0,False,7000,0.22257457497823194,0.6367044699881059,0.6362725450901804
1500.0,25.0,0.2,online,55.0,65.0,4.0,False,winner,,1300.0,False,7000,0.22258000375569809,0.6373915499136333,0.639421700543945
1500.0,15.0,0.4,online,55.0,65.0,4.0,False,winner,2.0,1300.0,False,7000,0.22258003538352197,0.6365808632802243,0.6318350987689665
1500.0,25.0,0.15,fixed,65.0,65.0,1.0,False,winner,2.0,1300.0,True,7000,0.22258072921017738,0.6370353079771311,0.640137417692528
1500.0,15.0,0.3,online,55.0,65.0,4.0,True,winner,2.0,1300.0,True,7000,0.22258120465821687,0.6365001584959713,0.6318350987689665
1500.0,20.0,0.2,fixed,35.0,65.0,1.0,False,winner,,1300.0,True,7000,0.22258181455308712,0.6365374991150161,0.6374176925279129
1500.0,15.0,0.2,online,55.0,65.0,4.0,False,winner,2.0,1300.0,True,7000,0.22258420895630376,0.6364806770272029,0.6334096764958489
1500.0,15.0,0.2,online,55.0,65.0,2.0,False,winner,2.0,1500.0,False,7000,0.22258508790517362,0.6363630517532359,0.6341253936444318
1500.0,25.0,0.2,fixed,45.0,65.0,1.0,False,winner,2.0,1300.0,True,7000,0.2225865809273451,0.6365703035487253,0.6379902662467792
1500.0,15.0,0.15,online,55.0,65.0,4.0,True,winner,,1300.0,False,7000,0.22258968942354096,0.6368156767761937,0.638419696535929
1500.0,15.0,0.35,online,55.0,65.0,4.0,False,winner,2.0,1500.0,False,7000,0.22259110690191683,0.6364674795482956,0.6324076724878328
1500.0,15.0,0.5,online,55.0,65.0,0.5,True,winner,2.0,1300.0,True,7000,0.22259419525570087,0.6367070084865487,0.6298310907529344
1500.0,25.0,0.2,online,55.0,65.0,2.0,True,winner,2.0,1500.0,False,7000,0.2225948974882711,0.6366484937942906,0.6388491268250788
1500.0,30.0,0.35,online,55.0,65.0,4.0,True,winner,2.0,1500.0,True,7000,0.222596392155769,0.6365377229378986,0.6385628399656456
1500.0,20.0,0.2,online,55.0,65.0,4.0,True,winner,2.0,1300.0,False,7000,0.22259674210770902,0.6366232635531565,0.6377039793873461
1500.0,20.0,0.15,online,55.0,65.0,2.0,False,winner,2.0,1300.0,False,7000,0.22259698422223068,0.636705999052044,0.6351273976524477
1500.0,15.0,0.1,online,55.0,65.0,1.0,True,winner,,1300.0,True,7000,0.22259713272500423,0.6370852268735236,0.6374176925279129
1500.0,15.0,0.5,fixed,55.0,65.0,1.0,False,winner,2.0,1500.0,True,7000,0.22259726344688016,0.6368046939532734,0.6339822502147151
1500.0,30.0,0.4,online,55.0,65.0,4.0,False,winner,,1500.0,False,7000,0.22259830369907416,0.6368714932340406,0.6407099914113942
1500.0,15.0,0.5,online,55.0,65.0,1.0,False,winner,2.0,1300.0,True,7000,0.22259873248835577,0.6367333925411891,0.6309762381906671
1500.0,25.0,0.2,online,55.0,65.0,4.0,False,winner,,1300.0,True,7000,0.22259960080040608,0.6376679595636865,0.6418551388491268
1500.0,25.0,0.2,online,55.0,65.0,2.0,True,winner,2.0,1500.0,True,7000,0.22260373871877026,0.6367693295786796,0.6418551388491268
1500.0,30.0,0.35,online,55.0,65.0,4.0,False,winner,,1300.0,True,7000,0.22260383996386704,0.6374486380400095,0.6385628399656456
1500.0,15.0,0.15,fixed,55.0,65.0,1.0,False,winner,2.0,1500.0,True,7000,0.22260574453851836,0.6364101924181677,0.6341253936444318
1500.0,30.0,0.35,online,55.0,65.0,2.0,False,winner,,1500.0,False,7000,0.22260606632306612,0.6370541793373827,0.6388491268250788
1500.0,15.0,0.4,online,55.0,65.0,4.0,False,winner,2.0,1500.0,True,7000,0.2226090435077472,0.6365401007967648,0.6338391067849986
1500.0,25.0,0.25,online,55.0,65.0,4.0,True,winner,,1300.0,True,7000,0.22261001189585056,0.6375408574230674,0.640137417692528
1500.0,20.0,0.1,online,55.0,65.0,0.5,False,winner,,1300.0,False,7000,0.22261029231062976,0.6374726815776487,0.64214142570856
1500.0,15.0,0.25,online,55.0,65.0,4.0,False,winner,2.0,1500.0,False,7000,0.22261048250085644,0.6364153781687121,0.633695963355282
1500.0,30.0,0.35,online,55.0,65.0,4.0,True,winner,2.0,1500.0,False,7000,0.22261367378096084,0.636517984273862,0.638419696535929
1500.0,25.0,0.2,online,55.0,65.0,1.0,True,winner,,1500.0,False,7000,0.2226139454042603,0.6373496899406185,0.6415688519896937
1500.0,15.0,0.1,online,55.0,65.0,2.0,False,winner,,1500.0,True,7000,0.2226158445988745,0.6368392036224304,0.6381334096764959
1500.0,30.0,0.3,fixed,65.0,65.0,1.0,False,winner,,1500.0,False,7000,0.22262003011915282,0.6371881521956632,0.6395648439736616
1500.0,30.0,0.25,online,55.0,65.0,1.0,True,winner,2.0,1500.0,False,7000,0.2226203329572888,0.6368188691166285,0.6409962782708274
1500.0,30.0,0.4,online,55.0,65.0,2.0,True,winner,,1500.0,True,7000,0.2226209693750318,0.6371814547887812,0.6415688519896937
1500.0,30.0,0.3,fixed,45.0,65.0,1.0,False,winner,2.0,1500.0,False,7000,0.22262586144867536,0.6363613393661359,0.6356999713713141
1500.0,30.0,0.3,online,55.0,65.0,1.0,False,winner,,1300.0,True,7000,0.2226276129388553,0.6377291710802011,0.6407099914113942
1500.0,15.0,0.2,online,55.0,65.0,2.0,True,winner,2.0,1500.0,True,7000,0.222628515053902,0.6364595921918016,0.6331233896364157
1500.0,20.0,0.15,online,55.0,65.0,1.0,True,winner,2.0,1500.0,True,7000,0.2226296931743984,0.6367012900766301,0.6361294016604638
1500.0,20.0,0.1,fixed,65.0,65.0,1.0,False,winner,,1500.0,False,7000,0.22263034162865356,0.637228260136622,0.6418551388491268
1500.0,15.0,0.35,online,55.0,65.0,4.0,True,winner,2.0,1300.0,True,7000,0.22263235022119152,0.6366375566161312,0.6301173776123676
1500.0,30.0,0.3,online,55.0,65.0,1.0,False,winner,,1300.0,False,7000,0.22263556320796968,0.6375232405822706,0.6417119954194103
1500.0,20.0,0.25,fixed,35.0,65.0,1.0,False,winner,2.0,1500.0,True,7000,0.22263590056639357,0.6364054005544895,0.6365588319496135
1500.0,30.0,0.3,fixed,65.0,65.0,1.0,False,winner,,1500.0,True,7000,0.22263625821764835,0.6373970444711792,0.6412825651302605
1500.0,25.0,0.25,online,55.0,65.0,4.0,True,winner,,1300.0,False,7000,0.22263655868515056,0.6374520014260016,0.6398511308330948
1500.0,30.0,0.25,online,55.0,65.0,2.0,True,winner,2.0,1300.0,False,7000,0.22263788812636523,0.6370785114764688,0.641425708559977
1500.0,30.0,0.4,fixed,45.0,65.0,1.0,False,winner,,1300.0,True,7000,0.22264079338816892,0.6368174949452043,0.638419696535929
1500.0,15.0,0.2,fixed,45.0,65.0,1.0,False,winner,2.0,1500.0,False,7000,0.22264148106763093,0.6365466698906251,0.6355568279415975
1500.0,25.0,0.2,online,55.0,65.0,1.0,True,winner,,1500.0,True,7000,0.2226466340461838,0.6376547997449279,0.6425708559977097
1500.0,15.0,0.15,online,55.0,65.0,0.5,True,winner,2.0,1300.0,True,7000,0.22264982931799226,0.6366930363453682,0.6331233896364157
1500.0,30.0,0.2,fixed,65.0,65.0,1.0,False,winner,2.0,1300.0,False,7000,0.2226523681946746,0.6372129476460809,0.6385628399656456
1500.0,30.0,0.25,online,55.0,65.0,1.0,True,winner,2.0,1500.0,True,7000,0.22265325586103688,0.6370147026561103,0.6419982822788434
1500.0,30.0,0.3,fixed,45.0,65.0,1.0,False,winner,2.0,1500.0,True,7000,0.22265330038729136,0.6364841608368845,0.6364156885198969
1500.0,15.0,0.1,online,55.0,65.0,1.0,True,winner,,1300.0,False,7000,0.2226536144828284,0.6371063936164603,0.63670197537933
1500.0,20.0,0.5,fixed,35.0,65.0,1.0,False,winner,2.0,1500.0,False,7000,0.2226539346445711,0.6367384484433252,0.6385628399656456
1500.0,15.0,0.15,online,55.0,65.0,0.5,False,winner,2.0,1500.0,True,7000,0.22265535013378346,0.6365473591548606,0.634697967363298
1500.0,25.0,0.15,online,55.0,65.0,0.5,False,winner,2.0,1300.0,False,7000,0.22265745207498921,0.6371561557141507,0.6408531348411108
1500.0,30.0,0.3,online,55.0,65.0,4.0,True,winner,2.0,1300.0,False,7000,0.22265795342836645,0.6369742710545855,0.6387059833953621
1500.0,15.0,0.5,fixed,65.0,65.0,1.0,False,winner,2.0,1300.0,False,7000,0.2226586413389093,0.6368332228040832,0.6291153736043515
1500.0,30.0,0.35,online,55.0,65.0,4.0,False,winner,,1300.0,False,7000,0.22265935878844365,0.6373914606858766,0.6392785571142284
1500.0,20.0,0.15,online,55.0,65.0,2.0,False,winner,2.0,1500.0,True,7000,0.22265986384095962,0.6367448760585397,0.6362725450901804
1500.0,30.0,0.25,online,55.0,65.0,2.0,False,winner,2.0,1500.0,False,7000,0.22266020795810096,0.6368717857495113,0.6392785571142284
1500.0,15.0,0.15,online,55.0,65.0,1.0,False,winner,2.0,1300.0,True,7000,0.22266037129597452,0.6367085548700407,0.6334096764958489
1500.0,15.0,0.15,online,55.0,65.0,4.0,True,winner,,1500.0,True,7000,0.22266074270375716,0.6368211522454024,0.63670197537933
1500.0,30.0,0.3,online,55.0,65.0,4.0,True,winner,2.0,1300.0,True,7000,0.22266076921277267,0.637061274401588,0.6395648439736616
1500.0,30.0,0.35,online,55.0,65.0,1.0,True,winner,,1500.0,True,7000,0.22266113239770693,0.6374864305892978,0.6399942742628113
1500.0,30.0,0.25,online,55.0,65.0,2.0,True,winner,2.0,1300.0,True,7000,0.22266117305392505,0.6372543261668855,0.6428571428571429
1500.0,15.0,0.1,online,55.0,65.0,2.0,False,winner,,1500.0,False,7000,0.2226613813517602,0.6368346947225523,0.6354136845118808
1500.0,30.0,0.4,fixed,45.0,65.0,1.0,False,winner,,1300.0,False,7000,0.22266392553828646,0.6367644235794123,0.6371314056684798
1500.0,15.0,0.5,online,55.0,65.0,0.5,False,winner,2.0,1300.0,False,7000,0.22266441608011128,0.636927091386457,0.6332665330661322
1500.0,15.0,0.2,online,55.0,65.0,2.0,True,winner,2.0,1300.0,False,7000,0.2226644638182841,0.6366703976506011,0.6335528199255654
1500.0,15.0,0.15,fixed,65.0,65.0,1.0,False,winner,2.0,1300.0,False,7000,0.22266582234973364,0.6366833911785675,0.6325508159175494
1500.0,20.0,0.1,online,55.0,65.0,0.5,False,winner,,1300.0,True,7000,0.2226660435576015,0.6378195673734236,0.6427139994274262
1500.0,25.0,0.2,online,55.0,65.0,2.0,True,winner,,1300.0,False,7000,0.22266630163109385,0.6377447787665244,0.6408531348411108
1500.0,20.0,0.2,fixed,35.0,65.0,1.0,False,winner,,1500.0,False,7000,0.22267608780094691,0.636474390716249,0.6358431148010306
1500.0,20.0,0.15,online,55.0,65.0,1.0,True,winner,2.0,1500.0,False,7000,0.22267624278873654,0.6367304948431137,0.6374176925279129
1500.0,15.0,0.25,online,55.0,65.0,4.0,True,winner,2.0,1300.0,True,7000,0.22267711298571416,0.6367008209542935,0.6309762381906671
1500.0,15.0,0.4,online,55.0,65.0,2.0,True,winner,2.0,1500.0,False,7000,0.222677985810735,0.6367202990983117,0.6329802462066991
1500.0,25.0,0.15,fixed,65.0,65.0,1.0,False,winner,,1300.0,False,7000,0.22267867757636817,0.6377865575871015,0.6435728600057258
1500.0,25.0,0.2,online,55.0,65.0,2.0,True,winner,,1300.0,True,7000,0.2226788145345686,0.6379965924720824,0.644145433724592
1500.0,20.0,0.1,fixed,55.0,65.0,1.0,False,winner,,1300.0,False,7000,0.2226807352371376,0.6373267396434884,0.641425708559977
1500.0,25.0,0.2,online,55.0,65.0,4.0,False,winner,2.0,1500.0,True,7000,0.2226813644557197,0.6369093891427573,0.6417119954194103
1500.0,30.0,0.25,online,55.0,65.0,2.0,False,winner,2.0,1500.0,True,7000,0.2226841705065363,0.6370467249385056,0.6405668479816776
1500.0,25.0,0.2,online,55.0,65.0,4.0,False,winner,2.0,1500.0,False,7000,0.22268423473028873,0.6368141457904519,0.6402805611222445
1500.0,25.0,0.15,online,55.0,65.0,0.5,False,winner,2.0,1300.0,True,7000,0.22268446884801246,0.6373475115953054,0.6404237045519611
1500.0,25.0,0.15,fixed,65.0,65.0,1.0,False,winner,2.0,1500.0,False,7000,0.22269076179445224,0.637001721339859,0.6405668479816776
1500.0,20.0,0.25,fixed,35.0,65.0,1.0,False,winner,2.0,1500.0,False,7000,0.2226916555341958,0.6365189788895754,0.6354136845118808
1500.0,25.0,0.3,fixed,35.0,65.0,1.0,False,winner,,1300.0,False,7000,0.2226921051617733,0.6366521895302711,0.6362725450901804
1500.0,30.0,0.35,online,55.0,65.0,2.0,True,winner,,1300.0,True,7000,0.2226929669982016,0.6377821833355795,0.6418551388491268
1500.0,15.0,0.3,fixed,35.0,65.0,1.0,False,winner,2.0,1300.0,True,7000,0.2226944947360428,0.6369536761934097,0.6359862582307472
1500.0,15.0,0.5,fixed,45.0,65.0,1.0,False,winner,2.0,1300.0,True,7000,0.22269470137281724,0.637203994710738,0.6368451188090467
1500.0,30.0,0.3,online,55.0,65.0,0.5,True,winner,,1300.0,True,7000,0.2226950934077937,0.6380135645892803,0.641425708559977
1500.0,20.0,0.1,online,55.0,65.0,1.0,False,winner,,1300.0,False,7000,0.222698313557395,0.6377091850667728,0.6422845691382766
1500.0,30.0,0.4,online,55.0,65.0,2.0,True,winner,,1500.0,False,7000,0.22269891889394408,0.637218351299725,0.6418551388491268
1500.0,15.0,0.15,fixed,35.0,65.0,1.0,False,winner,,1300.0,True,7000,0.22269950401779545,0.6367376631516927,0.6378471228170627
1500.0,15.0,0.15,fixed,55.0,65.0,1.0,False,winner,2.0,1300.0,False,7000,0.22269954283101265,0.6367411382749792,0.6328371027769826
1500.0,30.0,0.3,online,55.0,65.0,0.5,True,winner,,1300.0,False,7000,0.22270013478144918,0.637796439723908,0.6417119954194103
1500.0,20.0,0.1,fixed,65.0,65.0,1.0,False,winner,,1500.0,True,7000,0.22270023731152558,0.6375670094656138,0.6428571428571429
1500.0,20.0,0.2,online,55.0,65.0,4.0,True,winner,2.0,1500.0,True,7000,0.22270085514009785,0.6367108238649463,0.6369882622387633
1500.0,25.0,0.3,fixed,35.0,65.0,1.0,False,winner,2.0,1500.0,True,7000,0.22270110042005367,0.636472556842399,0.6369882622387633
1500.0,25.0,0.2,fixed,45.0,65.0,1.0,False,winner,2.0,1500.0,False,7000,0.22270113625922686,0.6365976926327255,0.6374176925279129
1500.0,15.0,0.5,fixed,65.0,65.0,1.0,False,winner,2.0,1500.0,True,7000,0.2227023756481575,0.6368588706940531,0.6276839393071858
1500.0,15.0,0.35,fixed,35.0,65.0,1.0,False,winner,2.0,1300.0,True,7000,0.2227040701574687,0.6370688698648335,0.6375608359576296
1500.0,30.0,0.35,online,55.0,65.0,1.0,True,winner,,1500.0,False,7000,0.22270416075073396,0.6374037767636268,0.639421700543945
1500.0,30.0,0.3,fixed,55.0,65.0,1.0,False,winner,,1300.0,False,7000,0.2227078703414265,0.6373265703761242,0.6415688519896937
1500.0,20.0,0.15,online,55.0,65.0,2.0,True,winner,2.0,1300.0,True,7000,0.2227081099240461,0.637075356427636,0.6351273976524477
1500.0,15.0,0.2,online,55.0,65.0,4.0,False,winner,2.0,1500.0,True,7000,0.22270840630298672,0.6366158962375297,0.6338391067849986
1500.0,25.0,0.3,fixed,35.0,65.0,1.0,False,winner,2.0,1500.0,False,7000,0.22271390780639827,0.6364725559568477,0.6351273976524477
1500.0,15.0,0.1,online,55.0,65.0,1.0,True,winner,,1500.0,True,7000,0.22271411515297188,0.6371437073396182,0.6365588319496135
1500.0,20.0,0.15,online,55.0,65.0,2.0,False,winner,2.0,1500.0,False,7000,0.22271489832586086,0.6367931257632236,0.6352705410821643
1500.0,25.0,0.15,fixed,55.0,65.0,1.0,False,winner,2.0,1300.0,False,7000,0.22271594212284232,0.6370805655760814,0.6362725450901804
1500.0,15.0,0.15,fixed,35.0,65.0,1.0,False,winner,,1300.0,False,7000,0.22271713622240422,0.6367211242936557,0.6351273976524477
1500.0,15.0,0.5,online,55.0,65.0,0.5,False,winner,2.0,1500.0,True,7000,0.2227189121733,0.6369489761499821,0.629974234182651
1500.0,30.0,0.2,fixed,65.0,65.0,1.0,False,winner,2.0,1300.0,True,7000,0.22271988824728292,0.6374824221335553,0.6418551388491268
1500.0,25.0,0.3,fixed,35.0,65.0,1.0,False,winner,,1300.0,True,7000,0.22272162940129558,0.636834953041631,0.6348411107930146
1500.0,25.0,0.15,online,55.0,65.0,0.5,True,winner,2.0,1300.0,False,7000,0.2227228483030764,0.637359424508426,0.6391354136845119
1500.0,15.0,0.3,online,55.0,65.0,4.0,True,winner,2.0,1300.0,False,7000,0.22272557007912336,0.6368265431110521,0.6321213856283997
1500.0,30.0,0.3,online,55.0,65.0,0.5,False,winner,,1500.0,False,7000,0.22272677543803943,0.6375108974065962,0.6404237045519611
1500.0,30.0,0.25,online,55.0,65.0,4.0,False,winner,2.0,1300.0,False,7000,0.2227275383112852,0.6372394810049821,0.6419982822788434
1500.0,15.0,0.5,online,55.0,65.0,1.0,True,winner,2.0,1300.0,True,7000,0.22272872051557266,0.6369857013120368,0.629974234182651
1500.0,25.0,0.15,fixed,65.0,65.0,1.0,False,winner,2.0,1500.0,True,7000,0.22272955148389312,0.6371880495643525,0.6404237045519611
1500.0,15.0,0.15,fixed,65.0,65.0,1.0,False,winner,2.0,1500.0,False,7000,0.22272974655502853,0.6366896210415278,0.6329802462066991
1500.0,30.0,0.3,online,55.0,65.0,0.5,False,winner,,1500.0,True,7000,0.2227306551871813,0.6377363738974491,0.639421700543945
1500.0,15.0,0.5,online,55.0,65.0,0.5,True,winner,2.0,1300.0,False,7000,0.22273195135721968,0.6370431555955514,0.629974234182651
1500.0,30.0,0.3,fixed,55.0,65.0,1.0,False,winner,,1300.0,True,7000,0.2227331363931309,0.6375597394307505,0.6397079874033782
1500.0,15.0,0.15,online,55.0,65.0,0.5,True,winner,2.0,1500.0,True,7000,0.2227333154999247,0.636733693859221,0.6325508159175494
1500.0,30.0,0.5,online,55.0,65.0,4.0,True,winner,,1300.0,True,7000,0.2227338128029799,0.6372615305456977,0.6387059833953621
1500.0,20.0,0.2,fixed,35.0,65.0,1.0,False,winner,,1500.0,True,7000,0.22273455738110245,0.6367135141499851,0.6358431148010306
1500.0,15.0,0.15,online,55.0,65.0,4.0,True,winner,,1500.0,False,7000,0.22273564399341114,0.6369363125018283,0.6374176925279129
1500.0,25.0,0.2,fixed,45.0,65.0,1.0,False,winner,2.0,1500.0,True,7000,0.2227372936698705,0.6367489286461264,0.6369882622387633
1500.0,30.0,0.25,online,55.0,65.0,4.0,False,winner,2.0,1300.0,True,7000,0.22273851452445914,0.6373883593550336,0.6425708559977097
1500.0,15.0,0.15,online,55.0,65.0,1.0,False,winner,2.0,1500.0,True,7000,0.22274389474876832,0.6367507882547558,0.6334096764958489
1500.0,25.0,0.15,online,55.0,65.0,1.0,False,winner,2.0,1300.0,False,7000,0.2227443673007335,0.6373794504486578,0.6404237045519611
1500.0,15.0,0.15,online,55.0,65.0,0.5,False,winner,2.0,1300.0,False,7000,0.22274487876440785,0.6368720416409721,0.6321213856283997
1500.0,20.0,0.1,online,55.0,65.0,0.5,False,winner,,1500.0,False,7000,0.22274798274733795,0.6375649886739608,0.641425708559977
1500.0,20.0,0.1,online,55.0,65.0,1.0,False,winner,,1300.0,True,7000,0.22274925106149787,0.6380486606255016,0.6419982822788434
1500.0,15.0,0.5,online,55.0,65.0,1.0,False,winner,2.0,1300.0,False,7000,0.2227495604600507,0.6370953138407068,0.6322645290581163
1500.0,15.0,0.1,fixed,45.0,65.0,1.0,False,winner,,1300.0,True,7000,0.22275125607100044,0.6370469256545924,0.6374176925279129
1500.0,15.0,0.5,online,55.0,65.0,2.0,False,winner,2.0,1300.0,True,7000,0.22275292588384277,0.6370464638834494,0.6294016604637848
1500.0,25.0,0.15,online,55.0,65.0,0.5,True,winner,2.0,1300.0,True,7000,0.2227529796839323,0.6375629277558853,0.6404237045519611
1500.0,30.0,0.35,online,55.0,65.0,2.0,True,winner,,1300.0,False,7000,0.22275461384518247,0.6377455289225968,0.641425708559977
1500.0,30.0,0.3,online,55.0,65.0,2.0,False,winner,,1300.0,True,7000,0.22275478268274077,0.6380570331349296,0.6412825651302605
1500.0,20.0,0.2,online,55.0,65.0,4.0,True,winner,2.0,1500.0,False,7000,0.22275493113214306,0.636790134795787,0.63670197537933
1500.0,25.0,0.2,online,55.0,65.0,4.0,False,winner,,1500.0,False,7000,0.2227552681579858,0.6375862933539929,0.6382765531062125
1500.0,15.0,0.5,fixed,55.0,65.0,1.0,False,winner,2.0,1500.0,False,7000,0.2227563324261236,0.6371580233879331,0.6329802462066991
1500.0,15.0,0.15,fixed,55.0,65.0,1.0,False,winner,2.0,1500.0,False,7000,0.22275728428721114,0.636741362777556,0.6325508159175494
1500.0,15.0,0.1,online,55.0,65.0,1.0,True,winner,,1500.0,False,7000,0.22275757358237927,0.6371352381776152,0.6361294016604638
1500.0,30.0,0.2,online,55.0,65.0,0.5,False,winner,2.0,1300.0,False,7000,0.22275799823041878,0.6375096439475749,0.6378471228170627
1500.0,25.0,0.15,fixed,55.0,65.0,1.0,False,winner,2.0,1300.0,True,7000,0.22276026629061366,0.6372798375026391,0.6404237045519611
1500.0,15.0,0.2,online,55.0,65.0,4.0,False,winner,2.0,1300.0,False,7000,0.22276035630658803,0.6368585919940469,0.6334096764958489
1500.0,15.0,0.1,online,55.0,65.0,4.0,False,winner,,1300.0,True,7000,0.2227606766696892,0.637373400410456,0.6358431148010306
1500.0,15.0,0.3,online,55.0,65.0,4.0,True,winner,2.0,1500.0,True,7000,0.2227611573656549,0.6367663184458359,0.6329802462066991
1500.0,20.0,0.1,fixed,55.0,65.0,1.0,False,winner,,1300.0,True,7000,0.2227634938416781,0.6377003844066215,0.6395648439736616
1500.0,15.0,0.1,fixed,45.0,65.0,1.0,False,winner,,1300.0,False,7000,0.2227644603795125,0.6369946956644895,0.639421700543945
1500.0,20.0,0.15,fixed,45.0,65.0,1.0,False,winner,2.0,1300.0,True,7000,0.22276478058799876,0.6369383960528505,0.6364156885198969
1500.0,25.0,0.15,fixed,65.0,65.0,1.0,False,winner,,1300.0,True,7000,0.22276815527643754,0.6382295155945441,0.64214142570856
1500.0,25.0,0.15,online,55.0,65.0,1.0,False,winner,2.0,1300.0,True,7000,0.22276827430733387,0.6375683994586574,0.640137417692528
1500.0,15.0,0.4,online,55.0,65.0,4.0,False,winner,2.0,1500.0,False,7000,0.22276987618070407,0.6369102212704942,0.6321213856283997
1500.0,20.0,0.15,online,55.0,65.0,2.0,True,winner,2.0,1300.0,False,7000,0.22277012325969223,0.6371371464053911,0.6349842542227312
1500.0,30.0,0.5,fixed,35.0,65.0,1.0,False,winner,2.0,1300.0,True,7000,0.22277026502147504,0.6366713949947831,0.6352705410821643
1500.0,20.0,0.1,online,55.0,65.0,0.5,True,winner,,1300.0,False,7000,0.22277227962266785,0.6379833623475911,0.6428571428571429
1500.0,15.0,0.35,online,55.0,65.0,4.0,True,winner,2.0,1300.0,False,7000,0.22277318951175237,0.6369590894738522,0.6331233896364157
1500.0,30.0,0.3,online,55.0,65.0,2.0,False,winner,,1300.0,False,7000,0.22277432917489726,0.6378742887667961,0.640137417692528
1500.0,15.0,0.2,online,55.0,65.0,2.0,True,winner,2.0,1500.0,False,7000,0.22277537567965847,0.6367780688612728,0.6342685370741483
1500.0,25.0,0.2,online,55.0,65.0,4.0,False,winner,,1500.0,True,7000,0.22278218473140832,0.6378769192241295,0.641425708559977
1500.0,25.0,0.15,online,55.0,65.0,0.5,False,winner,,1300.0,False,7000,0.2227857124880838,0.6381498970343447,0.6430002862868595
1500.0,30.0,0.35,online,55.0,65.0,4.0,False,winner,,1500.0,True,7000,0.2227874870672093,0.6376905746051498,0.6379902662467792
1500.0,15.0,0.15,online,55.0,65.0,1.0,True,winner,2.0,1300.0,True,7000,0.2227886891007719,0.6370074630439074,0.6334096764958489
1500.0,20.0,0.15,online,55.0,65.0,4.0,False,winner,2.0,1300.0,True,7000,0.22278877308514464,0.6372233624106219,0.6358431148010306
1500.0,25.0,0.2,fixed,45.0,65.0,1.0,False,winner,,1300.0,False,7000,0.2227911520774166,0.6373016339546981,0.6369882622387633
1500.0,25.0,0.15,online,55.0,65.0,0.5,False,winner,2.0,1500.0,False,7000,0.22279970758765064,0.6372821012725858,0.6408531348411108
1500.0,15.0,0.5,online,55.0,65.0,0.5,True,winner,2.0,1500.0,True,7000,0.22280015032541042,0.6370928537306352,0.6304036644718007
1500.0,30.0,0.4,fixed,45.0,65.0,1.0,False,winner,,1500.0,True,7000,0.22280068535474284,0.6370361761170092,0.6375608359576296
1500.0,20.0,0.15,fixed,45.0,65.0,1.0,False,winner,2.0,1300.0,False,7000,0.22280187174989724,0.6369747728064069,0.6356999713713141
1500.0,30.0,0.3,online,55.0,65.0,1.0,False,winner,,1500.0,True,7000,0.22280337702079336,0.6379483682768997,0.6397079874033782
1500.0,15.0,0.5,online,55.0,65.0,1.0,False,winner,2.0,1500.0,True,7000,0.22280400671858125,0.637118392896556,0.6315488119095334
1500.0,15.0,0.4,online,55.0,65.0,4.0,True,winner,2.0,1300.0,True,7000,0.22280467151367284,0.6370453289340737,0.6315488119095334
1500.0,30.0,0.3,online,55.0,65.0,1.0,False,winner,,1500.0,False,7000,0.22280582898310616,0.6377331662794228,0.641425708559977
1500.0,15.0,0.15,online,55.0,65.0,0.5,False,winner,2.0,1500.0,False,7000,0.22280849862972127,0.6368734782062849,0.6321213856283997
1500.0,25.0,0.25,online,55.0,65.0,4.0,True,winner,,1500.0,True,7000,0.2228113454522313,0.6377912277436916,0.6399942742628113
1500.0,20.0,0.1,fixed,55.0,65.0,1.0,False,winner,,1500.0,False,7000,0.2228121989819895,0.637420692408467,0.6392785571142284
1500.0,20.0,0.1,online,55.0,65.0,0.5,False,winner,,1500.0,True,7000,0.2228129559873987,0.6379336971532201,0.6427139994274262
1500.0,15.0,0.15,online,55.0,65.0,0.5,True,winner,2.0,1300.0,False,7000,0.22281422748021992,0.6370394389593421,0.6328371027769826
1500.0,30.0,0.2,fixed,65.0,65.0,1.0,False,winner,2.0,1500.0,False,7000,0.22281590179229036,0.6374001369907819,0.6381334096764959
1500.0,15.0,0.15,fixed,35.0,65.0,1.0,False,winner,,1500.0,True,7000,0.22281677346088152,0.6368401332491859,0.63670197537933
1500.0,30.0,0.2,online,55.0,65.0,0.5,False,winner,2.0,1300.0,True,7000,0.22281745330633998,0.637798171395687,0.640137417692528
1500.0,30.0,0.2,online,55.0,65.0,0.5,True,winner,2.0,1300.0,False,7000,0.22281811523455478,0.6377130320515909,0.6411394217005439
1500.0,15.0,0.15,online,55.0,65.0,2.0,False,winner,2.0,1300.0,True,7000,0.22281873640835836,0.6370578823330718,0.6334096764958489
1500.0,30.0,0.4,fixed,45.0,65.0,1.0,False,winner,,1500.0,False,7000,0.22281967908151715,0.6369764299389089,0.6361294016604638
1500.0,30.0,0.25,online,55.0,65.0,2.0,True,winner,2.0,1500.0,False,7000,0.22282268635101132,0.6373084697739627,0.6408531348411108
1500.0,15.0,0.15,fixed,35.0,65.0,1.0,False,winner,,1500.0,False,7000,0.22282365063150084,0.6368008985485921,0.6348411107930146
1500.0,15.0,0.25,online,55.0,65.0,4.0,True,winner,2.0,1300.0,False,7000,0.2228256058986796,0.6370309011838138,0.6325508159175494
1500.0,20.0,0.1,online,55.0,65.0,0.5,True,winner,,1300.0,True,7000,0.22282638809811917,0.6383314288071263,0.6418551388491268
1500.0,15.0,0.35,online,55.0,65.0,4.0,True,winner,2.0,1500.0,True,7000,0.222828089478233,0.6369488501050815,0.6301173776123676
1500.0,15.0,0.1,online,55.0,65.0,4.0,False,winner,,1300.0,False,7000,0.22282980636717942,0.6374206254194451,0.6349842542227312
1500.0,25.0,0.2,online,55.0,65.0,4.0,True,winner,2.0,1300.0,False,7000,0.22283204698037895,0.6374475660534861,0.6409962782708274
1500.0,15.0,0.15,online,55.0,65.0,1.0,False,winner,2.0,1300.0,False,7000,0.22283255475062988,0.6370723612406096,0.6328371027769826
1500.0,25.0,0.25,online,55.0,65.0,4.0,True,winner,,1500.0,False,7000,0.22283323926935364,0.6376917505776138,0.6397079874033782
1500.0,15.0,0.25,fixed,35.0,65.0,1.0,False,winner,2.0,1300.0,True,7000,0.22283352862714076,0.6371653798706399,0.6354136845118808
1500.0,15.0,0.1,online,55.0,65.0,2.0,True,winner,,1300.0,True,7000,0.2228344817495476,0.6376572115825051,0.6368451188090467
1500.0,15.0,0.3,fixed,35.0,65.0,1.0,False,winner,2.0,1500.0,True,7000,0.22283528201308872,0.6371763146877479,0.6358431148010306
1500.0,25.0,0.15,online,55.0,65.0,0.5,False,winner,2.0,1500.0,True,7000,0.22283640291280163,0.6374960258342414,0.6407099914113942
1500.0,20.0,0.1,online,55.0,65.0,1.0,False,winner,,1500.0,False,7000,0.2228366858104026,0.637801937077796,0.6415688519896937
1500.0,15.0,0.4,fixed,35.0,65.0,1.0,False,winner,2.0,1300.0,True,7000,0.2228368115014564,0.6374462955952737,0.640137417692528
1500.0,30.0,0.35,online,55.0,65.0,4.0,False,winner,,1500.0,False,7000,0.22283723121562876,0.6376240313772585,0.6382765531062125
1500.0,15.0,0.25,online,55.0,65.0,4.0,True,winner,2.0,1500.0,True,7000,0.22283787717436007,0.6369123621122025,0.6315488119095334
1500.0,25.0,0.15,fixed,65.0,65.0,1.0,False,winner,,1500.0,False,7000,0.22283794038985064,0.6379463165623097,0.643143429716576
1500.0,25.0,0.2,online,55.0,65.0,4.0,True,winner,2.0,1300.0,True,7000,0.22283814223443674,0.6375500571868636,0.6391354136845119
1500.0,30.0,0.2,online,55.0,65.0,1.0,False,winner,2.0,1300.0,False,7000,0.2228420040065242,0.63773179092541,0.6399942742628113
1500.0,30.0,0.5,fixed,35.0,65.0,1.0,False,winner,2.0,1300.0,False,7000,0.2228422567857144,0.6368181799274758,0.6352705410821643
1500.0,20.0,0.15,online,55.0,65.0,4.0,True,winner,,1300.0,True,7000,0.22284500449963204,0.638088981599549,0.640137417692528
1500.0,30.0,0.3,online,55.0,65.0,1.0,True,winner,,1300.0,True,7000,0.22284599630345578,0.6384077429941056,0.6402805611222445
1500.0,25.0,0.2,online,55.0,65.0,2.0,True,winner,,1500.0,False,7000,0.2228477082092026,0.6379505415767562,0.6399942742628113
1500.0,20.0,0.15,online,55.0,65.0,2.0,True,winner,2.0,1500.0,True,7000,0.22284866910912196,0.6372018967825671,0.6355568279415975
1500.0,25.0,0.3,fixed,35.0,65.0,1.0,False,winner,,1500.0,False,7000,0.22284987907001427,0.6368561085488804,0.6349842542227312
1500.0,25.0,0.15,fixed,55.0,65.0,1.0,False,winner,2.0,1500.0,False,7000,0.22285106826352993,0.6372054571067399,0.6358431148010306
1500.0,30.0,0.4,fixed,35.0,65.0,1.0,False,winner,2.0,1300.0,True,7000,0.2228513313102795,0.6368864627734543,0.6334096764958489
1500.0,15.0,0.1,fixed,45.0,65.0,1.0,False,winner,,1500.0,True,7000,0.22285144662366804,0.6370930535622377,0.6356999713713141
1500.0,15.0,0.1,fixed,45.0,65.0,1.0,False,winner,,1500.0,False,7000,0.2228517686217052,0.6370115951137326,0.6382765531062125
1500.0,30.0,0.25,online,55.0,65.0,2.0,True,winner,2.0,1500.0,True,7000,0.22285180990591844,0.6374962635558686,0.6422845691382766
1500.0,20.0,0.1,online,55.0,65.0,2.0,False,winner,,1300.0,False,7000,0.22285300996442717,0.63808251451438,0.6424277125679931
1500.0,15.0,0.3,fixed,35.0,65.0,1.0,False,winner,2.0,1300.0,False,7000,0.22285322996310566,0.6373169552823383,0.6362725450901804
1500.0,20.0,0.15,online,55.0,65.0,4.0,True,winner,,1300.0,False,7000,0.22285382467332582,0.6379699254043246,0.6411394217005439
1500.0,15.0,0.5,fixed,45.0,65.0,1.0,False,winner,2.0,1300.0,False,7000,0.22285594443120907,0.6375622331021963,0.6374176925279129
1500.0,30.0,0.5,online,55.0,65.0,4.0,True,winner,,1300.0,False,7000,0.22285611523441806,0.6374565532622556,0.6405668479816776
1500.0,30.0,0.2,fixed,55.0,65.0,1.0,False,winner,2.0,1300.0,False,7000,0.2228581357292455,0.6374871650913431,0.6407099914113942
1500.0,30.0,0.3,online,55.0,65.0,4.0,True,winner,2.0,1500.0,False,7000,0.22285821243274742,0.6372361491804778,0.6381334096764959
1500.0,25.0,0.15,online,55.0,65.0,1.0,True,winner,2.0,1300.0,False,7000,0.22286085334663258,0.6376967723864789,0.6375608359576296
1500.0,15.0,0.35,fixed,35.0,65.0,1.0,False,winner,2.0,1500.0,True,7000,0.22286120362666761,0.6373349545654484,0.6368451188090467
1500.0,15.0,0.5,fixed,65.0,65.0,1.0,False,winner,2.0,1500.0,False,7000,0.2228621123952224,0.6372125525067353,0.6288290867449184
1500.0,25.0,0.15,online,55.0,65.0,0.5,False,winner,,1300.0,True,7000,0.22286345027935925,0.6386147724361549,0.641425708559977
1500.0,20.0,0.15,online,55.0,65.0,4.0,False,winner,2.0,1300.0,False,7000,0.2228639581388763,0.637313053517966,0.6344116805038649
1500.0,30.0,0.25,fixed,45.0,65.0,1.0,False,winner,2.0,1300.0,False,7000,0.22286399514872682,0.63717378615893,0.6374176925279129
1500.0,15.0,0.5,online,55.0,65.0,0.5,False,winner,2.0,1500.0,False,7000,0.2228647707910777,0.6373038501128024,0.6322645290581163
1500.0,30.0,0.3,online,55.0,65.0,4.0,True,winner,2.0,1500.0,True,7000,0.22286577763555687,0.6373330362089995,0.6387059833953621
1500.0,25.0,0.2,online,55.0,65.0,2.0,True,winner,,1500.0,True,7000,0.2228658343447674,0.6382139424291471,0.6438591468651589
1500.0,15.0,0.35,fixed,35.0,65.0,1.0,False,winner,2.0,1300.0,False,7000,0.22286626729774506,0.6374387105911626,0.6388491268250788
1500.0,25.0,0.15,online,55.0,65.0,0.5,True,winner,2.0,1500.0,False,7000,0.22286690633490427,0.6374856848283681,0.6389922702547953
1500.0,25.0,0.15,online,55.0,65.0,1.0,False,winner,,1300.0,False,7000,0.22286884082135533,0.6383882136172417,0.6418551388491268
1500.0,15.0,0.2,online,55.0,65.0,4.0,False,winner,2.0,1500.0,False,7000,0.22286886438481418,0.636962474437497,0.6332665330661322
1500.0,30.0,0.3,fixed,55.0,65.0,1.0,False,winner,,1500.0,False,7000,0.22286895634309284,0.6375271429075638,0.640137417692528
1500.0,30.0,0.3,online,55.0,65.0,1.0,True,winner,,1300.0,False,7000,0.22286919969160188,0.6382328035166259,0.6415688519896937
1500.0,15.0,0.5,online,55.0,65.0,1.0,True,winner,2.0,1300.0,False,7000,0.2228700394842202,0.6373242031136181,0.6311193816203836
1500.0,30.0,0.3,online,55.0,65.0,0.5,True,winner,,1500.0,True,7000,0.22287221770257268,0.638234973954543,0.6407099914113942
1500.0,30.0,0.3,online,55.0,65.0,0.5,True,winner,,1500.0,False,7000,0.22287233812650167,0.6380093056878656,0.6417119954194103
1500.0,15.0,0.15,online,55.0,65.0,1.0,True,winner,2.0,1500.0,True,7000,0.2228768670496677,0.637053952651124,0.6324076724878328
1500.0,25.0,0.2,fixed,45.0,65.0,1.0,False,winner,,1300.0,True,7000,0.22287951577252282,0.6376984594731812,0.6379902662467792
1500.0,15.0,0.15,online,55.0,65.0,0.5,True,winner,2.0,1500.0,False,7000,0.2228796904798541,0.6370407532133888,0.6326939593472659
1500.0,30.0,0.35,online,55.0,65.0,2.0,True,winner,,1500.0,True,7000,0.22287987024376082,0.6380303258456946,0.6409962782708274
1500.0,15.0,0.1,online,55.0,65.0,4.0,False,winner,,1500.0,True,7000,0.22287996111649538,0.6374317989001606,0.63670197537933
1500.0,20.0,0.15,fixed,45.0,65.0,1.0,False,winner,2.0,1500.0,True,7000,0.2228802678107456,0.6370423441765736,0.6356999713713141
1500.0,30.0,0.2,online,55.0,65.0,0.5,True,winner,2.0,1300.0,True,7000,0.22288031535183842,0.6380130869620332,0.6407099914113942
1500.0,30.0,0.4,fixed,35.0,65.0,1.0,False,winner,2.0,1300.0,False,7000,0.2228803175582801,0.6369205975926173,0.6344116805038649
1500.0,25.0,0.3,fixed,35.0,65.0,1.0,False,winner,,1500.0,True,7000,0.2228848692499149,0.6370480618390916,0.6338391067849986
1500.0,25.0,0.15,online,55.0,65.0,1.0,True,winner,2.0,1300.0,True,7000,0.2228864923495237,0.6378939316601135,0.6404237045519611
1500.0,25.0,0.15,online,55.0,65.0,1.0,False,winner,2.0,1500.0,False,7000,0.22288771337587082,0.6375064522305883,0.6398511308330948
1500.0,30.0,0.2,fixed,65.0,65.0,1.0,False,winner,2.0,1500.0,True,7000,0.2228891280453424,0.6376837201909384,0.641425708559977
1500.0,15.0,0.5,fixed,45.0,65.0,1.0,False,winner,2.0,1500.0,True,7000,0.22288923646892492,0.6375694116301894,0.6378471228170627
1500.0,20.0,0.1,online,55.0,65.0,2.0,False,winner,,1300.0,True,7000,0.2228941912054467,0.6384031386709267,0.6412825651302605
1500.0,15.0,0.3,online,55.0,65.0,4.0,True,winner,2.0,1500.0,False,7000,0.22289693888827378,0.6370768834829238,0.6329802462066991
1500.0,20.0,0.15,online,55.0,65.0,2.0,True,winner,2.0,1500.0,False,7000,0.2228970982060923,0.6372337391616171,0.6354136845118808
1500.0,20.0,0.1,online,55.0,65.0,1.0,False,winner,,1500.0,True,7000,0.22289731170533958,0.6381638999316417,0.6418551388491268
1500.0,30.0,0.2,online,55.0,65.0,1.0,False,winner,2.0,1300.0,True,7000,0.22289749591919109,0.6380155347483378,0.6411394217005439
1500.0,15.0,0.15,online,55.0,65.0,1.0,False,winner,2.0,1500.0,False,7000,0.2228975929796953,0.6370746643085308,0.6331233896364157
1500.0,30.0,0.3,fixed,55.0,65.0,1.0,False,winner,,1500.0,True,7000,0.22289892950611442,0.6377683485225609,0.6389922702547953
1500.0,25.0,0.15,online,55.0,65.0,2.0,False,winner,2.0,1300.0,False,7000,0.22290113472293557,0.6377510121763844,0.6387059833953621
1500.0,15.0,0.1,online,55.0,65.0,2.0,True,winner,,1300.0,False,7000,0.22290158337727,0.6377062544874903,0.6355568279415975
1500.0,20.0,0.1,fixed,55.0,65.0,1.0,False,winner,,1500.0,True,7000,0.22290371535487163,0.6378150556594696,0.6392785571142284
1500.0,25.0,0.15,fixed,55.0,65.0,1.0,False,winner,2.0,1500.0,True,7000,0.22290427267964866,0.6374262898310514,0.6397079874033782
1500.0,20.0,0.15,fixed,45.0,65.0,1.0,False,winner,2.0,1500.0,False,7000,0.22290518354628097,0.6370507844336778,0.6355568279415975
1500.0,30.0,0.25,fixed,65.0,65.0,1.0,False,winner,,1300.0,False,7000,0.22290525734850763,0.638301689042333,0.6404237045519611
1500.0,25.0,0.25,fixed,35.0,65.0,1.0,False,winner,2.0,1300.0,False,7000,0.22290565438370455,0.6370736460921527,0.6358431148010306
1500.0,15.0,0.15,online,55.0,65.0,2.0,False,winner,2.0,1500.0,True,7000,0.22290632884190367,0.6371046045102682,0.6341253936444318
1500.0,25.0,0.15,online,55.0,65.0,0.5,True,winner,2.0,1500.0,True,7000,0.22290676650801364,0.6377119877262705,0.6402805611222445
1500.0,15.0,0.5,online,55.0,65.0,2.0,False,winner,2.0,1300.0,False,7000,0.2229091605529558,0.6374135487733092,0.6316919553392499
1500.0,30.0,0.25,online,55.0,65.0,4.0,False,winner,2.0,1500.0,False,7000,0.22291037809991082,0.6374664174451562,0.6412825651302605
1500.0,20.0,0.1,online,55.0,65.0,0.5,True,winner,,1500.0,False,7000,0.22291249281935963,0.6380778235640343,0.6422845691382766
1500.0,25.0,0.25,fixed,35.0,65.0,1.0,False,winner,2.0,1300.0,True,7000,0.22291446437492296,0.6371427838729417,0.6371314056684798
1500.0,25.0,0.15,fixed,55.0,65.0,1.0,False,winner,,1300.0,False,7000,0.22291629968783383,0.6380677697549733,0.6389922702547953
1500.0,25.0,0.15,online,55.0,65.0,2.0,False,winner,2.0,1300.0,True,7000,0.22291766035432384,0.6379283606733487,0.6408531348411108
1500.0,30.0,0.25,fixed,45.0,65.0,1.0,False,winner,2.0,1300.0,True,7000,0.22291910226923883,0.6373883288726924,0.6369882622387633
1500.0,25.0,0.15,online,55.0,65.0,1.0,False,winner,2.0,1500.0,True,7000,0.22292178321466097,0.6377186094872557,0.6411394217005439
1500.0,30.0,0.2,online,55.0,65.0,0.5,False,winner,2.0,1500.0,False,7000,0.22292437363414297,0.6376939930904801,0.63670197537933
1500.0,30.0,0.5,online,55.0,65.0,4.0,True,winner,,1500.0,True,7000,0.22292784385498593,0.6375406129240965,0.6389922702547953
1500.0,30.0,0.25,online,55.0,65.0,4.0,False,winner,2.0,1500.0,True,7000,0.2229281891100935,0.6376287318936367,0.6419982822788434
1500.0,20.0,0.15,online,55.0,65.0,4.0,False,winner,2.0,1500.0,True,7000,0.22292821082808428,0.6373484515866911,0.6355568279415975
1500.0,30.0,0.3,online,55.0,65.0,2.0,False,winner,,1500.0,True,7000,0.2229332837803817,0.638281499935068,0.6397079874033782
1500.0,25.0,0.15,fixed,65.0,65.0,1.0,False,winner,,1500.0,True,7000,0.2229333387159877,0.6384026764705926,0.6415688519896937
1500.0,15.0,0.15,fixed,45.0,65.0,1.0,False,winner,2.0,1300.0,True,7000,0.22293367378698448,0.637257154260268,0.633695963355282
1500.0,15.0,0.1,online,55.0,65.0,4.0,False,winner,,1500.0,False,7000,0.22293367504020503,0.6374453191156744,0.6348411107930146
1500.0,30.0,0.35,fixed,45.0,65.0,1.0,False,winner,,1300.0,False,7000,0.22293500839496544,0.6375094658403587,0.6372745490981964
1500.0,15.0,0.5,online,55.0,65.0,0.5,True,winner,2.0,1500.0,False,7000,0.2229351185752946,0.6374248112768345,0.6295448038935013
1500.0,30.0,0.35,online,55.0,65.0,2.0,True,winner,,1500.0,False,7000,0.22293702000331309,0.6379860996462372,0.6408531348411108
1500.0,30.0,0.2,fixed,55.0,65.0,1.0,False,winner,2.0,1300.0,True,7000,0.22293753722787388,0.6377872856743901,0.6402805611222445
1500.0,25.0,0.15,online,55.0,65.0,0.5,True,winner,,1300.0,False,7000,0.22293867917756835,0.638676538735272,0.6404237045519611
1500.0,15.0,0.5,online,55.0,65.0,1.0,True,winner,2.0,1500.0,True,7000,0.22293871551226896,0.6373775488106284,0.6301173776123676
1500.0,20.0,0.2,fixed,35.0,65.0,1.0,False,winner,2.0,1300.0,True,7000,0.22293910136388098,0.6372191301272639,0.6364156885198969
1500.0,30.0,0.4,online,55.0,65.0,4.0,True,winner,,1300.0,True,7000,0.22293954298103036,0.63814748500796,0.6398511308330948
1500.0,25.0,0.15,online,55.0,65.0,1.0,False,winner,,1300.0,True,7000,0.22294043024281038,0.6388426692453707,0.643143429716576
1500.0,30.0,0.35,fixed,45.0,65.0,1.0,False,winner,,1300.0,True,7000,0.22294052898665062,0.6376603402780797,0.6374176925279129
1500.0,15.0,0.4,online,55.0,65.0,4.0,True,winner,2.0,1300.0,False,7000,0.2229412795099119,0.6373587984819287,0.6314056684798168
1500.0,30.0,0.5,fixed,35.0,65.0,1.0,False,winner,2.0,1500.0,True,7000,0.22294468019886232,0.6369533189684516,0.6349842542227312
1500.0,25.0,0.2,fixed,45.0,65.0,1.0,False,winner,,1500.0,False,7000,0.2229464899501838,0.6374728477315362,0.6349842542227312
1500.0,30.0,0.3,online,55.0,65.0,2.0,False,winner,,1500.0,False,7000,0.22294688224438922,0.6380888061818566,0.639421700543945
1500.0,20.0,0.1,online,55.0,65.0,1.0,True,winner,,1300.0,False,7000,0.22294749152117344,0.6384256817572296,0.6408531348411108
1500.0,25.0,0.15,online,55.0,65.0,0.5,False,winner,,1500.0,False,7000,0.22294783530709714,0.6383050373607777,0.64214142570856
1500.0,30.0,0.25,fixed,65.0,65.0,1.0,False,winner,,1300.0,True,7000,0.22294823315971735,0.6386226155763081,0.64214142570856
1500.0,15.0,0.5,online,55.0,65.0,1.0,False,winner,2.0,1500.0,False,7000,0.222951540473568,0.6374751073370213,0.6315488119095334
1500.0,30.0,0.2,online,55.0,65.0,1.0,True,winner,2.0,1300.0,False,7000,0.22295194154972375,0.6380491537434467,0.6417119954194103
1500.0,15.0,0.2,online,55.0,65.0,4.0,True,winner,2.0,1300.0,True,7000,0.22295444894282393,0.6373325290490977,0.6321213856283997
1500.0,15.0,0.25,fixed,35.0,65.0,1.0,False,winner,2.0,1500.0,True,7000,0.22295473837931848,0.6373358188049006,0.634697967363298
1500.0,15.0,0.5,online,55.0,65.0,2.0,True,winner,2.0,1300.0,True,7000,0.22295556579884915,0.6374595057868483,0.6298310907529344
1500.0,15.0,0.15,online,55.0,65.0,1.0,True,winner,2.0,1300.0,False,7000,0.22295557497631102,0.6373546632239557,0.6338391067849986
1500.0,15.0,0.1,online,55.0,65.0,2.0,True,winner,,1500.0,True,7000,0.22295942169921942,0.637725185556998,0.6358431148010306
1500.0,15.0,0.5,online,55.0,65.0,2.0,False,winner,2.0,1500.0,True,7000,0.22296165727096287,0.6374365208430298,0.6304036644718007
1500.0,15.0,0.35,online,55.0,65.0,4.0,True,winner,2.0,1500.0,False,7000,0.2229624354490773,0.6372591944812946,0.6322645290581163
1500.0,30.0,0.3,online,55.0,65.0,4.0,False,winner,,1300.0,True,7000,0.22296869702330396,0.6386042053529041,0.6395648439736616
1500.0,15.0,0.25,online,55.0,65.0,4.0,True,winner,2.0,1500.0,False,7000,0.22297500214340835,0.6372202786361478,0.6329802462066991
1500.0,20.0,0.1,online,55.0,65.0,0.5,True,winner,,1500.0,True,7000,0.22297560127899696,0.6384477323729923,0.6408531348411108
1500.0,20.0,0.2,fixed,35.0,65.0,1.0,False,winner,2.0,1300.0,False,7000,0.22298413562728842,0.6372916868012982,0.6344116805038649
1500.0,30.0,0.2,online,55.0,65.0,0.5,True,winner,2.0,1500.0,False,7000,0.22298647870855234,0.6378986709842636,0.6404237045519611
1500.0,15.0,0.3,fixed,35.0,65.0,1.0,False,winner,2.0,1500.0,False,7000,0.2229865772057186,0.6375240938635058,0.6368451188090467
1500.0,20.0,0.1,online,55.0,65.0,1.0,True,winner,,1300.0,True,7000,0.22298755180102084,0.6387419658642001,0.6392785571142284
1500.0,15.0,0.25,fixed,35.0,65.0,1.0,False,winner,2.0,1300.0,False,7000,0.2229879410076191,0.6375174972835415,0.6359862582307472
1500.0,20.0,0.15,online,55.0,65.0,4.0,False,winner,2.0,1500.0,False,7000,0.2229885578973457,0.6374063503854682,0.6345548239335814
1500.0,30.0,0.2,online,55.0,65.0,0.5,False,winner,2.0,1500.0,True,7000,0.2229904217348716,0.6379971564480791,0.639421700543945
1500.0,30.0,0.2,online,55.0,65.0,2.0,False,winner,2.0,1300.0,False,7000,0.2229929368602374,0.6380987036405719,0.6398511308330948
1500.0,20.0,0.1,online,55.0,65.0,2.0,False,winner,,1500.0,False,7000,0.2229937402398743,0.6381794303964712,0.6407099914113942
1500.0,15.0,0.15,online,55.0,65.0,2.0,False,winner,2.0,1300.0,False,7000,0.22299605369713252,0.6374274368238707,0.6335528199255654
1500.0,30.0,0.3,online,55.0,65.0,4.0,False,winner,,1300.0,False,7000,0.22299872353755956,0.638446401434996,0.638419696535929
1500.0,15.0,0.4,fixed,35.0,65.0,1.0,False,winner,2.0,1300.0,False,7000,0.22300092553876363,0.6378176782999957,0.6389922702547953
1500.0,30.0,0.25,online,55.0,65.0,0.5,False,winner,,1300.0,False,7000,0.22300360039633535,0.6386500179159446,0.6412825651302605
1500.0,15.0,0.15,fixed,45.0,65.0,1.0,False,winner,2.0,1500.0,True,7000,0.2230042981902124,0.6372905801602904,0.6341253936444318
1500.0,15.0,0.4,fixed,35.0,65.0,1.0,False,winner,2.0,1500.0,True,7000,0.22300762003255425,0.6377487310092277,0.6397079874033782
1500.0,30.0,0.2,online,55.0,65.0,1.0,True,winner,2.0,1300.0,True,7000,0.22300869720613395,0.6383400292336291,0.643143429716576
1500.0,25.0,0.15,online,55.0,65.0,1.0,True,winner,2.0,1500.0,False,7000,0.22300878247567013,0.6378294664217187,0.6371314056684798
1500.0,30.0,0.2,online,55.0,65.0,1.0,False,winner,2.0,1500.0,False,7000,0.2230095583243163,0.6379177926224797,0.6397079874033782
1500.0,15.0,0.15,online,55.0,65.0,2.0,True,winner,2.0,1300.0,True,7000,0.22301032705400445,0.6375033527544389,0.6328371027769826
1500.0,25.0,0.2,online,55.0,65.0,4.0,True,winner,2.0,1500.0,False,7000,0.2230103507187172,0.6376417937184838,0.6399942742628113
1500.0,25.0,0.15,online,55.0,65.0,0.5,True,winner,,1300.0,True,7000,0.22301204299173663,0.6391372475777555,0.6442885771543087
1500.0,15.0,0.4,online,55.0,65.0,4.0,True,winner,2.0,1500.0,True,7000,0.22301343542711785,0.6373941400697394,0.6316919553392499
1500.0,15.0,0.1,online,55.0,65.0,2.0,True,winner,,1500.0,False,7000,0.22301347796907448,0.6377447329533052,0.6361294016604638
1500.0,30.0,0.5,fixed,35.0,65.0,1.0,False,winner,2.0,1500.0,False,7000,0.2230142314227074,0.6370955216741319,0.6351273976524477
1500.0,20.0,0.1,fixed,65.0,65.0,1.0,False,winner,2.0,1300.0,True,7000,0.22301451623759366,0.6379098275772971,0.6356999713713141
1500.0,25.0,0.15,online,55.0,65.0,2.0,False,winner,,1300.0,False,7000,0.22301469679678443,0.6387581454372444,0.6409962782708274
1500.0,30.0,0.2,fixed,55.0,65.0,1.0,False,winner,2.0,1500.0,False,7000,0.22301654076447286,0.6376677829141945,0.6388491268250788
1500.0,15.0,0.35,fixed,35.0,65.0,1.0,False,winner,2.0,1500.0,False,7000,0.2230177526109354,0.637693227606549,0.6382765531062125
1500.0,30.0,0.4,fixed,35.0,65.0,1.0,False,winner,2.0,1500.0,True,7000,0.22302315901037986,0.6371460973720274,0.6332665330661322
1500.0,30.0,0.25,fixed,45.0,65.0,1.0,False,winner,2.0,1500.0,False,7000,0.2230241395996006,0.6373749757207092,0.6362725450901804
1500.0,25.0,0.2,online,55.0,65.0,4.0,True,winner,2.0,1500.0,True,7000,0.2230245997809964,0.6377628666508464,0.638419696535929
1500.0,25.0,0.15,fixed,55.0,65.0,1.0,False,winner,,1300.0,True,7000,0.2230248219589932,0.6385614579656251,0.6399942742628113
1500.0,15.0,0.15,online,55.0,65.0,1.0,True,winner,2.0,1500.0,False,7000,0.22302542671276804,0.6373616561943286,0.6329802462066991
1500.0,30.0,0.3,online,55.0,65.0,1.0,True,winner,,1500.0,True,7000,0.22302704034685492,0.6386369813481566,0.6392785571142284
1500.0,20.0,0.15,online,55.0,65.0,4.0,True,winner,,1500.0,True,7000,0.22302885895577096,0.6382791025985238,0.6398511308330948
1500.0,30.0,0.25,online,55.0,65.0,4.0,True,winner,2.0,1300.0,False,7000,0.22302951149073605,0.6380570102112666,0.6402805611222445
1500.0,20.0,0.15,online,55.0,65.0,4.0,True,winner,,1500.0,False,7000,0.22303048008003867,0.6381421969949274,0.6405668479816776
1500.0,15.0,0.5,online,55.0,65.0,4.0,False,winner,2.0,1300.0,True,7000,0.22303109569864363,0.637621298899439,0.6291153736043515
1500.0,30.0,0.25,online,55.0,65.0,0.5,False,winner,,1300.0,True,7000,0.2230314926864369,0.6389880044887365,0.6409962782708274
1500.0,25.0,0.15,online,55.0,65.0,1.0,False,winner,,1500.0,False,7000,0.2230317461586045,0.6385444801921385,0.6411394217005439
1500.0,25.0,0.15,online,55.0,65.0,0.5,False,winner,,1500.0,True,7000,0.2230323071406193,0.6387843870032847,0.6412825651302605
1500.0,30.0,0.4,online,55.0,65.0,4.0,True,winner,,1300.0,False,7000,0.22303304711032498,0.6382375778821422,0.6404237045519611
1500.0,30.0,0.2,online,55.0,65.0,2.0,False,winner,2.0,1300.0,True,7000,0.2230405505919802,0.6383689273652996,0.6405668479816776
1500.0,25.0,0.2,fixed,45.0,65.0,1.0,False,winner,,1500.0,True,7000,0.22304117523455919,0.6378815554420127,0.6354136845118808
1500.0,25.0,0.15,online,55.0,65.0,1.0,True,winner,2.0,1500.0,True,7000,0.22304441146304563,0.6380496418262597,0.6409962782708274
1500.0,20.0,0.1,online,55.0,65.0,2.0,False,winner,,1500.0,True,7000,0.22304529165432574,0.6385234908803963,0.641425708559977
1500.0,30.0,0.3,online,55.0,65.0,1.0,True,winner,,1500.0,False,7000,0.22304531039001435,0.6384536153642815,0.6412825651302605
1500.0,30.0,0.5,online,55.0,65.0,4.0,True,winner,,1500.0,False,7000,0.22304678684456516,0.6377293749284201,0.6399942742628113
1500.0,25.0,0.15,online,55.0,65.0,2.0,False,winner,2.0,1500.0,False,7000,0.22304749436921104,0.6378827454361033,0.6381334096764959
1500.0,15.0,0.5,fixed,45.0,65.0,1.0,False,winner,2.0,1500.0,False,7000,0.22304826571482214,0.6379231954165074,0.6379902662467792
1500.0,30.0,0.4,fixed,35.0,65.0,1.0,False,winner,2.0,1500.0,False,7000,0.2230487121059269,0.6371737039115203,0.6341253936444318
1500.0,30.0,0.35,fixed,35.0,65.0,1.0,False,winner,2.0,1300.0,True,7000,0.22305185874982617,0.6373892798430598,0.6339822502147151
1500.0,30.0,0.35,fixed,35.0,65.0,1.0,False,winner,2.0,1300.0,False,7000,0.2230535907348928,0.6373467636680998,0.6351273976524477
1500.0,30.0,0.3,online,55.0,65.0,2.0,True,winner,,1300.0,True,7000,0.2230551031857151,0.6389497052932483,0.6419982822788434
1500.0,30.0,0.2,online,55.0,65.0,0.5,True,winner,2.0,1500.0,True,7000,0.22305526081172225,0.6382134387014402,0.6402805611222445
1500.0,25.0,0.25,fixed,35.0,65.0,1.0,False,winner,2.0,1500.0,False,7000,0.2230561662823016,0.6372661581818462,0.6352705410821643
1500.0,30.0,0.25,online,55.0,65.0,4.0,True,winner,2.0,1300.0,True,7000,0.22305900889137223,0.6382318091271206,0.6397079874033782
1500.0,15.0,0.15,online,55.0,65.0,2.0,False,winner,2.0,1500.0,False,7000,0.22306442268534124,0.6374333541720638,0.6332665330661322
1500.0,25.0,0.15,online,55.0,65.0,2.0,True,winner,2.0,1300.0,False,7000,0.22306592847061324,0.6381964706823143,0.6388491268250788
1500.0,20.0,0.2,fixed,35.0,65.0,1.0,False,winner,2.0,1500.0,True,7000,0.22306941954440176,0.637371089030152,0.6356999713713141
1500.0,25.0,0.15,fixed,55.0,65.0,1.0,False,winner,,1500.0,False,7000,0.22307106831475657,0.6382205894300529,0.6381334096764959
1500.0,30.0,0.25,fixed,65.0,65.0,1.0,False,winner,,1500.0,False,7000,0.2230710692040158,0.638497786021504,0.6392785571142284
1500.0,25.0,0.25,fixed,35.0,65.0,1.0,False,winner,2.0,1500.0,True,7000,0.22307131298208327,0.6373487076254244,0.6348411107930146
1500.0,20.0,0.1,fixed,65.0,65.0,1.0,False,winner,2.0,1300.0,False,7000,0.223071367648857,0.6379652267564215,0.6377039793873461
1500.0,30.0,0.2,online,55.0,65.0,1.0,False,winner,2.0,1500.0,True,7000,0.2230719919778199,0.6382165534842872,0.6409962782708274
1500.0,25.0,0.15,online,55.0,65.0,2.0,False,winner,2.0,1500.0,True,7000,0.22307482813128482,0.6380841350537836,0.6407099914113942
1500.0,25.0,0.15,online,55.0,65.0,2.0,False,winner,,1300.0,True,7000,0.22307525308454765,0.639190138408559,0.6444317205840252
1500.0,15.0,0.5,online,55.0,65.0,1.0,True,winner,2.0,1500.0,False,7000,0.22307717670181032,0.6377120229363882,0.6304036644718007
1500.0,30.0,0.25,online,55.0,65.0,1.0,False,winner,,1300.0,False,7000,0.22308197762888468,0.6388808168348836,0.6404237045519611
1500.0,30.0,0.25,fixed,45.0,65.0,1.0,False,winner,2.0,1500.0,True,7000,0.2230844318275603,0.6376004947497562,0.6354136845118808
1500.0,25.0,0.15,online,55.0,65.0,2.0,True,winner,2.0,1300.0,True,7000,0.22308830087438755,0.6383865219865963,0.639421700543945
1500.0,15.0,0.15,fixed,45.0,65.0,1.0,False,winner,2.0,1300.0,False,7000,0.22309092674558442,0.6376011495590713,0.6339822502147151
1500.0,30.0,0.35,fixed,45.0,65.0,1.0,False,winner,,1500.0,False,7000,0.22309143289367472,0.6377128775884304,0.6356999713713141
1500.0,15.0,0.2,online,55.0,65.0,4.0,True,winner,2.0,1500.0,True,7000,0.22309169699111153,0.6374772039187634,0.6324076724878328
1500.0,15.0,0.15,online,55.0,65.0,4.0,False,winner,2.0,1300.0,True,7000,0.2230922603264461,0.6376588583338723,0.6318350987689665
1500.0,20.0,0.1,online,55.0,65.0,1.0,True,winner,,1500.0,False,7000,0.2230931735689172,0.6385308530219144,0.6399942742628113
1500.0,30.0,0.3,online,55.0,65.0,2.0,True,winner,,1300.0,False,7000,0.22309322408684995,0.6388173503170048,0.6397079874033782
1500.0,15.0,0.5,online,55.0,65.0,2.0,True,winner,2.0,1300.0,False,7000,0.22309544230240522,0.6377868533845614,0.6312625250501002
1500.0,15.0,0.25,fixed,35.0,65.0,1.0,False,winner,2.0,1500.0,False,7000,0.22309938259431084,0.6376672354941434,0.6356999713713141
1500.0,30.0,0.35,fixed,45.0,65.0,1.0,False,winner,,1500.0,True,7000,0.2231015708612566,0.6378712260162249,0.6359862582307472
1500.0,30.0,0.2,fixed,55.0,65.0,1.0,False,winner,2.0,1500.0,True,7000,0.22310176513437038,0.6379814097190358,0.639421700543945
1500.0,30.0,0.25,online,55.0,65.0,1.0,False,winner,,1300.0,True,7000,0.22310281031656184,0.6392070129619645,0.6402805611222445
1500.0,25.0,0.15,online,55.0,65.0,0.5,True,winner,,1500.0,False,7000,0.2231035007844965,0.638835302807031,0.6405668479816776
1500.0,20.0,0.1,online,55.0,65.0,4.0,False,winner,,1300.0,False,7000,0.2231045528005522,0.6386915687238892,0.639421700543945
1500.0,20.0,0.2,fixed,35.0,65.0,1.0,False,winner,2.0,1500.0,False,7000,0.22310477539233153,0.6374225243624914,0.633695963355282
1500.0,15.0,0.15,online,55.0,65.0,2.0,True,winner,2.0,1500.0,True,7000,0.22310663217304288,0.6375577489151866,0.6338391067849986
1500.0,15.0,0.2,online,55.0,65.0,4.0,True,winner,2.0,1300.0,False,7000,0.22310837336500794,0.6376655692008517,0.6341253936444318
1500.0,25.0,0.15,online,55.0,65.0,1.0,True,winner,,1300.0,False,7000,0.22311020334080475,0.6391262462423745,0.6418551388491268
1500.0,25.0,0.15,online,55.0,65.0,1.0,False,winner,,1500.0,True,7000,0.22311047912933704,0.6390140414549728,0.6425708559977097
1500.0,15.0,0.5,online,55.0,65.0,2.0,False,winner,2.0,1500.0,False,7000,0.22311418308229083,0.63779806978754,0.6322645290581163
1500.0,20.0,0.1,fixed,65.0,65.0,1.0,False,winner,2.0,1500.0,True,7000,0.22311824625273957,0.6379621812156682,0.6352705410821643
1500.0,30.0,0.25,fixed,65.0,65.0,1.0,False,winner,,1500.0,True,7000,0.22311873593421822,0.6388274401120024,0.6412825651302605
1500.0,20.0,0.1,online,55.0,65.0,0.5,False,winner,2.0,1300.0,True,7000,0.22312067923752524,0.6382146311121365,0.6377039793873461
1500.0,30.0,0.2,online,55.0,65.0,1.0,True,winner,2.0,1500.0,False,7000,0.22312403655210244,0.638241517546324,0.6417119954194103
1500.0,20.0,0.15,online,55.0,65.0,4.0,True,winner,2.0,1300.0,True,7000,0.22313395259013305,0.6380787091603051,0.6354136845118808
1500.0,25.0,0.25,fixed,35.0,65.0,1.0,False,winner,,1300.0,False,7000,0.22313475357009668,0.637789300849618,0.6358431148010306
1500.0,20.0,0.1,online,55.0,65.0,4.0,False,winner,,1300.0,True,7000,0.2231353598597357,0.6389869457954462,0.6374176925279129
1500.0,30.0,0.4,online,55.0,65.0,4.0,True,winner,,1500.0,True,7000,0.22313672627451206,0.6384159136760265,0.6397079874033782
1500.0,20.0,0.1,online,55.0,65.0,1.0,True,winner,,1500.0,True,7000,0.22314220402297313,0.6388684475671678,0.6391354136845119
1500.0,15.0,0.15,fixed,45.0,65.0,1.0,False,winner,2.0,1500.0,False,7000,0.22314471269791766,0.6375968589351192,0.6332665330661322
1500.0,15.0,0.4,online,55.0,65.0,4.0,True,winner,2.0,1500.0,False,7000,0.22314515161791093,0.6376998653853123,0.6315488119095334
1500.0,30.0,0.25,online,55.0,65.0,0.5,True,winner,,1300.0,False,7000,0.22314712220694966,0.6391691741473579,0.6424277125679931
1500.0,30.0,0.2,online,55.0,65.0,2.0,True,winner,2.0,1300.0,False,7000,0.22314784180017316,0.6385415793439871,0.64214142570856
1500.0,30.0,0.3,online,55.0,65.0,4.0,False,winner,,1500.0,True,7000,0.22315288380391016,0.6388357605084786,0.6387059833953621
1500.0,15.0,0.2,fixed,35.0,65.0,1.0,False,winner,2.0,1300.0,True,7000,0.22315409114056098,0.6377909710046058,0.6348411107930146
1500.0,20.0,0.1,fixed,55.0,65.0,1.0,False,winner,2.0,1300.0,True,7000,0.22315439111085697,0.6380873279994672,0.6364156885198969
1500.0,25.0,0.15,online,55.0,65.0,4.0,False,winner,2.0,1300.0,False,7000,0.22315734609777196,0.6383618189377852,0.6385628399656456
1500.0,20.0,0.1,fixed,65.0,65.0,1.0,False,winner,2.0,1500.0,False,7000,0.22315973809731166,0.6379793783216502,0.6378471228170627
1500.0,30.0,0.2,online,55.0,65.0,2.0,False,winner,2.0,1500.0,False,7000,0.22316346898607467,0.6382898964241412,0.6397079874033782
1500.0,25.0,0.2,online,55.0,65.0,4.0,True,winner,,1300.0,True,7000,0.22316407274180744,0.6392236408367274,0.6397079874033782
1500.0,25.0,0.2,online,55.0,65.0,4.0,True,winner,,1300.0,False,7000,0.22316451612577254,0.6390331449216742,0.6399942742628113
1500.0,25.0,0.15,online,55.0,65.0,1.0,True,winner,,1300.0,True,7000,0.22316675514175527,0.6395477758563801,0.6435728600057258
1500.0,25.0,0.15,online,55.0,65.0,4.0,False,winner,2.0,1300.0,True,7000,0.2231671987318781,0.6385249935777723,0.6395648439736616
1500.0,15.0,0.4,fixed,35.0,65.0,1.0,False,winner,2.0,1500.0,False,7000,0.22316753486426527,0.6381116740671482,0.6391354136845119
1500.0,30.0,0.25,online,55.0,65.0,0.5,True,winner,,1300.0,True,7000,0.22316972185167544,0.6395039217924425,0.6402805611222445
1500.0,15.0,0.5,online,55.0,65.0,2.0,True,winner,2.0,1500.0,True,7000,0.22317234955537593,0.6378580671151711,0.6309762381906671
1500.0,30.0,0.25,online,55.0,65.0,0.5,False,winner,,1500.0,False,7000,0.22317273147755434,0.6388442625089781,0.6399942742628113
1500.0,20.0,0.1,online,55.0,65.0,0.5,False,winner,2.0,1300.0,False,7000,0.22317518349291904,0.6382329531754225,0.6381334096764959
1500.0,30.0,0.25,fixed,55.0,65.0,1.0,False,winner,,1300.0,False,7000,0.223175730264532,0.638655571335577,0.6405668479816776
1500.0,30.0,0.3,online,55.0,65.0,4.0,False,winner,,1500.0,False,7000,0.2231767961490074,0.6386675995926782,0.6372745490981964
1500.0,15.0,0.15,online,55.0,65.0,2.0,True,winner,2.0,1300.0,False,7000,0.223178516980289,0.6378498242976122,0.6329802462066991
1500.0,25.0,0.15,online,55.0,65.0,2.0,False,winner,,1500.0,False,7000,0.22317999635813807,0.6389192175152353,0.6404237045519611
1500.0,25.0,0.15,online,55.0,65.0,0.5,True,winner,,1500.0,True,7000,0.2231833469862172,0.639310470077487,0.6435728600057258
1500.0,20.0,0.1,online,55.0,65.0,2.0,True,winner,,1300.0,False,7000,0.22318376383962585,0.6390364315902684,0.6397079874033782
1500.0,25.0,0.15,fixed,55.0,65.0,1.0,False,winner,,1500.0,True,7000,0.22318606221353787,0.6387278656887784,0.638419696535929
1500.0,15.0,0.15,online,55.0,65.0,4.0,False,winner,2.0,1500.0,True,7000,0.22318749861051387,0.6377119706353882,0.6321213856283997
1500.0,30.0,0.2,online,55.0,65.0,1.0,True,winner,2.0,1500.0,True,7000,0.22318750027611758,0.6385471134399835,0.6428571428571429
1500.0,15.0,0.5,online,55.0,65.0,4.0,False,winner,2.0,1300.0,False,7000,0.22318908569507412,0.6379821891175319,0.6321213856283997
1500.0,20.0,0.15,online,55.0,65.0,4.0,True,winner,2.0,1300.0,False,7000,0.2231912313560688,0.6381397803543637,0.634697967363298
1500.0,30.0,0.35,online,55.0,65.0,4.0,True,winner,,1300.0,True,7000,0.22319124867347798,0.6390116236202136,0.640137417692528
1500.0,20.0,0.1,fixed,55.0,65.0,1.0,False,winner,2.0,1300.0,False,7000,0.2231933810733517,0.6380998816429613,0.6356999713713141
1500.0,20.0,0.1,online,55.0,65.0,0.5,True,winner,2.0,1300.0,True,7000,0.2231951096641193,0.6384341163274735,0.6381334096764959
1500.0,25.0,0.25,fixed,35.0,65.0,1.0,False,winner,,1300.0,True,7000,0.22319928407992043,0.6380919143225768,0.6375608359576296
1500.0,30.0,0.2,online,55.0,65.0,2.0,True,winner,2.0,1300.0,True,7000,0.22320085153695235,0.6388235528322668,0.6447180074434583
1500.0,20.0,0.1,fixed,45.0,65.0,1.0,False,winner,,1300.0,False,7000,0.22320186972484077,0.6383527529831114,0.6382765531062125
1500.0,30.0,0.25,online,55.0,65.0,0.5,False,winner,,1500.0,True,7000,0.22320610227538581,0.6391919970937007,0.6398511308330948
1500.0,20.0,0.15,fixed,35.0,65.0,1.0,False,winner,,1300.0,False,7000,0.22320819780642062,0.6380044999581373,0.6361294016604638
1500.0,20.0,0.1,online,55.0,65.0,1.0,False,winner,2.0,1300.0,True,7000,0.2232086332441268,0.6384407125872967,0.6378471228170627
1500.0,20.0,0.1,online,55.0,65.0,2.0,True,winner,,1300.0,True,7000,0.22321011088000167,0.6393136111609208,0.6422845691382766
1500.0,30.0,0.2,online,55.0,65.0,2.0,False,winner,2.0,1500.0,True,7000,0.22321846332350898,0.6385756259686001,0.6398511308330948
1500.0,30.0,0.35,fixed,35.0,65.0,1.0,False,winner,2.0,1500.0,False,7000,0.22321912504017474,0.6375839839970419,0.634697967363298
1500.0,25.0,0.15,fixed,45.0,65.0,1.0,False,winner,2.0,1300.0,False,7000,0.22322031586334312,0.6381061268217683,0.6369882622387633
1500.0,25.0,0.15,online,55.0,65.0,2.0,True,winner,2.0,1500.0,False,7000,0.22322096061511332,0.6383378544987194,0.6378471228170627
1500.0,30.0,0.25,online,55.0,65.0,2.0,False,winner,,1300.0,False,7000,0.22322096417143836,0.6392410685378501,0.6407099914113942
1500.0,30.0,0.35,fixed,35.0,65.0,1.0,False,winner,2.0,1500.0,True,7000,0.2232213747683115,0.6376341754483309,0.6328371027769826
1500.0,30.0,0.25,online,55.0,65.0,4.0,True,winner,2.0,1500.0,False,7000,0.22322510099884627,0.638294564104863,0.638419696535929
1500.0,30.0,0.4,online,55.0,65.0,4.0,True,winner,,1500.0,False,7000,0.22322639212458154,0.6384984942853971,0.6399942742628113
1500.0,20.0,0.1,online,55.0,65.0,0.5,False,winner,2.0,1500.0,True,7000,0.22322689532809606,0.6382604088305063,0.6369882622387633
1500.0,30.0,0.25,online,55.0,65.0,2.0,False,winner,,1300.0,True,7000,0.22322984210681485,0.6395427683577501,0.6411394217005439
1500.0,15.0,0.2,online,55.0,65.0,4.0,True,winner,2.0,1500.0,False,7000,0.22323082029551372,0.6377800532603308,0.6326939593472659
1500.0,30.0,0.25,fixed,55.0,65.0,1.0,False,winner,,1300.0,True,7000,0.22323398152734963,0.639015170907517,0.6395648439736616
1500.0,30.0,0.2,online,55.0,65.0,4.0,False,winner,2.0,1300.0,False,7000,0.22323723263745282,0.6386991707900241,0.6425708559977097
1500.0,30.0,0.3,online,55.0,65.0,2.0,True,winner,,1500.0,True,7000,0.22324270562570706,0.6391878590262274,0.6411394217005439
1500.0,20.0,0.1,online,55.0,65.0,0.5,True,winner,2.0,1300.0,False,7000,0.22324568268272013,0.6384383588727983,0.6359862582307472
1500.0,15.0,0.5,online,55.0,65.0,4.0,False,winner,2.0,1500.0,True,7000,0.2232468069394297,0.6380179333344898,0.6294016604637848
1500.0,25.0,0.15,online,55.0,65.0,2.0,False,winner,,1500.0,True,7000,0.2232482318044789,0.6393670931267235,0.6437160034354423
1500.0,25.0,0.15,online,55.0,65.0,4.0,False,winner,,1300.0,False,7000,0.22324990039942336,0.6393570581339068,0.6398511308330948
1500.0,20.0,0.1,online,55.0,65.0,4.0,False,winner,,1500.0,False,7000,0.22325055129271779,0.6387943231035544,0.6381334096764959
1500.0,15.0,0.2,fixed,35.0,65.0,1.0,False,winner,2.0,1500.0,True,7000,0.22325159129178818,0.6378978836160506,0.6338391067849986
1500.0,30.0,0.25,online,55.0,65.0,1.0,False,winner,,1500.0,False,7000,0.22325196973826486,0.6390766611661252,0.6402805611222445
1500.0,20.0,0.1,fixed,55.0,65.0,1.0,False,winner,2.0,1500.0,True,7000,0.223253085051194,0.6381337779636079,0.6372745490981964
1500.0,25.0,0.15,online,55.0,65.0,2.0,True,winner,2.0,1500.0,True,7000,0.2232534372877304,0.6385509961017283,0.6385628399656456
1500.0,15.0,0.15,online,55.0,65.0,2.0,True,winner,2.0,1500.0,False,7000,0.2232561790916702,0.6378646247797837,0.6326939593472659
1500.0,30.0,0.25,online,55.0,65.0,4.0,True,winner,2.0,1500.0,True,7000,0.2232600680971995,0.6384814662185698,0.6385628399656456
1500.0,20.0,0.1,online,55.0,65.0,0.5,False,winner,2.0,1500.0,False,7000,0.22326495242509645,0.6382402220673664,0.6369882622387633
1500.0,20.0,0.1,online,55.0,65.0,1.0,False,winner,2.0,1300.0,False,7000,0.22326497650935134,0.6384583132117981,0.6359862582307472
1500.0,30.0,0.35,online,55.0,65.0,4.0,True,winner,,1300.0,False,7000,0.22326503729207228,0.6390278012369566,0.6398511308330948
1500.0,15.0,0.1,fixed,65.0,65.0,1.0,False,winner,2.0,1300.0,True,7000,0.22326506121582265,0.6381260259854371,0.6314056684798168
1500.0,30.0,0.5,fixed,35.0,65.0,1.0,False,winner,,1300.0,True,7000,0.2232742336350869,0.6380003388277473,0.6348411107930146
1500.0,15.0,0.15,online,55.0,65.0,4.0,False,winner,2.0,1300.0,False,7000,0.22327467055263658,0.638035076074484,0.6326939593472659
1500.0,30.0,0.3,online,55.0,65.0,2.0,True,winner,,1500.0,False,7000,0.2232760379369627,0.6390470721199868,0.6391354136845119
1500.0,20.0,0.1,fixed,55.0,65.0,1.0,False,winner,2.0,1500.0,False,7000,0.22327664368908232,0.6381091958627854,0.6354136845118808
1500.0,25.0,0.15,fixed,45.0,65.0,1.0,False,winner,2.0,1300.0,True,7000,0.22327729372708294,0.6383402383540613,0.6374176925279129
1500.0,30.0,0.2,online,55.0,65.0,4.0,False,winner,2.0,1300.0,True,7000,0.22327822288463656,0.6389546808432737,0.6435728600057258
1500.0,30.0,0.25,online,55.0,65.0,1.0,False,winner,,1500.0,True,7000,0.22327866546739603,0.639413228105839,0.6388491268250788
1500.0,25.0,0.15,online,55.0,65.0,1.0,True,winner,,1500.0,False,7000,0.22327991452367607,0.6392950886416082,0.6411394217005439
1500.0,20.0,0.15,online,55.0,65.0,4.0,True,winner,2.0,1500.0,True,7000,0.2232859243993315,0.6382130084629545,0.6352705410821643
1500.0,25.0,0.25,fixed,35.0,65.0,1.0,False,winner,,1500.0,False,7000,0.22329038251695418,0.6379757614443274,0.6338391067849986
1500.0,20.0,0.1,online,55.0,65.0,4.0,False,winner,,1500.0,True,7000,0.22329224864536687,0.6391141734082452,0.6372745490981964
1500.0,20.0,0.15,fixed,35.0,65.0,1.0,False,winner,,1300.0,True,7000,0.2232933688777439,0.6383517555657983,0.6374176925279129
1500.0,25.0,0.15,online,55.0,65.0,4.0,False,winner,,1300.0,True,7000,0.22329968139925402,0.6397613857459475,0.6411394217005439
1500.0,20.0,0.1,online,55.0,65.0,0.5,True,winner,2.0,1500.0,True,7000,0.22330288303487814,0.6384788915006308,0.6381334096764959
1500.0,20.0,0.1,fixed,45.0,65.0,1.0,False,winner,,1300.0,True,7000,0.2233042440694991,0.6387824531855872,0.6385628399656456
1500.0,15.0,0.2,fixed,35.0,65.0,1.0,False,winner,2.0,1300.0,False,7000,0.22330434367267363,0.6381280618696037,0.6345548239335814
1500.0,30.0,0.3,fixed,45.0,65.0,1.0,False,winner,,1300.0,False,7000,0.22330751058737874,0.6385359240448248,0.6377039793873461
1500.0,15.0,0.5,online,55.0,65.0,2.0,True,winner,2.0,1500.0,False,7000,0.2233094193474969,0.6381819823392044,0.6322645290581163
1500.0,25.0,0.15,online,55.0,65.0,4.0,False,winner,2.0,1500.0,False,7000,0.22331013634512345,0.6385001388408319,0.6382765531062125
1500.0,15.0,0.1,fixed,65.0,65.0,1.0,False,winner,2.0,1500.0,True,7000,0.22331014075202563,0.6380742002099764,0.6334096764958489
1500.0,30.0,0.15,fixed,65.0,65.0,1.0,False,winner,2.0,1300.0,False,7000,0.22331361498569507,0.6390614864645626,0.640137417692528
1500.0,20.0,0.1,online,55.0,65.0,1.0,False,winner,2.0,1500.0,True,7000,0.22331633818196764,0.638487331441686,0.6381334096764959
1500.0,30.0,0.25,online,55.0,65.0,1.0,True,winner,,1300.0,False,7000,0.22331644862982636,0.6396167720146293,0.6407099914113942
1500.0,30.0,0.25,online,55.0,65.0,0.5,True,winner,,1500.0,False,7000,0.22331897762168657,0.639367822270295,0.6418551388491268
1500.0,30.0,0.25,online,55.0,65.0,1.0,True,winner,,1300.0,True,7000,0.22332031021649998,0.6399075513166312,0.6407099914113942
1500.0,30.0,0.2,online,55.0,65.0,2.0,True,winner,2.0,1500.0,False,7000,0.2233268007565444,0.6387428731154337,0.6409962782708274
1500.0,20.0,0.15,online,55.0,65.0,4.0,True,winner,2.0,1500.0,False,7000,0.2233293934421012,0.6382431474314526,0.634697967363298
1500.0,20.0,0.1,fixed,45.0,65.0,1.0,False,winner,,1500.0,False,7000,0.2233304289813198,0.6384423178881224,0.6369882622387633
1500.0,25.0,0.15,online,55.0,65.0,4.0,False,winner,2.0,1500.0,True,7000,0.2233313107989968,0.6386882021979493,0.6388491268250788
1500.0,20.0,0.1,online,55.0,65.0,1.0,True,winner,2.0,1300.0,True,7000,0.22333471638734473,0.6387720042419265,0.63670197537933
1500.0,15.0,0.1,fixed,55.0,65.0,1.0,False,winner,2.0,1300.0,True,7000,0.22333629436444474,0.638219238678067,0.6325508159175494
1500.0,25.0,0.15,online,55.0,65.0,2.0,True,winner,,1300.0,False,7000,0.2233364641983859,0.6397346377595627,0.6389922702547953
1500.0,30.0,0.25,fixed,55.0,65.0,1.0,False,winner,,1500.0,False,7000,0.22333650393658933,0.6388433114088236,0.6388491268250788
1500.0,20.0,0.1,online,55.0,65.0,0.5,True,winner,2.0,1500.0,False,7000,0.22333699389132905,0.6384444282584311,0.63670197537933
1500.0,20.0,0.1,online,55.0,65.0,2.0,True,winner,,1500.0,False,7000,0.2233371780449941,0.6391523538186178,0.6378471228170627
1500.0,15.0,0.1,online,55.0,65.0,4.0,True,winner,,1300.0,True,7000,0.22333870497404507,0.6388806269749288,0.6358431148010306
1500.0,30.0,0.5,fixed,35.0,65.0,1.0,False,winner,,1300.0,False,7000,0.2233387682375532,0.6380814618427911,0.634697967363298
1500.0,30.0,0.3,fixed,35.0,65.0,1.0,False,winner,2.0,1300.0,False,7000,0.223339860048936,0.6380617712069994,0.6345548239335814
1500.0,25.0,0.15,online,55.0,65.0,1.0,True,winner,,1500.0,True,7000,0.22334289426837994,0.6397306487679579,0.6434297165760091
1500.0,30.0,0.3,fixed,45.0,65.0,1.0,False,winner,,1300.0,True,7000,0.22334497529831457,0.6388018764419748,0.6374176925279129
1500.0,20.0,0.15,fixed,35.0,65.0,1.0,False,winner,,1500.0,False,7000,0.2233451389465503,0.6381310089898174,0.6359862582307472
1500.0,30.0,0.25,online,55.0,65.0,0.5,True,winner,,1500.0,True,7000,0.2233468458964718,0.6397122478253371,0.639421700543945
1500.0,15.0,0.15,online,55.0,65.0,4.0,False,winner,2.0,1500.0,False,7000,0.22334991038418778,0.6380464221016474,0.6318350987689665
1500.0,25.0,0.15,fixed,45.0,65.0,1.0,False,winner,2.0,1500.0,False,7000,0.223351615170588,0.6382260150001474,0.6371314056684798
1500.0,20.0,0.1,online,55.0,65.0,1.0,False,winner,2.0,1500.0,False,7000,0.22335581952267466,0.6384659955082355,0.6368451188090467
1500.0,25.0,0.2,online,55.0,65.0,4.0,True,winner,,1500.0,False,7000,0.22335790559379498,0.6392507039931163,0.6387059833953621
1500.0,25.0,0.25,fixed,35.0,65.0,1.0,False,winner,,1500.0,True,7000,0.22336101803717753,0.6382889181338518,0.63670197537933
1500.0,15.0,0.1,online,55.0,65.0,0.5,False,winner,2.0,1300.0,True,7000,0.22336244850629322,0.6383765942824784,0.6321213856283997
1500.0,25.0,0.2,online,55.0,65.0,4.0,True,winner,,1500.0,True,7000,0.2233625832214946,0.6394536084700277,0.639421700543945
1500.0,20.0,0.1,online,55.0,65.0,2.0,False,winner,2.0,1300.0,True,7000,0.22336593844480931,0.6388107084368824,0.6355568279415975
1500.0,30.0,0.3,fixed,35.0,65.0,1.0,False,winner,2.0,1300.0,True,7000,0.22336874738029677,0.6381952909464241,0.6345548239335814
1500.0,20.0,0.1,online,55.0,65.0,2.0,True,winner,,1500.0,True,7000,0.2233723385701202,0.6394505401541942,0.6412825651302605
1500.0,15.0,0.1,fixed,55.0,65.0,1.0,False,winner,2.0,1500.0,True,7000,0.22337545320739532,0.6381612656942377,0.6326939593472659
1500.0,25.0,0.15,online,55.0,65.0,2.0,True,winner,,1300.0,True,7000,0.22337769199409604,0.6401105328386675,0.6417119954194103
1500.0,25.0,0.1,fixed,65.0,65.0,1.0,False,winner,2.0,1300.0,False,7000,0.22338273337398798,0.6391117563123846,0.6387059833953621
1500.0,30.0,0.2,online,55.0,65.0,2.0,True,winner,2.0,1500.0,True,7000,0.22338641105153076,0.6390392725649573,0.6435728600057258
1500.0,20.0,0.1,online,55.0,65.0,1.0,True,winner,2.0,1300.0,False,7000,0.22338839696695895,0.6387791071604357,0.6352705410821643
1500.0,15.0,0.2,fixed,35.0,65.0,1.0,False,winner,2.0,1500.0,False,7000,0.2233890402265761,0.6382073730088934,0.6345548239335814
1500.0,30.0,0.35,online,55.0,65.0,4.0,True,winner,,1500.0,True,7000,0.22338948905567843,0.6392721902724645,0.6402805611222445
1500.0,30.0,0.25,online,55.0,65.0,2.0,False,winner,,1500.0,False,7000,0.22339325885381675,0.6394416588515156,0.639421700543945
1500.0,15.0,0.5,fixed,35.0,65.0,1.0,False,winner,2.0,1300.0,True,7000,0.22339584835237172,0.6388028446904035,0.6388491268250788
1500.0,30.0,0.25,fixed,55.0,65.0,1.0,False,winner,,1500.0,True,7000,0.2233999334852537,0.6392119702035003,0.6378471228170627
1500.0,15.0,0.5,online,55.0,65.0,4.0,False,winner,2.0,1500.0,False,7000,0.223400815439826,0.638373525438035,0.6321213856283997
1500.0,30.0,0.2,fixed,45.0,65.0,1.0,False,winner,2.0,1300.0,False,7000,0.2234018044456656,0.63858567732339,0.6375608359576296
1500.0,25.0,0.2,fixed,35.0,65.0,1.0,False,winner,2.0,1300.0,False,7000,0.22340398474703624,0.6382840454813062,0.6349842542227312
1500.0,30.0,0.25,online,55.0,65.0,2.0,False,winner,,1500.0,True,7000,0.22340845613040272,0.6397544293983687,0.6405668479816776
1500.0,15.0,0.1,online,55.0,65.0,0.5,False,winner,2.0,1500.0,True,7000,0.22340879910858433,0.6383175319164497,0.6341253936444318
1500.0,30.0,0.15,fixed,65.0,65.0,1.0,False,winner,2.0,1300.0,True,7000,0.22341349954585146,0.6394487163273781,0.6417119954194103
1500.0,30.0,0.2,online,55.0,65.0,4.0,False,winner,2.0,1500.0,False,7000,0.22341416088273988,0.6388975008678858,0.6411394217005439
1500.0,30.0,0.15,online,55.0,65.0,0.5,False,winner,2.0,1300.0,False,7000,0.2234155326110672,0.6393864380773686,0.6388491268250788
1500.0,25.0,0.15,fixed,45.0,65.0,1.0,False,winner,2.0,1500.0,True,7000,0.2234176670175858,0.6384811599165764,0.6365588319496135
1500.0,15.0,0.1,online,55.0,65.0,4.0,True,winner,,1300.0,False,7000,0.22341819542889774,0.6389768373946163,0.6365588319496135
1500.0,25.0,0.15,online,55.0,65.0,4.0,False,winner,,1500.0,False,7000,0.22342064011349552,0.6395249379088417,0.639421700543945
1500.0,30.0,0.5,fixed,35.0,65.0,1.0,False,winner,,1500.0,True,7000,0.22342721028121199,0.6382227432883034,0.6342685370741483
1500.0,20.0,0.1,online,55.0,65.0,2.0,False,winner,2.0,1300.0,False,7000,0.22342833689132388,0.6388367868372422,0.6341253936444318
1500.0,15.0,0.5,online,55.0,65.0,4.0,True,winner,2.0,1300.0,True,7000,0.22343470495305903,0.6384762716368964,0.6282565130260521
1500.0,25.0,0.1,fixed,65.0,65.0,1.0,False,winner,2.0,1300.0,True,7000,0.22343531150649298,0.6393696558280626,0.6395648439736616
1500.0,20.0,0.15,fixed,35.0,65.0,1.0,False,winner,,1500.0,True,7000,0.22343872701897166,0.6384953559405034,0.6364156885198969
1500.0,15.0,0.1,online,55.0,65.0,0.5,True,winner,2.0,1300.0,True,7000,0.22344007343511937,0.6385808741660317,0.6314056684798168
1500.0,25.0,0.2,fixed,35.0,65.0,1.0,False,winner,2.0,1300.0,True,7000,0.2234419129958224,0.6384467138765386,0.6335528199255654
1500.0,20.0,0.1,fixed,45.0,65.0,1.0,False,winner,,1500.0,True,7000,0.22344202742906238,0.6388926796092543,0.6374176925279129
1500.0,30.0,0.25,online,55.0,65.0,4.0,False,winner,,1300.0,True,7000,0.2234425178517257,0.6400982169370353,0.6409962782708274
1500.0,30.0,0.25,online,55.0,65.0,4.0,False,winner,,1300.0,False,7000,0.2234445071351068,0.6398239333613333,0.6397079874033782
1500.0,20.0,0.1,online,55.0,65.0,1.0,True,winner,2.0,1500.0,True,7000,0.223446862937543,0.638822900911737,0.63670197537933
1500.0,15.0,0.1,online,55.0,65.0,1.0,False,winner,2.0,1300.0,True,7000,0.2234512890598612,0.6385916037542059,0.631978242198683
1500.0,15.0,0.1,fixed,65.0,65.0,1.0,False,winner,2.0,1300.0,False,7000,0.2234572675771034,0.6385324337012676,0.6312625250501002
1500.0,15.0,0.15,online,55.0,65.0,4.0,True,winner,2.0,1300.0,True,7000,0.22345876713792273,0.6385235307311278,0.6332665330661322
1500.0,30.0,0.35,online,55.0,65.0,4.0,True,winner,,1500.0,False,7000,0.2234591997081632,0.639280099092304,0.6392785571142284
1500.0,30.0,0.2,online,55.0,65.0,4.0,False,winner,2.0,1500.0,True,7000,0.22346277171572118,0.6391689215155244,0.6428571428571429
1500.0,30.0,0.3,fixed,45.0,65.0,1.0,False,winner,,1500.0,False,7000,0.22346424983625954,0.6387288873212926,0.6365588319496135
1500.0,25.0,0.15,online,55.0,65.0,4.0,True,winner,2.0,1300.0,False,7000,0.2234691617004525,0.6392011723333093,0.6395648439736616
1500.0,30.0,0.15,fixed,65.0,65.0,1.0,False,winner,2.0,1500.0,False,7000,0.2234695107026566,0.6392166197349748,0.6389922702547953
1500.0,30.0,0.2,fixed,65.0,65.0,1.0,False,winner,,1300.0,False,7000,0.2234697628487963,0.6399703044328289,0.641425708559977
1500.0,15.0,0.1,online,55.0,65.0,4.0,True,winner,,1500.0,True,7000,0.22347547911962048,0.6389599037418738,0.634697967363298
1500.0,20.0,0.1,online,55.0,65.0,2.0,False,winner,2.0,1500.0,True,7000,0.22347745614723247,0.6388622384909115,0.6355568279415975
1500.0,30.0,0.15,online,55.0,65.0,0.5,True,winner,2.0,1300.0,False,7000,0.22347757474886853,0.6396089191611894,0.6382765531062125
1500.0,25.0,0.15,online,55.0,65.0,4.0,False,winner,,1500.0,True,7000,0.22347835253828094,0.6399458049631247,0.6409962782708274
1500.0,15.0,0.1,fixed,65.0,65.0,1.0,False,winner,2.0,1500.0,False,7000,0.22347993400222455,0.6384270809811442,0.6316919553392499
1500.0,20.0,0.1,online,55.0,65.0,1.0,True,winner,2.0,1500.0,False,7000,0.22348373939859734,0.6387910341285793,0.6355568279415975
1500.0,15.0,0.1,online,55.0,65.0,0.5,True,winner,2.0,1500.0,True,7000,0.22348797475561397,0.6385201079589017,0.631978242198683
1500.0,30.0,0.5,fixed,35.0,65.0,1.0,False,winner,,1500.0,False,7000,0.22348826817795517,0.6382982929788013,0.6342685370741483
1500.0,25.0,0.1,online,55.0,65.0,0.5,False,winner,2.0,1300.0,False,7000,0.2234882899469044,0.6394286944175196,0.6388491268250788
1500.0,25.0,0.15,fixed,45.0,65.0,1.0,False,winner,,1300.0,False,7000,0.22348878040837525,0.639192881416261,0.6368451188090467
1500.0,30.0,0.2,fixed,45.0,65.0,1.0,False,winner,2.0,1300.0,True,7000,0.22349152070318185,0.6389164583652774,0.6369882622387633
1500.0,30.0,0.25,online,55.0,65.0,1.0,True,winner,,1500.0,False,7000,0.22349237288002247,0.6398238993241515,0.6398511308330948
1500.0,25.0,0.15,online,55.0,65.0,4.0,True,winner,2.0,1300.0,True,7000,0.22349629751443714,0.6393860874526963,0.640137417692528
1500.0,15.0,0.1,online,55.0,65.0,1.0,False,winner,2.0,1500.0,True,7000,0.22349934591764076,0.6385331150844984,0.6326939593472659
1500.0,25.0,0.1,fixed,65.0,65.0,1.0,False,winner,,1300.0,False,7000,0.22350051559543213,0.6401535645486979,0.6415688519896937
1500.0,30.0,0.15,online,55.0,65.0,1.0,False,winner,2.0,1300.0,False,7000,0.22350091534652733,0.6396221893401197,0.6391354136845119
1500.0,30.0,0.25,online,55.0,65.0,1.0,True,winner,,1500.0,True,7000,0.223501506506762,0.6401241826892674,0.6397079874033782
1500.0,30.0,0.3,fixed,35.0,65.0,1.0,False,winner,2.0,1500.0,False,7000,0.22350160382941958,0.6382799647314723,0.6332665330661322
1500.0,30.0,0.15,online,55.0,65.0,0.5,False,winner,2.0,1300.0,True,7000,0.22350596967493397,0.6397962278921888,0.6387059833953621
1500.0,30.0,0.3,fixed,45.0,65.0,1.0,False,winner,,1500.0,True,7000,0.22350683729251647,0.6390032178045796,0.6365588319496135
1500.0,25.0,0.1,fixed,65.0,65.0,1.0,False,winner,2.0,1500.0,False,7000,0.22350805643579105,0.6391920406756612,0.6387059833953621
1500.0,15.0,0.1,fixed,55.0,65.0,1.0,False,winner,2.0,1300.0,False,7000,0.2235126274026005,0.6385894041583541,0.6315488119095334
1500.0,25.0,0.15,online,55.0,65.0,2.0,True,winner,,1500.0,False,7000,0.2235135534305235,0.6399140604501918,0.6378471228170627
1500.0,20.0,0.1,online,55.0,65.0,2.0,False,winner,2.0,1500.0,False,7000,0.22352221401440148,0.638848377496465,0.6341253936444318
1500.0,30.0,0.25,online,55.0,65.0,2.0,True,winner,,1300.0,True,7000,0.22352663283638516,0.6404582670036142,0.6425708559977097
1500.0,15.0,0.1,fixed,55.0,65.0,1.0,False,winner,2.0,1500.0,False,7000,0.22352939484213732,0.6384792650571367,0.6316919553392499
1500.0,30.0,0.3,fixed,35.0,65.0,1.0,False,winner,2.0,1500.0,True,7000,0.22353518390183041,0.6384227136497165,0.633695963355282
1500.0,30.0,0.15,fixed,55.0,65.0,1.0,False,winner,2.0,1300.0,False,7000,0.22353583432979335,0.6393358804376708,0.6385628399656456
1500.0,25.0,0.1,online,55.0,65.0,0.5,False,winner,2.0,1300.0,True,7000,0.22353626129238915,0.6397180830167053,0.6395648439736616
1500.0,30.0,0.2,online,55.0,65.0,4.0,True,winner,2.0,1300.0,False,7000,0.22353739537053086,0.639536080499673,0.6424277125679931
1500.0,30.0,0.25,online,55.0,65.0,2.0,True,winner,,1300.0,False,7000,0.22353859198566517,0.6402142802890624,0.6391354136845119
1500.0,15.0,0.1,online,55.0,65.0,4.0,True,winner,,1500.0,False,7000,0.2235416815127297,0.6390247588026098,0.6356999713713141
1500.0,25.0,0.2,fixed,35.0,65.0,1.0,False,winner,2.0,1500.0,False,7000,0.22354473013816284,0.6384415263881944,0.634697967363298
1500.0,15.0,0.1,online,55.0,65.0,0.5,False,winner,2.0,1300.0,False,7000,0.2235450691686922,0.6387423104075166,0.6311193816203836
1500.0,30.0,0.2,fixed,65.0,65.0,1.0,False,winner,,1300.0,True,7000,0.22354615094208208,0.6404285200635759,0.6404237045519611
1500.0,30.0,0.3,online,55.0,65.0,4.0,True,winner,,1300.0,True,7000,0.22354756261358644,0.6401892540105806,0.6399942742628113
1500.0,20.0,0.1,online,55.0,65.0,2.0,True,winner,2.0,1300.0,True,7000,0.22354829863813494,0.6392795721914621,0.6338391067849986
1500.0,30.0,0.2,fixed,45.0,65.0,1.0,False,winner,2.0,1500.0,False,7000,0.22355598144265865,0.638760258629572,0.6362725450901804
1500.0,25.0,0.1,online,55.0,65.0,0.5,True,winner,2.0,1300.0,False,7000,0.2235561054250025,0.639653209421581,0.6391354136845119
1500.0,15.0,0.5,fixed,35.0,65.0,1.0,False,winner,2.0,1300.0,False,7000,0.22355740469538204,0.6391613199136726,0.6398511308330948
1500.0,15.0,0.5,online,55.0,65.0,4.0,True,winner,2.0,1300.0,False,7000,0.22355910453942404,0.6387626856929975,0.6295448038935013
1500.0,25.0,0.15,online,55.0,65.0,2.0,True,winner,,1500.0,True,7000,0.22356096054872748,0.6403037064808863,0.6417119954194103
1500.0,30.0,0.2,online,55.0,65.0,0.5,False,winner,,1300.0,False,7000,0.22356155638587955,0.640349207537884,0.641425708559977
1500.0,25.0,0.1,fixed,55.0,65.0,1.0,False,winner,2.0,1300.0,False,7000,0.2235651214055408,0.6393167338690907,0.63670197537933
1500.0,15.0,0.15,online,55.0,65.0,4.0,True,winner,2.0,1500.0,True,7000,0.22356694478140812,0.638585374620355,0.6326939593472659
1500.0,15.0,0.1,online,55.0,65.0,0.5,False,winner,2.0,1500.0,False,7000,0.22356787776962259,0.6386300472692084,0.6322645290581163
1500.0,30.0,0.15,online,55.0,65.0,0.5,True,winner,2.0,1300.0,True,7000,0.22356994500828578,0.6400283995471332,0.6402805611222445
1500.0,15.0,0.1,fixed,35.0,65.0,1.0,False,winner,,1300.0,False,7000,0.22357017003281307,0.6387421143349741,0.6352705410821643
1500.0,25.0,0.1,fixed,65.0,65.0,1.0,False,winner,2.0,1500.0,True,7000,0.22357119895098262,0.6394774346181925,0.6399942742628113
1500.0,15.0,0.1,fixed,35.0,65.0,1.0,False,winner,,1300.0,True,7000,0.2235735546054781,0.6388425779988439,0.63670197537933
1500.0,30.0,0.15,online,55.0,65.0,0.5,False,winner,2.0,1500.0,False,7000,0.22357453483554487,0.6395369586761511,0.6382765531062125
1500.0,30.0,0.15,fixed,65.0,65.0,1.0,False,winner,2.0,1500.0,True,7000,0.22357598975442586,0.639620709444069,0.6419982822788434
1500.0,25.0,0.1,online,55.0,65.0,1.0,False,winner,2.0,1300.0,False,7000,0.22357699892612748,0.6396668860029612,0.6381334096764959
1500.0,20.0,0.15,fixed,35.0,65.0,1.0,False,winner,2.0,1300.0,True,7000,0.22358127874958025,0.6387316694063687,0.6361294016604638
1500.0,15.0,0.1,online,55.0,65.0,1.0,True,winner,2.0,1300.0,True,7000,0.22358189430148143,0.6389096730884591,0.631978242198683
1500.0,30.0,0.15,online,55.0,65.0,1.0,False,winner,2.0,1300.0,True,7000,0.2235871231196431,0.6400267191142014,0.6398511308330948
1500.0,15.0,0.5,fixed,35.0,65.0,1.0,False,winner,2.0,1500.0,True,7000,0.2235875665026637,0.6391613446953057,0.6392785571142284
1500.0,30.0,0.4,fixed,35.0,65.0,1.0,False,winner,,1300.0,True,7000,0.2235893239361059,0.63890644382156,0.6371314056684798
1500.0,25.0,0.2,fixed,35.0,65.0,1.0,False,winner,2.0,1500.0,True,7000,0.22359029879531603,0.6386207897330106,0.6316919553392499
1500.0,30.0,0.2,online,55.0,65.0,4.0,True,winner,2.0,1300.0,True,7000,0.22359547723838036,0.6398114092146144,0.6389922702547953
1500.0,30.0,0.3,online,55.0,65.0,4.0,True,winner,,1300.0,False,7000,0.22359852830090243,0.6401164621508424,0.640137417692528
1500.0,25.0,0.1,online,55.0,65.0,0.5,False,winner,,1300.0,False,7000,0.2236029370103674,0.6405605377784248,0.6419982822788434
1500.0,20.0,0.1,online,55.0,65.0,2.0,True,winner,2.0,1300.0,False,7000,0.22360457131429107,0.6392916301161571,0.6342685370741483
1500.0,30.0,0.4,fixed,35.0,65.0,1.0,False,winner,,1300.0,False,7000,0.22360498724804215,0.6388316043218383,0.63670197537933
1500.0,25.0,0.1,online,55.0,65.0,0.5,True,winner,2.0,1300.0,True,7000,0.22360668945893278,0.6399535635041281,0.6407099914113942
1500.0,20.0,0.15,fixed,35.0,65.0,1.0,False,winner,2.0,1300.0,False,7000,0.22360758710618678,0.6387373080435257,0.6331233896364157
1500.0,15.0,0.1,online,55.0,65.0,2.0,False,winner,2.0,1300.0,True,7000,0.22361257040487859,0.6389552187380663,0.6316919553392499
1500.0,30.0,0.15,online,55.0,65.0,1.0,True,winner,2.0,1300.0,False,7000,0.22361318475619452,0.6399584274808592,0.6391354136845119
1500.0,25.0,0.15,fixed,45.0,65.0,1.0,False,winner,,1300.0,True,7000,0.2236149667584925,0.6397382092591688,0.6379902662467792
1500.0,25.0,0.1,online,55.0,65.0,0.5,False,winner,2.0,1500.0,False,7000,0.22361611064248615,0.6395022662266714,0.638419696535929
1500.0,15.0,0.1,online,55.0,65.0,0.5,True,winner,2.0,1300.0,False,7000,0.22361688186606457,0.6389288261115669,0.6305468079015173
1500.0,30.0,0.2,online,55.0,65.0,0.5,False,winner,,1300.0,True,7000,0.22362077970218902,0.6408254368656809,0.6411394217005439
1500.0,15.0,0.15,online,55.0,65.0,4.0,True,winner,2.0,1300.0,False,7000,0.2236214083964317,0.6388615913331942,0.6328371027769826
1500.0,25.0,0.1,online,55.0,65.0,1.0,False,winner,2.0,1300.0,True,7000,0.223621999850017,0.6399542695633914,0.6398511308330948
1500.0,30.0,0.25,online,55.0,65.0,4.0,False,winner,,1500.0,False,7000,0.2236222972412314,0.6400314336020898,0.6385628399656456
1500.0,25.0,0.1,fixed,65.0,65.0,1.0,False,winner,,1300.0,True,7000,0.22362465388236352,0.6407447931032493,0.6402805611222445
1500.0,30.0,0.25,online,55.0,65.0,4.0,False,winner,,1500.0,True,7000,0.22362677369056863,0.6403172403220058,0.6398511308330948
1500.0,20.0,0.1,online,55.0,65.0,4.0,False,winner,2.0,1300.0,True,7000,0.223629501332285,0.6394239566927281,0.6344116805038649
1500.0,20.0,0.1,fixed,45.0,65.0,1.0,False,winner,2.0,1300.0,True,7000,0.22363210881187512,0.6390719349340287,0.6368451188090467
1500.0,15.0,0.1,online,55.0,65.0,1.0,True,winner,2.0,1500.0,True,7000,0.22363441675448728,0.6388541391772373,0.6324076724878328
1500.0,30.0,0.2,fixed,65.0,65.0,1.0,False,winner,,1500.0,False,7000,0.22363450337207802,0.6401508987444078,0.6408531348411108
1500.0,15.0,0.1,online,55.0,65.0,1.0,False,winner,2.0,1300.0,False,7000,0.22363476442658053,0.6389548681830056,0.6292585170340681
1500.0,25.0,0.1,fixed,55.0,65.0,1.0,False,winner,2.0,1300.0,True,7000,0.22363492054644576,0.639619030858608,0.6375608359576296
1500.0,25.0,0.15,online,55.0,65.0,4.0,True,winner,2.0,1500.0,False,7000,0.22363506947100217,0.6393495468056998,0.6389922702547953
1500.0,30.0,0.15,online,55.0,65.0,0.5,True,winner,2.0,1500.0,False,7000,0.22363838060509067,0.6397599302778927,0.6381334096764959
1500.0,25.0,0.15,fixed,45.0,65.0,1.0,False,winner,,1500.0,False,7000,0.22364009486569128,0.6393397981185402,0.6345548239335814
1500.0,30.0,0.2,online,55.0,65.0,1.0,False,winner,,1300.0,False,7000,0.22364047276853946,0.6405925640858009,0.6408531348411108
1500.0,15.0,0.1,online,55.0,65.0,0.5,True,winner,2.0,1500.0,False,7000,0.22364123685380133,0.6388147827368866,0.6311193816203836
1500.0,30.0,0.15,fixed,55.0,65.0,1.0,False,winner,2.0,1300.0,True,7000,0.22364971643568457,0.639761097832596,0.6391354136845119
1500.0,30.0,0.2,fixed,45.0,65.0,1.0,False,winner,2.0,1500.0,True,7000,0.2236517863228235,0.6391043026779099,0.6351273976524477
1500.0,30.0,0.15,online,55.0,65.0,2.0,False,winner,2.0,1300.0,False,7000,0.2236536909480663,0.6400025938127175,0.6382765531062125
1500.0,25.0,0.1,fixed,65.0,65.0,1.0,False,winner,,1500.0,False,7000,0.22365413736212875,0.6402847851230905,0.6408531348411108
1500.0,20.0,0.1,fixed,45.0,65.0,1.0,False,winner,2.0,1300.0,False,7000,0.22365545717781776,0.6390435616459877,0.6348411107930146
1500.0,15.0,0.1,fixed,35.0,65.0,1.0,False,winner,,1500.0,False,7000,0.22365646000974954,0.6387568540113545,0.6341253936444318
1500.0,15.0,0.1,online,55.0,65.0,1.0,False,winner,2.0,1500.0,False,7000,0.22365887834315987,0.6388427899291128,0.6308330947609505
1500.0,30.0,0.15,online,55.0,65.0,1.0,False,winner,2.0,1500.0,False,7000,0.22366095580627157,0.6397739289149104,0.6379902662467792
1500.0,15.0,0.5,online,55.0,65.0,4.0,True,winner,2.0,1500.0,True,7000,0.22366296340682565,0.6388824004986277,0.6279702261666189
1500.0,15.0,0.1,online,55.0,65.0,2.0,False,winner,2.0,1500.0,True,7000,0.22366464909331651,0.6389007006511898,0.6331233896364157
1500.0,20.0,0.1,online,55.0,65.0,2.0,True,winner,2.0,1500.0,True,7000,0.22366819556806664,0.6393390517630331,0.6334096764958489
1500.0,25.0,0.15,online,55.0,65.0,4.0,True,winner,2.0,1500.0,True,7000,0.22367222809834908,0.6395583539353047,0.6385628399656456
1500.0,30.0,0.15,online,55.0,65.0,0.5,False,winner,2.0,1500.0,True,7000,0.22367260451181417,0.6399646193572537,0.6389922702547953
1500.0,15.0,0.1,fixed,35.0,65.0,1.0,False,winner,,1500.0,True,7000,0.22367299564103008,0.638886183842321,0.6356999713713141
1500.0,25.0,0.1,online,55.0,65.0,0.5,False,winner,2.0,1500.0,True,7000,0.22367573455271467,0.6398199581382981,0.640137417692528
1500.0,20.0,0.1,online,55.0,65.0,4.0,True,winner,,1300.0,False,7000,0.22368536488396518,0.6403376033095806,0.6397079874033782
1500.0,25.0,0.1,online,55.0,65.0,0.5,True,winner,2.0,1500.0,False,7000,0.2236854739532645,0.639725930385695,0.6385628399656456
1500.0,25.0,0.1,fixed,55.0,65.0,1.0,False,winner,2.0,1500.0,False,7000,0.22368572454240204,0.6393920904494383,0.6364156885198969
1500.0,30.0,0.15,fixed,55.0,65.0,1.0,False,winner,2.0,1500.0,False,7000,0.2236867548052059,0.6394849644891281,0.6381334096764959
1500.0,25.0,0.1,online,55.0,65.0,1.0,False,winner,,1300.0,False,7000,0.2236878049743724,0.6408160657084887,0.6432865731462926
1500.0,30.0,0.2,online,55.0,65.0,1.0,False,winner,,1300.0,True,7000,0.2236922786431577,0.6410559304907375,0.6399942742628113
1500.0,20.0,0.15,fixed,35.0,65.0,1.0,False,winner,2.0,1500.0,True,7000,0.22369484193944258,0.6388314906446828,0.6348411107930146
1500.0,25.0,0.1,online,55.0,65.0,1.0,True,winner,2.0,1300.0,False,7000,0.22369672198011753,0.6400061553136537,0.640137417692528
1500.0,20.0,0.1,online,55.0,65.0,4.0,True,winner,,1300.0,True,7000,0.22369749723365667,0.6405515463685801,0.6387059833953621
1500.0,20.0,0.1,online,55.0,65.0,4.0,False,winner,2.0,1300.0,False,7000,0.22369836175212843,0.639463423131961,0.6345548239335814
1500.0,30.0,0.15,online,55.0,65.0,1.0,True,winner,2.0,1300.0,True,7000,0.2237001032604193,0.6403682845877985,0.6412825651302605
1500.0,15.0,0.15,fixed,35.0,65.0,1.0,False,winner,2.0,1300.0,True,7000,0.22370025198291577,0.6389514611209085,0.6342685370741483
1500.0,25.0,0.2,fixed,35.0,65.0,1.0,False,winner,,1300.0,False,7000,0.22370177433634625,0.6392794793995716,0.6361294016604638
1500.0,25.0,0.1,online,55.0,65.0,1.0,False,winner,2.0,1500.0,False,7000,0.22370573956538808,0.6397409097359145,0.6382765531062125
1500.0,30.0,0.2,online,55.0,65.0,0.5,True,winner,,1300.0,False,7000,0.22370661536037934,0.6408986373733382,0.6415688519896937
1500.0,20.0,0.1,online,55.0,65.0,2.0,True,winner,2.0,1500.0,False,7000,0.22370743025285952,0.6393120364228174,0.6338391067849986
1500.0,20.0,0.15,fixed,35.0,65.0,1.0,False,winner,2.0,1500.0,False,7000,0.22370910060584284,0.638810273080948,0.6322645290581163
1500.0,15.0,0.15,online,55.0,65.0,4.0,True,winner,2.0,1500.0,False,7000,0.22371037059394758,0.6388826527743597,0.6321213856283997
1500.0,25.0,0.1,online,55.0,65.0,0.5,False,winner,,1300.0,True,7000,0.22371311487233517,0.6411744828739686,0.6409962782708274
1500.0,30.0,0.25,online,55.0,65.0,2.0,True,winner,,1500.0,True,7000,0.22371446881442653,0.6406842885036702,0.6412825651302605
1500.0,30.0,0.2,fixed,65.0,65.0,1.0,False,winner,,1500.0,True,7000,0.22371600714884438,0.640619026728497,0.6398511308330948
1500.0,30.0,0.25,online,55.0,65.0,2.0,True,winner,,1500.0,False,7000,0.2237213344066032,0.6404308425877238,0.6385628399656456
1500.0,30.0,0.2,online,55.0,65.0,4.0,True,winner,2.0,1500.0,False,7000,0.22372699053125059,0.6397447055864187,0.641425708559977
1500.0,20.0,0.1,fixed,45.0,65.0,1.0,False,winner,2.0,1500.0,True,7000,0.22372765590320157,0.6391141022366779,0.6358431148010306
1500.0,30.0,0.2,online,55.0,65.0,0.5,False,winner,,1500.0,False,7000,0.22372991626767588,0.6405270029060917,0.640137417692528
1500.0,30.0,0.15,online,55.0,65.0,2.0,False,winner,2.0,1300.0,True,7000,0.22373188445465722,0.640392869485743,0.6404237045519611
1500.0,20.0,0.1,fixed,45.0,65.0,1.0,False,winner,2.0,1500.0,False,7000,0.2237355805973483,0.6390496781742826,0.6344116805038649
1500.0,25.0,0.1,online,55.0,65.0,2.0,False,winner,2.0,1300.0,False,7000,0.22373654737220441,0.6400543322713604,0.6392785571142284
1500.0,30.0,0.15,online,55.0,65.0,0.5,True,winner,2.0,1500.0,True,7000,0.22373840239206547,0.6401975174734608,0.6398511308330948
1500.0,25.0,0.1,online,55.0,65.0,1.0,True,winner,2.0,1300.0,True,7000,0.2237430309533179,0.6403001611389292,0.6398511308330948
1500.0,30.0,0.4,fixed,35.0,65.0,1.0,False,winner,,1500.0,True,7000,0.22374583029150638,0.6391184466718947,0.6361294016604638
1500.0,30.0,0.3,online,55.0,65.0,4.0,True,winner,,1500.0,True,7000,0.22374645337664303,0.640440040707702,0.6398511308330948
1500.0,15.0,0.5,fixed,35.0,65.0,1.0,False,winner,2.0,1500.0,False,7000,0.22374686459443605,0.6395154764782052,0.6395648439736616
1500.0,25.0,0.1,online,55.0,65.0,0.5,True,winner,2.0,1500.0,True,7000,0.2237477080504868,0.6400548655584114,0.6404237045519611
1500.0,20.0,0.1,online,55.0,65.0,4.0,False,winner,2.0,1500.0,True,7000,0.22374821787088806,0.6394823103040923,0.6342685370741483
1500.0,30.0,0.25,fixed,35.0,65.0,1.0,False,winner,2.0,1300.0,False,7000,0.22374849837074598,0.6391031418547292,0.6331233896364157
1500.0,25.0,0.1,fixed,55.0,65.0,1.0,False,winner,,1300.0,False,7000,0.22375425858327636,0.6404299497044892,0.6379902662467792
1500.0,30.0,0.15,online,55.0,65.0,1.0,False,winner,2.0,1500.0,True,7000,0.2237551943573088,0.6401968181272345,0.639421700543945
1500.0,15.0,0.1,fixed,45.0,65.0,1.0,False,winner,2.0,1300.0,True,7000,0.22375589342129443,0.6391139734498268,0.6339822502147151
1500.0,30.0,0.2,fixed,55.0,65.0,1.0,False,winner,,1300.0,False,7000,0.22375624596268973,0.6403275374968063,0.6407099914113942
1500.0,30.0,0.4,fixed,35.0,65.0,1.0,False,winner,,1500.0,False,7000,0.2237570531157432,0.6390366145600422,0.6354136845118808
1500.0,30.0,0.2,online,55.0,65.0,0.5,True,winner,,1300.0,True,7000,0.22375909237823166,0.6413677155934772,0.6397079874033782
1500.0,25.0,0.1,online,55.0,65.0,0.5,False,winner,,1500.0,False,7000,0.22375961359570476,0.640685291398774,0.6407099914113942
1500.0,25.0,0.1,online,55.0,65.0,0.5,True,winner,,1300.0,False,7000,0.22375987853414556,0.6411288335620552,0.6422845691382766
1500.0,15.0,0.1,online,55.0,65.0,1.0,True,winner,2.0,1300.0,False,7000,0.22376110096676355,0.6392585369251567,0.6305468079015173
1500.0,25.0,0.1,online,55.0,65.0,1.0,False,winner,2.0,1500.0,True,7000,0.22376278418574194,0.6400570761655809,0.6402805611222445
1500.0,25.0,0.1,fixed,55.0,65.0,1.0,False,winner,2.0,1500.0,True,7000,0.22376644880509458,0.6397214987607015,0.6381334096764959
1500.0,15.0,0.15,fixed,35.0,65.0,1.0,False,winner,2.0,1500.0,True,7000,0.2237689573221764,0.6389804958294436,0.6338391067849986
1500.0,25.0,0.15,fixed,45.0,65.0,1.0,False,winner,,1500.0,True,7000,0.22377329180808953,0.6398989369839668,0.6364156885198969
1500.0,25.0,0.1,online,55.0,65.0,2.0,False,winner,2.0,1300.0,True,7000,0.22377429256447648,0.6403298631328141,0.639421700543945
1500.0,30.0,0.15,online,55.0,65.0,1.0,True,winner,2.0,1500.0,False,7000,0.2237777022876658,0.6401162565710965,0.638419696535929
1500.0,30.0,0.2,online,55.0,65.0,2.0,False,winner,,1300.0,False,7000,0.22378008453124626,0.64096394898062,0.6404237045519611
1500.0,15.0,0.5,online,55.0,65.0,4.0,True,winner,2.0,1500.0,False,7000,0.22378471021446214,0.639165683270211,0.6294016604637848
1500.0,25.0,0.1,fixed,65.0,65.0,1.0,False,winner,,1500.0,True,7000,0.22378481058101235,0.6408917582865125,0.639421700543945
1500.0,30.0,0.25,fixed,45.0,65.0,1.0,False,winner,,1300.0,False,7000,0.22378630917053396,0.6398706594946822,0.6375608359576296
1500.0,15.0,0.1,online,55.0,65.0,1.0,True,winner,2.0,1500.0,False,7000,0.223789772374222,0.6391496098367553,0.6305468079015173
1500.0,15.0,0.1,fixed,45.0,65.0,1.0,False,winner,2.0,1500.0,True,7000,0.2237913489080916,0.6390511970840393,0.6321213856283997
1500.0,25.0,0.1,online,55.0,65.0,1.0,False,winner,,1300.0,True,7000,0.2237915093377586,0.6414184923712468,0.6425708559977097
1500.0,30.0,0.2,online,55.0,65.0,4.0,True,winner,2.0,1500.0,True,7000,0.22379151976092043,0.6400351021269378,0.6385628399656456
1500.0,30.0,0.3,online,55.0,65.0,4.0,True,winner,,1500.0,False,7000,0.22379309698692798,0.6403580981598835,0.6395648439736616
1500.0,30.0,0.2,online,55.0,65.0,0.5,False,winner,,1500.0,True,7000,0.22379499387338755,0.6410142756171042,0.6404237045519611
1500.0,20.0,0.1,online,55.0,65.0,4.0,False,winner,2.0,1500.0,False,7000,0.22379878961633345,0.6394808920758598,0.6335528199255654
1500.0,15.0,0.1,online,55.0,65.0,2.0,False,winner,2.0,1300.0,False,7000,0.22380125786327518,0.6393249683857302,0.6311193816203836
1500.0,25.0,0.2,fixed,35.0,65.0,1.0,False,winner,,1300.0,True,7000,0.2238039794792149,0.6397200404799693,0.6378471228170627
1500.0,15.0,0.1,online,55.0,65.0,2.0,True,winner,2.0,1300.0,True,7000,0.22380536801006926,0.6394196470143858,0.6315488119095334
1500.0,30.0,0.15,fixed,55.0,65.0,1.0,False,winner,2.0,1500.0,True,7000,0.22380752157645512,0.6399266439282494,0.6379902662467792
1500.0,30.0,0.2,online,55.0,65.0,1.0,False,winner,,1500.0,False,7000,0.22380962837383062,0.6407717341503111,0.6404237045519611
1500.0,30.0,0.15,online,55.0,65.0,2.0,True,winner,2.0,1300.0,False,7000,0.22381029721398688,0.640465378921104,0.6402805611222445
1500.0,30.0,0.25,fixed,35.0,65.0,1.0,False,winner,2.0,1300.0,True,7000,0.2238108330829516,0.6393425419363876,0.6356999713713141
1500.0,30.0,0.15,online,55.0,65.0,2.0,False,winner,2.0,1500.0,False,7000,0.2238166578480324,0.6401595531516027,0.6375608359576296
1500.0,30.0,0.2,online,55.0,65.0,2.0,False,winner,,1300.0,True,7000,0.223819548365505,0.6414013293174513,0.639421700543945
1500.0,15.0,0.1,online,55.0,65.0,2.0,False,winner,2.0,1500.0,False,7000,0.223828583389141,0.6392158154945918,0.6311193816203836
1500.0,25.0,0.1,online,55.0,65.0,1.0,True,winner,2.0,1500.0,False,7000,0.22382986786192566,0.6400851192652036,0.6392785571142284
1500.0,25.0,0.15,online,55.0,65.0,4.0,True,winner,,1300.0,False,7000,0.2238315553604892,0.6410501946137953,0.6402805611222445
1500.0,25.0,0.1,online,55.0,65.0,2.0,False,winner,,1300.0,False,7000,0.22383592684732373,0.6412016935431668,0.641425708559977
1500.0,25.0,0.1,online,55.0,65.0,1.0,False,winner,,1500.0,False,7000,0.2238451261983401,0.6409414714035244,0.6415688519896937
1500.0,15.0,0.15,fixed,35.0,65.0,1.0,False,winner,2.0,1300.0,False,7000,0.22384799340962624,0.6392708028204214,0.6322645290581163
1500.0,30.0,0.2,fixed,55.0,65.0,1.0,False,winner,,1300.0,True,7000,0.22384993676938938,0.6408320077067935,0.6389922702547953
1500.0,20.0,0.1,online,55.0,65.0,4.0,True,winner,,1500.0,False,7000,0.22385051271693596,0.6404645013147384,0.6387059833953621
1500.0,25.0,0.2,fixed,35.0,65.0,1.0,False,winner,,1500.0,False,7000,0.223854499628644,0.6394453937128465,0.6338391067849986
1500.0,30.0,0.25,fixed,45.0,65.0,1.0,False,winner,,1300.0,True,7000,0.223858633311116,0.6402699267544363,0.6365588319496135
1500.0,25.0,0.15,online,55.0,65.0,4.0,True,winner,,1300.0,True,7000,0.22385885814441298,0.6413570372501914,0.6409962782708274
1500.0,25.0,0.1,online,55.0,65.0,0.5,True,winner,,1300.0,True,7000,0.22386433247671417,0.6417344456161526,0.644145433724592
1500.0,15.0,0.1,online,55.0,65.0,2.0,True,winner,2.0,1500.0,True,7000,0.223866090149123,0.6393718373136371,0.6316919553392499
1500.0,30.0,0.2,online,55.0,65.0,1.0,False,winner,,1500.0,True,7000,0.22386767237056515,0.641246784884111,0.6397079874033782
1500.0,25.0,0.1,online,55.0,65.0,2.0,False,winner,2.0,1500.0,False,7000,0.22386817565172545,0.6401328337451061,0.6392785571142284
1500.0,20.0,0.1,online,55.0,65.0,4.0,True,winner,,1500.0,True,7000,0.2238712177357575,0.6407007069686573,0.6382765531062125
1500.0,30.0,0.15,online,55.0,65.0,1.0,True,winner,2.0,1500.0,True,7000,0.22387245208799028,0.6405442554597333,0.6408531348411108
1500.0,30.0,0.2,online,55.0,65.0,1.0,True,winner,,1300.0,False,7000,0.22387662029165642,0.641359478554893,0.6404237045519611
1500.0,25.0,0.1,online,55.0,65.0,0.5,False,winner,,1500.0,True,7000,0.22387711463491594,0.6413163049572392,0.639421700543945
1500.0,30.0,0.2,online,55.0,65.0,0.5,True,winner,,1500.0,False,7000,0.2238775412677717,0.6410803987003798,0.6407099914113942
1500.0,30.0,0.35,fixed,35.0,65.0,1.0,False,winner,,1300.0,False,7000,0.22388230676907947,0.6395845006123163,0.6356999713713141
1500.0,15.0,0.1,online,55.0,65.0,4.0,False,winner,2.0,1300.0,True,7000,0.22388805473516993,0.6395713434559295,0.6315488119095334
1500.0,25.0,0.1,online,55.0,65.0,1.0,True,winner,2.0,1500.0,True,7000,0.22388807111932374,0.6404079002938379,0.639421700543945
1500.0,30.0,0.15,online,55.0,65.0,2.0,True,winner,2.0,1300.0,True,7000,0.22389327462721664,0.6408647374354028,0.6427139994274262
1500.0,30.0,0.35,fixed,35.0,65.0,1.0,False,winner,,1300.0,True,7000,0.22389688718713133,0.6397626311354543,0.6348411107930146
1500.0,30.0,0.15,online,55.0,65.0,4.0,False,winner,2.0,1300.0,False,7000,0.22389931289126583,0.6406189409821391,0.6411394217005439
1500.0,25.0,0.1,fixed,55.0,65.0,1.0,False,winner,,1300.0,True,7000,0.2238998338589704,0.6410817107051274,0.6404237045519611
1500.0,15.0,0.15,fixed,35.0,65.0,1.0,False,winner,2.0,1500.0,False,7000,0.22389995841174326,0.6392630726044266,0.6318350987689665
1500.0,30.0,0.15,online,55.0,65.0,2.0,False,winner,2.0,1500.0,True,7000,0.22390341920692702,0.6405688505228161,0.6398511308330948
1500.0,25.0,0.1,fixed,55.0,65.0,1.0,False,winner,,1500.0,False,7000,0.2239037400061609,0.6405548875095188,0.6359862582307472
1500.0,25.0,0.1,online,55.0,65.0,2.0,True,winner,2.0,1300.0,False,7000,0.22390458299652796,0.640524282648629,0.6389922702547953
1500.0,30.0,0.25,fixed,35.0,65.0,1.0,False,winner,2.0,1500.0,False,7000,0.22390552235201,0.6392989933381588,0.6328371027769826
1500.0,30.0,0.2,online,55.0,65.0,1.0,True,winner,,1300.0,True,7000,0.22390978391743252,0.6417827808745489,0.64214142570856
1500.0,30.0,0.2,fixed,55.0,65.0,1.0,False,winner,,1500.0,False,7000,0.22391620851857924,0.640500192356588,0.639421700543945
1500.0,15.0,0.1,fixed,45.0,65.0,1.0,False,winner,2.0,1300.0,False,7000,0.2239178086977855,0.639449094776654,0.6329802462066991
1500.0,25.0,0.1,online,55.0,65.0,2.0,False,winner,2.0,1500.0,True,7000,0.2239186544334158,0.6404381147906154,0.6395648439736616
1500.0,25.0,0.1,online,55.0,65.0,0.5,True,winner,,1500.0,False,7000,0.22391891181564133,0.6412560716864251,0.6405668479816776
1500.0,25.0,0.1,online,55.0,65.0,2.0,False,winner,,1300.0,True,7000,0.22392815465287852,0.6417800334313556,0.6427139994274262
1500.0,15.0,0.1,fixed,45.0,65.0,1.0,False,winner,2.0,1500.0,False,7000,0.22393120239260483,0.6393359837560275,0.6318350987689665
1500.0,25.0,0.1,online,55.0,65.0,1.0,True,winner,,1300.0,False,7000,0.22393357797468408,0.6415962044094402,0.6404237045519611
1500.0,30.0,0.2,online,55.0,65.0,0.5,True,winner,,1500.0,True,7000,0.22393564778896183,0.641560521885474,0.6392785571142284
1500.0,30.0,0.25,fixed,45.0,65.0,1.0,False,winner,,1500.0,False,7000,0.22394295359566233,0.6400511360275429,0.6364156885198969
1500.0,25.0,0.1,online,55.0,65.0,2.0,True,winner,2.0,1300.0,True,7000,0.22394744371143552,0.6408096834667423,0.6381334096764959
1500.0,15.0,0.1,online,55.0,65.0,4.0,False,winner,2.0,1500.0,True,7000,0.22394768846087515,0.6395228038086084,0.6315488119095334
1500.0,30.0,0.2,online,55.0,65.0,2.0,False,winner,,1500.0,False,7000,0.2239515475300127,0.6411480053126782,0.640137417692528
1500.0,25.0,0.1,online,55.0,65.0,1.0,False,winner,,1500.0,True,7000,0.22395657644347952,0.6415616364690744,0.6418551388491268
1500.0,25.0,0.2,fixed,35.0,65.0,1.0,False,winner,,1500.0,True,7000,0.2239634994423014,0.6398981059983566,0.6361294016604638
1500.0,30.0,0.15,online,55.0,65.0,4.0,False,winner,2.0,1300.0,True,7000,0.22397079936875305,0.6409928599735358,0.6442885771543087
1500.0,30.0,0.25,fixed,35.0,65.0,1.0,False,winner,2.0,1500.0,True,7000,0.2239733895450783,0.6395495472624186,0.6341253936444318
1500.0,20.0,0.1,online,55.0,65.0,4.0,True,winner,2.0,1300.0,True,7000,0.22397340604652816,0.6403017775632274,0.6352705410821643
1500.0,30.0,0.15,online,55.0,65.0,2.0,True,winner,2.0,1500.0,False,7000,0.22398170842214676,0.6406324167124567,0.6391354136845119
1500.0,15.0,0.1,online,55.0,65.0,2.0,True,winner,2.0,1300.0,False,7000,0.22398666427801192,0.6397708401888843,0.6316919553392499
1500.0,25.0,0.1,online,55.0,65.0,2.0,False,winner,,1500.0,False,7000,0.22399557485566016,0.6413318758459207,0.639421700543945
1500.0,25.0,0.1,online,55.0,65.0,4.0,False,winner,2.0,1300.0,False,7000,0.2239958023781561,0.6406852951387063,0.6381334096764959
1500.0,30.0,0.2,online,55.0,65.0,2.0,False,winner,,1500.0,True,7000,0.22399771303256882,0.6415977917295955,0.6387059833953621
1500.0,30.0,0.2,online,55.0,65.0,4.0,False,winner,,1300.0,False,7000,0.2240032550482057,0.6415598880567092,0.640137417692528
1500.0,30.0,0.25,online,55.0,65.0,4.0,True,winner,,1300.0,True,7000,0.2240136223962529,0.6417112226963289,0.6409962782708274
1500.0,30.0,0.2,fixed,55.0,65.0,1.0,False,winner,,1500.0,True,7000,0.22401556718894908,0.6410149128178135,0.6372745490981964
1500.0,25.0,0.15,online,55.0,65.0,4.0,True,winner,,1500.0,False,7000,0.22402050632161555,0.6412415389637832,0.6392785571142284
1500.0,25.0,0.1,online,55.0,65.0,1.0,True,winner,,1300.0,True,7000,0.22402080674341038,0.6421613600193723,0.6428571428571429
1500.0,30.0,0.25,fixed,45.0,65.0,1.0,False,winner,,1500.0,True,7000,0.22402093059435157,0.6404598179029873,0.6354136845118808
1500.0,15.0,0.1,online,55.0,65.0,2.0,True,winner,2.0,1500.0,False,7000,0.22402307375548533,0.6396692469804723,0.6321213856283997
1500.0,20.0,0.1,online,55.0,65.0,4.0,True,winner,2.0,1300.0,False,7000,0.22402631668345718,0.6403192733402544,0.6335528199255654
1500.0,25.0,0.1,online,55.0,65.0,4.0,False,winner,2.0,1300.0,True,7000,0.22402641021676928,0.6409440974572461,0.6378471228170627
1500.0,25.0,0.1,online,55.0,65.0,0.5,True,winner,,1500.0,True,7000,0.2240304591749455,0.6418789154504726,0.6434297165760091
1500.0,30.0,0.2,online,55.0,65.0,4.0,False,winner,,1300.0,True,7000,0.22403144180504939,0.6419671835176336,0.6422845691382766
1500.0,30.0,0.35,fixed,35.0,65.0,1.0,False,winner,,1500.0,False,7000,0.22403520849055544,0.6397811753044558,0.6342685370741483
1500.0,30.0,0.25,online,55.0,65.0,4.0,True,winner,,1300.0,False,7000,0.22403902082567817,0.6415337601065081,0.6388491268250788
1500.0,25.0,0.1,online,55.0,65.0,2.0,True,winner,2.0,1500.0,False,7000,0.22404487174013474,0.6406122005850852,0.6379902662467792
1500.0,30.0,0.2,online,55.0,65.0,1.0,True,winner,,1500.0,False,7000,0.22405177088015826,0.6415502774173675,0.6402805611222445
1500.0,25.0,0.15,online,55.0,65.0,4.0,True,winner,,1500.0,True,7000,0.22405347409533,0.641563007395181,0.6405668479816776
1500.0,30.0,0.35,fixed,35.0,65.0,1.0,False,winner,,1500.0,True,7000,0.22405475737692834,0.6399671197939505,0.633695963355282
1500.0,25.0,0.1,fixed,55.0,65.0,1.0,False,winner,,1500.0,True,7000,0.22405645519662631,0.6412225457975403,0.6387059833953621
1500.0,20.0,0.1,fixed,35.0,65.0,1.0,False,winner,,1300.0,False,7000,0.22406631520244458,0.6402165839118525,0.6348411107930146
1500.0,30.0,0.15,online,55.0,65.0,4.0,False,winner,2.0,1500.0,False,7000,0.22406866045250654,0.6407832361542917,0.640137417692528
1500.0,25.0,0.15,fixed,35.0,65.0,1.0,False,winner,2.0,1300.0,False,7000,0.2240709136746018,0.6399550654753262,0.6364156885198969
1500.0,30.0,0.15,online,55.0,65.0,2.0,True,winner,2.0,1500.0,True,7000,0.22407251409409895,0.6410498193023013,0.6427139994274262
1500.0,25.0,0.1,online,55.0,65.0,4.0,False,winner,,1300.0,False,7000,0.22407293879271364,0.641819246901543,0.6402805611222445
1500.0,25.0,0.1,fixed,45.0,65.0,1.0,False,winner,2.0,1300.0,False,7000,0.22407925013476446,0.6403377397211409,0.6358431148010306
1500.0,15.0,0.1,online,55.0,65.0,4.0,False,winner,2.0,1300.0,False,7000,0.22408278623270725,0.6399518370783591,0.6321213856283997
1500.0,30.0,0.15,fixed,45.0,65.0,1.0,False,winner,2.0,1300.0,False,7000,0.2240894240223946,0.6404341990036467,0.63670197537933
1500.0,30.0,0.2,online,55.0,65.0,1.0,True,winner,,1500.0,True,7000,0.22409055937252975,0.6419843847115491,0.6411394217005439
1500.0,25.0,0.1,online,55.0,65.0,2.0,False,winner,,1500.0,True,7000,0.22409611426884177,0.6419287796336827,0.6424277125679931
1500.0,30.0,0.2,online,55.0,65.0,2.0,True,winner,,1300.0,False,7000,0.22409734093156786,0.6419725979992144,0.6404237045519611
1500.0,25.0,0.1,online,55.0,65.0,1.0,True,winner,,1500.0,False,7000,0.2240975985348688,0.6417340434282058,0.640137417692528
1500.0,25.0,0.1,online,55.0,65.0,2.0,True,winner,2.0,1500.0,True,7000,0.22409977518419497,0.640926553553063,0.638419696535929
1500.0,20.0,0.1,online,55.0,65.0,4.0,True,winner,2.0,1500.0,True,7000,0.22410455363337184,0.6403687750814738,0.6361294016604638
1500.0,30.0,0.2,online,55.0,65.0,2.0,True,winner,,1300.0,True,7000,0.22411378100476856,0.6423448390302972,0.6430002862868595
1500.0,15.0,0.1,online,55.0,65.0,4.0,False,winner,2.0,1500.0,False,7000,0.22411673260907994,0.639847287983541,0.6309762381906671
1500.0,25.0,0.1,online,55.0,65.0,4.0,False,winner,2.0,1500.0,False,7000,0.22413375581504552,0.6407703614244314,0.638419696535929
1500.0,25.0,0.15,fixed,35.0,65.0,1.0,False,winner,2.0,1300.0,True,7000,0.22413936451561312,0.6402252648700432,0.6349842542227312
1500.0,20.0,0.1,online,55.0,65.0,4.0,True,winner,2.0,1500.0,False,7000,0.22414007635791158,0.6403459225192429,0.6324076724878328
1500.0,30.0,0.1,fixed,65.0,65.0,1.0,False,winner,2.0,1300.0,False,7000,0.22414561529681845,0.6414346673329013,0.6408531348411108
1500.0,30.0,0.15,online,55.0,65.0,4.0,False,winner,2.0,1500.0,True,7000,0.2241490384178697,0.6411767793069573,0.6434297165760091
1500.0,25.0,0.1,online,55.0,65.0,4.0,False,winner,,1300.0,True,7000,0.2241537491150987,0.6423667982862582,0.6409962782708274
1500.0,30.0,0.15,fixed,65.0,65.0,1.0,False,winner,,1300.0,False,7000,0.22415488992513136,0.642025307201538,0.6409962782708274
1500.0,25.0,0.1,online,55.0,65.0,2.0,True,winner,,1300.0,False,7000,0.22416043935800894,0.6422259586821437,0.6395648439736616
1500.0,25.0,0.1,fixed,45.0,65.0,1.0,False,winner,2.0,1300.0,True,7000,0.22416457606589288,0.640684564931074,0.6381334096764959
1500.0,25.0,0.1,online,55.0,65.0,4.0,False,winner,2.0,1500.0,True,7000,0.22417767339800374,0.6410599340462255,0.6375608359576296
1500.0,30.0,0.2,online,55.0,65.0,4.0,False,winner,,1500.0,False,7000,0.22418017681439165,0.6417511041119873,0.6391354136845119
1500.0,20.0,0.1,fixed,35.0,65.0,1.0,False,winner,,1300.0,True,7000,0.22418635099902426,0.6407026289341985,0.6355568279415975
1500.0,25.0,0.1,online,55.0,65.0,1.0,True,winner,,1500.0,True,7000,0.2241918810638154,0.6423159397579218,0.6422845691382766
1500.0,20.0,0.1,fixed,35.0,65.0,1.0,False,winner,,1500.0,False,7000,0.22419332015756985,0.6403028053416256,0.6332665330661322
1500.0,25.0,0.1,fixed,45.0,65.0,1.0,False,winner,2.0,1500.0,False,7000,0.22419652213158095,0.6404092822464746,0.6349842542227312
1500.0,30.0,0.15,online,55.0,65.0,4.0,True,winner,2.0,1300.0,False,7000,0.22419852773240573,0.6414797339322886,0.6417119954194103
1500.0,25.0,0.15,fixed,35.0,65.0,1.0,False,winner,2.0,1500.0,False,7000,0.2241999981138848,0.6400713808175782,0.6354136845118808
1500.0,30.0,0.25,online,55.0,65.0,4.0,True,winner,,1500.0,True,7000,0.22421268150346021,0.6419501020889267,0.6405668479816776
1500.0,30.0,0.2,online,55.0,65.0,4.0,False,winner,,1500.0,True,7000,0.2242151935869432,0.6421713091016563,0.6409962782708274
1500.0,30.0,0.15,fixed,45.0,65.0,1.0,False,winner,2.0,1300.0,True,7000,0.22421568809037637,0.640897453872756,0.6364156885198969
1500.0,25.0,0.1,online,55.0,65.0,2.0,True,winner,,1300.0,True,7000,0.22423132764542736,0.6427413599812347,0.6422845691382766
1500.0,30.0,0.25,online,55.0,65.0,4.0,True,winner,,1500.0,False,7000,0.22423350527428393,0.6417624437133566,0.6385628399656456
1500.0,30.0,0.15,fixed,45.0,65.0,1.0,False,winner,2.0,1500.0,False,7000,0.22423633876038593,0.6405778505239558,0.6352705410821643
1500.0,25.0,0.1,online,55.0,65.0,4.0,False,winner,,1500.0,False,7000,0.22423789387449714,0.6419563833853577,0.6387059833953621
1500.0,30.0,0.15,online,55.0,65.0,0.5,False,winner,,1300.0,False,7000,0.2242390459882309,0.6424429262614155,0.6412825651302605
1500.0,30.0,0.1,online,55.0,65.0,0.5,False,winner,2.0,1300.0,False,7000,0.22424261855102037,0.6417972613565636,0.6389922702547953
1500.0,15.0,0.1,online,55.0,65.0,4.0,True,winner,2.0,1300.0,True,7000,0.22425237006077153,0.640456852496064,0.6316919553392499
1500.0,30.0,0.3,fixed,35.0,65.0,1.0,False,winner,,1300.0,False,7000,0.22426076218291496,0.6406177024278811,0.633695963355282
1500.0,30.0,0.15,fixed,65.0,65.0,1.0,False,winner,,1300.0,True,7000,0.22426668105060993,0.6426394390613627,0.6408531348411108
1500.0,25.0,0.15,fixed,35.0,65.0,1.0,False,winner,2.0,1500.0,True,7000,0.22427769980334902,0.6403622069606721,0.6322645290581163
1500.0,30.0,0.1,fixed,65.0,65.0,1.0,False,winner,2.0,1300.0,True,7000,0.2242784321221739,0.6419539232384078,0.6425708559977097
1500.0,30.0,0.2,online,55.0,65.0,2.0,True,winner,,1500.0,False,7000,0.22427942435110418,0.6421734176274869,0.6398511308330948
1500.0,30.0,0.15,online,55.0,65.0,4.0,True,winner,2.0,1300.0,True,7000,0.22428592434207176,0.6418676854409958,0.6405668479816776
1500.0,30.0,0.2,fixed,35.0,65.0,1.0,False,winner,2.0,1300.0,False,7000,0.22429103060772657,0.640517803740113,0.6316919553392499
1500.0,30.0,0.1,fixed,65.0,65.0,1.0,False,winner,2.0,1500.0,False,7000,0.22429229388863686,0.6415531644908192,0.6407099914113942
1500.0,25.0,0.1,fixed,45.0,65.0,1.0,False,winner,2.0,1500.0,True,7000,0.22429286743861446,0.6407823315117449,0.63670197537933
1500.0,30.0,0.2,online,55.0,65.0,2.0,True,winner,,1500.0,True,7000,0.2243012780693469,0.6425563589359609,0.6425708559977097
1500.0,30.0,0.1,online,55.0,65.0,0.5,True,winner,2.0,1300.0,False,7000,0.22430724458871332,0.6420427481708559,0.6387059833953621
1500.0,25.0,0.1,online,55.0,65.0,4.0,True,winner,2.0,1300.0,False,7000,0.22430791254967375,0.6415534138577182,0.6381334096764959
1500.0,30.0,0.3,fixed,35.0,65.0,1.0,False,winner,,1300.0,True,7000,0.2243089656102493,0.640917161618535,0.6335528199255654
1500.0,30.0,0.15,fixed,65.0,65.0,1.0,False,winner,,1500.0,False,7000,0.22431794148808532,0.6421880185400862,0.6402805611222445
1500.0,30.0,0.15,online,55.0,65.0,1.0,False,winner,,1300.0,False,7000,0.22431888233926134,0.6427016303958527,0.640137417692528
1500.0,20.0,0.1,fixed,35.0,65.0,1.0,False,winner,,1500.0,True,7000,0.22432302901525716,0.6408095008026602,0.6335528199255654
1500.0,15.0,0.1,online,55.0,65.0,4.0,True,winner,2.0,1500.0,True,7000,0.22432489290252072,0.6404162962620837,0.6315488119095334
1500.0,25.0,0.1,online,55.0,65.0,4.0,False,winner,,1500.0,True,7000,0.2243272960731858,0.6425232793258381,0.6408531348411108
1500.0,30.0,0.1,online,55.0,65.0,1.0,False,winner,2.0,1300.0,False,7000,0.2243298413249772,0.6420497533106593,0.638419696535929
1500.0,30.0,0.15,online,55.0,65.0,0.5,False,winner,,1300.0,True,7000,0.22433139705804364,0.6430752818558129,0.6418551388491268
1500.0,25.0,0.1,online,55.0,65.0,2.0,True,winner,,1500.0,False,7000,0.2243318936742505,0.6423750211699623,0.638419696535929
1500.0,25.0,0.1,fixed,45.0,65.0,1.0,False,winner,,1300.0,False,7000,0.22433667027764265,0.6415517279674711,0.6368451188090467
1500.0,25.0,0.1,online,55.0,65.0,4.0,True,winner,2.0,1300.0,True,7000,0.22435443629001753,0.6418280647427549,0.6377039793873461
1500.0,30.0,0.1,online,55.0,65.0,0.5,False,winner,2.0,1300.0,True,7000,0.22436447968615267,0.64234220062728,0.6415688519896937
1500.0,30.0,0.15,fixed,45.0,65.0,1.0,False,winner,2.0,1500.0,True,7000,0.22436977381568368,0.6410572975497687,0.6354136845118808
1500.0,30.0,0.2,fixed,45.0,65.0,1.0,False,winner,,1300.0,False,7000,0.22437733325474285,0.6415461101482636,0.6355568279415975
1500.0,30.0,0.15,online,55.0,65.0,4.0,True,winner,2.0,1500.0,False,7000,0.2243804406964285,0.6416539666984388,0.6402805611222445
1500.0,30.0,0.1,fixed,55.0,65.0,1.0,False,winner,2.0,1300.0,False,7000,0.22438314995399586,0.6417033835463416,0.6377039793873461
1500.0,30.0,0.15,online,55.0,65.0,0.5,True,winner,,1300.0,False,7000,0.22438654169517647,0.6430284837204612,0.6412825651302605
1500.0,30.0,0.2,fixed,35.0,65.0,1.0,False,winner,2.0,1300.0,True,7000,0.2243894874453786,0.6408794712829275,0.6348411107930146
1500.0,30.0,0.1,online,55.0,65.0,0.5,False,winner,2.0,1500.0,False,7000,0.22439266219413548,0.6419089813972849,0.6381334096764959
1500.0,30.0,0.15,online,55.0,65.0,1.0,False,winner,,1300.0,True,7000,0.22440343777410454,0.643319839479189,0.6415688519896937
1500.0,25.0,0.15,fixed,35.0,65.0,1.0,False,winner,,1300.0,False,7000,0.22440423863833903,0.6411721864690395,0.6361294016604638
1500.0,30.0,0.15,online,55.0,65.0,0.5,False,winner,,1500.0,False,7000,0.22440596651791098,0.6426015881255552,0.6407099914113942
1500.0,25.0,0.1,online,55.0,65.0,2.0,True,winner,,1500.0,True,7000,0.2244095923721813,0.642906839325341,0.6422845691382766
1500.0,30.0,0.3,fixed,35.0,65.0,1.0,False,winner,,1500.0,False,7000,0.22441415660067598,0.6408042144152686,0.6325508159175494
1500.0,15.0,0.1,online,55.0,65.0,4.0,True,winner,2.0,1300.0,False,7000,0.22443034066920678,0.6408073423571063,0.6315488119095334
1500.0,30.0,0.1,online,55.0,65.0,0.5,True,winner,2.0,1300.0,True,7000,0.22443036312719628,0.6425954838779666,0.6404237045519611
1500.0,30.0,0.1,fixed,65.0,65.0,1.0,False,winner,2.0,1500.0,True,7000,0.22443281275550137,0.6420927986979537,0.6427139994274262
1500.0,30.0,0.15,fixed,65.0,65.0,1.0,False,winner,,1500.0,True,7000,0.22443528100153828,0.6428134536454828,0.639421700543945
1500.0,30.0,0.2,fixed,35.0,65.0,1.0,False,winner,2.0,1500.0,False,7000,0.22444228211602818,0.6406875830949206,0.6312625250501002
1500.0,30.0,0.1,online,55.0,65.0,1.0,True,winner,2.0,1300.0,False,7000,0.22444545418550524,0.6424090292932064,0.6375608359576296
1500.0,30.0,0.1,online,55.0,65.0,1.0,False,winner,2.0,1300.0,True,7000,0.22444739938631483,0.6425892005327795,0.6388491268250788
1500.0,20.0,0.1,fixed,35.0,65.0,1.0,False,winner,2.0,1300.0,True,7000,0.2244560649480236,0.6408733775380816,0.6368451188090467
1500.0,30.0,0.15,fixed,55.0,65.0,1.0,False,winner,,1300.0,False,7000,0.22445689252694404,0.6423824575579186,0.6395648439736616
1500.0,30.0,0.1,online,55.0,65.0,0.5,True,winner,2.0,1500.0,False,7000,0.22445879327094514,0.6421538009623318,0.6379902662467792
1500.0,25.0,0.1,online,55.0,65.0,4.0,True,winner,2.0,1500.0,False,7000,0.2244589565043151,0.6416482811089504,0.6375608359576296
1500.0,30.0,0.15,online,55.0,65.0,2.0,False,winner,,1300.0,False,7000,0.2244596157637973,0.6430864574734521,0.6407099914113942
1500.0,20.0,0.1,fixed,35.0,65.0,1.0,False,winner,2.0,1300.0,False,7000,0.2244656654552214,0.6408047839541436,0.631978242198683
1500.0,30.0,0.3,fixed,35.0,65.0,1.0,False,winner,,1500.0,True,7000,0.22446788621385605,0.6411124114884889,0.6331233896364157
1500.0,30.0,0.15,online,55.0,65.0,0.5,True,winner,,1300.0,True,7000,0.22447071923517378,0.6436493197370462,0.6427139994274262
1500.0,30.0,0.15,online,55.0,65.0,4.0,True,winner,2.0,1500.0,True,7000,0.22447549538554903,0.6420607585623633,0.6402805611222445
1500.0,15.0,0.1,online,55.0,65.0,4.0,True,winner,2.0,1500.0,False,7000,0.22447760527808636,0.6407110931941691,0.631978242198683
1500.0,30.0,0.1,online,55.0,65.0,1.0,False,winner,2.0,1500.0,False,7000,0.22448072393356305,0.6421620576045988,0.6375608359576296
1500.0,25.0,0.1,fixed,45.0,65.0,1.0,False,winner,,1500.0,False,7000,0.22448302678420298,0.6416713621471593,0.6348411107930146
1500.0,30.0,0.1,online,55.0,65.0,2.0,False,winner,2.0,1300.0,False,7000,0.2244854135456656,0.6424470859040391,0.6377039793873461
1500.0,30.0,0.15,online,55.0,65.0,1.0,False,winner,,1500.0,False,7000,0.22448651254207957,0.6428613681105336,0.6397079874033782
1500.0,30.0,0.2,fixed,45.0,65.0,1.0,False,winner,,1300.0,True,7000,0.22448704659713767,0.6420980458903617,0.6351273976524477
1500.0,25.0,0.1,fixed,45.0,65.0,1.0,False,winner,,1300.0,True,7000,0.22450220125490253,0.6422650640422128,0.6369882622387633
1500.0,30.0,0.15,online,55.0,65.0,0.5,False,winner,,1500.0,True,7000,0.2245045489120591,0.6432465380949499,0.6402805611222445
1500.0,25.0,0.1,online,55.0,65.0,4.0,True,winner,2.0,1500.0,True,7000,0.2245175802916819,0.6419529011762144,0.6377039793873461
1500.0,30.0,0.1,online,55.0,65.0,0.5,False,winner,2.0,1500.0,True,7000,0.22452330895897324,0.6424755716320346,0.6418551388491268
1500.0,30.0,0.1,fixed,55.0,65.0,1.0,False,winner,2.0,1500.0,False,7000,0.22452509588397684,0.6418165058027948,0.6378471228170627
1500.0,15.0,0.1,fixed,35.0,65.0,1.0,False,winner,2.0,1300.0,True,7000,0.22453096623425875,0.6408164490754061,0.6326939593472659
1500.0,30.0,0.15,online,55.0,65.0,2.0,False,winner,,1300.0,True,7000,0.22453140726433218,0.643676994701311,0.6402805611222445
1500.0,30.0,0.1,fixed,55.0,65.0,1.0,False,winner,2.0,1300.0,True,7000,0.22453240791346954,0.6422693496801122,0.6379902662467792
1500.0,30.0,0.2,fixed,45.0,65.0,1.0,False,winner,,1500.0,False,7000,0.2245334012494948,0.6417118844984416,0.6349842542227312
1500.0,20.0,0.1,fixed,35.0,65.0,1.0,False,winner,2.0,1500.0,False,7000,0.22454429795478206,0.6408085999651616,0.6324076724878328
1500.0,25.0,0.15,fixed,35.0,65.0,1.0,False,winner,,1300.0,True,7000,0.22454629675085058,0.6417700115980213,0.63670197537933
1500.0,30.0,0.2,fixed,35.0,65.0,1.0,False,winner,2.0,1500.0,True,7000,0.2245472234658879,0.6410627185510602,0.6331233896364157
1500.0,20.0,0.1,fixed,35.0,65.0,1.0,False,winner,2.0,1500.0,True,7000,0.22454996765015506,0.6409119653416263,0.6359862582307472
1500.0,25.0,0.15,fixed,35.0,65.0,1.0,False,winner,,1500.0,False,7000,0.2245532034607671,0.6413142698445328,0.634697967363298
1500.0,30.0,0.15,online,55.0,65.0,0.5,True,winner,,1500.0,False,7000,0.22455582235403898,0.6431904941372453,0.6402805611222445
1500.0,30.0,0.15,online,55.0,65.0,1.0,True,winner,,1300.0,False,7000,0.2245577331204322,0.6435049779491957,0.6407099914113942
1500.0,30.0,0.1,online,55.0,65.0,1.0,True,winner,2.0,1300.0,True,7000,0.22456306074649118,0.642951380518622,0.6385628399656456
1500.0,15.0,0.1,fixed,35.0,65.0,1.0,False,winner,2.0,1500.0,True,7000,0.22456523604553946,0.6407507464427727,0.6328371027769826
1500.0,30.0,0.15,online,55.0,65.0,1.0,False,winner,,1500.0,True,7000,0.22457768355558286,0.6434928351576805,0.6409962782708274
1500.0,30.0,0.15,fixed,55.0,65.0,1.0,False,winner,,1300.0,True,7000,0.22458808776839492,0.6430514451786453,0.6389922702547953
1500.0,30.0,0.1,online,55.0,65.0,0.5,True,winner,2.0,1500.0,True,7000,0.2245908110970128,0.6427286955523555,0.6402805611222445
1500.0,30.0,0.2,online,55.0,65.0,4.0,True,winner,,1300.0,False,7000,0.22459322825892497,0.643316465827951,0.6409962782708274
1500.0,30.0,0.1,online,55.0,65.0,2.0,False,winner,2.0,1300.0,True,7000,0.2245947474726164,0.6429713080425966,0.6387059833953621
1500.0,30.0,0.2,online,55.0,65.0,4.0,True,winner,,1300.0,True,7000,0.22459575000683213,0.643615030200695,0.6409962782708274
1500.0,30.0,0.1,online,55.0,65.0,1.0,True,winner,2.0,1500.0,False,7000,0.22460059464303292,0.6425267485813375,0.6368451188090467
1500.0,30.0,0.1,online,55.0,65.0,1.0,False,winner,2.0,1500.0,True,7000,0.22460753845004502,0.6427238019911139,0.6397079874033782
1500.0,30.0,0.15,fixed,55.0,65.0,1.0,False,winner,,1500.0,False,7000,0.22461545144297984,0.6425377004669556,0.6375608359576296
1500.0,30.0,0.15,online,55.0,65.0,1.0,True,winner,,1300.0,True,7000,0.22462201995129674,0.6440782179682865,0.6409962782708274
1500.0,30.0,0.15,online,55.0,65.0,2.0,False,winner,,1500.0,False,7000,0.22462953928633475,0.6432511903190425,0.6395648439736616
1500.0,30.0,0.1,online,55.0,65.0,2.0,False,winner,2.0,1500.0,False,7000,0.22463911024633626,0.6425645046129084,0.6372745490981964
1500.0,30.0,0.1,online,55.0,65.0,2.0,True,winner,2.0,1300.0,False,7000,0.22464487771732294,0.642934314026025,0.6395648439736616
1500.0,30.0,0.15,online,55.0,65.0,0.5,True,winner,,1500.0,True,7000,0.22464599739625285,0.6438240261439164,0.6417119954194103
1500.0,30.0,0.2,fixed,45.0,65.0,1.0,False,winner,,1500.0,True,7000,0.2246493182257871,0.6422744355865272,0.6341253936444318
1500.0,25.0,0.1,online,55.0,65.0,4.0,True,winner,,1300.0,False,7000,0.22465323605161108,0.6435745825003224,0.6398511308330948
1500.0,25.0,0.1,fixed,45.0,65.0,1.0,False,winner,,1500.0,True,7000,0.2246562873250005,0.6424007909065063,0.6356999713713141
1500.0,15.0,0.1,fixed,35.0,65.0,1.0,False,winner,2.0,1300.0,False,7000,0.22468035824776628,0.641118030092937,0.6325508159175494
1500.0,30.0,0.1,fixed,55.0,65.0,1.0,False,winner,2.0,1500.0,True,7000,0.2246824892507795,0.6424026569451476,0.6369882622387633
1500.0,30.0,0.15,online,55.0,65.0,4.0,False,winner,,1300.0,False,7000,0.22468301299109583,0.6436981918290429,0.6392785571142284
1500.0,15.0,0.1,fixed,35.0,65.0,1.0,False,winner,2.0,1500.0,False,7000,0.2246926492549239,0.6410030494066222,0.6324076724878328
1500.0,25.0,0.15,fixed,35.0,65.0,1.0,False,winner,,1500.0,True,7000,0.22470279436746368,0.6419261633296122,0.634697967363298
1500.0,30.0,0.15,online,55.0,65.0,2.0,False,winner,,1500.0,True,7000,0.22470841858974844,0.6438557287742858,0.6397079874033782
1500.0,25.0,0.1,online,55.0,65.0,4.0,True,winner,,1300.0,True,7000,0.22470930068614015,0.6440130210191313,0.6405668479816776
1500.0,30.0,0.1,online,55.0,65.0,1.0,True,winner,2.0,1500.0,True,7000,0.22472733818386606,0.6430914390115805,0.6378471228170627
1500.0,30.0,0.15,online,55.0,65.0,1.0,True,winner,,1500.0,False,7000,0.22473137820089217,0.6436765926364693,0.6392785571142284
1500.0,30.0,0.1,online,55.0,65.0,4.0,False,winner,2.0,1300.0,False,7000,0.22473355632272396,0.6430835081758637,0.6402805611222445
1500.0,30.0,0.15,online,55.0,65.0,4.0,False,winner,,1300.0,True,7000,0.2247430872770434,0.6442558013598986,0.6411394217005439
1500.0,30.0,0.25,fixed,35.0,65.0,1.0,False,winner,,1300.0,False,7000,0.22474507945738492,0.6419578149890344,0.6335528199255654
1500.0,30.0,0.15,fixed,55.0,65.0,1.0,False,winner,,1500.0,True,7000,0.22475281319787446,0.6432183295880699,0.6381334096764959
1500.0,30.0,0.1,online,55.0,65.0,2.0,False,winner,2.0,1500.0,True,7000,0.22475829468011008,0.6431117846802543,0.6388491268250788
1500.0,30.0,0.1,online,55.0,65.0,2.0,True,winner,2.0,1300.0,True,7000,0.22475836580764305,0.6434646087891459,0.6389922702547953
1500.0,30.0,0.15,online,55.0,65.0,2.0,True,winner,,1300.0,False,7000,0.22477761371980312,0.6441368264684414,0.6402805611222445
1500.0,30.0,0.2,online,55.0,65.0,4.0,True,winner,,1500.0,False,7000,0.22478702140766876,0.6435296325047984,0.640137417692528
1500.0,30.0,0.2,online,55.0,65.0,4.0,True,winner,,1500.0,True,7000,0.22479438288496625,0.6438396471753071,0.6398511308330948
1500.0,30.0,0.15,online,55.0,65.0,1.0,True,winner,,1500.0,True,7000,0.22480165191203494,0.644262213293569,0.6407099914113942
1500.0,30.0,0.1,online,55.0,65.0,2.0,True,winner,2.0,1500.0,False,7000,0.22480682615215802,0.6430613833366602,0.6397079874033782
1500.0,30.0,0.15,online,55.0,65.0,2.0,True,winner,,1300.0,True,7000,0.2248242694284682,0.6446547267162448,0.6424277125679931
1500.0,30.0,0.25,fixed,35.0,65.0,1.0,False,winner,,1300.0,True,7000,0.2248299031049937,0.6423976763917261,0.6348411107930146
1500.0,30.0,0.1,online,55.0,65.0,4.0,False,winner,2.0,1300.0,True,7000,0.2248358139594977,0.6435889492804993,0.6411394217005439
1500.0,25.0,0.1,online,55.0,65.0,4.0,True,winner,,1500.0,False,7000,0.22483634210739106,0.6437356660455842,0.6387059833953621
1500.0,30.0,0.15,online,55.0,65.0,4.0,False,winner,,1500.0,False,7000,0.224858336198261,0.6438703472925225,0.6382765531062125
1500.0,30.0,0.1,online,55.0,65.0,4.0,False,winner,2.0,1500.0,False,7000,0.2248934571085682,0.6432082343136756,0.6398511308330948
1500.0,30.0,0.25,fixed,35.0,65.0,1.0,False,winner,,1500.0,False,7000,0.22489857072028904,0.6421321551229757,0.631978242198683
1500.0,25.0,0.1,online,55.0,65.0,4.0,True,winner,,1500.0,True,7000,0.22489869610014518,0.6441914577667994,0.6395648439736616
1500.0,30.0,0.15,online,55.0,65.0,4.0,False,winner,,1500.0,True,7000,0.22492561271625736,0.64444251969224,0.640137417692528
1500.0,30.0,0.1,online,55.0,65.0,2.0,True,winner,2.0,1500.0,True,7000,0.22492945267694622,0.6436139651170643,0.6387059833953621
1500.0,25.0,0.1,fixed,35.0,65.0,1.0,False,winner,2.0,1300.0,False,7000,0.2249332017879082,0.6421843072100065,0.6342685370741483
1500.0,30.0,0.1,fixed,45.0,65.0,1.0,False,winner,2.0,1300.0,False,7000,0.22494538284964607,0.6427967723521731,0.634697967363298
1500.0,30.0,0.15,online,55.0,65.0,2.0,True,winner,,1500.0,False,7000,0.22495829504144793,0.644319104083801,0.639421700543945
1500.0,30.0,0.1,fixed,65.0,65.0,1.0,False,winner,,1300.0,False,7000,0.2249701152532217,0.6445164893415025,0.64214142570856
1500.0,30.0,0.15,fixed,35.0,65.0,1.0,False,winner,2.0,1300.0,False,7000,0.22498205689494943,0.6423657908963585,0.6331233896364157
1500.0,30.0,0.25,fixed,35.0,65.0,1.0,False,winner,,1500.0,True,7000,0.22498950573104406,0.6425818077820971,0.6331233896364157
1500.0,30.0,0.1,online,55.0,65.0,4.0,False,winner,2.0,1500.0,True,7000,0.2250059197564098,0.6437374683147848,0.6399942742628113
1500.0,30.0,0.15,online,55.0,65.0,2.0,True,winner,,1500.0,True,7000,0.22501069704914836,0.6448492106283907,0.64214142570856
1500.0,25.0,0.1,fixed,35.0,65.0,1.0,False,winner,2.0,1300.0,True,7000,0.22503197398427308,0.6425752911383144,0.6365588319496135
1500.0,30.0,0.1,online,55.0,65.0,4.0,True,winner,2.0,1300.0,False,7000,0.22503255943712364,0.6439731838346937,0.6417119954194103
1500.0,30.0,0.1,online,55.0,65.0,0.5,False,winner,,1300.0,False,7000,0.22504568034015926,0.6449836427168115,0.6427139994274262
1500.0,25.0,0.1,fixed,35.0,65.0,1.0,False,winner,2.0,1500.0,False,7000,0.2250485510914274,0.6422530214728361,0.6335528199255654
1500.0,30.0,0.1,fixed,45.0,65.0,1.0,False,winner,2.0,1500.0,False,7000,0.22508368866788334,0.6429053974274894,0.633695963355282
1500.0,30.0,0.15,fixed,45.0,65.0,1.0,False,winner,,1300.0,False,7000,0.22508783964524143,0.6436017429691329,0.6356999713713141
1500.0,30.0,0.1,fixed,45.0,65.0,1.0,False,winner,2.0,1300.0,True,7000,0.22510941318198424,0.6434097303275363,0.6345548239335814
1500.0,30.0,0.1,fixed,65.0,65.0,1.0,False,winner,,1300.0,True,7000,0.22511891394835803,0.6453064824560208,0.6398511308330948
1500.0,30.0,0.15,fixed,35.0,65.0,1.0,False,winner,2.0,1300.0,True,7000,0.22511912759835098,0.6428679074009401,0.6349842542227312
1500.0,30.0,0.15,fixed,35.0,65.0,1.0,False,winner,2.0,1500.0,False,7000,0.2251263437398196,0.6425054052659044,0.6324076724878328
1500.0,30.0,0.1,online,55.0,65.0,1.0,False,winner,,1300.0,False,7000,0.22512691787948513,0.6452612042683353,0.6424277125679931
1500.0,30.0,0.1,fixed,65.0,65.0,1.0,False,winner,,1500.0,False,7000,0.22513074272320072,0.6446592985934144,0.6408531348411108
1500.0,30.0,0.1,online,55.0,65.0,4.0,True,winner,2.0,1300.0,True,7000,0.22515022070191443,0.644487829833079,0.6405668479816776
1500.0,25.0,0.1,fixed,35.0,65.0,1.0,False,winner,2.0,1500.0,True,7000,0.22515839112415564,0.642669340118876,0.6341253936444318
1500.0,30.0,0.1,online,55.0,65.0,0.5,False,winner,,1300.0,True,7000,0.2251725470697616,0.6457909685784685,0.6422845691382766
1500.0,30.0,0.1,online,55.0,65.0,0.5,True,winner,,1300.0,False,7000,0.22519673120963885,0.6456125857199201,0.6415688519896937
1500.0,30.0,0.1,online,55.0,65.0,4.0,True,winner,2.0,1500.0,False,7000,0.22520513146784094,0.6441079170608388,0.6399942742628113
1500.0,30.0,0.1,online,55.0,65.0,0.5,False,winner,,1500.0,False,7000,0.22521034177304422,0.6451207777553799,0.6419982822788434
1500.0,30.0,0.15,fixed,45.0,65.0,1.0,False,winner,,1300.0,True,7000,0.22523708391623365,0.6443270233484667,0.6361294016604638
1500.0,30.0,0.15,fixed,45.0,65.0,1.0,False,winner,,1500.0,False,7000,0.22524276131821522,0.6437505364265781,0.633695963355282
1500.0,30.0,0.1,online,55.0,65.0,1.0,False,winner,,1300.0,True,7000,0.22524558384052815,0.6460528267336179,0.6427139994274262
1500.0,25.0,0.1,fixed,35.0,65.0,1.0,False,winner,,1300.0,False,7000,0.22525576909847664,0.6435292642978532,0.634697967363298
1500.0,30.0,0.1,fixed,45.0,65.0,1.0,False,winner,2.0,1500.0,True,7000,0.22525602510334777,0.6435378046199955,0.633695963355282
1500.0,30.0,0.1,online,55.0,65.0,2.0,False,winner,,1300.0,False,7000,0.22526938366156266,0.6456622991413549,0.6427139994274262
1500.0,30.0,0.15,online,55.0,65.0,4.0,True,winner,,1300.0,False,7000,0.22526942225052204,0.6455097500090399,0.6398511308330948
1500.0,30.0,0.15,fixed,35.0,65.0,1.0,False,winner,2.0,1500.0,True,7000,0.22527084696389715,0.6430234328035466,0.633695963355282
1500.0,30.0,0.1,fixed,65.0,65.0,1.0,False,winner,,1500.0,True,7000,0.22528550537990305,0.6454622044258116,0.6391354136845119
1500.0,30.0,0.1,fixed,55.0,65.0,1.0,False,winner,,1300.0,False,7000,0.22528686651910457,0.6448693018747154,0.6379902662467792
1500.0,30.0,0.1,online,55.0,65.0,1.0,False,winner,,1500.0,False,7000,0.22529217012587174,0.6453990149306312,0.6412825651302605
1500.0,30.0,0.15,online,55.0,65.0,4.0,True,winner,,1300.0,True,7000,0.22530180154588977,0.645946685432034,0.6422845691382766
1500.0,30.0,0.1,online,55.0,65.0,0.5,True,winner,,1300.0,True,7000,0.22531401218768532,0.6464034409862517,0.6422845691382766
1500.0,30.0,0.1,online,55.0,65.0,4.0,True,winner,2.0,1500.0,True,7000,0.22533159636442313,0.6446454842148026,0.6397079874033782
1500.0,30.0,0.2,fixed,35.0,65.0,1.0,False,winner,,1300.0,False,7000,0.22534101449241445,0.6436369522998528,0.6329802462066991
1500.0,30.0,0.1,online,55.0,65.0,0.5,False,winner,,1500.0,True,7000,0.22534379071962674,0.6459425291705289,0.640137417692528
1500.0,30.0,0.1,online,55.0,65.0,0.5,True,winner,,1500.0,False,7000,0.22536347034051077,0.6457521939814004,0.6407099914113942
1500.0,30.0,0.1,online,55.0,65.0,1.0,True,winner,,1300.0,False,7000,0.22536973405692529,0.6461076987131346,0.6408531348411108
1500.0,30.0,0.1,online,55.0,65.0,2.0,False,winner,,1300.0,True,7000,0.22537482193634628,0.6464243502485508,0.6417119954194103
1500.0,30.0,0.15,fixed,45.0,65.0,1.0,False,winner,,1500.0,True,7000,0.22539877006684086,0.6444878275744486,0.634697967363298
1500.0,25.0,0.1,fixed,35.0,65.0,1.0,False,winner,,1500.0,False,7000,0.2254000779811804,0.6436446064331238,0.6334096764958489
1500.0,30.0,0.1,online,55.0,65.0,1.0,False,winner,,1500.0,True,7000,0.2254178042061241,0.6462057543348053,0.6408531348411108
1500.0,30.0,0.1,online,55.0,65.0,2.0,False,winner,,1500.0,False,7000,0.22543688061429534,0.6458051500452859,0.6412825651302605
1500.0,25.0,0.1,fixed,35.0,65.0,1.0,False,winner,,1300.0,True,7000,0.22543933068576308,0.6443051704017477,0.6364156885198969
1500.0,30.0,0.1,fixed,55.0,65.0,1.0,False,winner,,1500.0,False,7000,0.22544332916122442,0.6450051952637202,0.6369882622387633
1500.0,30.0,0.1,fixed,55.0,65.0,1.0,False,winner,,1300.0,True,7000,0.22545725216042128,0.6457239229231513,0.6374176925279129
1500.0,30.0,0.15,online,55.0,65.0,4.0,True,winner,,1500.0,False,7000,0.2254617441088902,0.6457046118140383,0.6381334096764959
1500.0,30.0,0.2,fixed,35.0,65.0,1.0,False,winner,,1300.0,True,7000,0.2254650672472325,0.6442374968011043,0.6359862582307472
1500.0,30.0,0.1,online,55.0,65.0,1.0,True,winner,,1300.0,True,7000,0.22546654157009033,0.646849140566499,0.6419982822788434
1500.0,30.0,0.1,online,55.0,65.0,0.5,True,winner,,1500.0,True,7000,0.22548710028507193,0.6465577134242436,0.6411394217005439
1500.0,30.0,0.1,online,55.0,65.0,4.0,False,winner,,1300.0,False,7000,0.22549376210029354,0.6462930835004534,0.6398511308330948
1500.0,30.0,0.2,fixed,35.0,65.0,1.0,False,winner,,1500.0,False,7000,0.22549413663860052,0.6437969386426802,0.6312625250501002
1500.0,30.0,0.15,online,55.0,65.0,4.0,True,winner,,1500.0,True,7000,0.225499241762281,0.6461545123812105,0.6417119954194103
1500.0,30.0,0.1,online,55.0,65.0,1.0,True,winner,,1500.0,False,7000,0.22554094031700989,0.6462574453281648,0.6395648439736616
1500.0,30.0,0.1,online,55.0,65.0,2.0,False,winner,,1500.0,True,7000,0.22554976963310092,0.6465830811137961,0.6405668479816776
1500.0,30.0,0.1,online,55.0,65.0,4.0,False,winner,,1300.0,True,7000,0.22558700279987182,0.6470192199109206,0.6409962782708274
1500.0,30.0,0.1,online,55.0,65.0,2.0,True,winner,,1300.0,False,7000,0.22558952203945973,0.6467620279501353,0.6405668479816776
1500.0,25.0,0.1,fixed,35.0,65.0,1.0,False,winner,,1500.0,True,7000,0.22559193812063397,0.6444368409591004,0.6342685370741483
1500.0,30.0,0.1,fixed,55.0,65.0,1.0,False,winner,,1500.0,True,7000,0.22562036126301474,0.6458730594777157,0.6364156885198969
1500.0,30.0,0.2,fixed,35.0,65.0,1.0,False,winner,,1500.0,True,7000,0.2256249085614458,0.644408488146657,0.6344116805038649
1500.0,30.0,0.1,online,55.0,65.0,1.0,True,winner,,1500.0,True,7000,0.22564408391841553,0.6470131528912698,0.6415688519896937
1500.0,30.0,0.1,online,55.0,65.0,4.0,False,winner,,1500.0,False,7000,0.2256665564983393,0.6464436137011671,0.6378471228170627
1500.0,30.0,0.1,online,55.0,65.0,2.0,True,winner,,1300.0,True,7000,0.22566778075967803,0.6474439098180271,0.6409962782708274
1500.0,30.0,0.1,online,55.0,65.0,4.0,False,winner,,1500.0,True,7000,0.22576735549499416,0.6471862569505927,0.6398511308330948
1500.0,30.0,0.1,online,55.0,65.0,2.0,True,winner,,1500.0,False,7000,0.22576783227505304,0.6469231139865869,0.639421700543945
1500.0,30.0,0.1,fixed,35.0,65.0,1.0,False,winner,2.0,1300.0,False,7000,0.22583987351856455,0.6447238346032333,0.6339822502147151
1500.0,30.0,0.1,online,55.0,65.0,2.0,True,winner,,1500.0,True,7000,0.22585216404960556,0.6476190088165363,0.6399942742628113
1500.0,30.0,0.1,fixed,45.0,65.0,1.0,False,winner,,1300.0,False,7000,0.2259267633234645,0.6460858414843091,0.6338391067849986
1500.0,30.0,0.1,fixed,35.0,65.0,1.0,False,winner,2.0,1500.0,False,7000,0.22597575346094814,0.6448289946388948,0.6326939593472659
1500.0,30.0,0.1,fixed,35.0,65.0,1.0,False,winner,2.0,1300.0,True,7000,0.22601706404565167,0.6453851809698717,0.6321213856283997
1500.0,30.0,0.15,fixed,35.0,65.0,1.0,False,winner,,1300.0,False,7000,0.22605562136683627,0.6456941631217554,0.6325508159175494
1500.0,30.0,0.1,online,55.0,65.0,4.0,True,winner,,1300.0,False,7000,0.22607790512206877,0.6481695450248337,0.639421700543945
1500.0,30.0,0.1,fixed,45.0,65.0,1.0,False,winner,,1500.0,False,7000,0.226079882299786,0.6462157880766072,0.6316919553392499
1500.0,30.0,0.1,fixed,45.0,65.0,1.0,False,winner,,1300.0,True,7000,0.22611730686893672,0.6470067593025552,0.6369882622387633
1500.0,30.0,0.1,online,55.0,65.0,4.0,True,winner,,1300.0,True,7000,0.22614165345880838,0.6487631173701006,0.6424277125679931
1500.0,30.0,0.1,fixed,35.0,65.0,1.0,False,winner,2.0,1500.0,True,7000,0.22616151588878675,0.6455093151192749,0.6305468079015173
1500.0,30.0,0.15,fixed,35.0,65.0,1.0,False,winner,,1500.0,False,7000,0.22620782442586512,0.6458375591935788,0.6309762381906671
1500.0,30.0,0.15,fixed,35.0,65.0,1.0,False,winner,,1300.0,True,7000,0.22622112445996573,0.6464771072222052,0.6358431148010306
1500.0,30.0,0.1,online,55.0,65.0,4.0,True,winner,,1500.0,False,7000,0.22626770988859554,0.6483434419755458,0.6385628399656456
1500.0,30.0,0.1,fixed,45.0,65.0,1.0,False,winner,,1500.0,True,7000,0.2262777310597429,0.6471503147148914,0.6351273976524477
1500.0,30.0,0.1,online,55.0,65.0,4.0,True,winner,,1500.0,True,7000,0.22633685627427597,0.6489517901922705,0.6415688519896937
1500.0,30.0,0.15,fixed,35.0,65.0,1.0,False,winner,,1500.0,True,7000,0.22638066541240998,0.6466329116092682,0.6342685370741483
1500.0,30.0,0.1,fixed,35.0,65.0,1.0,False,winner,,1300.0,False,7000,0.2268975919329102,0.6481771777893105,0.631978242198683
1500.0,30.0,0.1,fixed,35.0,65.0,1.0,False,winner,,1500.0,False,7000,0.22704824909718127,0.6483021788733645,0.6306899513312338
1500.0,30.0,0.1,fixed,35.0,65.0,1.0,False,winner,,1300.0,True,7000,0.22710639693693013,0.6491659981840165,0.6345548239335814
1500.0,30.0,0.1,fixed,35.0,65.0,1.0,False,winner,,1500.0,True,7000,0.22726498937057302,0.6493050061961143,0.6325508159175494
